day,vegetation,hour,quartier,ta_c,utci_c,uhi_k,tb_rur_c
chaud_saison_seche,arbres,0,Quartier 1,22.09,17.41,-2.94,25.028013109020435
chaud_saison_seche,arbres,0,Quartier 2,21.63,16.49,-3.39,25.028013109020435
chaud_saison_seche,arbres,0,Quartier 3,23.83,21.09,-1.2,25.028013109020435
chaud_saison_seche,arbres,0,Quartier 4,21.05,16.78,-3.97,25.028013109020435
chaud_saison_seche,arbres,0,Quartier 5,21.51,17.69,-3.52,25.028013109020435
chaud_saison_seche,arbres,0,Quartier 6,21.44,15.93,-3.59,25.028013109020435
chaud_saison_seche,arbres,0,Quartier A,22.43,16.53,-2.59,25.028013109020435
chaud_saison_seche,arbres,0,Quartier SC2,21.84,17.34,-3.19,25.028013109020435
chaud_saison_seche,arbres,0,Servitude climatique 1,21.06,16.89,-3.96,25.028013109020435
chaud_saison_seche,arbres,1,Quartier 1,21.12,16.86,-3.75,24.87042730886209
chaud_saison_seche,arbres,1,Quartier 2,20.63,15.93,-4.24,24.87042730886209
chaud_saison_seche,arbres,1,Quartier 3,23.22,20.81,-1.65,24.87042730886209
chaud_saison_seche,arbres,1,Quartier 4,19.95,16.13,-4.92,24.87042730886209
chaud_saison_seche,arbres,1,Quartier 5,20.42,17.04,-4.45,24.87042730886209
chaud_saison_seche,arbres,1,Quartier 6,20.22,15.09,-4.65,24.87042730886209
chaud_saison_seche,arbres,1,Quartier A,21.49,15.95,-3.39,24.87042730886209
chaud_saison_seche,arbres,1,Quartier SC2,20.77,16.66,-4.1,24.87042730886209
chaud_saison_seche,arbres,1,Servitude climatique 1,20.01,16.26,-4.87,24.87042730886209
chaud_saison_seche,arbres,2,Quartier 1,20.45,16.46,-2.58,23.03795776442115
chaud_saison_seche,arbres,2,Quartier 2,20.09,15.66,-2.94,23.03795776442115
chaud_saison_seche,arbres,2,Quartier 3,22.29,20.1,-0.75,23.03795776442115
chaud_saison_seche,arbres,2,Quartier 4,19.33,15.76,-3.7,23.03795776442115
chaud_saison_seche,arbres,2,Quartier 5,19.79,16.66,-3.25,23.03795776442115
chaud_saison_seche,arbres,2,Quartier 6,19.48,14.6,-3.55,23.03795776442115
chaud_saison_seche,arbres,2,Quartier A,20.99,15.73,-2.05,23.03795776442115
chaud_saison_seche,arbres,2,Quartier SC2,20.11,16.22,-2.93,23.03795776442115
chaud_saison_seche,arbres,2,Servitude climatique 1,19.25,15.77,-3.79,23.03795776442115
chaud_saison_seche,arbres,3,Quartier 1,20.05,15.79,-3.36,23.417847511520836
chaud_saison_seche,arbres,3,Quartier 2,19.68,14.96,-3.74,23.417847511520836
chaud_saison_seche,arbres,3,Quartier 3,22.08,19.67,-1.34,23.417847511520836
chaud_saison_seche,arbres,3,Quartier 4,18.91,15.11,-4.51,23.417847511520836
chaud_saison_seche,arbres,3,Quartier 5,19.34,15.99,-4.08,23.417847511520836
chaud_saison_seche,arbres,3,Quartier 6,19.01,13.82,-4.41,23.417847511520836
chaud_saison_seche,arbres,3,Quartier A,20.56,14.97,-2.86,23.417847511520836
chaud_saison_seche,arbres,3,Quartier SC2,19.61,15.45,-3.81,23.417847511520836
chaud_saison_seche,arbres,3,Servitude climatique 1,18.82,15.11,-4.6,23.417847511520836
chaud_saison_seche,arbres,4,Quartier 1,19.75,15.05,-4.28,24.023306516455527
chaud_saison_seche,arbres,4,Quartier 2,19.32,14.15,-4.7,24.023306516455527
chaud_saison_seche,arbres,4,Quartier 3,21.95,19.23,-2.07,24.023306516455527
chaud_saison_seche,arbres,4,Quartier 4,18.57,14.38,-5.46,24.023306516455527
chaud_saison_seche,arbres,4,Quartier 5,18.98,15.27,-5.05,24.023306516455527
chaud_saison_seche,arbres,4,Quartier 6,18.64,12.97,-5.39,24.023306516455527
chaud_saison_seche,arbres,4,Quartier A,20.19,14.1,-3.83,24.023306516455527
chaud_saison_seche,arbres,4,Quartier SC2,19.21,14.63,-4.81,24.023306516455527
chaud_saison_seche,arbres,4,Servitude climatique 1,18.47,14.39,-5.55,24.023306516455527
chaud_saison_seche,arbres,5,Quartier 1,19.4,13.98,-3.99,23.38806247208065
chaud_saison_seche,arbres,5,Quartier 2,18.99,13.06,-4.39,23.38806247208065
chaud_saison_seche,arbres,5,Quartier 3,21.71,18.45,-1.68,23.38806247208065
chaud_saison_seche,arbres,5,Quartier 4,18.23,13.33,-5.16,23.38806247208065
chaud_saison_seche,arbres,5,Quartier 5,18.66,14.29,-4.73,23.38806247208065
chaud_saison_seche,arbres,5,Quartier 6,18.25,11.78,-5.13,23.38806247208065
chaud_saison_seche,arbres,5,Quartier A,19.9,13.03,-3.48,23.38806247208065
chaud_saison_seche,arbres,5,Quartier SC2,18.89,13.58,-4.5,23.38806247208065
chaud_saison_seche,arbres,5,Servitude climatique 1,18.07,13.31,-5.31,23.38806247208065
chaud_saison_seche,arbres,6,Quartier 1,19.14,13.15,-5.15,24.290489180518087
chaud_saison_seche,arbres,6,Quartier 2,18.64,12.11,-5.65,24.290489180518087
chaud_saison_seche,arbres,6,Quartier 3,21.7,17.95,-2.6,24.290489180518087
chaud_saison_seche,arbres,6,Quartier 4,17.9,12.47,-6.39,24.290489180518087
chaud_saison_seche,arbres,6,Quartier 5,18.34,13.47,-5.95,24.290489180518087
chaud_saison_seche,arbres,6,Quartier 6,17.9,10.81,-6.39,24.290489180518087
chaud_saison_seche,arbres,6,Quartier A,19.56,12.05,-4.74,24.290489180518087
chaud_saison_seche,arbres,6,Quartier SC2,18.58,12.72,-5.71,24.290489180518087
chaud_saison_seche,arbres,6,Servitude climatique 1,17.75,12.46,-6.54,24.290489180518087
chaud_saison_seche,arbres,7,Quartier 1,19.27,13.29,-6.04,25.309106320343737
chaud_saison_seche,arbres,7,Quartier 2,18.78,12.3,-6.53,25.309106320343737
chaud_saison_seche,arbres,7,Quartier 3,21.77,17.93,-3.54,25.309106320343737
chaud_saison_seche,arbres,7,Quartier 4,18.02,12.63,-7.29,25.309106320343737
chaud_saison_seche,arbres,7,Quartier 5,18.4,13.55,-6.91,25.309106320343737
chaud_saison_seche,arbres,7,Quartier 6,18.01,10.97,-7.3,25.309106320343737
chaud_saison_seche,arbres,7,Quartier A,19.63,12.15,-5.68,25.309106320343737
chaud_saison_seche,arbres,7,Quartier SC2,18.6,12.76,-6.71,25.309106320343737
chaud_saison_seche,arbres,7,Servitude climatique 1,17.87,12.61,-7.44,25.309106320343737
chaud_saison_seche,arbres,8,Quartier 1,21.19,15.61,-7.58,28.777895671397395
chaud_saison_seche,arbres,8,Quartier 2,21.07,15.04,-7.71,28.777895671397395
chaud_saison_seche,arbres,8,Quartier 3,22.77,19.36,-6.01,28.777895671397395
chaud_saison_seche,arbres,8,Quartier 4,20.02,15.0,-8.76,28.777895671397395
chaud_saison_seche,arbres,8,Quartier 5,20.09,15.59,-8.69,28.777895671397395
chaud_saison_seche,arbres,8,Quartier 6,20.16,13.56,-8.62,28.777895671397395
chaud_saison_seche,arbres,8,Quartier A,21.82,14.89,-6.96,28.777895671397395
chaud_saison_seche,arbres,8,Quartier SC2,20.15,14.72,-8.63,28.777895671397395
chaud_saison_seche,arbres,8,Servitude climatique 1,19.87,15.08,-8.91,28.777895671397395
chaud_saison_seche,arbres,9,Quartier 1,25.51,22.35,-4.53,30.041963856738256
chaud_saison_seche,arbres,9,Quartier 2,26.26,22.84,-3.78,30.041963856738256
chaud_saison_seche,arbres,9,Quartier 3,24.93,23.62,-5.12,30.041963856738256
chaud_saison_seche,arbres,9,Quartier 4,24.62,21.9,-5.42,30.041963856738256
chaud_saison_seche,arbres,9,Quartier 5,24.07,21.74,-5.97,30.041963856738256
chaud_saison_seche,arbres,9,Quartier 6,25.24,21.36,-4.8,30.041963856738256
chaud_saison_seche,arbres,9,Quartier A,26.8,22.69,-3.24,30.041963856738256
chaud_saison_seche,arbres,9,Quartier SC2,23.89,20.94,-6.15,30.041963856738256
chaud_saison_seche,arbres,9,Servitude climatique 1,24.58,22.26,-5.47,30.041963856738256
chaud_saison_seche,arbres,10,Quartier 1,31.29,30.13,-4.11,35.40041485514774
chaud_saison_seche,arbres,10,Quartier 2,33.05,31.87,-2.35,35.40041485514774
chaud_saison_seche,arbres,10,Quartier 3,28.19,28.61,-7.21,35.40041485514774
chaud_saison_seche,arbres,10,Quartier 4,30.71,29.78,-4.69,35.40041485514774
chaud_saison_seche,arbres,10,Quartier 5,29.48,28.82,-5.92,35.40041485514774
chaud_saison_seche,arbres,10,Quartier 6,32.11,30.59,-3.29,35.40041485514774
chaud_saison_seche,arbres,10,Quartier A,33.39,31.89,-2.01,35.40041485514774
chaud_saison_seche,arbres,10,Quartier SC2,29.14,28.26,-6.26,35.40041485514774
chaud_saison_seche,arbres,10,Servitude climatique 1,30.91,30.69,-4.49,35.40041485514774
chaud_saison_seche,arbres,11,Quartier 1,36.69,37.28,-0.1,36.78949339135425
chaud_saison_seche,arbres,11,Quartier 2,38.5,39.3,1.71,36.78949339135425
chaud_saison_seche,arbres,11,Quartier 3,32.77,34.35,-4.02,36.78949339135425
chaud_saison_seche,arbres,11,Quartier 4,36.61,37.19,-0.18,36.78949339135425
chaud_saison_seche,arbres,11,Quartier 5,35.28,35.97,-1.51,36.78949339135425
chaud_saison_seche,arbres,11,Quartier 6,38.69,39.64,1.9,36.78949339135425
chaud_saison_seche,arbres,11,Quartier A,38.14,38.89,1.35,36.78949339135425
chaud_saison_seche,arbres,11,Quartier SC2,34.77,35.72,-2.02,36.78949339135425
chaud_saison_seche,arbres,11,Servitude climatique 1,36.76,38.37,-0.03,36.78949339135425
chaud_saison_seche,arbres,12,Quartier 1,38.86,40.54,1.23,37.63249903096362
chaud_saison_seche,arbres,12,Quartier 2,39.71,41.42,2.08,37.63249903096362
chaud_saison_seche,arbres,12,Quartier 3,36.24,38.69,-1.39,37.63249903096362
chaud_saison_seche,arbres,12,Quartier 4,39.13,40.76,1.49,37.63249903096362
chaud_saison_seche,arbres,12,Quartier 5,38.37,40.03,0.74,37.63249903096362
chaud_saison_seche,arbres,12,Quartier 6,39.52,41.33,1.89,37.63249903096362
chaud_saison_seche,arbres,12,Quartier A,39.39,41.3,1.76,37.63249903096362
chaud_saison_seche,arbres,12,Quartier SC2,37.06,38.97,-0.58,37.63249903096362
chaud_saison_seche,arbres,12,Servitude climatique 1,38.49,40.87,0.86,37.63249903096362
chaud_saison_seche,arbres,13,Quartier 1,39.32,41.46,1.88,37.44478766465161
chaud_saison_seche,arbres,13,Quartier 2,40.09,42.2,2.64,37.44478766465161
chaud_saison_seche,arbres,13,Quartier 3,37.36,40.41,-0.09,37.44478766465161
chaud_saison_seche,arbres,13,Quartier 4,39.46,41.66,2.02,37.44478766465161
chaud_saison_seche,arbres,13,Quartier 5,39.12,41.44,1.68,37.44478766465161
chaud_saison_seche,arbres,13,Quartier 6,40.01,42.15,2.56,37.44478766465161
chaud_saison_seche,arbres,13,Quartier A,39.76,41.87,2.32,37.44478766465161
chaud_saison_seche,arbres,13,Quartier SC2,37.88,40.27,0.44,37.44478766465161
chaud_saison_seche,arbres,13,Servitude climatique 1,39.06,41.87,1.61,37.44478766465161
chaud_saison_seche,arbres,14,Quartier 1,40.41,42.95,1.83,38.58225850469761
chaud_saison_seche,arbres,14,Quartier 2,41.22,43.69,2.64,38.58225850469761
chaud_saison_seche,arbres,14,Quartier 3,38.5,41.77,-0.08,38.58225850469761
chaud_saison_seche,arbres,14,Quartier 4,40.6,43.26,2.02,38.58225850469761
chaud_saison_seche,arbres,14,Quartier 5,40.25,43.02,1.67,38.58225850469761
chaud_saison_seche,arbres,14,Quartier 6,41.23,43.68,2.65,38.58225850469761
chaud_saison_seche,arbres,14,Quartier A,40.92,43.23,2.34,38.58225850469761
chaud_saison_seche,arbres,14,Quartier SC2,38.95,41.7,0.37,38.58225850469761
chaud_saison_seche,arbres,14,Servitude climatique 1,40.33,43.44,1.74,38.58225850469761
chaud_saison_seche,arbres,15,Quartier 1,40.53,43.01,1.56,38.96727046384914
chaud_saison_seche,arbres,15,Quartier 2,41.29,43.69,2.32,38.96727046384914
chaud_saison_seche,arbres,15,Quartier 3,38.8,41.86,-0.17,38.96727046384914
chaud_saison_seche,arbres,15,Quartier 4,40.72,43.33,1.75,38.96727046384914
chaud_saison_seche,arbres,15,Quartier 5,40.42,43.13,1.45,38.96727046384914
chaud_saison_seche,arbres,15,Quartier 6,41.3,43.63,2.33,38.96727046384914
chaud_saison_seche,arbres,15,Quartier A,41.03,43.2,2.06,38.96727046384914
chaud_saison_seche,arbres,15,Quartier SC2,38.99,41.64,0.02,38.96727046384914
chaud_saison_seche,arbres,15,Servitude climatique 1,40.41,43.37,1.45,38.96727046384914
chaud_saison_seche,arbres,16,Quartier 1,40.29,42.31,0.92,39.367341965896046
chaud_saison_seche,arbres,16,Quartier 2,41.03,42.98,1.66,39.367341965896046
chaud_saison_seche,arbres,16,Quartier 3,38.79,41.22,-0.58,39.367341965896046
chaud_saison_seche,arbres,16,Quartier 4,40.53,42.67,1.16,39.367341965896046
chaud_saison_seche,arbres,16,Quartier 5,40.27,42.5,0.91,39.367341965896046
chaud_saison_seche,arbres,16,Quartier 6,41.06,42.94,1.69,39.367341965896046
chaud_saison_seche,arbres,16,Quartier A,40.82,42.54,1.46,39.367341965896046
chaud_saison_seche,arbres,16,Quartier SC2,38.64,40.83,-0.72,39.367341965896046
chaud_saison_seche,arbres,16,Servitude climatique 1,40.18,42.58,0.81,39.367341965896046
chaud_saison_seche,arbres,17,Quartier 1,38.54,39.73,0.31,38.2330459506078
chaud_saison_seche,arbres,17,Quartier 2,39.14,40.25,0.91,38.2330459506078
chaud_saison_seche,arbres,17,Quartier 3,37.47,38.96,-0.76,38.2330459506078
chaud_saison_seche,arbres,17,Quartier 4,38.75,40.06,0.52,38.2330459506078
chaud_saison_seche,arbres,17,Quartier 5,38.59,39.98,0.36,38.2330459506078
chaud_saison_seche,arbres,17,Quartier 6,39.18,40.21,0.95,38.2330459506078
chaud_saison_seche,arbres,17,Quartier A,39.0,39.84,0.76,38.2330459506078
chaud_saison_seche,arbres,17,Quartier SC2,36.93,38.27,-1.31,38.2330459506078
chaud_saison_seche,arbres,17,Servitude climatique 1,38.4,39.88,0.17,38.2330459506078
chaud_saison_seche,arbres,18,Quartier 1,36.58,36.51,-0.62,37.20551639395893
chaud_saison_seche,arbres,18,Quartier 2,37.05,36.91,-0.15,37.20551639395893
chaud_saison_seche,arbres,18,Quartier 3,35.97,36.07,-1.23,37.20551639395893
chaud_saison_seche,arbres,18,Quartier 4,36.77,36.81,-0.44,37.20551639395893
chaud_saison_seche,arbres,18,Quartier 5,36.69,36.8,-0.52,37.20551639395893
chaud_saison_seche,arbres,18,Quartier 6,37.14,36.91,-0.07,37.20551639395893
chaud_saison_seche,arbres,18,Quartier A,37.01,36.61,-0.2,37.20551639395893
chaud_saison_seche,arbres,18,Quartier SC2,35.0,35.07,-2.2,37.20551639395893
chaud_saison_seche,arbres,18,Servitude climatique 1,36.45,36.58,-0.76,37.20551639395893
chaud_saison_seche,arbres,19,Quartier 1,34.45,33.16,-2.02,36.47386845976504
chaud_saison_seche,arbres,19,Quartier 2,34.83,33.5,-1.64,36.47386845976504
chaud_saison_seche,arbres,19,Quartier 3,34.17,32.96,-2.31,36.47386845976504
chaud_saison_seche,arbres,19,Quartier 4,34.55,33.38,-1.92,36.47386845976504
chaud_saison_seche,arbres,19,Quartier 5,34.35,33.22,-2.12,36.47386845976504
chaud_saison_seche,arbres,19,Quartier 6,35.05,33.65,-1.43,36.47386845976504
chaud_saison_seche,arbres,19,Quartier A,34.92,33.35,-1.56,36.47386845976504
chaud_saison_seche,arbres,19,Quartier SC2,33.01,31.85,-3.46,36.47386845976504
chaud_saison_seche,arbres,19,Servitude climatique 1,34.31,33.16,-2.16,36.47386845976504
chaud_saison_seche,arbres,20,Quartier 1,28.77,25.77,-0.24,29.01696905860714
chaud_saison_seche,arbres,20,Quartier 2,28.71,25.52,-0.31,29.01696905860714
chaud_saison_seche,arbres,20,Quartier 3,28.72,26.38,-0.29,29.01696905860714
chaud_saison_seche,arbres,20,Quartier 4,28.69,25.97,-0.33,29.01696905860714
chaud_saison_seche,arbres,20,Quartier 5,28.73,26.18,-0.29,29.01696905860714
chaud_saison_seche,arbres,20,Quartier 6,28.85,25.5,-0.17,29.01696905860714
chaud_saison_seche,arbres,20,Quartier A,28.72,24.97,-0.3,29.01696905860714
chaud_saison_seche,arbres,20,Quartier SC2,28.0,25.11,-1.01,29.01696905860714
chaud_saison_seche,arbres,20,Servitude climatique 1,28.58,25.86,-0.44,29.01696905860714
chaud_saison_seche,arbres,21,Quartier 1,26.88,23.08,-2.17,29.050071431196827
chaud_saison_seche,arbres,21,Quartier 2,26.55,22.43,-2.5,29.050071431196827
chaud_saison_seche,arbres,21,Quartier 3,27.81,25.28,-1.24,29.050071431196827
chaud_saison_seche,arbres,21,Quartier 4,26.29,22.79,-2.76,29.050071431196827
chaud_saison_seche,arbres,21,Quartier 5,26.49,23.3,-2.56,29.050071431196827
chaud_saison_seche,arbres,21,Quartier 6,26.94,22.67,-2.11,29.050071431196827
chaud_saison_seche,arbres,21,Quartier A,26.99,22.29,-2.06,29.050071431196827
chaud_saison_seche,arbres,21,Quartier SC2,26.42,22.83,-2.63,29.050071431196827
chaud_saison_seche,arbres,21,Servitude climatique 1,26.53,23.13,-2.52,29.050071431196827
chaud_saison_seche,arbres,22,Quartier 1,25.26,21.08,-0.62,25.88518486339371
chaud_saison_seche,arbres,22,Quartier 2,25.01,20.46,-0.87,25.88518486339371
chaud_saison_seche,arbres,22,Quartier 3,25.68,23.02,-0.2,25.88518486339371
chaud_saison_seche,arbres,22,Quartier 4,24.89,21.07,-1.0,25.88518486339371
chaud_saison_seche,arbres,22,Quartier 5,25.16,21.72,-0.73,25.88518486339371
chaud_saison_seche,arbres,22,Quartier 6,25.12,20.33,-0.76,25.88518486339371
chaud_saison_seche,arbres,22,Quartier A,25.33,20.07,-0.56,25.88518486339371
chaud_saison_seche,arbres,22,Quartier SC2,24.93,20.91,-0.96,25.88518486339371
chaud_saison_seche,arbres,22,Servitude climatique 1,24.59,20.83,-1.3,25.88518486339371
chaud_saison_seche,arbres,23,Quartier 1,23.98,19.86,-1.9,25.88317670640368
chaud_saison_seche,arbres,23,Quartier 2,23.63,19.11,-2.26,25.88317670640368
chaud_saison_seche,arbres,23,Quartier 3,25.15,22.57,-0.74,25.88317670640368
chaud_saison_seche,arbres,23,Quartier 4,23.2,19.42,-2.69,25.88317670640368
chaud_saison_seche,arbres,23,Quartier 5,23.64,20.27,-2.24,25.88317670640368
chaud_saison_seche,arbres,23,Quartier 6,23.42,18.58,-2.46,25.88317670640368
chaud_saison_seche,arbres,23,Quartier A,24.23,19.02,-1.66,25.88317670640368
chaud_saison_seche,arbres,23,Quartier SC2,23.58,19.58,-2.31,25.88317670640368
chaud_saison_seche,arbres,23,Servitude climatique 1,22.96,19.21,-2.93,25.88317670640368
chaud_saison_seche,sans_arbres,0,Quartier 1,20.87,15.0,-4.16,25.028013109020435
chaud_saison_seche,sans_arbres,0,Quartier 2,20.93,15.19,-4.09,25.028013109020435
chaud_saison_seche,sans_arbres,0,Quartier 3,21.69,15.03,-3.34,25.028013109020435
chaud_saison_seche,sans_arbres,0,Quartier 4,19.92,14.29,-5.11,25.028013109020435
chaud_saison_seche,sans_arbres,0,Quartier 5,20.58,14.95,-4.44,25.028013109020435
chaud_saison_seche,sans_arbres,0,Quartier 6,20.4,14.09,-4.63,25.028013109020435
chaud_saison_seche,sans_arbres,0,Quartier A,21.91,15.58,-3.12,25.028013109020435
chaud_saison_seche,sans_arbres,0,Quartier SC2,20.45,13.92,-4.57,25.028013109020435
chaud_saison_seche,sans_arbres,0,Servitude climatique 1,19.02,12.55,-6.01,25.028013109020435
chaud_saison_seche,sans_arbres,1,Quartier 1,20.1,14.72,-4.77,24.87042730886209
chaud_saison_seche,sans_arbres,1,Quartier 2,20.2,14.96,-4.67,24.87042730886209
chaud_saison_seche,sans_arbres,1,Quartier 3,20.53,14.2,-4.34,24.87042730886209
chaud_saison_seche,sans_arbres,1,Quartier 4,19.42,14.37,-5.45,24.87042730886209
chaud_saison_seche,sans_arbres,1,Quartier 5,20.04,14.97,-4.83,24.87042730886209
chaud_saison_seche,sans_arbres,1,Quartier 6,19.54,13.7,-5.33,24.87042730886209
chaud_saison_seche,sans_arbres,1,Quartier A,21.09,15.16,-3.79,24.87042730886209
chaud_saison_seche,sans_arbres,1,Quartier SC2,19.47,13.34,-5.4,24.87042730886209
chaud_saison_seche,sans_arbres,1,Servitude climatique 1,18.52,12.66,-6.35,24.87042730886209
chaud_saison_seche,sans_arbres,2,Quartier 1,19.72,14.64,-3.32,23.03795776442115
chaud_saison_seche,sans_arbres,2,Quartier 2,19.86,14.93,-3.18,23.03795776442115
chaud_saison_seche,sans_arbres,2,Quartier 3,20.07,14.01,-2.97,23.03795776442115
chaud_saison_seche,sans_arbres,2,Quartier 4,19.09,14.34,-3.95,23.03795776442115
chaud_saison_seche,sans_arbres,2,Quartier 5,19.73,14.95,-3.31,23.03795776442115
chaud_saison_seche,sans_arbres,2,Quartier 6,19.11,13.57,-3.93,23.03795776442115
chaud_saison_seche,sans_arbres,2,Quartier A,20.71,15.08,-2.33,23.03795776442115
chaud_saison_seche,sans_arbres,2,Quartier SC2,18.96,13.11,-4.08,23.03795776442115
chaud_saison_seche,sans_arbres,2,Servitude climatique 1,18.14,12.61,-4.89,23.03795776442115
chaud_saison_seche,sans_arbres,3,Quartier 1,19.39,14.03,-4.03,23.417847511520836
chaud_saison_seche,sans_arbres,3,Quartier 2,19.53,14.33,-3.89,23.417847511520836
chaud_saison_seche,sans_arbres,3,Quartier 3,19.68,13.3,-3.74,23.417847511520836
chaud_saison_seche,sans_arbres,3,Quartier 4,18.79,13.79,-4.63,23.417847511520836
chaud_saison_seche,sans_arbres,3,Quartier 5,19.42,14.38,-4.0,23.417847511520836
chaud_saison_seche,sans_arbres,3,Quartier 6,18.78,12.95,-4.63,23.417847511520836
chaud_saison_seche,sans_arbres,3,Quartier A,20.34,14.39,-3.08,23.417847511520836
chaud_saison_seche,sans_arbres,3,Quartier SC2,18.61,12.46,-4.8,23.417847511520836
chaud_saison_seche,sans_arbres,3,Servitude climatique 1,17.86,12.04,-5.56,23.417847511520836
chaud_saison_seche,sans_arbres,4,Quartier 1,19.08,13.25,-4.95,24.023306516455527
chaud_saison_seche,sans_arbres,4,Quartier 2,19.22,13.55,-4.81,24.023306516455527
chaud_saison_seche,sans_arbres,4,Quartier 3,19.35,12.45,-4.68,24.023306516455527
chaud_saison_seche,sans_arbres,4,Quartier 4,18.49,13.03,-5.53,24.023306516455527
chaud_saison_seche,sans_arbres,4,Quartier 5,19.12,13.62,-4.91,24.023306516455527
chaud_saison_seche,sans_arbres,4,Quartier 6,18.47,12.14,-5.55,24.023306516455527
chaud_saison_seche,sans_arbres,4,Quartier A,20.0,13.54,-4.02,24.023306516455527
chaud_saison_seche,sans_arbres,4,Quartier SC2,18.3,11.64,-5.72,24.023306516455527
chaud_saison_seche,sans_arbres,4,Servitude climatique 1,17.54,11.23,-6.48,24.023306516455527
chaud_saison_seche,sans_arbres,5,Quartier 1,18.75,12.11,-4.64,23.38806247208065
chaud_saison_seche,sans_arbres,5,Quartier 2,18.88,12.42,-4.5,23.38806247208065
chaud_saison_seche,sans_arbres,5,Quartier 3,19.08,11.36,-4.31,23.38806247208065
chaud_saison_seche,sans_arbres,5,Quartier 4,18.12,11.85,-5.27,23.38806247208065
chaud_saison_seche,sans_arbres,5,Quartier 5,18.77,12.49,-4.61,23.38806247208065
chaud_saison_seche,sans_arbres,5,Quartier 6,18.09,10.92,-5.3,23.38806247208065
chaud_saison_seche,sans_arbres,5,Quartier A,19.72,12.46,-3.67,23.38806247208065
chaud_saison_seche,sans_arbres,5,Quartier SC2,17.94,10.43,-5.45,23.38806247208065
chaud_saison_seche,sans_arbres,5,Servitude climatique 1,17.1,9.92,-6.29,23.38806247208065
chaud_saison_seche,sans_arbres,6,Quartier 1,18.38,11.12,-5.91,24.290489180518087
chaud_saison_seche,sans_arbres,6,Quartier 2,18.51,11.43,-5.78,24.290489180518087
chaud_saison_seche,sans_arbres,6,Quartier 3,18.72,10.34,-5.57,24.290489180518087
chaud_saison_seche,sans_arbres,6,Quartier 4,17.75,10.88,-6.54,24.290489180518087
chaud_saison_seche,sans_arbres,6,Quartier 5,18.41,11.51,-5.88,24.290489180518087
chaud_saison_seche,sans_arbres,6,Quartier 6,17.71,9.9,-6.58,24.290489180518087
chaud_saison_seche,sans_arbres,6,Quartier A,19.35,11.45,-4.94,24.290489180518087
chaud_saison_seche,sans_arbres,6,Quartier SC2,17.57,9.4,-6.72,24.290489180518087
chaud_saison_seche,sans_arbres,6,Servitude climatique 1,16.71,8.89,-7.58,24.290489180518087
chaud_saison_seche,sans_arbres,7,Quartier 1,18.69,11.52,-6.62,25.309106320343737
chaud_saison_seche,sans_arbres,7,Quartier 2,18.82,11.84,-6.49,25.309106320343737
chaud_saison_seche,sans_arbres,7,Quartier 3,18.95,10.65,-6.36,25.309106320343737
chaud_saison_seche,sans_arbres,7,Quartier 4,18.14,11.38,-7.17,25.309106320343737
chaud_saison_seche,sans_arbres,7,Quartier 5,18.74,11.94,-6.57,25.309106320343737
chaud_saison_seche,sans_arbres,7,Quartier 6,18.08,10.39,-7.23,25.309106320343737
chaud_saison_seche,sans_arbres,7,Quartier A,19.56,11.73,-5.75,25.309106320343737
chaud_saison_seche,sans_arbres,7,Quartier SC2,17.93,9.88,-7.38,25.309106320343737
chaud_saison_seche,sans_arbres,7,Servitude climatique 1,17.2,9.53,-8.11,25.309106320343737
chaud_saison_seche,sans_arbres,8,Quartier 1,21.83,15.36,-6.95,28.777895671397395
chaud_saison_seche,sans_arbres,8,Quartier 2,21.98,15.67,-6.8,28.777895671397395
chaud_saison_seche,sans_arbres,8,Quartier 3,21.95,14.5,-6.83,28.777895671397395
chaud_saison_seche,sans_arbres,8,Quartier 4,21.45,15.34,-7.33,28.777895671397395
chaud_saison_seche,sans_arbres,8,Quartier 5,21.82,15.65,-6.96,28.777895671397395
chaud_saison_seche,sans_arbres,8,Quartier 6,21.48,14.58,-7.3,28.777895671397395
chaud_saison_seche,sans_arbres,8,Quartier A,22.44,15.38,-6.34,28.777895671397395
chaud_saison_seche,sans_arbres,8,Quartier SC2,21.31,14.11,-7.47,28.777895671397395
chaud_saison_seche,sans_arbres,8,Servitude climatique 1,20.95,14.12,-7.82,28.777895671397395
chaud_saison_seche,sans_arbres,9,Quartier 1,28.34,24.88,-1.7,30.041963856738256
chaud_saison_seche,sans_arbres,9,Quartier 2,28.54,25.2,-1.5,30.041963856738256
chaud_saison_seche,sans_arbres,9,Quartier 3,28.16,24.02,-1.88,30.041963856738256
chaud_saison_seche,sans_arbres,9,Quartier 4,28.23,25.03,-1.82,30.041963856738256
chaud_saison_seche,sans_arbres,9,Quartier 5,28.21,24.92,-1.83,30.041963856738256
chaud_saison_seche,sans_arbres,9,Quartier 6,28.53,24.89,-1.52,30.041963856738256
chaud_saison_seche,sans_arbres,9,Quartier A,28.49,24.59,-1.55,30.041963856738256
chaud_saison_seche,sans_arbres,9,Quartier SC2,28.27,24.41,-1.77,30.041963856738256
chaud_saison_seche,sans_arbres,9,Servitude climatique 1,28.61,25.11,-1.43,30.041963856738256
chaud_saison_seche,sans_arbres,10,Quartier 1,36.03,35.33,0.63,35.40041485514774
chaud_saison_seche,sans_arbres,10,Quartier 2,36.28,35.68,0.88,35.40041485514774
chaud_saison_seche,sans_arbres,10,Quartier 3,35.57,34.53,0.17,35.40041485514774
chaud_saison_seche,sans_arbres,10,Quartier 4,36.09,35.52,0.69,35.40041485514774
chaud_saison_seche,sans_arbres,10,Quartier 5,35.77,35.08,0.37,35.40041485514774
chaud_saison_seche,sans_arbres,10,Quartier 6,36.73,36.15,1.33,35.40041485514774
chaud_saison_seche,sans_arbres,10,Quartier A,35.83,34.94,0.43,35.40041485514774
chaud_saison_seche,sans_arbres,10,Quartier SC2,36.36,35.64,0.96,35.40041485514774
chaud_saison_seche,sans_arbres,10,Servitude climatique 1,37.31,36.94,1.91,35.40041485514774
chaud_saison_seche,sans_arbres,11,Quartier 1,38.48,39.2,1.7,36.78949339135425
chaud_saison_seche,sans_arbres,11,Quartier 2,38.6,39.34,1.81,36.78949339135425
chaud_saison_seche,sans_arbres,11,Quartier 3,38.21,38.98,1.43,36.78949339135425
chaud_saison_seche,sans_arbres,11,Quartier 4,38.59,39.33,1.8,36.78949339135425
chaud_saison_seche,sans_arbres,11,Quartier 5,38.57,39.32,1.78,36.78949339135425
chaud_saison_seche,sans_arbres,11,Quartier 6,38.66,39.46,1.87,36.78949339135425
chaud_saison_seche,sans_arbres,11,Quartier A,38.32,39.12,1.53,36.78949339135425
chaud_saison_seche,sans_arbres,11,Quartier SC2,38.61,39.46,1.82,36.78949339135425
chaud_saison_seche,sans_arbres,11,Servitude climatique 1,38.78,39.6,1.99,36.78949339135425
chaud_saison_seche,sans_arbres,12,Quartier 1,40.04,41.93,2.41,37.63249903096362
chaud_saison_seche,sans_arbres,12,Quartier 2,40.23,42.15,2.6,37.63249903096362
chaud_saison_seche,sans_arbres,12,Quartier 3,39.65,41.78,2.02,37.63249903096362
chaud_saison_seche,sans_arbres,12,Quartier 4,40.17,42.01,2.54,37.63249903096362
chaud_saison_seche,sans_arbres,12,Quartier 5,40.15,42.0,2.52,37.63249903096362
chaud_saison_seche,sans_arbres,12,Quartier 6,40.23,42.3,2.6,37.63249903096362
chaud_saison_seche,sans_arbres,12,Quartier A,39.86,42.0,2.23,37.63249903096362
chaud_saison_seche,sans_arbres,12,Quartier SC2,40.0,42.09,2.37,37.63249903096362
chaud_saison_seche,sans_arbres,12,Servitude climatique 1,40.58,42.7,2.95,37.63249903096362
chaud_saison_seche,sans_arbres,13,Quartier 1,40.35,42.49,2.9,37.44478766465161
chaud_saison_seche,sans_arbres,13,Quartier 2,40.54,42.73,3.1,37.44478766465161
chaud_saison_seche,sans_arbres,13,Quartier 3,39.94,42.12,2.49,37.44478766465161
chaud_saison_seche,sans_arbres,13,Quartier 4,40.46,42.63,3.01,37.44478766465161
chaud_saison_seche,sans_arbres,13,Quartier 5,40.46,42.63,3.01,37.44478766465161
chaud_saison_seche,sans_arbres,13,Quartier 6,40.5,42.72,3.05,37.44478766465161
chaud_saison_seche,sans_arbres,13,Quartier A,40.16,42.4,2.71,37.44478766465161
chaud_saison_seche,sans_arbres,13,Quartier SC2,40.27,42.48,2.83,37.44478766465161
chaud_saison_seche,sans_arbres,13,Servitude climatique 1,40.79,43.06,3.34,37.44478766465161
chaud_saison_seche,sans_arbres,14,Quartier 1,41.51,43.94,2.93,38.58225850469761
chaud_saison_seche,sans_arbres,14,Quartier 2,41.7,44.17,3.11,38.58225850469761
chaud_saison_seche,sans_arbres,14,Quartier 3,41.11,43.39,2.52,38.58225850469761
chaud_saison_seche,sans_arbres,14,Quartier 4,41.62,44.13,3.04,38.58225850469761
chaud_saison_seche,sans_arbres,14,Quartier 5,41.59,44.07,3.01,38.58225850469761
chaud_saison_seche,sans_arbres,14,Quartier 6,41.79,44.25,3.21,38.58225850469761
chaud_saison_seche,sans_arbres,14,Quartier A,41.33,43.71,2.75,38.58225850469761
chaud_saison_seche,sans_arbres,14,Quartier SC2,41.54,43.95,2.96,38.58225850469761
chaud_saison_seche,sans_arbres,14,Servitude climatique 1,42.09,44.62,3.51,38.58225850469761
chaud_saison_seche,sans_arbres,15,Quartier 1,41.5,43.81,2.54,38.96727046384914
chaud_saison_seche,sans_arbres,15,Quartier 2,41.67,44.03,2.7,38.96727046384914
chaud_saison_seche,sans_arbres,15,Quartier 3,41.15,43.24,2.18,38.96727046384914
chaud_saison_seche,sans_arbres,15,Quartier 4,41.58,43.98,2.61,38.96727046384914
chaud_saison_seche,sans_arbres,15,Quartier 5,41.58,43.95,2.61,38.96727046384914
chaud_saison_seche,sans_arbres,15,Quartier 6,41.7,43.99,2.73,38.96727046384914
chaud_saison_seche,sans_arbres,15,Quartier A,41.35,43.54,2.39,38.96727046384914
chaud_saison_seche,sans_arbres,15,Quartier SC2,41.49,43.71,2.52,38.96727046384914
chaud_saison_seche,sans_arbres,15,Servitude climatique 1,41.9,44.25,2.93,38.96727046384914
chaud_saison_seche,sans_arbres,16,Quartier 1,41.2,43.04,1.83,39.367341965896046
chaud_saison_seche,sans_arbres,16,Quartier 2,41.34,43.23,1.97,39.367341965896046
chaud_saison_seche,sans_arbres,16,Quartier 3,40.91,42.53,1.54,39.367341965896046
chaud_saison_seche,sans_arbres,16,Quartier 4,41.24,43.18,1.87,39.367341965896046
chaud_saison_seche,sans_arbres,16,Quartier 5,41.25,43.16,1.88,39.367341965896046
chaud_saison_seche,sans_arbres,16,Quartier 6,41.39,43.22,2.03,39.367341965896046
chaud_saison_seche,sans_arbres,16,Quartier A,41.09,42.8,1.72,39.367341965896046
chaud_saison_seche,sans_arbres,16,Quartier SC2,41.21,42.96,1.85,39.367341965896046
chaud_saison_seche,sans_arbres,16,Servitude climatique 1,41.52,43.39,2.15,39.367341965896046
chaud_saison_seche,sans_arbres,17,Quartier 1,39.17,40.15,0.94,38.2330459506078
chaud_saison_seche,sans_arbres,17,Quartier 2,39.28,40.31,1.05,38.2330459506078
chaud_saison_seche,sans_arbres,17,Quartier 3,38.99,39.7,0.76,38.2330459506078
chaud_saison_seche,sans_arbres,17,Quartier 4,39.16,40.24,0.93,38.2330459506078
chaud_saison_seche,sans_arbres,17,Quartier 5,39.21,40.26,0.97,38.2330459506078
chaud_saison_seche,sans_arbres,17,Quartier 6,39.29,40.21,1.05,38.2330459506078
chaud_saison_seche,sans_arbres,17,Quartier A,39.13,39.93,0.9,38.2330459506078
chaud_saison_seche,sans_arbres,17,Quartier SC2,39.16,40.0,0.93,38.2330459506078
chaud_saison_seche,sans_arbres,17,Servitude climatique 1,39.29,40.25,1.05,38.2330459506078
chaud_saison_seche,sans_arbres,18,Quartier 1,37.01,36.72,-0.2,37.20551639395893
chaud_saison_seche,sans_arbres,18,Quartier 2,37.08,36.83,-0.13,37.20551639395893
chaud_saison_seche,sans_arbres,18,Quartier 3,36.95,36.39,-0.26,37.20551639395893
chaud_saison_seche,sans_arbres,18,Quartier 4,36.95,36.75,-0.26,37.20551639395893
chaud_saison_seche,sans_arbres,18,Quartier 5,37.01,36.8,-0.19,37.20551639395893
chaud_saison_seche,sans_arbres,18,Quartier 6,37.12,36.77,-0.09,37.20551639395893
chaud_saison_seche,sans_arbres,18,Quartier A,37.05,36.58,-0.16,37.20551639395893
chaud_saison_seche,sans_arbres,18,Quartier SC2,37.05,36.62,-0.16,37.20551639395893
chaud_saison_seche,sans_arbres,18,Servitude climatique 1,37.0,36.67,-0.21,37.20551639395893
chaud_saison_seche,sans_arbres,19,Quartier 1,34.67,33.17,-1.81,36.47386845976504
chaud_saison_seche,sans_arbres,19,Quartier 2,34.68,33.22,-1.79,36.47386845976504
chaud_saison_seche,sans_arbres,19,Quartier 3,34.8,33.06,-1.67,36.47386845976504
chaud_saison_seche,sans_arbres,19,Quartier 4,34.45,33.02,-2.02,36.47386845976504
chaud_saison_seche,sans_arbres,19,Quartier 5,34.56,33.12,-1.91,36.47386845976504
chaud_saison_seche,sans_arbres,19,Quartier 6,34.83,33.28,-1.64,36.47386845976504
chaud_saison_seche,sans_arbres,19,Quartier A,34.85,33.18,-1.63,36.47386845976504
chaud_saison_seche,sans_arbres,19,Quartier SC2,34.83,33.22,-1.64,36.47386845976504
chaud_saison_seche,sans_arbres,19,Servitude climatique 1,34.46,32.89,-2.01,36.47386845976504
chaud_saison_seche,sans_arbres,20,Quartier 1,28.39,24.84,-0.63,29.01696905860714
chaud_saison_seche,sans_arbres,20,Quartier 2,28.4,24.92,-0.62,29.01696905860714
chaud_saison_seche,sans_arbres,20,Quartier 3,28.43,24.34,-0.59,29.01696905860714
chaud_saison_seche,sans_arbres,20,Quartier 4,28.3,24.97,-0.71,29.01696905860714
chaud_saison_seche,sans_arbres,20,Quartier 5,28.37,24.98,-0.64,29.01696905860714
chaud_saison_seche,sans_arbres,20,Quartier 6,28.42,24.7,-0.6,29.01696905860714
chaud_saison_seche,sans_arbres,20,Quartier A,28.5,24.55,-0.51,29.01696905860714
chaud_saison_seche,sans_arbres,20,Quartier SC2,28.41,24.54,-0.61,29.01696905860714
chaud_saison_seche,sans_arbres,20,Servitude climatique 1,28.26,24.6,-0.76,29.01696905860714
chaud_saison_seche,sans_arbres,21,Quartier 1,25.76,21.05,-3.29,29.050071431196827
chaud_saison_seche,sans_arbres,21,Quartier 2,25.76,21.14,-3.29,29.050071431196827
chaud_saison_seche,sans_arbres,21,Quartier 3,26.35,21.11,-2.7,29.050071431196827
chaud_saison_seche,sans_arbres,21,Quartier 4,25.0,20.43,-4.05,29.050071431196827
chaud_saison_seche,sans_arbres,21,Quartier 5,25.4,20.83,-3.65,29.050071431196827
chaud_saison_seche,sans_arbres,21,Quartier 6,25.65,20.69,-3.4,29.050071431196827
chaud_saison_seche,sans_arbres,21,Quartier A,26.38,21.33,-2.67,29.050071431196827
chaud_saison_seche,sans_arbres,21,Quartier SC2,25.73,20.63,-3.32,29.050071431196827
chaud_saison_seche,sans_arbres,21,Servitude climatique 1,24.4,19.25,-4.65,29.050071431196827
chaud_saison_seche,sans_arbres,22,Quartier 1,24.47,19.32,-1.42,25.88518486339371
chaud_saison_seche,sans_arbres,22,Quartier 2,24.6,19.59,-1.28,25.88518486339371
chaud_saison_seche,sans_arbres,22,Quartier 3,25.13,19.42,-0.75,25.88518486339371
chaud_saison_seche,sans_arbres,22,Quartier 4,23.48,18.43,-2.41,25.88518486339371
chaud_saison_seche,sans_arbres,22,Quartier 5,24.22,19.25,-1.66,25.88518486339371
chaud_saison_seche,sans_arbres,22,Quartier 6,23.83,18.26,-2.05,25.88518486339371
chaud_saison_seche,sans_arbres,22,Quartier A,24.83,19.23,-1.05,25.88518486339371
chaud_saison_seche,sans_arbres,22,Quartier SC2,23.96,18.24,-1.93,25.88518486339371
chaud_saison_seche,sans_arbres,22,Servitude climatique 1,22.19,16.3,-3.69,25.88518486339371
chaud_saison_seche,sans_arbres,23,Quartier 1,22.93,17.79,-2.95,25.88317670640368
chaud_saison_seche,sans_arbres,23,Quartier 2,23.05,18.05,-2.83,25.88317670640368
chaud_saison_seche,sans_arbres,23,Quartier 3,23.82,18.05,-2.07,25.88317670640368
chaud_saison_seche,sans_arbres,23,Quartier 4,21.8,16.8,-4.09,25.88317670640368
chaud_saison_seche,sans_arbres,23,Quartier 5,22.6,17.65,-3.29,25.88317670640368
chaud_saison_seche,sans_arbres,23,Quartier 6,22.23,16.66,-3.65,25.88317670640368
chaud_saison_seche,sans_arbres,23,Quartier A,23.74,18.18,-2.14,25.88317670640368
chaud_saison_seche,sans_arbres,23,Quartier SC2,22.33,16.58,-3.55,25.88317670640368
chaud_saison_seche,sans_arbres,23,Servitude climatique 1,20.68,14.91,-5.2,25.88317670640368
frais_saison_seche,arbres,0,Quartier 1,16.44,8.44,0.51,15.931437218895075
frais_saison_seche,arbres,0,Quartier 2,16.44,7.67,0.51,15.931437218895075
frais_saison_seche,arbres,0,Quartier 3,16.37,12.28,0.44,15.931437218895075
frais_saison_seche,arbres,0,Quartier 4,16.29,8.99,0.36,15.931437218895075
frais_saison_seche,arbres,0,Quartier 5,16.35,9.77,0.42,15.931437218895075
frais_saison_seche,arbres,0,Quartier 6,16.23,6.97,0.29,15.931437218895075
frais_saison_seche,arbres,0,Quartier A,16.53,6.34,0.59,15.931437218895075
frais_saison_seche,arbres,0,Quartier SC2,16.22,8.68,0.29,15.931437218895075
frais_saison_seche,arbres,0,Servitude climatique 1,16.18,9.48,0.24,15.931437218895075
frais_saison_seche,arbres,1,Quartier 1,16.69,8.7,0.33,16.356741885792907
frais_saison_seche,arbres,1,Quartier 2,16.67,7.93,0.31,16.356741885792907
frais_saison_seche,arbres,1,Quartier 3,16.71,12.48,0.36,16.356741885792907
frais_saison_seche,arbres,1,Quartier 4,16.51,9.22,0.16,16.356741885792907
frais_saison_seche,arbres,1,Quartier 5,16.6,10.02,0.25,16.356741885792907
frais_saison_seche,arbres,1,Quartier 6,16.39,7.15,0.03,16.356741885792907
frais_saison_seche,arbres,1,Quartier A,16.75,6.63,0.4,16.356741885792907
frais_saison_seche,arbres,1,Quartier SC2,16.45,8.89,0.09,16.356741885792907
frais_saison_seche,arbres,1,Servitude climatique 1,16.3,9.53,-0.05,16.356741885792907
frais_saison_seche,arbres,2,Quartier 1,15.62,7.22,0.48,15.131457958164134
frais_saison_seche,arbres,2,Quartier 2,15.59,6.41,0.46,15.131457958164134
frais_saison_seche,arbres,2,Quartier 3,15.6,11.05,0.47,15.131457958164134
frais_saison_seche,arbres,2,Quartier 4,15.47,7.83,0.34,15.131457958164134
frais_saison_seche,arbres,2,Quartier 5,15.55,8.63,0.42,15.131457958164134
frais_saison_seche,arbres,2,Quartier 6,15.39,5.71,0.26,15.131457958164134
frais_saison_seche,arbres,2,Quartier A,15.66,4.97,0.53,15.131457958164134
frais_saison_seche,arbres,2,Quartier SC2,15.41,7.47,0.28,15.131457958164134
frais_saison_seche,arbres,2,Servitude climatique 1,15.35,8.24,0.21,15.131457958164134
frais_saison_seche,arbres,3,Quartier 1,15.53,7.37,0.42,15.109606317339336
frais_saison_seche,arbres,3,Quartier 2,15.49,6.58,0.38,15.109606317339336
frais_saison_seche,arbres,3,Quartier 3,15.54,11.09,0.43,15.109606317339336
frais_saison_seche,arbres,3,Quartier 4,15.36,7.96,0.25,15.109606317339336
frais_saison_seche,arbres,3,Quartier 5,15.45,8.76,0.34,15.109606317339336
frais_saison_seche,arbres,3,Quartier 6,15.25,5.82,0.14,15.109606317339336
frais_saison_seche,arbres,3,Quartier A,15.58,5.16,0.48,15.109606317339336
frais_saison_seche,arbres,3,Quartier SC2,15.29,7.55,0.18,15.109606317339336
frais_saison_seche,arbres,3,Servitude climatique 1,15.2,8.28,0.09,15.109606317339336
frais_saison_seche,arbres,4,Quartier 1,15.51,7.72,0.37,15.13406558081261
frais_saison_seche,arbres,4,Quartier 2,15.48,6.95,0.34,15.13406558081261
frais_saison_seche,arbres,4,Quartier 3,15.55,11.29,0.42,15.13406558081261
frais_saison_seche,arbres,4,Quartier 4,15.33,8.29,0.2,15.13406558081261
frais_saison_seche,arbres,4,Quartier 5,15.43,9.07,0.3,15.13406558081261
frais_saison_seche,arbres,4,Quartier 6,15.19,6.13,0.05,15.13406558081261
frais_saison_seche,arbres,4,Quartier A,15.56,5.51,0.43,15.13406558081261
frais_saison_seche,arbres,4,Quartier SC2,15.26,7.84,0.12,15.13406558081261
frais_saison_seche,arbres,4,Servitude climatique 1,15.12,8.48,-0.02,15.13406558081261
frais_saison_seche,arbres,5,Quartier 1,14.49,6.9,0.57,13.924019365523748
frais_saison_seche,arbres,5,Quartier 2,14.46,6.13,0.54,13.924019365523748
frais_saison_seche,arbres,5,Quartier 3,14.47,10.47,0.54,13.924019365523748
frais_saison_seche,arbres,5,Quartier 4,14.35,7.54,0.42,13.924019365523748
frais_saison_seche,arbres,5,Quartier 5,14.42,8.3,0.5,13.924019365523748
frais_saison_seche,arbres,5,Quartier 6,14.26,5.39,0.33,13.924019365523748
frais_saison_seche,arbres,5,Quartier A,14.54,4.6,0.61,13.924019365523748
frais_saison_seche,arbres,5,Quartier SC2,14.27,7.08,0.35,13.924019365523748
frais_saison_seche,arbres,5,Servitude climatique 1,14.21,7.84,0.29,13.924019365523748
frais_saison_seche,arbres,6,Quartier 1,14.33,6.79,0.55,13.77866868199991
frais_saison_seche,arbres,6,Quartier 2,14.3,6.02,0.52,13.77866868199991
frais_saison_seche,arbres,6,Quartier 3,14.31,10.32,0.53,13.77866868199991
frais_saison_seche,arbres,6,Quartier 4,14.17,7.42,0.39,13.77866868199991
frais_saison_seche,arbres,6,Quartier 5,14.25,8.17,0.47,13.77866868199991
frais_saison_seche,arbres,6,Quartier 6,14.07,5.25,0.29,13.77866868199991
frais_saison_seche,arbres,6,Quartier A,14.39,4.5,0.61,13.77866868199991
frais_saison_seche,arbres,6,Quartier SC2,14.09,6.94,0.31,13.77866868199991
frais_saison_seche,arbres,6,Servitude climatique 1,14.03,7.69,0.25,13.77866868199991
frais_saison_seche,arbres,7,Quartier 1,13.73,6.01,0.64,13.082704671607177
frais_saison_seche,arbres,7,Quartier 2,13.71,5.22,0.62,13.082704671607177
frais_saison_seche,arbres,7,Quartier 3,13.67,9.64,0.59,13.082704671607177
frais_saison_seche,arbres,7,Quartier 4,13.58,6.66,0.5,13.082704671607177
frais_saison_seche,arbres,7,Quartier 5,13.65,7.44,0.57,13.082704671607177
frais_saison_seche,arbres,7,Quartier 6,13.49,4.45,0.41,13.082704671607177
frais_saison_seche,arbres,7,Quartier A,13.78,3.64,0.7,13.082704671607177
frais_saison_seche,arbres,7,Quartier SC2,13.49,6.17,0.41,13.082704671607177
frais_saison_seche,arbres,7,Servitude climatique 1,13.44,6.97,0.36,13.082704671607177
frais_saison_seche,arbres,8,Quartier 1,14.6,6.88,0.75,13.854043992489087
frais_saison_seche,arbres,8,Quartier 2,14.65,6.2,0.79,13.854043992489087
frais_saison_seche,arbres,8,Quartier 3,14.51,10.42,0.65,13.854043992489087
frais_saison_seche,arbres,8,Quartier 4,14.5,7.59,0.65,13.854043992489087
frais_saison_seche,arbres,8,Quartier 5,14.5,8.25,0.64,13.854043992489087
frais_saison_seche,arbres,8,Quartier 6,14.57,5.62,0.71,13.854043992489087
frais_saison_seche,arbres,8,Quartier A,14.72,4.67,0.87,13.854043992489087
frais_saison_seche,arbres,8,Quartier SC2,14.52,7.24,0.66,13.854043992489087
frais_saison_seche,arbres,8,Servitude climatique 1,14.54,8.1,0.69,13.854043992489087
frais_saison_seche,arbres,9,Quartier 1,15.6,8.36,1.29,14.316373887390448
frais_saison_seche,arbres,9,Quartier 2,15.72,7.71,1.41,14.316373887390448
frais_saison_seche,arbres,9,Quartier 3,15.12,11.86,0.8,14.316373887390448
frais_saison_seche,arbres,9,Quartier 4,15.49,9.0,1.17,14.316373887390448
frais_saison_seche,arbres,9,Quartier 5,15.48,9.71,1.16,14.316373887390448
frais_saison_seche,arbres,9,Quartier 6,15.6,7.1,1.28,14.316373887390448
frais_saison_seche,arbres,9,Quartier A,15.75,6.15,1.44,14.316373887390448
frais_saison_seche,arbres,9,Quartier SC2,15.27,8.49,0.95,14.316373887390448
frais_saison_seche,arbres,9,Servitude climatique 1,15.57,9.76,1.26,14.316373887390448
frais_saison_seche,arbres,10,Quartier 1,21.83,15.93,2.91,18.92043724016286
frais_saison_seche,arbres,10,Quartier 2,22.38,15.93,3.46,18.92043724016286
frais_saison_seche,arbres,10,Quartier 3,20.22,17.95,1.3,18.92043724016286
frais_saison_seche,arbres,10,Quartier 4,22.13,16.85,3.21,18.92043724016286
frais_saison_seche,arbres,10,Quartier 5,21.47,16.65,2.55,18.92043724016286
frais_saison_seche,arbres,10,Quartier 6,22.34,15.66,3.42,18.92043724016286
frais_saison_seche,arbres,10,Quartier A,22.28,14.79,3.36,18.92043724016286
frais_saison_seche,arbres,10,Quartier SC2,21.04,15.66,2.12,18.92043724016286
frais_saison_seche,arbres,10,Servitude climatique 1,22.02,17.75,3.1,18.92043724016286
frais_saison_seche,arbres,11,Quartier 1,21.92,16.83,2.11,19.81208505536099
frais_saison_seche,arbres,11,Quartier 2,22.33,16.58,2.51,19.81208505536099
frais_saison_seche,arbres,11,Quartier 3,20.79,19.88,0.98,19.81208505536099
frais_saison_seche,arbres,11,Quartier 4,21.85,17.22,2.04,19.81208505536099
frais_saison_seche,arbres,11,Quartier 5,21.74,17.75,1.92,19.81208505536099
frais_saison_seche,arbres,11,Quartier 6,22.06,16.02,2.25,19.81208505536099
frais_saison_seche,arbres,11,Quartier A,22.18,15.32,2.36,19.81208505536099
frais_saison_seche,arbres,11,Quartier SC2,21.46,16.97,1.65,19.81208505536099
frais_saison_seche,arbres,11,Servitude climatique 1,21.82,18.25,2.01,19.81208505536099
frais_saison_seche,arbres,12,Quartier 1,22.85,18.89,2.71,20.135713182399225
frais_saison_seche,arbres,12,Quartier 2,23.36,18.76,3.22,20.135713182399225
frais_saison_seche,arbres,12,Quartier 3,21.37,21.68,1.24,20.135713182399225
frais_saison_seche,arbres,12,Quartier 4,22.84,19.31,2.7,20.135713182399225
frais_saison_seche,arbres,12,Quartier 5,22.61,19.7,2.47,20.135713182399225
frais_saison_seche,arbres,12,Quartier 6,23.18,18.35,3.04,20.135713182399225
frais_saison_seche,arbres,12,Quartier A,23.2,17.53,3.06,20.135713182399225
frais_saison_seche,arbres,12,Quartier SC2,22.4,19.09,2.26,20.135713182399225
frais_saison_seche,arbres,12,Servitude climatique 1,22.9,20.57,2.77,20.135713182399225
frais_saison_seche,arbres,13,Quartier 1,23.2,20.06,3.09,20.108384031318387
frais_saison_seche,arbres,13,Quartier 2,23.76,19.97,3.65,20.108384031318387
frais_saison_seche,arbres,13,Quartier 3,21.54,22.72,1.43,20.108384031318387
frais_saison_seche,arbres,13,Quartier 4,23.18,20.48,3.07,20.108384031318387
frais_saison_seche,arbres,13,Quartier 5,22.93,20.85,2.82,20.108384031318387
frais_saison_seche,arbres,13,Quartier 6,23.58,19.55,3.47,20.108384031318387
frais_saison_seche,arbres,13,Quartier A,23.58,18.71,3.47,20.108384031318387
frais_saison_seche,arbres,13,Quartier SC2,22.71,20.23,2.6,20.108384031318387
frais_saison_seche,arbres,13,Servitude climatique 1,23.25,21.72,3.14,20.108384031318387
frais_saison_seche,arbres,14,Quartier 1,26.21,24.18,3.02,23.197741005291554
frais_saison_seche,arbres,14,Quartier 2,26.79,24.25,3.59,23.197741005291554
frais_saison_seche,arbres,14,Quartier 3,24.5,25.99,1.31,23.197741005291554
frais_saison_seche,arbres,14,Quartier 4,26.23,24.58,3.03,23.197741005291554
frais_saison_seche,arbres,14,Quartier 5,25.86,24.7,2.67,23.197741005291554
frais_saison_seche,arbres,14,Quartier 6,26.95,24.29,3.75,23.197741005291554
frais_saison_seche,arbres,14,Quartier A,26.64,23.29,3.44,23.197741005291554
frais_saison_seche,arbres,14,Quartier SC2,25.92,24.55,2.72,23.197741005291554
frais_saison_seche,arbres,14,Servitude climatique 1,27.1,26.45,3.9,23.197741005291554
frais_saison_seche,arbres,15,Quartier 1,25.76,23.53,2.78,22.980412148977685
frais_saison_seche,arbres,15,Quartier 2,26.27,23.5,3.28,22.980412148977685
frais_saison_seche,arbres,15,Quartier 3,24.24,25.47,1.26,22.980412148977685
frais_saison_seche,arbres,15,Quartier 4,25.73,23.88,2.75,22.980412148977685
frais_saison_seche,arbres,15,Quartier 5,25.49,24.17,2.51,22.980412148977685
frais_saison_seche,arbres,15,Quartier 6,26.12,23.15,3.14,22.980412148977685
frais_saison_seche,arbres,15,Quartier A,26.1,22.46,3.12,22.980412148977685
frais_saison_seche,arbres,15,Quartier SC2,25.32,23.64,2.34,22.980412148977685
frais_saison_seche,arbres,15,Servitude climatique 1,25.79,24.85,2.81,22.980412148977685
frais_saison_seche,arbres,16,Quartier 1,25.49,22.62,2.38,23.117653677300854
frais_saison_seche,arbres,16,Quartier 2,25.92,22.52,2.8,23.117653677300854
frais_saison_seche,arbres,16,Quartier 3,24.2,24.61,1.08,23.117653677300854
frais_saison_seche,arbres,16,Quartier 4,25.46,22.98,2.34,23.117653677300854
frais_saison_seche,arbres,16,Quartier 5,25.25,23.28,2.13,23.117653677300854
frais_saison_seche,arbres,16,Quartier 6,25.82,22.21,2.7,23.117653677300854
frais_saison_seche,arbres,16,Quartier A,25.81,21.55,2.69,23.117653677300854
frais_saison_seche,arbres,16,Quartier SC2,25.12,22.76,2.01,23.117653677300854
frais_saison_seche,arbres,16,Servitude climatique 1,25.56,23.91,2.44,23.117653677300854
frais_saison_seche,arbres,17,Quartier 1,23.53,19.28,1.95,21.574728572734863
frais_saison_seche,arbres,17,Quartier 2,23.83,19.01,2.26,21.574728572734863
frais_saison_seche,arbres,17,Quartier 3,22.55,21.74,0.97,21.574728572734863
frais_saison_seche,arbres,17,Quartier 4,23.46,19.67,1.88,21.574728572734863
frais_saison_seche,arbres,17,Quartier 5,23.33,20.09,1.76,21.574728572734863
frais_saison_seche,arbres,17,Quartier 6,23.72,18.65,2.14,21.574728572734863
frais_saison_seche,arbres,17,Quartier A,23.76,17.97,2.18,21.574728572734863
frais_saison_seche,arbres,17,Quartier SC2,23.22,19.49,1.64,21.574728572734863
frais_saison_seche,arbres,17,Servitude climatique 1,23.51,20.52,1.94,21.574728572734863
frais_saison_seche,arbres,18,Quartier 1,20.83,15.42,1.49,19.33793354896192
frais_saison_seche,arbres,18,Quartier 2,21.0,14.96,1.66,19.33793354896192
frais_saison_seche,arbres,18,Quartier 3,20.19,18.22,0.85,19.33793354896192
frais_saison_seche,arbres,18,Quartier 4,20.73,15.88,1.4,19.33793354896192
frais_saison_seche,arbres,18,Quartier 5,20.68,16.42,1.34,19.33793354896192
frais_saison_seche,arbres,18,Quartier 6,20.9,14.53,1.56,19.33793354896192
frais_saison_seche,arbres,18,Quartier A,20.98,13.79,1.65,19.33793354896192
frais_saison_seche,arbres,18,Quartier SC2,20.59,15.65,1.25,19.33793354896192
frais_saison_seche,arbres,18,Servitude climatique 1,20.75,16.56,1.42,19.33793354896192
frais_saison_seche,arbres,19,Quartier 1,18.82,12.72,1.04,17.77793323637507
frais_saison_seche,arbres,19,Quartier 2,18.89,12.17,1.11,17.77793323637507
frais_saison_seche,arbres,19,Quartier 3,18.47,15.49,0.69,17.77793323637507
frais_saison_seche,arbres,19,Quartier 4,18.7,13.24,0.92,17.77793323637507
frais_saison_seche,arbres,19,Quartier 5,18.7,13.82,0.92,17.77793323637507
frais_saison_seche,arbres,19,Quartier 6,18.76,11.65,0.99,17.77793323637507
frais_saison_seche,arbres,19,Quartier A,18.92,10.93,1.14,17.77793323637507
frais_saison_seche,arbres,19,Quartier SC2,18.61,12.9,0.83,17.77793323637507
frais_saison_seche,arbres,19,Servitude climatique 1,18.67,13.66,0.89,17.77793323637507
frais_saison_seche,arbres,20,Quartier 1,15.33,8.18,1.22,14.112346208441444
frais_saison_seche,arbres,20,Quartier 2,15.36,7.49,1.25,14.112346208441444
frais_saison_seche,arbres,20,Quartier 3,15.0,11.44,0.89,14.112346208441444
frais_saison_seche,arbres,20,Quartier 4,15.2,8.8,1.09,14.112346208441444
frais_saison_seche,arbres,20,Quartier 5,15.24,9.51,1.12,14.112346208441444
frais_saison_seche,arbres,20,Quartier 6,15.2,6.83,1.09,14.112346208441444
frais_saison_seche,arbres,20,Quartier A,15.39,5.97,1.28,14.112346208441444
frais_saison_seche,arbres,20,Quartier SC2,15.09,8.36,0.98,14.112346208441444
frais_saison_seche,arbres,20,Servitude climatique 1,15.11,9.19,0.99,14.112346208441444
frais_saison_seche,arbres,21,Quartier 1,15.57,8.83,1.03,14.532971134680288
frais_saison_seche,arbres,21,Quartier 2,15.61,8.18,1.08,14.532971134680288
frais_saison_seche,arbres,21,Quartier 3,15.29,11.96,0.76,14.532971134680288
frais_saison_seche,arbres,21,Quartier 4,15.43,9.43,0.9,14.532971134680288
frais_saison_seche,arbres,21,Quartier 5,15.45,10.09,0.92,14.532971134680288
frais_saison_seche,arbres,21,Quartier 6,15.41,7.47,0.87,14.532971134680288
frais_saison_seche,arbres,21,Quartier A,15.68,6.74,1.15,14.532971134680288
frais_saison_seche,arbres,21,Quartier SC2,15.3,8.94,0.77,14.532971134680288
frais_saison_seche,arbres,21,Servitude climatique 1,15.34,9.77,0.81,14.532971134680288
frais_saison_seche,arbres,22,Quartier 1,15.47,8.36,0.9,14.566402511531145
frais_saison_seche,arbres,22,Quartier 2,15.5,7.65,0.93,14.566402511531145
frais_saison_seche,arbres,22,Quartier 3,15.25,11.8,0.68,14.566402511531145
frais_saison_seche,arbres,22,Quartier 4,15.33,8.96,0.77,14.566402511531145
frais_saison_seche,arbres,22,Quartier 5,15.37,9.69,0.8,14.566402511531145
frais_saison_seche,arbres,22,Quartier 6,15.29,6.92,0.72,14.566402511531145
frais_saison_seche,arbres,22,Quartier A,15.57,6.19,1.0,14.566402511531145
frais_saison_seche,arbres,22,Quartier SC2,15.21,8.5,0.64,14.566402511531145
frais_saison_seche,arbres,22,Servitude climatique 1,15.21,9.34,0.64,14.566402511531145
frais_saison_seche,arbres,23,Quartier 1,15.39,8.38,0.79,14.596741605704082
frais_saison_seche,arbres,23,Quartier 2,15.4,7.66,0.8,14.596741605704082
frais_saison_seche,arbres,23,Quartier 3,15.23,11.77,0.64,14.596741605704082
frais_saison_seche,arbres,23,Quartier 4,15.25,8.99,0.65,14.596741605704082
frais_saison_seche,arbres,23,Quartier 5,15.3,9.7,0.7,14.596741605704082
frais_saison_seche,arbres,23,Quartier 6,15.19,6.94,0.59,14.596741605704082
frais_saison_seche,arbres,23,Quartier A,15.47,6.22,0.88,14.596741605704082
frais_saison_seche,arbres,23,Quartier SC2,15.14,8.52,0.54,14.596741605704082
frais_saison_seche,arbres,23,Servitude climatique 1,15.12,9.32,0.53,14.596741605704082
frais_saison_seche,sans_arbres,0,Quartier 1,16.44,6.83,0.51,15.931437218895075
frais_saison_seche,sans_arbres,0,Quartier 2,16.49,7.08,0.56,15.931437218895075
frais_saison_seche,sans_arbres,0,Quartier 3,16.4,5.47,0.47,15.931437218895075
frais_saison_seche,sans_arbres,0,Quartier 4,16.36,7.32,0.43,15.931437218895075
frais_saison_seche,sans_arbres,0,Quartier 5,16.51,7.34,0.58,15.931437218895075
frais_saison_seche,sans_arbres,0,Quartier 6,16.28,6.16,0.35,15.931437218895075
frais_saison_seche,sans_arbres,0,Quartier A,16.54,5.97,0.61,15.931437218895075
frais_saison_seche,sans_arbres,0,Quartier SC2,16.23,5.77,0.3,15.931437218895075
frais_saison_seche,sans_arbres,0,Servitude climatique 1,16.12,6.16,0.19,15.931437218895075
frais_saison_seche,sans_arbres,1,Quartier 1,16.66,7.1,0.3,16.356741885792907
frais_saison_seche,sans_arbres,1,Quartier 2,16.71,7.35,0.35,16.356741885792907
frais_saison_seche,sans_arbres,1,Quartier 3,16.65,5.79,0.29,16.356741885792907
frais_saison_seche,sans_arbres,1,Quartier 4,16.57,7.56,0.21,16.356741885792907
frais_saison_seche,sans_arbres,1,Quartier 5,16.72,7.6,0.36,16.356741885792907
frais_saison_seche,sans_arbres,1,Quartier 6,16.46,6.39,0.1,16.356741885792907
frais_saison_seche,sans_arbres,1,Quartier A,16.76,6.24,0.4,16.356741885792907
frais_saison_seche,sans_arbres,1,Quartier SC2,16.45,6.05,0.09,16.356741885792907
frais_saison_seche,sans_arbres,1,Servitude climatique 1,16.18,6.23,-0.17,16.356741885792907
frais_saison_seche,sans_arbres,2,Quartier 1,15.52,5.44,0.39,15.131457958164134
frais_saison_seche,sans_arbres,2,Quartier 2,15.57,5.69,0.44,15.131457958164134
frais_saison_seche,sans_arbres,2,Quartier 3,15.49,4.0,0.36,15.131457958164134
frais_saison_seche,sans_arbres,2,Quartier 4,15.44,5.96,0.31,15.131457958164134
frais_saison_seche,sans_arbres,2,Quartier 5,15.58,5.96,0.45,15.131457958164134
frais_saison_seche,sans_arbres,2,Quartier 6,15.34,4.72,0.21,15.131457958164134
frais_saison_seche,sans_arbres,2,Quartier A,15.63,4.51,0.5,15.131457958164134
frais_saison_seche,sans_arbres,2,Quartier SC2,15.3,4.32,0.17,15.131457958164134
frais_saison_seche,sans_arbres,2,Servitude climatique 1,15.18,4.76,0.05,15.131457958164134
frais_saison_seche,sans_arbres,3,Quartier 1,15.47,5.66,0.36,15.109606317339336
frais_saison_seche,sans_arbres,3,Quartier 2,15.52,5.93,0.41,15.109606317339336
frais_saison_seche,sans_arbres,3,Quartier 3,15.45,4.22,0.34,15.109606317339336
frais_saison_seche,sans_arbres,3,Quartier 4,15.38,6.18,0.27,15.109606317339336
frais_saison_seche,sans_arbres,3,Quartier 5,15.53,6.19,0.42,15.109606317339336
frais_saison_seche,sans_arbres,3,Quartier 6,15.27,4.93,0.16,15.109606317339336
frais_saison_seche,sans_arbres,3,Quartier A,15.58,4.73,0.47,15.109606317339336
frais_saison_seche,sans_arbres,3,Quartier SC2,15.25,4.54,0.14,15.109606317339336
frais_saison_seche,sans_arbres,3,Servitude climatique 1,15.05,4.88,-0.06,15.109606317339336
frais_saison_seche,sans_arbres,4,Quartier 1,15.45,6.03,0.31,15.13406558081261
frais_saison_seche,sans_arbres,4,Quartier 2,15.5,6.3,0.36,15.13406558081261
frais_saison_seche,sans_arbres,4,Quartier 3,15.44,4.61,0.3,15.13406558081261
frais_saison_seche,sans_arbres,4,Quartier 4,15.36,6.56,0.22,15.13406558081261
frais_saison_seche,sans_arbres,4,Quartier 5,15.51,6.57,0.38,15.13406558081261
frais_saison_seche,sans_arbres,4,Quartier 6,15.23,5.27,0.09,15.13406558081261
frais_saison_seche,sans_arbres,4,Quartier A,15.55,5.08,0.42,15.13406558081261
frais_saison_seche,sans_arbres,4,Quartier SC2,15.22,4.91,0.09,15.13406558081261
frais_saison_seche,sans_arbres,4,Servitude climatique 1,14.93,5.14,-0.2,15.13406558081261
frais_saison_seche,sans_arbres,5,Quartier 1,14.4,5.13,0.48,13.924019365523748
frais_saison_seche,sans_arbres,5,Quartier 2,14.45,5.4,0.53,13.924019365523748
frais_saison_seche,sans_arbres,5,Quartier 3,14.37,3.6,0.45,13.924019365523748
frais_saison_seche,sans_arbres,5,Quartier 4,14.32,5.7,0.4,13.924019365523748
frais_saison_seche,sans_arbres,5,Quartier 5,14.46,5.68,0.54,13.924019365523748
frais_saison_seche,sans_arbres,5,Quartier 6,14.21,4.39,0.29,13.924019365523748
frais_saison_seche,sans_arbres,5,Quartier A,14.51,4.12,0.58,13.924019365523748
frais_saison_seche,sans_arbres,5,Quartier SC2,14.17,3.96,0.25,13.924019365523748
frais_saison_seche,sans_arbres,5,Servitude climatique 1,14.06,4.47,0.14,13.924019365523748
frais_saison_seche,sans_arbres,6,Quartier 1,14.28,5.08,0.5,13.77866868199991
frais_saison_seche,sans_arbres,6,Quartier 2,14.33,5.35,0.55,13.77866868199991
frais_saison_seche,sans_arbres,6,Quartier 3,14.25,3.54,0.47,13.77866868199991
frais_saison_seche,sans_arbres,6,Quartier 4,14.2,5.65,0.42,13.77866868199991
frais_saison_seche,sans_arbres,6,Quartier 5,14.34,5.63,0.56,13.77866868199991
frais_saison_seche,sans_arbres,6,Quartier 6,14.1,4.35,0.32,13.77866868199991
frais_saison_seche,sans_arbres,6,Quartier A,14.39,4.06,0.61,13.77866868199991
frais_saison_seche,sans_arbres,6,Quartier SC2,14.06,3.91,0.28,13.77866868199991
frais_saison_seche,sans_arbres,6,Servitude climatique 1,13.93,4.41,0.15,13.77866868199991
frais_saison_seche,sans_arbres,7,Quartier 1,13.67,4.23,0.58,13.082704671607177
frais_saison_seche,sans_arbres,7,Quartier 2,13.72,4.51,0.63,13.082704671607177
frais_saison_seche,sans_arbres,7,Quartier 3,13.63,2.63,0.54,13.082704671607177
frais_saison_seche,sans_arbres,7,Quartier 4,13.59,4.82,0.51,13.082704671607177
frais_saison_seche,sans_arbres,7,Quartier 5,13.73,4.79,0.65,13.082704671607177
frais_saison_seche,sans_arbres,7,Quartier 6,13.48,3.47,0.4,13.082704671607177
frais_saison_seche,sans_arbres,7,Quartier A,13.77,3.17,0.69,13.082704671607177
frais_saison_seche,sans_arbres,7,Quartier SC2,13.43,3.02,0.35,13.082704671607177
frais_saison_seche,sans_arbres,7,Servitude climatique 1,13.33,3.57,0.25,13.082704671607177
frais_saison_seche,sans_arbres,8,Quartier 1,14.7,5.35,0.84,13.854043992489087
frais_saison_seche,sans_arbres,8,Quartier 2,14.76,5.64,0.91,13.854043992489087
frais_saison_seche,sans_arbres,8,Quartier 3,14.61,3.75,0.75,13.854043992489087
frais_saison_seche,sans_arbres,8,Quartier 4,14.67,5.99,0.82,13.854043992489087
frais_saison_seche,sans_arbres,8,Quartier 5,14.73,5.85,0.87,13.854043992489087
frais_saison_seche,sans_arbres,8,Quartier 6,14.94,5.19,1.08,13.854043992489087
frais_saison_seche,sans_arbres,8,Quartier A,14.82,4.38,0.97,13.854043992489087
frais_saison_seche,sans_arbres,8,Quartier SC2,14.81,4.65,0.95,13.854043992489087
frais_saison_seche,sans_arbres,8,Servitude climatique 1,14.91,5.42,1.05,13.854043992489087
frais_saison_seche,sans_arbres,9,Quartier 1,15.8,6.9,1.48,14.316373887390448
frais_saison_seche,sans_arbres,9,Quartier 2,15.89,7.21,1.57,14.316373887390448
frais_saison_seche,sans_arbres,9,Quartier 3,15.65,5.26,1.33,14.316373887390448
frais_saison_seche,sans_arbres,9,Quartier 4,15.78,7.53,1.47,14.316373887390448
frais_saison_seche,sans_arbres,9,Quartier 5,15.9,7.49,1.59,14.316373887390448
frais_saison_seche,sans_arbres,9,Quartier 6,15.6,6.15,1.28,14.316373887390448
frais_saison_seche,sans_arbres,9,Quartier A,15.83,5.83,1.51,14.316373887390448
frais_saison_seche,sans_arbres,9,Quartier SC2,15.51,5.67,1.2,14.316373887390448
frais_saison_seche,sans_arbres,9,Servitude climatique 1,15.6,6.42,1.29,14.316373887390448
frais_saison_seche,sans_arbres,10,Quartier 1,23.64,17.08,4.72,18.92043724016286
frais_saison_seche,sans_arbres,10,Quartier 2,23.32,16.77,4.4,18.92043724016286
frais_saison_seche,sans_arbres,10,Quartier 3,22.98,15.36,4.06,18.92043724016286
frais_saison_seche,sans_arbres,10,Quartier 4,24.36,18.44,5.44,18.92043724016286
frais_saison_seche,sans_arbres,10,Quartier 5,23.4,17.01,4.48,18.92043724016286
frais_saison_seche,sans_arbres,10,Quartier 6,25.37,19.28,6.45,18.92043724016286
frais_saison_seche,sans_arbres,10,Quartier A,23.16,15.75,4.24,18.92043724016286
frais_saison_seche,sans_arbres,10,Quartier SC2,25.01,18.59,6.09,18.92043724016286
frais_saison_seche,sans_arbres,10,Servitude climatique 1,26.42,20.89,7.5,18.92043724016286
frais_saison_seche,sans_arbres,11,Quartier 1,22.4,16.03,2.58,19.81208505536099
frais_saison_seche,sans_arbres,11,Quartier 2,22.58,16.41,2.76,19.81208505536099
frais_saison_seche,sans_arbres,11,Quartier 3,22.13,14.77,2.32,19.81208505536099
frais_saison_seche,sans_arbres,11,Quartier 4,22.39,16.45,2.57,19.81208505536099
frais_saison_seche,sans_arbres,11,Quartier 5,22.56,16.55,2.75,19.81208505536099
frais_saison_seche,sans_arbres,11,Quartier 6,22.11,15.33,2.3,19.81208505536099
frais_saison_seche,sans_arbres,11,Quartier A,22.33,15.24,2.52,19.81208505536099
frais_saison_seche,sans_arbres,11,Quartier SC2,21.99,14.92,2.17,19.81208505536099
frais_saison_seche,sans_arbres,11,Servitude climatique 1,22.17,15.58,2.36,19.81208505536099
frais_saison_seche,sans_arbres,12,Quartier 1,23.62,18.49,3.48,20.135713182399225
frais_saison_seche,sans_arbres,12,Quartier 2,23.8,18.86,3.66,20.135713182399225
frais_saison_seche,sans_arbres,12,Quartier 3,23.24,17.14,3.1,20.135713182399225
frais_saison_seche,sans_arbres,12,Quartier 4,23.7,19.01,3.57,20.135713182399225
frais_saison_seche,sans_arbres,12,Quartier 5,23.74,18.94,3.61,20.135713182399225
frais_saison_seche,sans_arbres,12,Quartier 6,23.73,18.37,3.59,20.135713182399225
frais_saison_seche,sans_arbres,12,Quartier A,23.52,17.71,3.39,20.135713182399225
frais_saison_seche,sans_arbres,12,Quartier SC2,23.48,17.81,3.35,20.135713182399225
frais_saison_seche,sans_arbres,12,Servitude climatique 1,24.03,18.94,3.89,20.135713182399225
frais_saison_seche,sans_arbres,13,Quartier 1,24.0,19.66,3.89,20.108384031318387
frais_saison_seche,sans_arbres,13,Quartier 2,24.19,20.04,4.08,20.108384031318387
frais_saison_seche,sans_arbres,13,Quartier 3,23.6,18.29,3.49,20.108384031318387
frais_saison_seche,sans_arbres,13,Quartier 4,24.06,20.15,3.95,20.108384031318387
frais_saison_seche,sans_arbres,13,Quartier 5,24.13,20.12,4.02,20.108384031318387
frais_saison_seche,sans_arbres,13,Quartier 6,24.02,19.4,3.91,20.108384031318387
frais_saison_seche,sans_arbres,13,Quartier A,23.88,18.85,3.78,20.108384031318387
frais_saison_seche,sans_arbres,13,Quartier SC2,23.78,18.87,3.67,20.108384031318387
frais_saison_seche,sans_arbres,13,Servitude climatique 1,24.26,19.88,4.15,20.108384031318387
frais_saison_seche,sans_arbres,14,Quartier 1,27.13,24.2,3.93,23.197741005291554
frais_saison_seche,sans_arbres,14,Quartier 2,27.31,24.53,4.12,23.197741005291554
frais_saison_seche,sans_arbres,14,Quartier 3,26.7,23.02,3.51,23.197741005291554
frais_saison_seche,sans_arbres,14,Quartier 4,27.25,24.68,4.06,23.197741005291554
frais_saison_seche,sans_arbres,14,Quartier 5,27.22,24.54,4.02,23.197741005291554
frais_saison_seche,sans_arbres,14,Quartier 6,27.58,24.59,4.38,23.197741005291554
frais_saison_seche,sans_arbres,14,Quartier A,27.04,23.61,3.84,23.197741005291554
frais_saison_seche,sans_arbres,14,Quartier SC2,27.34,24.14,4.14,23.197741005291554
frais_saison_seche,sans_arbres,14,Servitude climatique 1,27.96,25.21,4.76,23.197741005291554
frais_saison_seche,sans_arbres,15,Quartier 1,26.45,23.2,3.47,22.980412148977685
frais_saison_seche,sans_arbres,15,Quartier 2,26.62,23.54,3.64,22.980412148977685
frais_saison_seche,sans_arbres,15,Quartier 3,26.09,22.05,3.11,22.980412148977685
frais_saison_seche,sans_arbres,15,Quartier 4,26.48,23.59,3.5,22.980412148977685
frais_saison_seche,sans_arbres,15,Quartier 5,26.57,23.6,3.59,22.980412148977685
frais_saison_seche,sans_arbres,15,Quartier 6,26.44,22.96,3.46,22.980412148977685
frais_saison_seche,sans_arbres,15,Quartier A,26.35,22.56,3.37,22.980412148977685
frais_saison_seche,sans_arbres,15,Quartier SC2,26.22,22.5,3.24,22.980412148977685
frais_saison_seche,sans_arbres,15,Servitude climatique 1,26.59,23.28,3.61,22.980412148977685
frais_saison_seche,sans_arbres,16,Quartier 1,26.09,22.22,2.97,23.117653677300854
frais_saison_seche,sans_arbres,16,Quartier 2,26.25,22.52,3.13,23.117653677300854
frais_saison_seche,sans_arbres,16,Quartier 3,25.77,21.11,2.66,23.117653677300854
frais_saison_seche,sans_arbres,16,Quartier 4,26.12,22.6,3.0,23.117653677300854
frais_saison_seche,sans_arbres,16,Quartier 5,26.19,22.59,3.07,23.117653677300854
frais_saison_seche,sans_arbres,16,Quartier 6,26.17,22.09,3.05,23.117653677300854
frais_saison_seche,sans_arbres,16,Quartier A,26.04,21.63,2.92,23.117653677300854
frais_saison_seche,sans_arbres,16,Quartier SC2,25.96,21.65,2.84,23.117653677300854
frais_saison_seche,sans_arbres,16,Servitude climatique 1,26.3,22.38,3.18,23.117653677300854
frais_saison_seche,sans_arbres,17,Quartier 1,23.88,18.49,2.3,21.574728572734863
frais_saison_seche,sans_arbres,17,Quartier 2,24.01,18.78,2.43,21.574728572734863
frais_saison_seche,sans_arbres,17,Quartier 3,23.64,17.35,2.06,21.574728572734863
frais_saison_seche,sans_arbres,17,Quartier 4,23.86,18.86,2.29,21.574728572734863
frais_saison_seche,sans_arbres,17,Quartier 5,23.97,18.89,2.4,21.574728572734863
frais_saison_seche,sans_arbres,17,Quartier 6,23.85,18.17,2.27,21.574728572734863
frais_saison_seche,sans_arbres,17,Quartier A,23.87,17.86,2.29,21.574728572734863
frais_saison_seche,sans_arbres,17,Quartier SC2,23.69,17.76,2.12,21.574728572734863
frais_saison_seche,sans_arbres,17,Servitude climatique 1,23.87,18.34,2.29,21.574728572734863
frais_saison_seche,sans_arbres,18,Quartier 1,20.97,14.23,1.63,19.33793354896192
frais_saison_seche,sans_arbres,18,Quartier 2,21.06,14.5,1.73,19.33793354896192
frais_saison_seche,sans_arbres,18,Quartier 3,20.81,12.99,1.47,19.33793354896192
frais_saison_seche,sans_arbres,18,Quartier 4,20.92,14.64,1.58,19.33793354896192
frais_saison_seche,sans_arbres,18,Quartier 5,21.05,14.67,1.71,19.33793354896192
frais_saison_seche,sans_arbres,18,Quartier 6,20.9,13.79,1.56,19.33793354896192
frais_saison_seche,sans_arbres,18,Quartier A,21.01,13.51,1.67,19.33793354896192
frais_saison_seche,sans_arbres,18,Quartier SC2,20.78,13.38,1.44,19.33793354896192
frais_saison_seche,sans_arbres,18,Servitude climatique 1,20.84,13.89,1.5,19.33793354896192
frais_saison_seche,sans_arbres,19,Quartier 1,18.83,11.36,1.05,17.77793323637507
frais_saison_seche,sans_arbres,19,Quartier 2,18.9,11.62,1.12,17.77793323637507
frais_saison_seche,sans_arbres,19,Quartier 3,18.73,10.06,0.96,17.77793323637507
frais_saison_seche,sans_arbres,19,Quartier 4,18.76,11.79,0.98,17.77793323637507
frais_saison_seche,sans_arbres,19,Quartier 5,18.9,11.81,1.12,17.77793323637507
frais_saison_seche,sans_arbres,19,Quartier 6,18.73,10.84,0.95,17.77793323637507
frais_saison_seche,sans_arbres,19,Quartier A,18.91,10.58,1.13,17.77793323637507
frais_saison_seche,sans_arbres,19,Quartier SC2,18.65,10.43,0.87,17.77793323637507
frais_saison_seche,sans_arbres,19,Servitude climatique 1,18.61,10.89,0.83,17.77793323637507
frais_saison_seche,sans_arbres,20,Quartier 1,15.25,6.45,1.14,14.112346208441444
frais_saison_seche,sans_arbres,20,Quartier 2,15.32,6.74,1.21,14.112346208441444
frais_saison_seche,sans_arbres,20,Quartier 3,15.16,4.9,1.05,14.112346208441444
frais_saison_seche,sans_arbres,20,Quartier 4,15.17,6.99,1.06,14.112346208441444
frais_saison_seche,sans_arbres,20,Quartier 5,15.32,7.0,1.21,14.112346208441444
frais_saison_seche,sans_arbres,20,Quartier 6,15.07,5.74,0.96,14.112346208441444
frais_saison_seche,sans_arbres,20,Quartier A,15.34,5.47,1.22,14.112346208441444
frais_saison_seche,sans_arbres,20,Quartier SC2,15.0,5.28,0.88,14.112346208441444
frais_saison_seche,sans_arbres,20,Servitude climatique 1,14.95,5.84,0.84,14.112346208441444
frais_saison_seche,sans_arbres,21,Quartier 1,15.64,7.37,1.11,14.532971134680288
frais_saison_seche,sans_arbres,21,Quartier 2,15.71,7.64,1.18,14.532971134680288
frais_saison_seche,sans_arbres,21,Quartier 3,15.55,5.84,1.02,14.532971134680288
frais_saison_seche,sans_arbres,21,Quartier 4,15.59,7.92,1.06,14.532971134680288
frais_saison_seche,sans_arbres,21,Quartier 5,15.72,7.9,1.19,14.532971134680288
frais_saison_seche,sans_arbres,21,Quartier 6,15.55,6.78,1.02,14.532971134680288
frais_saison_seche,sans_arbres,21,Quartier A,15.74,6.42,1.21,14.532971134680288
frais_saison_seche,sans_arbres,21,Quartier SC2,15.46,6.31,0.93,14.532971134680288
frais_saison_seche,sans_arbres,21,Servitude climatique 1,15.47,6.93,0.94,14.532971134680288
frais_saison_seche,sans_arbres,22,Quartier 1,15.5,6.77,0.93,14.566402511531145
frais_saison_seche,sans_arbres,22,Quartier 2,15.56,7.05,0.99,14.566402511531145
frais_saison_seche,sans_arbres,22,Quartier 3,15.42,5.25,0.86,14.566402511531145
frais_saison_seche,sans_arbres,22,Quartier 4,15.43,7.31,0.87,14.566402511531145
frais_saison_seche,sans_arbres,22,Quartier 5,15.57,7.31,1.01,14.566402511531145
frais_saison_seche,sans_arbres,22,Quartier 6,15.34,6.08,0.77,14.566402511531145
frais_saison_seche,sans_arbres,22,Quartier A,15.59,5.81,1.02,14.566402511531145
frais_saison_seche,sans_arbres,22,Quartier SC2,15.27,5.64,0.71,14.566402511531145
frais_saison_seche,sans_arbres,22,Servitude climatique 1,15.22,6.18,0.66,14.566402511531145
frais_saison_seche,sans_arbres,23,Quartier 1,15.39,6.78,0.8,14.596741605704082
frais_saison_seche,sans_arbres,23,Quartier 2,15.45,7.05,0.86,14.596741605704082
frais_saison_seche,sans_arbres,23,Quartier 3,15.33,5.28,0.74,14.596741605704082
frais_saison_seche,sans_arbres,23,Quartier 4,15.33,7.33,0.73,14.596741605704082
frais_saison_seche,sans_arbres,23,Quartier 5,15.47,7.32,0.87,14.596741605704082
frais_saison_seche,sans_arbres,23,Quartier 6,15.24,6.1,0.64,14.596741605704082
frais_saison_seche,sans_arbres,23,Quartier A,15.49,5.82,0.9,14.596741605704082
frais_saison_seche,sans_arbres,23,Quartier SC2,15.18,5.66,0.58,14.596741605704082
frais_saison_seche,sans_arbres,23,Servitude climatique 1,15.11,6.2,0.52,14.596741605704082
saison_pluies,arbres,0,Quartier 1,24.23,24.36,-2.39,26.618545151639488
saison_pluies,arbres,0,Quartier 2,24.25,24.07,-2.37,26.618545151639488
saison_pluies,arbres,0,Quartier 3,24.79,26.63,-1.83,26.618545151639488
saison_pluies,arbres,0,Quartier 4,23.1,23.21,-3.52,26.618545151639488
saison_pluies,arbres,0,Quartier 5,23.26,23.81,-3.36,26.618545151639488
saison_pluies,arbres,0,Quartier 6,23.57,22.77,-3.05,26.618545151639488
saison_pluies,arbres,0,Quartier A,25.1,24.52,-1.51,26.618545151639488
saison_pluies,arbres,0,Quartier SC2,23.84,23.93,-2.78,26.618545151639488
saison_pluies,arbres,0,Servitude climatique 1,25.09,26.12,-1.53,26.618545151639488
saison_pluies,arbres,1,Quartier 1,23.79,23.81,-2.83,26.625100180724356
saison_pluies,arbres,1,Quartier 2,23.78,23.46,-2.84,26.625100180724356
saison_pluies,arbres,1,Quartier 3,24.5,26.3,-2.12,26.625100180724356
saison_pluies,arbres,1,Quartier 4,22.66,22.68,-3.97,26.625100180724356
saison_pluies,arbres,1,Quartier 5,22.78,23.22,-3.85,26.625100180724356
saison_pluies,arbres,1,Quartier 6,23.15,22.25,-3.47,26.625100180724356
saison_pluies,arbres,1,Quartier A,24.75,24.04,-1.88,26.625100180724356
saison_pluies,arbres,1,Quartier SC2,23.42,23.42,-3.2,26.625100180724356
saison_pluies,arbres,1,Servitude climatique 1,24.82,25.81,-1.8,26.625100180724356
saison_pluies,arbres,2,Quartier 1,23.38,23.9,-3.01,26.389635290693008
saison_pluies,arbres,2,Quartier 2,23.35,23.56,-3.04,26.389635290693008
saison_pluies,arbres,2,Quartier 3,24.07,26.17,-2.32,26.389635290693008
saison_pluies,arbres,2,Quartier 4,22.29,22.84,-4.1,26.389635290693008
saison_pluies,arbres,2,Quartier 5,22.37,23.29,-4.02,26.389635290693008
saison_pluies,arbres,2,Quartier 6,22.77,22.45,-3.62,26.389635290693008
saison_pluies,arbres,2,Quartier A,24.31,24.12,-2.08,26.389635290693008
saison_pluies,arbres,2,Quartier SC2,23.01,23.5,-3.38,26.389635290693008
saison_pluies,arbres,2,Servitude climatique 1,24.52,25.98,-1.87,26.389635290693008
saison_pluies,arbres,3,Quartier 1,23.12,23.71,-3.41,26.52090419872984
saison_pluies,arbres,3,Quartier 2,23.09,23.39,-3.43,26.52090419872984
saison_pluies,arbres,3,Quartier 3,23.71,25.83,-2.81,26.52090419872984
saison_pluies,arbres,3,Quartier 4,22.07,22.73,-4.45,26.52090419872984
saison_pluies,arbres,3,Quartier 5,22.12,23.12,-4.4,26.52090419872984
saison_pluies,arbres,3,Quartier 6,22.53,22.3,-3.99,26.52090419872984
saison_pluies,arbres,3,Quartier A,23.99,23.85,-2.53,26.52090419872984
saison_pluies,arbres,3,Quartier SC2,22.71,23.28,-3.81,26.52090419872984
saison_pluies,arbres,3,Servitude climatique 1,24.4,25.99,-2.12,26.52090419872984
saison_pluies,arbres,4,Quartier 1,22.94,23.53,-3.62,26.56748020474449
saison_pluies,arbres,4,Quartier 2,22.92,23.2,-3.65,26.56748020474449
saison_pluies,arbres,4,Quartier 3,23.47,25.58,-3.1,26.56748020474449
saison_pluies,arbres,4,Quartier 4,21.92,22.58,-4.65,26.56748020474449
saison_pluies,arbres,4,Quartier 5,21.96,22.96,-4.61,26.56748020474449
saison_pluies,arbres,4,Quartier 6,22.36,22.11,-4.21,26.56748020474449
saison_pluies,arbres,4,Quartier A,23.79,23.6,-2.77,26.56748020474449
saison_pluies,arbres,4,Quartier SC2,22.51,23.06,-4.06,26.56748020474449
saison_pluies,arbres,4,Servitude climatique 1,24.29,25.91,-2.28,26.56748020474449
saison_pluies,arbres,5,Quartier 1,22.81,23.36,-3.05,25.854056889645776
saison_pluies,arbres,5,Quartier 2,22.79,23.05,-3.06,25.854056889645776
saison_pluies,arbres,5,Quartier 3,23.29,25.34,-2.56,25.854056889645776
saison_pluies,arbres,5,Quartier 4,21.79,22.41,-4.07,25.854056889645776
saison_pluies,arbres,5,Quartier 5,21.82,22.79,-4.03,25.854056889645776
saison_pluies,arbres,5,Quartier 6,22.21,21.94,-3.64,25.854056889645776
saison_pluies,arbres,5,Quartier A,23.66,23.44,-2.19,25.854056889645776
saison_pluies,arbres,5,Quartier SC2,22.34,22.85,-3.51,25.854056889645776
saison_pluies,arbres,5,Servitude climatique 1,23.98,25.43,-1.88,25.854056889645776
saison_pluies,arbres,6,Quartier 1,22.73,23.06,-3.46,26.194605511442663
saison_pluies,arbres,6,Quartier 2,22.72,22.75,-3.48,26.194605511442663
saison_pluies,arbres,6,Quartier 3,23.21,25.12,-2.98,26.194605511442663
saison_pluies,arbres,6,Quartier 4,21.71,22.13,-4.49,26.194605511442663
saison_pluies,arbres,6,Quartier 5,21.74,22.53,-4.45,26.194605511442663
saison_pluies,arbres,6,Quartier 6,22.13,21.61,-4.07,26.194605511442663
saison_pluies,arbres,6,Quartier A,23.59,23.11,-2.61,26.194605511442663
saison_pluies,arbres,6,Quartier SC2,22.25,22.53,-3.95,26.194605511442663
saison_pluies,arbres,6,Servitude climatique 1,24.01,25.34,-2.19,26.194605511442663
saison_pluies,arbres,7,Quartier 1,23.01,23.26,-2.93,25.94443585054236
saison_pluies,arbres,7,Quartier 2,23.07,23.04,-2.88,25.94443585054236
saison_pluies,arbres,7,Quartier 3,23.31,25.06,-2.63,25.94443585054236
saison_pluies,arbres,7,Quartier 4,22.02,22.37,-3.93,25.94443585054236
saison_pluies,arbres,7,Quartier 5,22.0,22.69,-3.95,25.94443585054236
saison_pluies,arbres,7,Quartier 6,22.45,21.87,-3.5,25.94443585054236
saison_pluies,arbres,7,Quartier A,23.9,23.36,-2.05,25.94443585054236
saison_pluies,arbres,7,Quartier SC2,22.42,22.59,-3.52,25.94443585054236
saison_pluies,arbres,7,Servitude climatique 1,24.07,25.17,-1.88,25.94443585054236
saison_pluies,arbres,8,Quartier 1,25.01,25.62,-1.82,26.823492401932896
saison_pluies,arbres,8,Quartier 2,25.4,25.86,-1.42,26.823492401932896
saison_pluies,arbres,8,Quartier 3,24.4,26.45,-2.43,26.823492401932896
saison_pluies,arbres,8,Quartier 4,24.11,24.8,-2.72,26.823492401932896
saison_pluies,arbres,8,Quartier 5,23.79,24.77,-3.03,26.823492401932896
saison_pluies,arbres,8,Quartier 6,24.67,24.48,-2.15,26.823492401932896
saison_pluies,arbres,8,Quartier A,26.02,26.0,-0.81,26.823492401932896
saison_pluies,arbres,8,Quartier SC2,23.95,24.3,-2.87,26.823492401932896
saison_pluies,arbres,8,Servitude climatique 1,25.56,26.91,-1.27,26.823492401932896
saison_pluies,arbres,9,Quartier 1,28.14,30.65,1.69,26.455012593056782
saison_pluies,arbres,9,Quartier 2,28.48,30.87,2.03,26.455012593056782
saison_pluies,arbres,9,Quartier 3,26.18,29.68,-0.28,26.455012593056782
saison_pluies,arbres,9,Quartier 4,28.24,31.21,1.79,26.455012593056782
saison_pluies,arbres,9,Quartier 5,27.44,30.44,0.98,26.455012593056782
saison_pluies,arbres,9,Quartier 6,29.01,31.5,2.56,26.455012593056782
saison_pluies,arbres,9,Quartier A,27.95,29.27,1.5,26.455012593056782
saison_pluies,arbres,9,Quartier SC2,26.99,29.32,0.54,26.455012593056782
saison_pluies,arbres,9,Servitude climatique 1,27.91,30.82,1.45,26.455012593056782
saison_pluies,arbres,10,Quartier 1,31.73,35.44,2.02,29.707773559977184
saison_pluies,arbres,10,Quartier 2,32.03,35.52,2.32,29.707773559977184
saison_pluies,arbres,10,Quartier 3,28.96,33.54,-0.75,29.707773559977184
saison_pluies,arbres,10,Quartier 4,32.22,36.36,2.52,29.707773559977184
saison_pluies,arbres,10,Quartier 5,30.98,35.02,1.27,29.707773559977184
saison_pluies,arbres,10,Quartier 6,32.91,36.67,3.2,29.707773559977184
saison_pluies,arbres,10,Quartier A,32.16,35.12,2.45,29.707773559977184
saison_pluies,arbres,10,Quartier SC2,30.65,34.41,0.94,29.707773559977184
saison_pluies,arbres,10,Servitude climatique 1,31.4,35.55,1.69,29.707773559977184
saison_pluies,arbres,11,Quartier 1,31.35,36.25,2.38,28.97196033779677
saison_pluies,arbres,11,Quartier 2,31.78,36.51,2.81,28.97196033779677
saison_pluies,arbres,11,Quartier 3,29.39,35.31,0.42,28.97196033779677
saison_pluies,arbres,11,Quartier 4,31.35,36.51,2.38,28.97196033779677
saison_pluies,arbres,11,Quartier 5,31.13,36.5,2.15,28.97196033779677
saison_pluies,arbres,11,Quartier 6,31.62,36.09,2.65,28.97196033779677
saison_pluies,arbres,11,Quartier A,31.45,35.43,2.48,28.97196033779677
saison_pluies,arbres,11,Quartier SC2,30.13,34.99,1.16,28.97196033779677
saison_pluies,arbres,11,Servitude climatique 1,30.75,35.89,1.77,28.97196033779677
saison_pluies,arbres,12,Quartier 1,32.06,38.46,2.92,29.140731588440957
saison_pluies,arbres,12,Quartier 2,32.5,38.75,3.36,29.140731588440957
saison_pluies,arbres,12,Quartier 3,30.2,37.37,1.06,29.140731588440957
saison_pluies,arbres,12,Quartier 4,32.1,38.72,2.96,29.140731588440957
saison_pluies,arbres,12,Quartier 5,31.77,38.57,2.63,29.140731588440957
saison_pluies,arbres,12,Quartier 6,32.59,38.69,3.45,29.140731588440957
saison_pluies,arbres,12,Quartier A,32.19,37.82,3.05,29.140731588440957
saison_pluies,arbres,12,Quartier SC2,31.15,37.55,2.0,29.140731588440957
saison_pluies,arbres,12,Servitude climatique 1,31.47,38.12,2.33,29.140731588440957
saison_pluies,arbres,13,Quartier 1,32.15,39.87,3.09,29.05242422310546
saison_pluies,arbres,13,Quartier 2,32.55,40.19,3.5,29.05242422310546
saison_pluies,arbres,13,Quartier 3,30.44,38.58,1.39,29.05242422310546
saison_pluies,arbres,13,Quartier 4,32.18,40.13,3.13,29.05242422310546
saison_pluies,arbres,13,Quartier 5,31.87,39.98,2.82,29.05242422310546
saison_pluies,arbres,13,Quartier 6,32.62,40.12,3.57,29.05242422310546
saison_pluies,arbres,13,Quartier A,32.23,39.41,3.18,29.05242422310546
saison_pluies,arbres,13,Quartier SC2,31.32,39.06,2.26,29.05242422310546
saison_pluies,arbres,13,Servitude climatique 1,31.59,39.48,2.53,29.05242422310546
saison_pluies,arbres,14,Quartier 1,33.13,41.89,3.07,30.06075344264601
saison_pluies,arbres,14,Quartier 2,33.52,42.29,3.46,30.06075344264601
saison_pluies,arbres,14,Quartier 3,31.45,39.94,1.39,30.06075344264601
saison_pluies,arbres,14,Quartier 4,33.21,41.95,3.15,30.06075344264601
saison_pluies,arbres,14,Quartier 5,32.85,41.54,2.79,30.06075344264601
saison_pluies,arbres,14,Quartier 6,33.8,42.52,3.73,30.06075344264601
saison_pluies,arbres,14,Quartier A,33.22,41.73,3.16,30.06075344264601
saison_pluies,arbres,14,Quartier SC2,32.57,41.27,2.51,30.06075344264601
saison_pluies,arbres,14,Servitude climatique 1,33.02,41.72,2.96,30.06075344264601
saison_pluies,arbres,15,Quartier 1,33.45,41.47,2.75,30.699369732655555
saison_pluies,arbres,15,Quartier 2,33.78,41.85,3.08,30.699369732655555
saison_pluies,arbres,15,Quartier 3,31.9,39.73,1.2,30.699369732655555
saison_pluies,arbres,15,Quartier 4,33.49,41.5,2.79,30.699369732655555
saison_pluies,arbres,15,Quartier 5,33.19,41.15,2.49,30.699369732655555
saison_pluies,arbres,15,Quartier 6,33.94,42.05,3.24,30.699369732655555
saison_pluies,arbres,15,Quartier A,33.51,41.6,2.81,30.699369732655555
saison_pluies,arbres,15,Quartier SC2,32.71,40.73,2.01,30.699369732655555
saison_pluies,arbres,15,Servitude climatique 1,33.09,41.09,2.39,30.699369732655555
saison_pluies,arbres,16,Quartier 1,32.48,38.24,2.41,30.0747439598242
saison_pluies,arbres,16,Quartier 2,32.8,38.45,2.72,30.0747439598242
saison_pluies,arbres,16,Quartier 3,31.12,37.28,1.04,30.0747439598242
saison_pluies,arbres,16,Quartier 4,32.47,38.39,2.39,30.0747439598242
saison_pluies,arbres,16,Quartier 5,32.23,38.3,2.16,30.0747439598242
saison_pluies,arbres,16,Quartier 6,32.83,38.36,2.75,30.0747439598242
saison_pluies,arbres,16,Quartier A,32.59,37.85,2.52,30.0747439598242
saison_pluies,arbres,16,Quartier SC2,31.8,37.57,1.73,30.0747439598242
saison_pluies,arbres,16,Servitude climatique 1,32.23,38.14,2.15,30.0747439598242
saison_pluies,arbres,17,Quartier 1,30.22,33.59,1.99,28.224332152091485
saison_pluies,arbres,17,Quartier 2,30.46,33.66,2.24,28.224332152091485
saison_pluies,arbres,17,Quartier 3,29.18,33.35,0.95,28.224332152091485
saison_pluies,arbres,17,Quartier 4,30.16,33.74,1.93,28.224332152091485
saison_pluies,arbres,17,Quartier 5,30.0,33.77,1.77,28.224332152091485
saison_pluies,arbres,17,Quartier 6,30.43,33.44,2.21,28.224332152091485
saison_pluies,arbres,17,Quartier A,30.34,32.95,2.11,28.224332152091485
saison_pluies,arbres,17,Quartier SC2,29.78,33.17,1.56,28.224332152091485
saison_pluies,arbres,17,Servitude climatique 1,30.17,33.82,1.95,28.224332152091485
saison_pluies,arbres,18,Quartier 1,29.46,31.77,1.22,28.24698558372869
saison_pluies,arbres,18,Quartier 2,29.64,31.79,1.39,28.24698558372869
saison_pluies,arbres,18,Quartier 3,28.73,31.72,0.48,28.24698558372869
saison_pluies,arbres,18,Quartier 4,29.38,31.9,1.14,28.24698558372869
saison_pluies,arbres,18,Quartier 5,29.26,31.94,1.01,28.24698558372869
saison_pluies,arbres,18,Quartier 6,29.62,31.59,1.37,28.24698558372869
saison_pluies,arbres,18,Quartier A,29.62,31.22,1.37,28.24698558372869
saison_pluies,arbres,18,Quartier SC2,29.18,31.49,0.93,28.24698558372869
saison_pluies,arbres,18,Servitude climatique 1,29.71,32.31,1.46,28.24698558372869
saison_pluies,arbres,19,Quartier 1,28.53,30.48,0.43,28.098248407604515
saison_pluies,arbres,19,Quartier 2,28.6,30.49,0.5,28.098248407604515
saison_pluies,arbres,19,Quartier 3,28.12,30.3,0.03,28.098248407604515
saison_pluies,arbres,19,Quartier 4,28.4,30.45,0.3,28.098248407604515
saison_pluies,arbres,19,Quartier 5,28.36,30.47,0.26,28.098248407604515
saison_pluies,arbres,19,Quartier 6,28.55,30.32,0.45,28.098248407604515
saison_pluies,arbres,19,Quartier A,28.68,30.28,0.58,28.098248407604515
saison_pluies,arbres,19,Quartier SC2,28.27,30.2,0.17,28.098248407604515
saison_pluies,arbres,19,Servitude climatique 1,28.96,31.09,0.86,28.098248407604515
saison_pluies,arbres,20,Quartier 1,25.87,27.97,0.49,25.38396188725807
saison_pluies,arbres,20,Quartier 2,25.89,27.92,0.51,25.38396188725807
saison_pluies,arbres,20,Quartier 3,25.73,28.06,0.35,25.38396188725807
saison_pluies,arbres,20,Quartier 4,25.76,27.94,0.37,25.38396188725807
saison_pluies,arbres,20,Quartier 5,25.78,28.03,0.39,25.38396188725807
saison_pluies,arbres,20,Quartier 6,25.81,27.72,0.43,25.38396188725807
saison_pluies,arbres,20,Quartier A,25.96,27.71,0.58,25.38396188725807
saison_pluies,arbres,20,Quartier SC2,25.8,27.89,0.42,25.38396188725807
saison_pluies,arbres,20,Servitude climatique 1,26.27,28.55,0.89,25.38396188725807
saison_pluies,arbres,21,Quartier 1,25.47,27.53,0.28,25.1958852301218
saison_pluies,arbres,21,Quartier 2,25.52,27.49,0.32,25.1958852301218
saison_pluies,arbres,21,Quartier 3,25.34,27.69,0.14,25.1958852301218
saison_pluies,arbres,21,Quartier 4,25.31,27.46,0.12,25.1958852301218
saison_pluies,arbres,21,Quartier 5,25.34,27.58,0.14,25.1958852301218
saison_pluies,arbres,21,Quartier 6,25.34,27.15,0.15,25.1958852301218
saison_pluies,arbres,21,Quartier A,25.64,27.31,0.45,25.1958852301218
saison_pluies,arbres,21,Quartier SC2,25.34,27.37,0.15,25.1958852301218
saison_pluies,arbres,21,Servitude climatique 1,25.95,28.24,0.76,25.1958852301218
saison_pluies,arbres,22,Quartier 1,24.92,28.13,0.23,24.685036894246903
saison_pluies,arbres,22,Quartier 2,24.95,28.09,0.27,24.685036894246903
saison_pluies,arbres,22,Quartier 3,24.82,28.3,0.14,24.685036894246903
saison_pluies,arbres,22,Quartier 4,24.76,28.04,0.08,24.685036894246903
saison_pluies,arbres,22,Quartier 5,24.79,28.16,0.11,24.685036894246903
saison_pluies,arbres,22,Quartier 6,24.77,27.74,0.09,24.685036894246903
saison_pluies,arbres,22,Quartier A,25.07,27.94,0.39,24.685036894246903
saison_pluies,arbres,22,Quartier SC2,24.77,27.95,0.09,24.685036894246903
saison_pluies,arbres,22,Servitude climatique 1,25.36,28.85,0.68,24.685036894246903
saison_pluies,arbres,23,Quartier 1,24.86,27.99,-0.02,24.882302514461287
saison_pluies,arbres,23,Quartier 2,24.83,27.87,-0.05,24.882302514461287
saison_pluies,arbres,23,Quartier 3,24.63,27.99,-0.25,24.882302514461287
saison_pluies,arbres,23,Quartier 4,24.51,27.64,-0.37,24.882302514461287
saison_pluies,arbres,23,Quartier 5,24.64,27.89,-0.24,24.882302514461287
saison_pluies,arbres,23,Quartier 6,24.31,27.08,-0.57,24.882302514461287
saison_pluies,arbres,23,Quartier A,25.06,27.88,0.18,24.882302514461287
saison_pluies,arbres,23,Quartier SC2,24.4,27.4,-0.49,24.882302514461287
saison_pluies,arbres,23,Servitude climatique 1,25.23,28.6,0.34,24.882302514461287
saison_pluies,sans_arbres,0,Quartier 1,24.19,23.53,-2.43,26.618545151639488
saison_pluies,sans_arbres,0,Quartier 2,24.4,23.95,-2.22,26.618545151639488
saison_pluies,sans_arbres,0,Quartier 3,24.46,23.1,-2.16,26.618545151639488
saison_pluies,sans_arbres,0,Quartier 4,23.37,22.69,-3.25,26.618545151639488
saison_pluies,sans_arbres,0,Quartier 5,23.97,23.44,-2.65,26.618545151639488
saison_pluies,sans_arbres,0,Quartier 6,23.66,22.48,-2.95,26.618545151639488
saison_pluies,sans_arbres,0,Quartier A,25.2,24.46,-1.42,26.618545151639488
saison_pluies,sans_arbres,0,Quartier SC2,23.95,22.68,-2.67,26.618545151639488
saison_pluies,sans_arbres,0,Servitude climatique 1,24.71,24.27,-1.91,26.618545151639488
saison_pluies,sans_arbres,1,Quartier 1,23.74,22.94,-2.88,26.625100180724356
saison_pluies,sans_arbres,1,Quartier 2,23.94,23.33,-2.69,26.625100180724356
saison_pluies,sans_arbres,1,Quartier 3,23.99,22.45,-2.64,26.625100180724356
saison_pluies,sans_arbres,1,Quartier 4,22.98,22.21,-3.64,26.625100180724356
saison_pluies,sans_arbres,1,Quartier 5,23.5,22.83,-3.12,26.625100180724356
saison_pluies,sans_arbres,1,Quartier 6,23.29,22.0,-3.33,26.625100180724356
saison_pluies,sans_arbres,1,Quartier A,24.85,23.98,-1.78,26.625100180724356
saison_pluies,sans_arbres,1,Quartier SC2,23.54,22.14,-3.09,26.625100180724356
saison_pluies,sans_arbres,1,Servitude climatique 1,24.43,23.93,-2.19,26.625100180724356
saison_pluies,sans_arbres,2,Quartier 1,23.31,23.07,-3.07,26.389635290693008
saison_pluies,sans_arbres,2,Quartier 2,23.52,23.46,-2.87,26.389635290693008
saison_pluies,sans_arbres,2,Quartier 3,23.45,22.41,-2.94,26.389635290693008
saison_pluies,sans_arbres,2,Quartier 4,22.66,22.5,-3.73,26.389635290693008
saison_pluies,sans_arbres,2,Quartier 5,23.13,23.04,-3.26,26.389635290693008
saison_pluies,sans_arbres,2,Quartier 6,22.93,22.25,-3.45,26.389635290693008
saison_pluies,sans_arbres,2,Quartier A,24.41,24.05,-1.97,26.389635290693008
saison_pluies,sans_arbres,2,Quartier SC2,23.13,22.3,-3.26,26.389635290693008
saison_pluies,sans_arbres,2,Servitude climatique 1,24.14,24.24,-2.25,26.389635290693008
saison_pluies,sans_arbres,3,Quartier 1,23.09,22.95,-3.43,26.52090419872984
saison_pluies,sans_arbres,3,Quartier 2,23.3,23.36,-3.22,26.52090419872984
saison_pluies,sans_arbres,3,Quartier 3,23.13,22.16,-3.39,26.52090419872984
saison_pluies,sans_arbres,3,Quartier 4,22.52,22.49,-4.01,26.52090419872984
saison_pluies,sans_arbres,3,Quartier 5,22.96,22.99,-3.56,26.52090419872984
saison_pluies,sans_arbres,3,Quartier 6,22.75,22.2,-3.77,26.52090419872984
saison_pluies,sans_arbres,3,Quartier A,24.11,23.79,-2.41,26.52090419872984
saison_pluies,sans_arbres,3,Quartier SC2,22.92,22.21,-3.61,26.52090419872984
saison_pluies,sans_arbres,3,Servitude climatique 1,24.05,24.33,-2.47,26.52090419872984
saison_pluies,sans_arbres,4,Quartier 1,22.96,22.8,-3.61,26.56748020474449
saison_pluies,sans_arbres,4,Quartier 2,23.17,23.22,-3.39,26.56748020474449
saison_pluies,sans_arbres,4,Quartier 3,22.97,21.97,-3.59,26.56748020474449
saison_pluies,sans_arbres,4,Quartier 4,22.4,22.38,-4.16,26.56748020474449
saison_pluies,sans_arbres,4,Quartier 5,22.84,22.88,-3.73,26.56748020474449
saison_pluies,sans_arbres,4,Quartier 6,22.62,22.06,-3.94,26.56748020474449
saison_pluies,sans_arbres,4,Quartier A,23.93,23.57,-2.64,26.56748020474449
saison_pluies,sans_arbres,4,Quartier SC2,22.78,22.06,-3.79,26.56748020474449
saison_pluies,sans_arbres,4,Servitude climatique 1,23.95,24.24,-2.62,26.56748020474449
saison_pluies,sans_arbres,5,Quartier 1,22.85,22.68,-3.01,25.854056889645776
saison_pluies,sans_arbres,5,Quartier 2,23.06,23.09,-2.79,25.854056889645776
saison_pluies,sans_arbres,5,Quartier 3,22.87,21.86,-2.98,25.854056889645776
saison_pluies,sans_arbres,5,Quartier 4,22.28,22.24,-3.58,25.854056889645776
saison_pluies,sans_arbres,5,Quartier 5,22.73,22.75,-3.12,25.854056889645776
saison_pluies,sans_arbres,5,Quartier 6,22.5,21.92,-3.36,25.854056889645776
saison_pluies,sans_arbres,5,Quartier A,23.83,23.46,-2.03,25.854056889645776
saison_pluies,sans_arbres,5,Quartier SC2,22.64,21.9,-3.21,25.854056889645776
saison_pluies,sans_arbres,5,Servitude climatique 1,23.65,23.8,-2.2,25.854056889645776
saison_pluies,sans_arbres,6,Quartier 1,22.79,22.38,-3.41,26.194605511442663
saison_pluies,sans_arbres,6,Quartier 2,23.01,22.8,-3.19,26.194605511442663
saison_pluies,sans_arbres,6,Quartier 3,22.82,21.55,-3.38,26.194605511442663
saison_pluies,sans_arbres,6,Quartier 4,22.22,21.95,-3.97,26.194605511442663
saison_pluies,sans_arbres,6,Quartier 5,22.67,22.46,-3.52,26.194605511442663
saison_pluies,sans_arbres,6,Quartier 6,22.44,21.61,-3.75,26.194605511442663
saison_pluies,sans_arbres,6,Quartier A,23.76,23.13,-2.44,26.194605511442663
saison_pluies,sans_arbres,6,Quartier SC2,22.58,21.58,-3.61,26.194605511442663
saison_pluies,sans_arbres,6,Servitude climatique 1,23.7,23.68,-2.49,26.194605511442663
saison_pluies,sans_arbres,7,Quartier 1,23.28,22.88,-2.66,25.94443585054236
saison_pluies,sans_arbres,7,Quartier 2,23.49,23.29,-2.45,25.94443585054236
saison_pluies,sans_arbres,7,Quartier 3,23.3,22.06,-2.65,25.94443585054236
saison_pluies,sans_arbres,7,Quartier 4,22.77,22.52,-3.18,25.94443585054236
saison_pluies,sans_arbres,7,Quartier 5,23.18,22.97,-2.77,25.94443585054236
saison_pluies,sans_arbres,7,Quartier 6,22.97,22.17,-2.97,25.94443585054236
saison_pluies,sans_arbres,7,Quartier A,24.15,23.51,-1.79,25.94443585054236
saison_pluies,sans_arbres,7,Quartier SC2,23.07,22.09,-2.87,25.94443585054236
saison_pluies,sans_arbres,7,Servitude climatique 1,23.97,23.82,-1.97,25.94443585054236
saison_pluies,sans_arbres,8,Quartier 1,26.27,26.75,-0.55,26.823492401932896
saison_pluies,sans_arbres,8,Quartier 2,26.48,27.18,-0.34,26.823492401932896
saison_pluies,sans_arbres,8,Quartier 3,26.18,25.86,-0.65,26.823492401932896
saison_pluies,sans_arbres,8,Quartier 4,25.99,26.63,-0.84,26.823492401932896
saison_pluies,sans_arbres,8,Quartier 5,26.2,26.86,-0.62,26.823492401932896
saison_pluies,sans_arbres,8,Quartier 6,26.21,26.41,-0.61,26.823492401932896
saison_pluies,sans_arbres,8,Quartier A,26.69,26.87,-0.13,26.823492401932896
saison_pluies,sans_arbres,8,Quartier SC2,26.11,26.05,-0.72,26.823492401932896
saison_pluies,sans_arbres,8,Servitude climatique 1,26.6,27.18,-0.22,26.823492401932896
saison_pluies,sans_arbres,9,Quartier 1,28.2,29.99,1.74,26.455012593056782
saison_pluies,sans_arbres,9,Quartier 2,28.23,30.12,1.78,26.455012593056782
saison_pluies,sans_arbres,9,Quartier 3,27.91,28.83,1.46,26.455012593056782
saison_pluies,sans_arbres,9,Quartier 4,28.65,31.04,2.19,26.455012593056782
saison_pluies,sans_arbres,9,Quartier 5,28.28,30.32,1.82,26.455012593056782
saison_pluies,sans_arbres,9,Quartier 6,29.39,31.79,2.93,26.455012593056782
saison_pluies,sans_arbres,9,Quartier A,28.0,29.14,1.54,26.455012593056782
saison_pluies,sans_arbres,9,Quartier SC2,28.67,30.39,2.22,26.455012593056782
saison_pluies,sans_arbres,9,Servitude climatique 1,28.86,31.08,2.4,26.455012593056782
saison_pluies,sans_arbres,10,Quartier 1,33.04,36.84,3.34,29.707773559977184
saison_pluies,sans_arbres,10,Quartier 2,33.45,37.61,3.75,29.707773559977184
saison_pluies,sans_arbres,10,Quartier 3,33.1,36.34,3.39,29.707773559977184
saison_pluies,sans_arbres,10,Quartier 4,32.6,36.3,2.89,29.707773559977184
saison_pluies,sans_arbres,10,Quartier 5,32.46,35.98,2.75,29.707773559977184
saison_pluies,sans_arbres,10,Quartier 6,33.77,37.97,4.06,29.707773559977184
saison_pluies,sans_arbres,10,Quartier A,33.05,36.44,3.35,29.707773559977184
saison_pluies,sans_arbres,10,Quartier SC2,34.73,39.39,5.02,29.707773559977184
saison_pluies,sans_arbres,10,Servitude climatique 1,33.44,37.55,3.74,29.707773559977184
saison_pluies,sans_arbres,11,Quartier 1,31.85,36.25,2.88,28.97196033779677
saison_pluies,sans_arbres,11,Quartier 2,31.94,36.46,2.97,28.97196033779677
saison_pluies,sans_arbres,11,Quartier 3,31.51,35.19,2.53,28.97196033779677
saison_pluies,sans_arbres,11,Quartier 4,31.98,36.67,3.01,28.97196033779677
saison_pluies,sans_arbres,11,Quartier 5,32.01,36.63,3.04,28.97196033779677
saison_pluies,sans_arbres,11,Quartier 6,31.82,36.01,2.85,28.97196033779677
saison_pluies,sans_arbres,11,Quartier A,31.59,35.43,2.61,28.97196033779677
saison_pluies,sans_arbres,11,Quartier SC2,31.37,35.27,2.4,28.97196033779677
saison_pluies,sans_arbres,11,Servitude climatique 1,31.19,35.33,2.21,28.97196033779677
saison_pluies,sans_arbres,12,Quartier 1,32.71,38.72,3.57,29.140731588440957
saison_pluies,sans_arbres,12,Quartier 2,32.85,38.95,3.71,29.140731588440957
saison_pluies,sans_arbres,12,Quartier 3,32.37,37.78,3.23,29.140731588440957
saison_pluies,sans_arbres,12,Quartier 4,32.79,39.02,3.65,29.140731588440957
saison_pluies,sans_arbres,12,Quartier 5,32.74,38.89,3.6,29.140731588440957
saison_pluies,sans_arbres,12,Quartier 6,33.0,38.91,3.86,29.140731588440957
saison_pluies,sans_arbres,12,Quartier A,32.46,38.0,3.32,29.140731588440957
saison_pluies,sans_arbres,12,Quartier SC2,32.69,38.39,3.55,29.140731588440957
saison_pluies,sans_arbres,12,Servitude climatique 1,32.4,38.29,3.26,29.140731588440957
saison_pluies,sans_arbres,13,Quartier 1,32.69,40.12,3.64,29.05242422310546
saison_pluies,sans_arbres,13,Quartier 2,32.8,40.3,3.74,29.05242422310546
saison_pluies,sans_arbres,13,Quartier 3,32.35,39.34,3.3,29.05242422310546
saison_pluies,sans_arbres,13,Quartier 4,32.74,40.34,3.69,29.05242422310546
saison_pluies,sans_arbres,13,Quartier 5,32.7,40.24,3.64,29.05242422310546
saison_pluies,sans_arbres,13,Quartier 6,32.87,40.21,3.82,29.05242422310546
saison_pluies,sans_arbres,13,Quartier A,32.42,39.5,3.36,29.05242422310546
saison_pluies,sans_arbres,13,Quartier SC2,32.52,39.7,3.46,29.05242422310546
saison_pluies,sans_arbres,13,Servitude climatique 1,32.22,39.55,3.17,29.05242422310546
saison_pluies,sans_arbres,14,Quartier 1,33.65,42.36,3.59,30.06075344264601
saison_pluies,sans_arbres,14,Quartier 2,33.74,42.49,3.68,30.06075344264601
saison_pluies,sans_arbres,14,Quartier 3,33.32,41.71,3.26,30.06075344264601
saison_pluies,sans_arbres,14,Quartier 4,33.7,42.51,3.64,30.06075344264601
saison_pluies,sans_arbres,14,Quartier 5,33.58,42.37,3.52,30.06075344264601
saison_pluies,sans_arbres,14,Quartier 6,34.11,42.79,4.05,30.06075344264601
saison_pluies,sans_arbres,14,Quartier A,33.41,41.88,3.35,30.06075344264601
saison_pluies,sans_arbres,14,Quartier SC2,33.78,42.34,3.72,30.06075344264601
saison_pluies,sans_arbres,14,Servitude climatique 1,33.73,42.41,3.66,30.06075344264601
saison_pluies,sans_arbres,15,Quartier 1,33.87,41.97,3.17,30.699369732655555
saison_pluies,sans_arbres,15,Quartier 2,33.95,42.06,3.25,30.699369732655555
saison_pluies,sans_arbres,15,Quartier 3,33.57,41.68,2.87,30.699369732655555
saison_pluies,sans_arbres,15,Quartier 4,33.89,41.98,3.19,30.699369732655555
saison_pluies,sans_arbres,15,Quartier 5,33.82,41.9,3.12,30.699369732655555
saison_pluies,sans_arbres,15,Quartier 6,34.12,42.27,3.42,30.699369732655555
saison_pluies,sans_arbres,15,Quartier A,33.64,41.75,2.94,30.699369732655555
saison_pluies,sans_arbres,15,Quartier SC2,33.84,41.96,3.14,30.699369732655555
saison_pluies,sans_arbres,15,Servitude climatique 1,33.63,41.73,2.94,30.699369732655555
saison_pluies,sans_arbres,16,Quartier 1,32.88,38.36,2.81,30.0747439598242
saison_pluies,sans_arbres,16,Quartier 2,32.99,38.52,2.91,30.0747439598242
saison_pluies,sans_arbres,16,Quartier 3,32.61,37.69,2.53,30.0747439598242
saison_pluies,sans_arbres,16,Quartier 4,32.89,38.51,2.82,30.0747439598242
saison_pluies,sans_arbres,16,Quartier 5,32.9,38.48,2.83,30.0747439598242
saison_pluies,sans_arbres,16,Quartier 6,33.01,38.39,2.94,30.0747439598242
saison_pluies,sans_arbres,16,Quartier A,32.74,37.91,2.66,30.0747439598242
saison_pluies,sans_arbres,16,Quartier SC2,32.77,38.03,2.69,30.0747439598242
saison_pluies,sans_arbres,16,Servitude climatique 1,32.72,38.12,2.64,30.0747439598242
saison_pluies,sans_arbres,17,Quartier 1,30.49,33.4,2.26,28.224332152091485
saison_pluies,sans_arbres,17,Quartier 2,30.59,33.59,2.37,28.224332152091485
saison_pluies,sans_arbres,17,Quartier 3,30.26,32.6,2.03,28.224332152091485
saison_pluies,sans_arbres,17,Quartier 4,30.47,33.59,2.24,28.224332152091485
saison_pluies,sans_arbres,17,Quartier 5,30.53,33.61,2.31,28.224332152091485
saison_pluies,sans_arbres,17,Quartier 6,30.51,33.26,2.29,28.224332152091485
saison_pluies,sans_arbres,17,Quartier A,30.43,32.91,2.2,28.224332152091485
saison_pluies,sans_arbres,17,Quartier SC2,30.34,32.91,2.11,28.224332152091485
saison_pluies,sans_arbres,17,Servitude climatique 1,30.39,33.22,2.17,28.224332152091485
saison_pluies,sans_arbres,18,Quartier 1,29.68,31.57,1.43,28.24698558372869
saison_pluies,sans_arbres,18,Quartier 2,29.77,31.74,1.52,28.24698558372869
saison_pluies,sans_arbres,18,Quartier 3,29.51,30.84,1.26,28.24698558372869
saison_pluies,sans_arbres,18,Quartier 4,29.64,31.73,1.39,28.24698558372869
saison_pluies,sans_arbres,18,Quartier 5,29.7,31.75,1.46,28.24698558372869
saison_pluies,sans_arbres,18,Quartier 6,29.75,31.49,1.5,28.24698558372869
saison_pluies,sans_arbres,18,Quartier A,29.71,31.2,1.47,28.24698558372869
saison_pluies,sans_arbres,18,Quartier SC2,29.65,31.23,1.41,28.24698558372869
saison_pluies,sans_arbres,18,Servitude climatique 1,29.92,31.8,1.67,28.24698558372869
saison_pluies,sans_arbres,19,Quartier 1,28.58,30.32,0.48,28.098248407604515
saison_pluies,sans_arbres,19,Quartier 2,28.65,30.44,0.55,28.098248407604515
saison_pluies,sans_arbres,19,Quartier 3,28.5,29.92,0.4,28.098248407604515
saison_pluies,sans_arbres,19,Quartier 4,28.49,30.32,0.39,28.098248407604515
saison_pluies,sans_arbres,19,Quartier 5,28.58,30.4,0.49,28.098248407604515
saison_pluies,sans_arbres,19,Quartier 6,28.57,30.21,0.47,28.098248407604515
saison_pluies,sans_arbres,19,Quartier A,28.71,30.24,0.61,28.098248407604515
saison_pluies,sans_arbres,19,Quartier SC2,28.57,30.14,0.47,28.098248407604515
saison_pluies,sans_arbres,19,Servitude climatique 1,28.93,30.72,0.83,28.098248407604515
saison_pluies,sans_arbres,20,Quartier 1,25.78,27.64,0.4,25.38396188725807
saison_pluies,sans_arbres,20,Quartier 2,25.84,27.76,0.46,25.38396188725807
saison_pluies,sans_arbres,20,Quartier 3,25.72,27.27,0.33,25.38396188725807
saison_pluies,sans_arbres,20,Quartier 4,25.69,27.64,0.3,25.38396188725807
saison_pluies,sans_arbres,20,Quartier 5,25.79,27.74,0.41,25.38396188725807
saison_pluies,sans_arbres,20,Quartier 6,25.69,27.44,0.3,25.38396188725807
saison_pluies,sans_arbres,20,Quartier A,25.92,27.58,0.53,25.38396188725807
saison_pluies,sans_arbres,20,Quartier SC2,25.72,27.4,0.33,25.38396188725807
saison_pluies,sans_arbres,20,Servitude climatique 1,26.06,27.97,0.67,25.38396188725807
saison_pluies,sans_arbres,21,Quartier 1,25.5,27.31,0.31,25.1958852301218
saison_pluies,sans_arbres,21,Quartier 2,25.58,27.45,0.38,25.1958852301218
saison_pluies,sans_arbres,21,Quartier 3,25.44,26.89,0.25,25.1958852301218
saison_pluies,sans_arbres,21,Quartier 4,25.39,27.3,0.2,25.1958852301218
saison_pluies,sans_arbres,21,Quartier 5,25.52,27.42,0.32,25.1958852301218
saison_pluies,sans_arbres,21,Quartier 6,25.39,27.07,0.2,25.1958852301218
saison_pluies,sans_arbres,21,Quartier A,25.69,27.27,0.49,25.1958852301218
saison_pluies,sans_arbres,21,Quartier SC2,25.46,27.06,0.26,25.1958852301218
saison_pluies,sans_arbres,21,Servitude climatique 1,25.94,27.85,0.75,25.1958852301218
saison_pluies,sans_arbres,22,Quartier 1,24.92,27.9,0.24,24.685036894246903
saison_pluies,sans_arbres,22,Quartier 2,24.99,28.04,0.31,24.685036894246903
saison_pluies,sans_arbres,22,Quartier 3,24.87,27.52,0.19,24.685036894246903
saison_pluies,sans_arbres,22,Quartier 4,24.82,27.88,0.13,24.685036894246903
saison_pluies,sans_arbres,22,Quartier 5,24.93,28.0,0.25,24.685036894246903
saison_pluies,sans_arbres,22,Quartier 6,24.8,27.64,0.11,24.685036894246903
saison_pluies,sans_arbres,22,Quartier A,25.09,27.89,0.41,24.685036894246903
saison_pluies,sans_arbres,22,Quartier SC2,24.86,27.64,0.18,24.685036894246903
saison_pluies,sans_arbres,22,Servitude climatique 1,25.3,28.4,0.61,24.685036894246903
saison_pluies,sans_arbres,23,Quartier 1,24.89,27.8,0.01,24.882302514461287
saison_pluies,sans_arbres,23,Quartier 2,24.96,27.93,0.07,24.882302514461287
saison_pluies,sans_arbres,23,Quartier 3,24.85,27.44,-0.03,24.882302514461287
saison_pluies,sans_arbres,23,Quartier 4,24.65,27.59,-0.24,24.882302514461287
saison_pluies,sans_arbres,23,Quartier 5,24.88,27.87,-0.0,24.882302514461287
saison_pluies,sans_arbres,23,Quartier 6,24.41,27.07,-0.48,24.882302514461287
saison_pluies,sans_arbres,23,Quartier A,25.11,27.87,0.23,24.882302514461287
saison_pluies,sans_arbres,23,Quartier SC2,24.67,27.34,-0.21,24.882302514461287
saison_pluies,sans_arbres,23,Servitude climatique 1,25.2,28.24,0.32,24.882302514461287
