quartier,day,hour,QN,QH,QE,QS,QF,RH2,U10,Kdown,LAI,SMD,scenario
Quartier 1,chaud_saison_seche,1,-94.666,-37.355,2.239,-58.162,1.387,50.314,1.044,0.0,3.327,282.514,arbres
Quartier 1,chaud_saison_seche,2,-91.955,-35.681,1.917,-56.969,1.221,54.819,0.971,0.0,3.327,282.517,arbres
Quartier 1,chaud_saison_seche,3,-90.75,-34.795,1.84,-56.623,1.172,55.337,0.96,0.0,3.327,282.52,arbres
Quartier 1,chaud_saison_seche,4,-93.875,-36.751,2.005,-57.996,1.133,52.155,0.991,0.0,3.327,282.522,arbres
Quartier 1,chaud_saison_seche,5,-93.828,-37.106,2.252,-57.833,1.14,47.042,1.064,0.0,3.327,282.526,arbres
Quartier 1,chaud_saison_seche,6,-95.278,-38.207,2.624,-58.437,1.257,39.705,1.155,0.006,3.327,282.529,arbres
Quartier 1,chaud_saison_seche,7,-93.997,-38.039,3.422,-57.698,1.681,33.547,1.177,11.517,3.327,282.533,arbres
Quartier 1,chaud_saison_seche,8,-35.566,-11.455,12.313,-34.072,2.352,25.636,1.478,103.409,3.327,282.544,arbres
Quartier 1,chaud_saison_seche,9,116.17,68.165,27.616,23.067,2.678,20.841,1.676,316.751,3.327,282.574,arbres
Quartier 1,chaud_saison_seche,10,283.039,157.988,46.05,81.541,2.539,16.085,1.754,558.537,3.327,282.628,arbres
Quartier 1,chaud_saison_seche,11,429.252,234.105,64.107,133.55,2.51,11.953,2.042,772.344,3.327,282.711,arbres
Quartier 1,chaud_saison_seche,12,544.107,300.427,72.081,174.142,2.541,10.893,2.387,931.045,3.327,282.812,arbres
Quartier 1,chaud_saison_seche,13,609.938,338.094,78.301,196.082,2.539,10.418,2.361,1018.985,3.327,282.923,arbres
Quartier 1,chaud_saison_seche,14,614.298,340.753,81.894,194.219,2.568,9.74,2.016,1028.355,3.327,283.041,arbres
Quartier 1,chaud_saison_seche,15,556.135,308.259,81.789,168.713,2.626,9.221,1.708,958.126,3.327,283.162,arbres
Quartier 1,chaud_saison_seche,16,443.736,244.625,75.71,126.155,2.753,9.429,1.512,814.026,3.327,283.277,arbres
Quartier 1,chaud_saison_seche,17,290.247,156.045,65.78,71.248,2.826,10.885,1.359,609.525,3.327,283.381,arbres
Quartier 1,chaud_saison_seche,18,113.618,60.215,47.452,8.611,2.659,13.304,1.228,368.921,3.327,283.464,arbres
Quartier 1,chaud_saison_seche,19,-52.147,-24.504,22.155,-47.505,2.293,19.334,0.834,141.893,3.327,283.514,arbres
Quartier 1,chaud_saison_seche,20,-125.726,-58.134,4.929,-70.477,2.044,31.234,0.775,17.896,3.327,283.53,arbres
Quartier 1,chaud_saison_seche,21,-123.043,-56.286,2.98,-67.871,1.865,39.544,0.936,0.524,3.327,283.535,arbres
Quartier 1,chaud_saison_seche,22,-115.592,-51.395,2.688,-65.064,1.821,43.945,1.062,0.0,3.327,283.539,arbres
Quartier 1,chaud_saison_seche,23,-108.688,-46.592,2.427,-62.784,1.738,46.783,1.052,0.0,3.327,283.543,arbres
Quartier 1,chaud_saison_seche,24,-109.495,-46.838,2.27,-63.343,1.583,48.392,0.97,0.0,3.327,283.547,arbres
Quartier 1,frais_saison_seche,1,-97.587,-37.923,1.329,-59.606,1.387,58.839,1.992,0.0,3.263,289.774,arbres
Quartier 1,frais_saison_seche,2,-97.992,-38.787,1.515,-59.5,1.221,51.956,1.903,0.0,3.263,289.776,arbres
Quartier 1,frais_saison_seche,3,-98.185,-39.221,1.597,-59.389,1.172,47.672,1.802,0.0,3.263,289.779,arbres
Quartier 1,frais_saison_seche,4,-100.795,-40.753,1.604,-60.512,1.133,46.678,1.681,0.0,3.263,289.781,arbres
Quartier 1,frais_saison_seche,5,-100.339,-40.495,1.455,-60.159,1.14,49.311,1.581,0.0,3.263,289.783,arbres
Quartier 1,frais_saison_seche,6,-99.535,-39.852,1.352,-59.777,1.257,50.891,1.52,0.0,3.263,289.785,arbres
Quartier 1,frais_saison_seche,7,-98.436,-38.723,1.331,-59.363,1.681,50.663,1.516,0.799,3.263,289.787,arbres
Quartier 1,frais_saison_seche,8,-82.604,-30.125,2.527,-52.654,2.352,49.473,1.614,23.927,3.263,289.789,arbres
Quartier 1,frais_saison_seche,9,14.244,20.727,10.32,-14.125,2.678,45.439,1.912,155.461,3.263,289.799,arbres
Quartier 1,frais_saison_seche,10,166.595,108.568,19.932,40.634,2.539,35.44,2.282,371.021,3.263,289.821,arbres
Quartier 1,frais_saison_seche,11,314.89,194.942,28.679,93.779,2.51,27.682,2.574,580.891,3.263,289.857,arbres
Quartier 1,frais_saison_seche,12,436.87,267.483,34.796,137.132,2.541,25.909,2.661,743.336,3.263,289.904,arbres
Quartier 1,frais_saison_seche,13,511.019,312.014,38.706,162.838,2.539,24.917,2.622,839.349,3.263,289.958,arbres
Quartier 1,frais_saison_seche,14,519.605,317.338,43.809,161.026,2.568,22.765,2.516,859.425,3.263,290.018,arbres
Quartier 1,frais_saison_seche,15,471.081,288.556,45.879,139.272,2.626,21.394,2.416,801.908,3.263,290.085,arbres
Quartier 1,frais_saison_seche,16,374.469,233.487,41.657,102.078,2.753,21.993,2.36,671.835,3.263,290.149,arbres
Quartier 1,frais_saison_seche,17,236.676,154.682,32.358,52.462,2.826,25.841,2.341,483.026,3.263,290.203,arbres
Quartier 1,frais_saison_seche,18,80.346,66.443,19.248,-2.685,2.659,35.407,2.222,262.865,3.263,290.241,arbres
Quartier 1,frais_saison_seche,19,-53.282,-9.04,6.729,-48.677,2.293,47.477,1.917,74.113,3.263,290.258,arbres
Quartier 1,frais_saison_seche,20,-92.817,-33.681,1.563,-58.655,2.044,57.619,1.688,6.393,3.263,290.263,arbres
Quartier 1,frais_saison_seche,21,-91.855,-34.125,1.129,-56.993,1.865,62.17,1.624,0.0,3.263,290.265,arbres
Quartier 1,frais_saison_seche,22,-93.897,-35.134,1.023,-57.965,1.821,65.281,1.665,0.0,3.263,290.266,arbres
Quartier 1,frais_saison_seche,23,-95.241,-36.007,1.004,-58.501,1.738,65.583,1.687,0.0,3.263,290.268,arbres
Quartier 1,frais_saison_seche,24,-98.643,-38.368,1.161,-59.854,1.583,60.665,1.615,0.0,3.262,290.269,arbres
Quartier 1,saison_pluies,1,-65.321,-15.192,0.07,-48.811,1.387,97.151,1.366,0.0,3.779,214.26,arbres
Quartier 1,saison_pluies,2,-60.895,-13.198,0.021,-46.496,1.221,97.941,1.266,0.0,3.779,214.26,arbres
Quartier 1,saison_pluies,3,-59.445,-12.511,-0.065,-45.698,1.172,98.839,1.138,0.0,3.779,214.26,arbres
Quartier 1,saison_pluies,4,-63.697,-14.766,-0.199,-47.599,1.133,99.505,1.061,0.0,3.779,214.26,arbres
Quartier 1,saison_pluies,5,-67.755,-17.132,-0.312,-49.171,1.14,99.852,1.0,0.0,3.779,214.26,arbres
Quartier 1,saison_pluies,6,-67.926,-17.356,-0.304,-49.009,1.257,99.835,1.021,0.0,3.779,214.26,arbres
Quartier 1,saison_pluies,7,-61.385,-13.666,0.088,-46.126,1.681,98.631,1.133,11.124,3.779,214.26,arbres
Quartier 1,saison_pluies,8,2.331,15.333,9.463,-20.113,2.352,93.555,1.497,101.144,3.779,214.264,arbres
Quartier 1,saison_pluies,9,161.713,87.556,36.043,40.792,2.678,86.752,1.694,313.59,3.779,214.298,arbres
Quartier 1,saison_pluies,10,332.959,183.557,51.217,100.724,2.539,73.161,1.595,551.695,3.779,214.366,arbres
Quartier 1,saison_pluies,11,482.381,269.592,60.452,154.848,2.51,62.385,1.334,757.399,3.779,214.447,arbres
Quartier 1,saison_pluies,12,595.255,330.305,73.796,193.695,2.541,57.455,1.032,904.688,3.779,214.546,arbres
Quartier 1,saison_pluies,13,653.48,353.414,92.777,209.828,2.539,51.763,0.686,980.278,3.779,214.668,arbres
Quartier 1,saison_pluies,14,650.169,331.652,114.762,206.323,2.568,45.66,0.382,977.02,3.779,214.821,arbres
Quartier 1,saison_pluies,15,586.516,277.007,130.538,181.598,2.626,44.137,0.272,895.898,3.779,215.005,arbres
Quartier 1,saison_pluies,16,473.353,240.932,94.723,140.451,2.753,46.15,0.406,744.148,3.779,215.175,arbres
Quartier 1,saison_pluies,17,323.427,184.392,56.205,85.656,2.826,52.173,0.834,537.715,3.779,215.28,arbres
Quartier 1,saison_pluies,18,148.643,96.5,33.335,21.466,2.659,58.864,1.021,303.283,3.779,215.343,arbres
Quartier 1,saison_pluies,19,-6.01,16.511,12.271,-32.499,2.293,66.966,0.807,94.456,3.779,215.375,arbres
Quartier 1,saison_pluies,20,-65.938,-15.526,1.411,-49.78,2.044,84.198,0.447,8.637,3.779,215.382,arbres
Quartier 1,saison_pluies,21,-67.245,-17.07,0.34,-48.651,1.865,93.109,0.442,0.004,3.779,215.383,arbres
Quartier 1,saison_pluies,22,-66.514,-16.282,-0.086,-48.325,1.821,98.192,0.438,0.0,3.779,215.384,arbres
Quartier 1,saison_pluies,23,-66.92,-16.287,-0.377,-48.518,1.738,99.941,0.412,0.0,3.779,215.384,arbres
Quartier 1,saison_pluies,24,-67.442,-16.743,-0.336,-48.779,1.583,99.886,0.415,0.0,3.779,215.384,arbres
Quartier 2,chaud_saison_seche,1,-94.177,-33.818,2.246,-61.169,1.436,50.095,1.481,0.0,3.345,217.812,arbres
Quartier 2,chaud_saison_seche,2,-91.48,-32.196,1.91,-59.93,1.264,54.576,1.376,0.0,3.345,217.815,arbres
Quartier 2,chaud_saison_seche,3,-90.281,-31.362,1.834,-59.541,1.212,55.09,1.361,0.0,3.345,217.818,arbres
Quartier 2,chaud_saison_seche,4,-93.39,-33.224,2.002,-60.996,1.173,51.936,1.403,0.0,3.345,217.821,arbres
Quartier 2,chaud_saison_seche,5,-93.343,-33.577,2.259,-60.846,1.179,46.855,1.508,0.0,3.345,217.824,arbres
Quartier 2,chaud_saison_seche,6,-94.785,-34.678,2.638,-61.444,1.301,39.735,1.625,0.006,3.345,217.828,arbres
Quartier 2,chaud_saison_seche,7,-93.633,-34.421,3.278,-60.751,1.74,33.518,1.657,11.517,3.345,217.832,arbres
Quartier 2,chaud_saison_seche,8,-36.481,-8.525,10.994,-36.516,2.434,25.571,2.052,103.409,3.345,217.841,arbres
Quartier 2,chaud_saison_seche,9,112.204,67.581,24.966,22.427,2.771,20.819,2.255,316.751,3.345,217.868,arbres
Quartier 2,chaud_saison_seche,10,275.642,153.121,42.265,82.884,2.628,16.094,2.298,558.537,3.345,217.917,arbres
Quartier 2,chaud_saison_seche,11,418.827,226.519,58.228,136.678,2.597,11.967,2.672,772.344,3.345,217.993,arbres
Quartier 2,chaud_saison_seche,12,531.403,288.169,67.268,178.596,2.63,10.953,3.149,931.045,3.345,218.087,arbres
Quartier 2,chaud_saison_seche,13,595.959,325.271,72.052,201.264,2.627,10.471,3.098,1018.985,3.345,218.189,arbres
Quartier 2,chaud_saison_seche,14,600.197,327.004,76.328,199.521,2.657,9.772,2.661,1028.355,3.345,218.298,arbres
Quartier 2,chaud_saison_seche,15,543.08,296.371,75.92,173.506,2.718,9.228,2.298,958.126,3.345,218.41,arbres
Quartier 2,chaud_saison_seche,16,432.794,235.178,71.069,129.395,2.848,9.42,2.063,814.026,3.345,218.519,arbres
Quartier 2,chaud_saison_seche,17,282.27,151.876,60.46,72.859,2.925,10.83,1.843,609.525,3.345,218.616,arbres
Quartier 2,chaud_saison_seche,18,109.111,60.145,43.689,8.029,2.752,13.196,1.627,368.921,3.345,218.691,arbres
Quartier 2,chaud_saison_seche,19,-53.386,-21.197,20.169,-49.986,2.373,19.062,1.16,141.893,3.345,218.737,arbres
Quartier 2,chaud_saison_seche,20,-125.267,-53.718,4.561,-73.995,2.115,30.798,1.116,17.896,3.345,218.752,arbres
Quartier 2,chaud_saison_seche,21,-122.413,-52.258,3.048,-71.273,1.93,39.173,1.347,0.524,3.345,218.757,arbres
Quartier 2,chaud_saison_seche,22,-114.995,-47.426,2.694,-68.379,1.884,43.706,1.514,0.0,3.345,218.761,arbres
Quartier 2,chaud_saison_seche,23,-108.126,-42.821,2.429,-65.936,1.798,46.575,1.495,0.0,3.345,218.765,arbres
Quartier 2,chaud_saison_seche,24,-108.929,-43.028,2.285,-66.548,1.638,48.053,1.389,0.0,3.345,218.768,arbres
Quartier 2,frais_saison_seche,1,-97.082,-34.309,1.322,-62.66,1.436,58.75,2.765,0.0,3.302,211.133,arbres
Quartier 2,frais_saison_seche,2,-97.486,-35.168,1.507,-62.561,1.264,51.884,2.641,0.0,3.302,211.135,arbres
Quartier 2,frais_saison_seche,3,-97.678,-35.598,1.587,-62.455,1.212,47.617,2.499,0.0,3.302,211.137,arbres
Quartier 2,frais_saison_seche,4,-100.274,-37.072,1.589,-63.619,1.173,46.655,2.329,0.0,3.302,211.14,arbres
Quartier 2,frais_saison_seche,5,-99.821,-36.82,1.437,-63.258,1.179,49.325,2.188,0.0,3.302,211.142,arbres
Quartier 2,frais_saison_seche,6,-99.021,-36.185,1.332,-62.867,1.301,50.938,2.1,0.0,3.302,211.144,arbres
Quartier 2,frais_saison_seche,7,-97.936,-35.074,1.313,-62.436,1.74,50.706,2.095,0.799,3.302,211.146,arbres
Quartier 2,frais_saison_seche,8,-82.436,-26.802,2.355,-55.555,2.434,49.433,2.235,23.927,3.302,211.148,arbres
Quartier 2,frais_saison_seche,9,12.49,21.674,9.568,-15.981,2.771,45.413,2.639,155.461,3.302,211.156,arbres
Quartier 2,frais_saison_seche,10,161.724,105.247,18.533,40.572,2.628,35.541,3.107,371.021,3.302,211.177,arbres
Quartier 2,frais_saison_seche,11,306.984,187.354,26.684,95.543,2.597,27.827,3.486,580.891,3.302,211.211,arbres
Quartier 2,frais_saison_seche,12,426.578,256.453,32.465,140.29,2.63,26.088,3.58,743.336,3.302,211.255,arbres
Quartier 2,frais_saison_seche,13,499.306,298.967,36.175,166.791,2.627,25.109,3.506,839.349,3.302,211.305,arbres
Quartier 2,frais_saison_seche,14,507.63,303.921,40.977,165.389,2.657,22.931,3.337,859.425,3.302,211.361,arbres
Quartier 2,frais_saison_seche,15,459.979,276.591,42.89,143.215,2.718,21.525,3.194,801.908,3.302,211.424,arbres
Quartier 2,frais_saison_seche,16,365.272,224.323,38.888,104.909,2.848,22.098,3.148,671.835,3.302,211.484,arbres
Quartier 2,frais_saison_seche,17,230.232,149.345,30.122,53.69,2.925,25.93,3.161,483.026,3.302,211.534,arbres
Quartier 2,frais_saison_seche,18,77.09,65.321,17.859,-3.338,2.752,35.453,3.048,262.865,3.302,211.568,arbres
Quartier 2,frais_saison_seche,19,-53.808,-6.598,6.155,-50.992,2.373,47.405,2.66,74.113,3.302,211.585,arbres
Quartier 2,frais_saison_seche,20,-92.407,-30.188,1.502,-61.606,2.115,57.549,2.34,6.393,3.302,211.589,arbres
Quartier 2,frais_saison_seche,21,-91.38,-30.618,1.118,-59.95,1.93,62.107,2.25,0.0,3.302,211.591,arbres
Quartier 2,frais_saison_seche,22,-93.412,-31.583,1.012,-60.957,1.884,65.21,2.308,0.0,3.302,211.593,arbres
Quartier 2,frais_saison_seche,23,-94.75,-32.429,0.993,-61.515,1.798,65.511,2.338,0.0,3.302,211.594,arbres
Quartier 2,frais_saison_seche,24,-98.134,-34.716,1.146,-62.925,1.638,60.638,2.236,0.0,3.302,211.596,arbres
Quartier 2,saison_pluies,1,-64.992,-12.313,0.09,-51.333,1.436,96.653,1.798,0.0,3.692,142.591,arbres
Quartier 2,saison_pluies,2,-60.589,-10.399,0.044,-48.971,1.264,97.456,1.669,0.0,3.692,142.591,arbres
Quartier 2,saison_pluies,3,-59.146,-9.814,-0.041,-48.078,1.212,98.469,1.501,0.0,3.692,142.591,arbres
Quartier 2,saison_pluies,4,-63.377,-11.968,-0.177,-50.059,1.173,99.392,1.407,0.0,3.692,142.591,arbres
Quartier 2,saison_pluies,5,-67.414,-14.145,-0.292,-51.799,1.179,99.899,1.328,0.0,3.692,142.591,arbres
Quartier 2,saison_pluies,6,-67.584,-14.401,-0.28,-51.603,1.301,99.863,1.362,0.0,3.692,142.591,arbres
Quartier 2,saison_pluies,7,-61.215,-11.009,0.179,-48.645,1.74,98.403,1.503,11.124,3.692,142.591,arbres
Quartier 2,saison_pluies,8,1.066,16.843,8.628,-21.971,2.434,93.595,1.953,101.144,3.692,142.595,arbres
Quartier 2,saison_pluies,9,157.016,87.093,32.057,40.638,2.771,87.329,2.131,313.59,3.692,142.626,arbres
Quartier 2,saison_pluies,10,324.453,179.362,45.175,102.544,2.628,74.087,2.049,551.695,3.692,142.684,arbres
Quartier 2,saison_pluies,11,470.577,261.295,53.641,158.239,2.597,63.832,1.707,757.399,3.692,142.754,arbres
Quartier 2,saison_pluies,12,581.059,318.759,67.351,197.58,2.63,58.922,1.289,904.688,3.692,142.841,arbres
Quartier 2,saison_pluies,13,638.056,338.866,86.21,215.607,2.627,53.674,0.854,980.278,3.692,142.951,arbres
Quartier 2,saison_pluies,14,634.802,314.843,110.169,212.447,2.657,48.218,0.475,977.02,3.692,143.094,arbres
Quartier 2,saison_pluies,15,572.474,267.952,120.101,187.138,2.718,45.915,0.341,895.898,3.692,143.266,arbres
Quartier 2,saison_pluies,16,461.759,231.889,88.32,144.397,2.848,47.735,0.505,744.148,3.692,143.421,arbres
Quartier 2,saison_pluies,17,315.142,179.559,50.527,87.981,2.925,53.0,1.043,537.715,3.692,143.516,arbres
Quartier 2,saison_pluies,18,144.14,96.047,29.16,21.684,2.752,59.381,1.313,303.283,3.692,143.57,arbres
Quartier 2,saison_pluies,19,-7.15,18.822,10.732,-34.332,2.373,66.472,1.054,94.456,3.692,143.597,arbres
Quartier 2,saison_pluies,20,-65.714,-12.704,1.465,-52.36,2.115,82.425,0.595,8.637,3.692,143.604,arbres
Quartier 2,saison_pluies,21,-66.908,-14.272,0.469,-51.174,1.93,91.25,0.596,0.004,3.692,143.605,arbres
Quartier 2,saison_pluies,22,-66.179,-13.463,0.008,-50.84,1.884,97.529,0.59,0.0,3.692,143.605,arbres
Quartier 2,saison_pluies,23,-66.584,-13.44,-0.304,-51.042,1.798,100.0,0.556,0.0,3.692,143.605,arbres
Quartier 2,saison_pluies,24,-67.103,-13.898,-0.255,-51.311,1.638,99.974,0.56,0.0,3.692,143.605,arbres
Quartier 3,chaud_saison_seche,1,-95.792,-45.709,2.338,-49.457,2.964,49.553,1.522,0.0,3.326,471.06,arbres
Quartier 3,chaud_saison_seche,2,-93.05,-43.958,1.923,-48.406,2.609,54.597,1.354,0.0,3.326,471.063,arbres
Quartier 3,chaud_saison_seche,3,-91.83,-42.967,1.844,-48.205,2.503,55.146,1.337,0.0,3.326,471.066,arbres
Quartier 3,chaud_saison_seche,4,-94.993,-45.29,2.035,-49.317,2.421,51.818,1.395,0.0,3.326,471.068,arbres
Quartier 3,chaud_saison_seche,5,-94.945,-45.739,2.354,-49.124,2.434,46.256,1.562,0.0,3.326,471.072,arbres
Quartier 3,chaud_saison_seche,6,-96.411,-46.809,2.76,-49.676,2.686,38.98,1.702,0.006,3.326,471.075,arbres
Quartier 3,chaud_saison_seche,7,-94.763,-46.085,3.866,-48.952,3.592,32.906,1.723,11.517,3.326,471.08,arbres
Quartier 3,chaud_saison_seche,8,-32.829,-17.766,17.089,-27.129,5.023,25.717,1.957,103.409,3.326,471.094,arbres
Quartier 3,chaud_saison_seche,9,127.232,66.279,41.728,24.945,5.721,21.114,2.155,316.751,3.326,471.138,arbres
Quartier 3,chaud_saison_seche,10,303.476,161.019,70.743,77.138,5.424,16.311,2.261,558.537,3.326,471.221,arbres
Quartier 3,chaud_saison_seche,11,457.962,242.292,97.024,124.008,5.362,12.154,2.631,772.344,3.326,471.347,arbres
Quartier 3,chaud_saison_seche,12,579.035,313.089,111.225,160.149,5.428,11.105,3.072,931.045,3.326,471.501,arbres
Quartier 3,chaud_saison_seche,13,648.336,355.298,118.542,179.919,5.423,10.584,3.042,1018.985,3.326,471.671,arbres
Quartier 3,chaud_saison_seche,14,653.034,356.904,123.815,177.8,5.485,9.849,2.617,1028.355,3.326,471.849,arbres
Quartier 3,chaud_saison_seche,15,592.032,321.149,122.817,153.677,5.61,9.307,2.262,958.126,3.326,472.031,arbres
Quartier 3,chaud_saison_seche,16,473.893,249.143,115.546,115.084,5.88,9.556,2.03,814.026,3.326,472.206,arbres
Quartier 3,chaud_saison_seche,17,312.327,154.013,98.863,65.489,6.038,11.061,1.812,609.525,3.326,472.363,arbres
Quartier 3,chaud_saison_seche,18,126.244,49.927,72.897,9.101,5.68,13.628,1.585,368.921,3.326,472.489,arbres
Quartier 3,chaud_saison_seche,19,-48.432,-36.934,33.06,-39.66,4.898,19.981,1.069,141.893,3.326,472.565,arbres
Quartier 3,chaud_saison_seche,20,-126.676,-68.006,5.916,-60.22,4.366,30.677,1.074,17.896,3.326,472.589,arbres
Quartier 3,chaud_saison_seche,21,-124.491,-65.893,3.127,-57.742,3.984,38.968,1.297,0.524,3.326,472.594,arbres
Quartier 3,chaud_saison_seche,22,-116.968,-60.537,2.803,-55.344,3.889,43.338,1.494,0.0,3.326,472.598,arbres
Quartier 3,chaud_saison_seche,23,-109.981,-55.326,2.523,-53.466,3.712,46.166,1.491,0.0,3.326,472.602,arbres
Quartier 3,chaud_saison_seche,24,-110.798,-55.788,2.319,-53.947,3.382,48.017,1.337,0.0,3.326,472.606,arbres
Quartier 3,frais_saison_seche,1,-98.748,-46.381,1.354,-50.757,2.964,58.662,2.669,0.0,3.248,499.752,arbres
Quartier 3,frais_saison_seche,2,-99.158,-47.462,1.543,-50.631,2.609,51.767,2.56,0.0,3.248,499.754,arbres
Quartier 3,frais_saison_seche,3,-99.354,-47.972,1.626,-50.506,2.503,47.463,2.436,0.0,3.248,499.756,arbres
Quartier 3,frais_saison_seche,4,-101.994,-49.71,1.638,-51.502,2.421,46.41,2.293,0.0,3.248,499.759,arbres
Quartier 3,frais_saison_seche,5,-101.533,-49.414,1.491,-51.176,2.434,48.988,2.173,0.0,3.248,499.761,arbres
Quartier 3,frais_saison_seche,6,-100.72,-48.596,1.388,-50.826,2.686,50.528,2.099,0.0,3.248,499.763,arbres
Quartier 3,frais_saison_seche,7,-99.583,-46.902,1.368,-50.458,3.592,50.302,2.093,0.799,3.248,499.765,arbres
Quartier 3,frais_saison_seche,8,-82.848,-36.234,2.675,-44.266,5.023,49.238,2.187,23.927,3.248,499.768,arbres
Quartier 3,frais_saison_seche,9,19.213,22.454,11.257,-8.777,5.721,45.491,2.48,155.461,3.248,499.778,arbres
Quartier 3,frais_saison_seche,10,180.033,123.393,21.547,40.517,5.424,35.501,2.934,371.021,3.248,499.802,arbres
Quartier 3,frais_saison_seche,11,336.572,222.918,30.847,88.169,5.362,27.701,3.305,580.891,3.248,499.841,arbres
Quartier 3,frais_saison_seche,12,465.02,305.906,37.272,127.27,5.428,25.873,3.412,743.336,3.248,499.892,arbres
Quartier 3,frais_saison_seche,13,543.016,356.593,41.338,150.508,5.423,24.812,3.366,839.349,3.248,499.949,arbres
Quartier 3,frais_saison_seche,14,552.324,363.289,46.802,147.718,5.485,22.614,3.233,859.425,3.248,500.013,arbres
Quartier 3,frais_saison_seche,15,501.446,330.744,49.105,127.207,5.61,21.244,3.104,801.908,3.248,500.085,arbres
Quartier 3,frais_saison_seche,16,399.668,267.567,44.688,93.292,5.88,21.892,3.032,671.835,3.248,500.153,arbres
Quartier 3,frais_saison_seche,17,254.407,177.005,34.841,48.598,6.038,25.83,3.004,483.026,3.248,500.212,arbres
Quartier 3,frais_saison_seche,18,89.418,75.106,20.811,-0.818,5.68,35.482,2.867,262.865,3.248,500.251,arbres
Quartier 3,frais_saison_seche,19,-51.628,-11.921,7.203,-42.012,4.898,47.452,2.522,74.113,3.248,500.271,arbres
Quartier 3,frais_saison_seche,20,-93.724,-40.81,1.588,-50.137,4.366,57.391,2.283,6.393,3.248,500.276,arbres
Quartier 3,frais_saison_seche,21,-92.948,-41.665,1.154,-48.453,3.984,61.916,2.206,0.0,3.248,500.277,arbres
Quartier 3,frais_saison_seche,22,-95.015,-42.864,1.048,-49.309,3.889,65.021,2.258,0.0,3.248,500.279,arbres
Quartier 3,frais_saison_seche,23,-96.375,-43.918,1.029,-49.774,3.712,65.319,2.287,0.0,3.248,500.28,arbres
Quartier 3,frais_saison_seche,24,-99.817,-46.674,1.193,-50.955,3.382,60.342,2.207,0.0,3.248,500.282,arbres
Quartier 3,saison_pluies,1,-66.093,-21.436,0.042,-41.736,2.964,97.352,1.752,0.0,4.0,402.821,arbres
Quartier 3,saison_pluies,2,-61.615,-19.391,-0.017,-39.598,2.609,98.295,1.608,0.0,4.0,402.821,arbres
Quartier 3,saison_pluies,3,-60.148,-18.641,-0.111,-38.894,2.503,99.361,1.437,0.0,4.0,402.821,arbres
Quartier 3,saison_pluies,4,-64.45,-21.174,-0.251,-40.604,2.421,99.9,1.349,0.0,4.0,402.821,arbres
Quartier 3,saison_pluies,5,-68.556,-23.877,-0.389,-41.856,2.434,99.999,1.27,0.0,4.0,402.821,arbres
Quartier 3,saison_pluies,6,-68.729,-23.959,-0.36,-41.725,2.686,99.992,1.315,0.0,4.0,402.821,arbres
Quartier 3,saison_pluies,7,-61.718,-19.265,0.192,-39.054,3.592,98.897,1.456,11.124,4.0,402.821,arbres
Quartier 3,saison_pluies,8,5.931,12.73,13.097,-14.872,5.023,93.929,1.872,101.144,4.0,402.827,arbres
Quartier 3,saison_pluies,9,174.704,89.732,49.492,41.201,5.721,86.827,2.136,313.59,4.0,402.874,arbres
Quartier 3,saison_pluies,10,356.387,195.437,70.945,95.429,5.424,72.349,2.074,551.695,4.0,402.967,arbres
Quartier 3,saison_pluies,11,514.845,291.324,83.508,145.374,5.362,60.741,1.751,757.399,4.0,403.08,arbres
Quartier 3,saison_pluies,12,634.256,359.557,98.801,181.326,5.428,55.528,1.319,904.688,4.0,403.214,arbres
Quartier 3,saison_pluies,13,695.84,387.375,120.448,193.441,5.423,49.448,0.875,980.278,4.0,403.375,arbres
Quartier 3,saison_pluies,14,692.376,362.503,146.165,189.192,5.485,42.521,0.495,977.02,4.0,403.571,arbres
Quartier 3,saison_pluies,15,625.104,295.277,168.749,166.688,5.61,40.193,0.4,895.898,4.0,403.806,arbres
Quartier 3,saison_pluies,16,505.241,259.556,122.18,129.384,5.88,43.89,0.532,744.148,4.0,404.026,arbres
Quartier 3,saison_pluies,17,346.249,196.835,76.384,79.067,6.038,51.104,1.068,537.715,4.0,404.165,arbres
Quartier 3,saison_pluies,18,161.115,99.158,46.873,20.765,5.68,58.327,1.344,303.283,4.0,404.253,arbres
Quartier 3,saison_pluies,19,-2.744,12.681,17.342,-27.87,4.898,67.377,1.004,94.456,4.0,404.298,arbres
Quartier 3,saison_pluies,20,-66.413,-21.053,1.523,-42.517,4.366,85.159,0.58,8.637,4.0,404.308,arbres
Quartier 3,saison_pluies,21,-68.041,-22.72,0.142,-41.478,3.984,94.149,0.589,0.004,4.0,404.308,arbres
Quartier 3,saison_pluies,22,-67.3,-21.951,-0.282,-41.178,3.889,99.0,0.582,0.0,4.0,404.308,arbres
Quartier 3,saison_pluies,23,-67.712,-22.075,-0.578,-41.347,3.712,100.0,0.548,0.0,4.0,404.308,arbres
Quartier 3,saison_pluies,24,-68.239,-22.727,-0.547,-41.583,3.382,100.0,0.552,0.0,4.0,404.308,arbres
Quartier 4,chaud_saison_seche,1,-94.74,-40.028,2.107,-55.596,1.222,50.56,1.433,0.0,3.433,290.984,arbres
Quartier 4,chaud_saison_seche,2,-92.027,-38.329,1.833,-54.456,1.076,54.908,1.35,0.0,3.433,290.987,arbres
Quartier 4,chaud_saison_seche,3,-90.822,-37.488,1.758,-54.06,1.032,55.439,1.335,0.0,3.433,290.99,arbres
Quartier 4,chaud_saison_seche,4,-93.949,-39.412,1.927,-55.466,0.998,52.24,1.377,0.0,3.433,290.992,arbres
Quartier 4,chaud_saison_seche,5,-93.902,-39.734,2.143,-55.307,1.004,47.356,1.452,0.0,3.433,290.995,arbres
Quartier 4,chaud_saison_seche,6,-95.352,-40.79,2.422,-55.876,1.107,40.361,1.529,0.006,3.433,290.999,arbres
Quartier 4,chaud_saison_seche,7,-94.164,-40.774,3.212,-55.121,1.481,33.96,1.572,11.517,3.433,291.002,arbres
Quartier 4,chaud_saison_seche,8,-36.433,-12.697,11.425,-33.089,2.071,25.69,1.974,103.409,3.433,291.012,arbres
Quartier 4,chaud_saison_seche,9,113.691,69.278,26.487,20.285,2.359,20.788,2.28,316.751,3.433,291.041,arbres
Quartier 4,chaud_saison_seche,10,278.73,160.938,45.326,74.704,2.237,16.016,2.388,558.537,3.433,291.093,arbres
Quartier 4,chaud_saison_seche,11,423.323,239.223,63.135,123.176,2.211,11.891,2.779,772.344,3.433,291.175,arbres
Quartier 4,chaud_saison_seche,12,536.982,305.441,73.181,160.598,2.238,10.877,3.247,931.045,3.433,291.277,arbres
Quartier 4,chaud_saison_seche,13,602.15,344.39,79.089,180.907,2.236,10.388,3.212,1018.985,3.433,291.389,arbres
Quartier 4,chaud_saison_seche,14,606.438,347.851,81.218,179.63,2.261,9.674,2.754,1028.355,3.433,291.506,arbres
Quartier 4,chaud_saison_seche,15,548.798,314.714,81.191,155.207,2.313,9.147,2.369,958.126,3.433,291.626,arbres
Quartier 4,chaud_saison_seche,16,437.481,246.31,77.858,115.737,2.424,9.371,2.123,814.026,3.433,291.743,arbres
Quartier 4,chaud_saison_seche,17,285.53,158.347,65.0,64.672,2.489,10.794,1.901,609.525,3.433,291.848,arbres
Quartier 4,chaud_saison_seche,18,110.715,60.405,46.777,5.874,2.342,13.229,1.682,368.921,3.433,291.93,arbres
Quartier 4,chaud_saison_seche,19,-53.339,-26.947,21.747,-46.12,2.02,19.213,1.126,141.893,3.433,291.979,arbres
Quartier 4,chaud_saison_seche,20,-125.97,-61.473,4.547,-67.245,1.8,30.82,1.094,17.896,3.433,291.995,arbres
Quartier 4,chaud_saison_seche,21,-123.144,-59.459,2.713,-64.755,1.643,39.227,1.322,0.524,3.433,291.999,arbres
Quartier 4,chaud_saison_seche,22,-115.683,-54.49,2.45,-62.04,1.603,43.866,1.485,0.0,3.433,292.003,arbres
Quartier 4,chaud_saison_seche,23,-108.773,-49.596,2.248,-59.895,1.531,46.777,1.467,0.0,3.433,292.007,arbres
Quartier 4,chaud_saison_seche,24,-109.58,-49.879,2.147,-60.454,1.394,48.261,1.363,0.0,3.433,292.01,arbres
Quartier 4,frais_saison_seche,1,-97.663,-40.745,1.287,-56.983,1.222,59.084,2.647,0.0,3.386,302.259,arbres
Quartier 4,frais_saison_seche,2,-98.069,-41.609,1.471,-56.855,1.076,52.198,2.526,0.0,3.386,302.261,arbres
Quartier 4,frais_saison_seche,3,-98.262,-42.026,1.551,-56.756,1.032,47.91,2.394,0.0,3.386,302.263,arbres
Quartier 4,frais_saison_seche,4,-100.874,-43.617,1.552,-57.81,0.998,46.942,2.237,0.0,3.386,302.265,arbres
Quartier 4,frais_saison_seche,5,-100.418,-43.357,1.4,-57.457,1.004,49.623,2.105,0.0,3.386,302.267,arbres
Quartier 4,frais_saison_seche,6,-99.613,-42.68,1.296,-57.122,1.107,51.235,2.023,0.0,3.386,302.269,arbres
Quartier 4,frais_saison_seche,7,-98.52,-41.594,1.278,-56.723,1.481,51.009,2.017,0.799,3.386,302.271,arbres
Quartier 4,frais_saison_seche,8,-82.865,-33.194,2.818,-50.419,2.071,49.787,2.138,23.927,3.386,302.273,arbres
Quartier 4,frais_saison_seche,9,12.979,17.292,12.429,-14.383,2.359,45.699,2.584,155.461,3.386,302.284,arbres
Quartier 4,frais_saison_seche,10,163.681,105.175,24.098,36.645,2.237,35.695,3.088,371.021,3.386,302.311,arbres
Quartier 4,frais_saison_seche,11,310.369,191.61,34.733,86.237,2.211,27.914,3.482,580.891,3.386,302.355,arbres
Quartier 4,frais_saison_seche,12,431.112,264.53,42.183,126.637,2.238,26.122,3.596,743.336,3.386,302.412,arbres
Quartier 4,frais_saison_seche,13,504.531,309.163,46.93,150.674,2.236,25.104,3.547,839.349,3.386,302.478,arbres
Quartier 4,frais_saison_seche,14,512.959,313.562,53.103,148.554,2.261,22.927,3.405,859.425,3.386,302.55,arbres
Quartier 4,frais_saison_seche,15,464.868,283.723,55.592,127.867,2.313,21.55,3.268,801.908,3.386,302.631,arbres
Quartier 4,frais_saison_seche,16,369.248,228.208,50.438,93.026,2.424,22.164,3.193,671.835,3.386,302.709,arbres
Quartier 4,frais_saison_seche,17,232.898,149.456,39.155,46.776,2.489,26.051,3.163,483.026,3.386,302.775,arbres
Quartier 4,frais_saison_seche,18,78.251,61.741,23.263,-4.41,2.342,35.65,3.01,262.865,3.386,302.819,arbres
Quartier 4,frais_saison_seche,19,-53.932,-12.854,8.003,-47.062,2.02,47.724,2.562,74.113,3.386,302.841,arbres
Quartier 4,frais_saison_seche,20,-92.943,-36.61,1.582,-56.114,1.8,57.936,2.236,6.393,3.386,302.846,arbres
Quartier 4,frais_saison_seche,21,-91.927,-36.871,1.079,-54.492,1.643,62.51,2.153,0.0,3.386,302.848,arbres
Quartier 4,frais_saison_seche,22,-93.971,-37.918,0.973,-55.422,1.603,65.632,2.208,0.0,3.386,302.849,arbres
Quartier 4,frais_saison_seche,23,-95.317,-38.817,0.954,-55.923,1.531,65.933,2.238,0.0,3.386,302.85,arbres
Quartier 4,frais_saison_seche,24,-98.721,-41.239,1.106,-57.194,1.394,61.025,2.146,0.0,3.386,302.852,arbres
Quartier 4,saison_pluies,1,-65.36,-17.213,0.002,-46.927,1.222,97.583,1.732,0.0,3.801,209.996,arbres
Quartier 4,saison_pluies,2,-60.932,-15.144,-0.046,-44.666,1.076,98.485,1.586,0.0,3.801,209.996,arbres
Quartier 4,saison_pluies,3,-59.481,-14.378,-0.143,-43.929,1.032,99.563,1.398,0.0,3.801,209.996,arbres
Quartier 4,saison_pluies,4,-63.735,-16.664,-0.304,-45.769,0.998,99.916,1.294,0.0,3.801,209.996,arbres
Quartier 4,saison_pluies,5,-67.796,-19.144,-0.416,-47.232,1.004,100.0,1.26,0.0,3.801,209.996,arbres
Quartier 4,saison_pluies,6,-67.967,-19.383,-0.412,-47.064,1.107,100.0,1.283,0.0,3.801,209.996,arbres
Quartier 4,saison_pluies,7,-61.538,-15.688,-0.015,-44.353,1.481,99.014,1.425,11.124,3.801,209.996,arbres
Quartier 4,saison_pluies,8,1.284,13.199,10.208,-20.051,2.071,93.75,1.978,101.144,3.801,210.0,arbres
Quartier 4,saison_pluies,9,158.563,84.949,39.391,36.582,2.359,86.762,2.254,313.59,3.801,210.037,arbres
Quartier 4,saison_pluies,10,327.448,181.079,56.287,92.318,2.237,73.015,2.154,551.695,3.801,210.112,arbres
Quartier 4,saison_pluies,11,474.83,267.447,66.76,142.833,2.211,62.221,1.801,757.399,3.801,210.201,arbres
Quartier 4,saison_pluies,12,586.247,327.578,82.62,178.287,2.238,56.642,1.376,904.688,3.801,210.31,arbres
Quartier 4,saison_pluies,13,643.724,347.918,104.766,193.276,2.236,50.817,0.951,980.278,3.801,210.448,arbres
Quartier 4,saison_pluies,14,640.446,320.487,132.104,190.116,2.261,45.158,0.62,977.02,3.801,210.623,arbres
Quartier 4,saison_pluies,15,577.594,261.551,150.966,167.39,2.313,44.222,0.534,895.898,3.801,210.837,arbres
Quartier 4,saison_pluies,16,465.933,232.014,107.519,128.825,2.424,45.804,0.651,744.148,3.801,211.031,arbres
Quartier 4,saison_pluies,17,318.055,180.514,62.283,77.746,2.489,51.715,1.128,537.715,3.801,211.149,arbres
Quartier 4,saison_pluies,18,145.592,93.398,36.524,18.012,2.342,58.749,1.382,303.283,3.801,211.218,arbres
Quartier 4,saison_pluies,19,-6.992,13.773,13.358,-32.103,2.02,66.988,1.074,94.456,3.801,211.253,arbres
Quartier 4,saison_pluies,20,-66.068,-17.815,1.406,-47.858,1.8,84.617,0.599,8.637,3.801,211.261,arbres
Quartier 4,saison_pluies,21,-67.286,-19.184,0.268,-46.728,1.643,93.542,0.608,0.004,3.801,211.262,arbres
Quartier 4,saison_pluies,22,-66.554,-18.376,-0.156,-46.418,1.603,98.759,0.601,0.0,3.801,211.262,arbres
Quartier 4,saison_pluies,23,-66.961,-18.384,-0.445,-46.602,1.531,99.937,0.566,0.0,3.801,211.262,arbres
Quartier 4,saison_pluies,24,-67.482,-18.831,-0.405,-46.852,1.394,99.854,0.57,0.0,3.801,211.262,arbres
Quartier 5,chaud_saison_seche,1,-94.844,-41.676,2.18,-54.621,0.728,51.098,1.014,0.0,3.543,336.826,arbres
Quartier 5,chaud_saison_seche,2,-92.128,-39.855,1.858,-53.491,0.641,55.612,0.951,0.0,3.543,336.829,arbres
Quartier 5,chaud_saison_seche,3,-90.921,-38.896,1.784,-53.194,0.614,56.134,0.941,0.0,3.543,336.832,arbres
Quartier 5,chaud_saison_seche,4,-94.052,-40.944,1.957,-54.47,0.594,52.905,0.97,0.0,3.543,336.834,arbres
Quartier 5,chaud_saison_seche,5,-94.004,-41.322,2.206,-54.291,0.597,47.769,1.032,0.0,3.543,336.837,arbres
Quartier 5,chaud_saison_seche,6,-95.456,-42.52,2.615,-54.893,0.659,40.254,1.12,0.006,3.543,336.841,arbres
Quartier 5,chaud_saison_seche,7,-94.062,-42.655,3.545,-54.072,0.881,34.057,1.142,11.517,3.543,336.845,arbres
Quartier 5,chaud_saison_seche,8,-34.637,-15.351,13.414,-31.467,1.233,25.915,1.444,103.409,3.543,336.857,arbres
Quartier 5,chaud_saison_seche,9,119.439,65.562,32.193,23.088,1.404,20.939,1.662,316.751,3.543,336.891,arbres
Quartier 5,chaud_saison_seche,10,288.952,157.476,54.3,78.507,1.331,16.062,1.75,558.537,3.543,336.954,arbres
Quartier 5,chaud_saison_seche,11,437.499,235.782,74.959,128.074,1.316,11.921,2.036,772.344,3.543,337.051,arbres
Quartier 5,chaud_saison_seche,12,554.099,302.878,86.335,166.219,1.332,10.864,2.376,931.045,3.543,337.171,arbres
Quartier 5,chaud_saison_seche,13,620.901,344.196,90.971,187.066,1.331,10.329,2.354,1018.985,3.543,337.302,arbres
Quartier 5,chaud_saison_seche,14,625.36,345.364,95.63,185.712,1.346,9.635,2.031,1028.355,3.543,337.439,arbres
Quartier 5,chaud_saison_seche,15,566.41,311.128,95.891,160.769,1.377,9.139,1.763,958.126,3.543,337.58,arbres
Quartier 5,chaud_saison_seche,16,452.412,244.477,89.155,120.224,1.443,9.386,1.584,814.026,3.543,337.717,arbres
Quartier 5,chaud_saison_seche,17,296.664,153.799,76.439,67.908,1.482,10.884,1.412,609.525,3.543,337.838,arbres
Quartier 5,chaud_saison_seche,18,117.386,54.098,56.321,8.362,1.394,13.478,1.23,368.921,3.543,337.935,arbres
Quartier 5,chaud_saison_seche,19,-50.878,-30.802,25.418,-44.292,1.202,20.089,0.795,141.893,3.543,337.994,arbres
Quartier 5,chaud_saison_seche,20,-125.79,-63.446,4.903,-66.175,1.072,31.657,0.771,17.896,3.543,338.012,arbres
Quartier 5,chaud_saison_seche,21,-123.269,-61.529,2.911,-63.674,0.978,40.012,0.931,0.524,3.543,338.017,arbres
Quartier 5,chaud_saison_seche,22,-115.81,-56.454,2.647,-61.048,0.955,44.543,1.046,0.0,3.543,338.021,arbres
Quartier 5,chaud_saison_seche,23,-108.892,-51.409,2.375,-58.946,0.912,47.443,1.034,0.0,3.543,338.025,arbres
Quartier 5,chaud_saison_seche,24,-109.7,-51.637,2.239,-59.473,0.83,49.032,0.96,0.0,3.543,338.028,arbres
Quartier 5,frais_saison_seche,1,-97.77,-42.36,1.32,-56.002,0.728,59.114,1.979,0.0,3.488,350.748,arbres
Quartier 5,frais_saison_seche,2,-98.176,-43.165,1.507,-55.878,0.641,52.211,1.889,0.0,3.488,350.75,arbres
Quartier 5,frais_saison_seche,3,-98.37,-43.573,1.587,-55.77,0.614,47.927,1.786,0.0,3.488,350.753,arbres
Quartier 5,frais_saison_seche,4,-100.984,-45.155,1.593,-56.828,0.594,46.954,1.665,0.0,3.488,350.755,arbres
Quartier 5,frais_saison_seche,5,-100.528,-44.899,1.442,-56.473,0.597,49.633,1.565,0.0,3.488,350.757,arbres
Quartier 5,frais_saison_seche,6,-99.722,-44.27,1.338,-56.131,0.659,51.245,1.503,0.0,3.488,350.759,arbres
Quartier 5,frais_saison_seche,7,-98.614,-43.315,1.315,-55.733,0.881,51.038,1.497,0.799,3.488,350.761,arbres
Quartier 5,frais_saison_seche,8,-82.529,-34.715,2.704,-49.286,1.233,49.835,1.591,23.927,3.488,350.764,arbres
Quartier 5,frais_saison_seche,9,15.764,17.843,11.762,-12.437,1.404,45.672,1.894,155.461,3.488,350.774,arbres
Quartier 5,frais_saison_seche,10,170.472,109.707,22.41,39.686,1.331,35.43,2.267,371.021,3.488,350.8,arbres
Quartier 5,frais_saison_seche,11,321.061,200.348,31.904,90.126,1.316,27.543,2.559,580.891,3.488,350.84,arbres
Quartier 5,frais_saison_seche,12,444.831,276.184,38.74,131.24,1.332,25.662,2.646,743.336,3.488,350.892,arbres
Quartier 5,frais_saison_seche,13,520.042,322.666,43.099,155.608,1.331,24.586,2.613,839.349,3.488,350.952,arbres
Quartier 5,frais_saison_seche,14,528.837,328.033,48.598,153.552,1.346,22.434,2.511,859.425,3.488,351.019,arbres
Quartier 5,frais_saison_seche,15,479.669,297.429,50.974,132.642,1.377,21.119,2.411,801.908,3.488,351.093,arbres
Quartier 5,frais_saison_seche,16,381.626,239.902,46.086,97.081,1.443,21.788,2.353,671.835,3.488,351.164,arbres
Quartier 5,frais_saison_seche,17,241.761,157.837,35.389,50.017,1.482,25.736,2.326,483.026,3.488,351.223,arbres
Quartier 5,frais_saison_seche,18,83.022,65.674,21.023,-2.28,1.394,35.457,2.208,262.865,3.488,351.264,arbres
Quartier 5,frais_saison_seche,19,-52.67,-12.956,7.334,-45.845,1.202,47.727,1.897,74.113,3.488,351.283,arbres
Quartier 5,frais_saison_seche,20,-92.93,-38.277,1.566,-55.147,1.072,57.984,1.666,6.393,3.488,351.288,arbres
Quartier 5,frais_saison_seche,21,-92.027,-38.638,1.11,-53.522,0.978,62.581,1.602,0.0,3.488,351.29,arbres
Quartier 5,frais_saison_seche,22,-94.073,-39.679,1.006,-54.446,0.955,65.699,1.644,0.0,3.488,351.292,arbres
Quartier 5,frais_saison_seche,23,-95.421,-40.548,0.987,-54.949,0.912,65.994,1.667,0.0,3.488,351.293,arbres
Quartier 5,frais_saison_seche,24,-98.829,-42.927,1.145,-56.217,0.83,61.067,1.596,0.0,3.488,351.295,arbres
Quartier 5,saison_pluies,1,-65.446,-18.871,0.013,-45.861,0.728,97.849,1.342,0.0,4.0,263.0,arbres
Quartier 5,saison_pluies,2,-61.013,-16.727,-0.036,-43.609,0.641,98.687,1.231,0.0,4.0,263.0,arbres
Quartier 5,saison_pluies,3,-59.56,-15.939,-0.127,-42.879,0.614,99.471,1.084,0.0,4.0,263.0,arbres
Quartier 5,saison_pluies,4,-63.82,-18.247,-0.285,-44.693,0.594,99.922,0.988,0.0,4.0,263.0,arbres
Quartier 5,saison_pluies,5,-67.885,-20.795,-0.403,-46.091,0.597,100.0,0.938,0.0,4.0,263.0,arbres
Quartier 5,saison_pluies,6,-68.057,-21.046,-0.397,-45.954,0.659,100.0,0.957,0.0,4.0,263.0,arbres
Quartier 5,saison_pluies,7,-61.403,-17.318,-0.017,-43.187,0.881,99.12,1.08,11.124,4.0,263.0,arbres
Quartier 5,saison_pluies,8,3.25,12.191,10.635,-18.343,1.233,93.836,1.501,101.144,4.0,263.004,arbres
Quartier 5,saison_pluies,9,164.862,85.126,41.433,39.707,1.404,86.364,1.722,313.59,4.0,263.044,arbres
Quartier 5,saison_pluies,10,338.594,184.562,58.978,96.385,1.331,72.134,1.667,551.695,4.0,263.122,arbres
Quartier 5,saison_pluies,11,490.166,274.047,69.363,148.072,1.316,61.181,1.399,757.399,4.0,263.216,arbres
Quartier 5,saison_pluies,12,604.59,336.28,84.298,185.344,1.332,55.685,1.073,904.688,4.0,263.33,arbres
Quartier 5,saison_pluies,13,663.611,359.963,105.796,199.183,1.331,49.316,0.715,980.278,4.0,263.471,arbres
Quartier 5,saison_pluies,14,660.265,334.795,131.197,195.62,1.346,42.739,0.417,977.02,4.0,263.646,arbres
Quartier 5,saison_pluies,15,595.755,273.147,151.686,172.299,1.377,42.337,0.34,895.898,4.0,263.86,arbres
Quartier 5,saison_pluies,16,481.0,240.85,108.344,133.249,1.443,44.251,0.445,744.148,4.0,264.057,arbres
Quartier 5,saison_pluies,17,328.917,185.259,64.113,81.028,1.482,51.134,0.867,537.715,4.0,264.178,arbres
Quartier 5,saison_pluies,18,151.674,94.853,38.104,20.111,1.394,58.393,1.073,303.283,4.0,264.251,arbres
Quartier 5,saison_pluies,19,-5.167,12.925,13.84,-30.73,1.202,67.353,0.81,94.456,4.0,264.287,arbres
Quartier 5,saison_pluies,20,-65.987,-19.499,1.321,-46.737,1.072,86.079,0.442,8.637,4.0,264.295,arbres
Quartier 5,saison_pluies,21,-67.375,-20.937,0.197,-45.657,0.978,95.221,0.448,0.004,4.0,264.296,arbres
Quartier 5,saison_pluies,22,-66.642,-20.133,-0.211,-45.344,0.955,99.171,0.444,0.0,4.0,264.296,arbres
Quartier 5,saison_pluies,23,-67.05,-20.124,-0.49,-45.524,0.912,99.994,0.418,0.0,4.0,264.296,arbres
Quartier 5,saison_pluies,24,-67.572,-20.517,-0.451,-45.774,0.83,99.978,0.421,0.0,4.0,264.296,arbres
Quartier 6,chaud_saison_seche,1,-95.311,-43.074,2.095,-53.838,0.494,50.49,0.519,0.0,3.477,321.385,arbres
Quartier 6,chaud_saison_seche,2,-92.581,-41.219,1.802,-52.729,0.435,54.991,0.479,0.0,3.477,321.388,arbres
Quartier 6,chaud_saison_seche,3,-91.368,-40.283,1.729,-52.398,0.417,55.526,0.474,0.0,3.477,321.39,arbres
Quartier 6,chaud_saison_seche,4,-94.515,-42.305,1.897,-53.703,0.404,52.278,0.491,0.0,3.477,321.393,arbres
Quartier 6,chaud_saison_seche,5,-94.467,-42.642,2.128,-53.547,0.406,47.234,0.528,0.0,3.477,321.396,arbres
Quartier 6,chaud_saison_seche,6,-95.926,-43.845,2.457,-54.091,0.448,40.154,0.566,0.006,3.477,321.4,arbres
Quartier 6,chaud_saison_seche,7,-94.791,-44.038,3.264,-53.419,0.599,33.886,0.579,11.517,3.477,321.403,arbres
Quartier 6,chaud_saison_seche,8,-37.192,-17.305,13.105,-32.156,0.837,25.829,0.794,103.409,3.477,321.414,arbres
Quartier 6,chaud_saison_seche,9,112.721,61.952,32.521,19.202,0.954,20.998,1.027,316.751,3.477,321.449,arbres
Quartier 6,chaud_saison_seche,10,277.491,151.481,55.659,71.254,0.904,16.236,1.154,558.537,3.477,321.513,arbres
Quartier 6,chaud_saison_seche,11,421.837,228.007,77.049,117.675,0.894,12.092,1.336,772.344,3.477,321.613,arbres
Quartier 6,chaud_saison_seche,12,535.351,293.562,88.893,153.801,0.905,11.067,1.526,931.045,3.477,321.736,arbres
Quartier 6,chaud_saison_seche,13,600.453,331.36,96.863,173.134,0.904,10.587,1.534,1018.985,3.477,321.873,arbres
Quartier 6,chaud_saison_seche,14,604.717,333.863,100.466,171.303,0.914,9.873,1.389,1028.355,3.477,322.019,arbres
Quartier 6,chaud_saison_seche,15,547.098,299.838,100.31,147.885,0.935,9.327,1.248,958.126,3.477,322.167,arbres
Quartier 6,chaud_saison_seche,16,435.863,234.65,93.01,109.183,0.98,9.524,1.133,814.026,3.477,322.309,arbres
Quartier 6,chaud_saison_seche,17,284.065,144.964,79.737,60.37,1.006,10.968,0.992,609.525,3.477,322.435,arbres
Quartier 6,chaud_saison_seche,18,109.454,48.789,57.039,4.573,0.947,13.451,0.796,368.921,3.477,322.535,arbres
Quartier 6,chaud_saison_seche,19,-54.401,-33.698,25.187,-45.074,0.816,19.801,0.402,141.893,3.477,322.594,arbres
Quartier 6,chaud_saison_seche,20,-126.822,-65.738,4.795,-65.152,0.728,31.037,0.387,17.896,3.477,322.612,arbres
Quartier 6,chaud_saison_seche,21,-123.888,-63.27,2.672,-62.625,0.664,39.341,0.467,0.524,3.477,322.617,arbres
Quartier 6,chaud_saison_seche,22,-116.38,-58.132,2.428,-60.027,0.648,43.912,0.527,0.0,3.477,322.62,arbres
Quartier 6,chaud_saison_seche,23,-109.428,-53.074,2.228,-57.964,0.619,46.829,0.52,0.0,3.477,322.624,arbres
Quartier 6,chaud_saison_seche,24,-110.24,-53.274,2.114,-58.516,0.564,48.381,0.482,0.0,3.477,322.627,arbres
Quartier 6,frais_saison_seche,1,-98.251,-43.855,1.282,-55.184,0.494,58.864,1.115,0.0,3.408,330.029,arbres
Quartier 6,frais_saison_seche,2,-98.66,-44.64,1.462,-55.047,0.435,51.978,1.059,0.0,3.408,330.031,arbres
Quartier 6,frais_saison_seche,3,-98.854,-45.029,1.54,-54.948,0.417,47.707,0.994,0.0,3.408,330.033,arbres
Quartier 6,frais_saison_seche,4,-101.481,-46.652,1.542,-55.967,0.404,46.758,0.913,0.0,3.408,330.036,arbres
Quartier 6,frais_saison_seche,5,-101.023,-46.389,1.388,-55.616,0.406,49.473,0.845,0.0,3.408,330.038,arbres
Quartier 6,frais_saison_seche,6,-100.213,-45.75,1.284,-55.299,0.448,51.138,0.801,0.0,3.408,330.04,arbres
Quartier 6,frais_saison_seche,7,-99.117,-44.869,1.261,-54.91,0.599,50.944,0.797,0.799,3.408,330.042,arbres
Quartier 6,frais_saison_seche,8,-83.485,-36.751,2.937,-48.833,0.837,49.739,0.87,23.927,3.408,330.044,arbres
Quartier 6,frais_saison_seche,9,12.272,13.924,13.329,-14.027,0.954,45.814,1.102,155.461,3.408,330.056,arbres
Quartier 6,frais_saison_seche,10,162.792,102.94,25.879,34.876,0.904,35.856,1.374,371.021,3.408,330.085,arbres
Quartier 6,frais_saison_seche,11,309.302,190.519,37.272,82.405,0.894,28.094,1.573,580.891,3.408,330.132,arbres
Quartier 6,frais_saison_seche,12,429.951,264.401,45.238,121.217,0.905,26.336,1.651,743.336,3.408,330.193,arbres
Quartier 6,frais_saison_seche,13,503.327,309.752,50.318,144.161,0.904,25.336,1.653,839.349,3.408,330.263,arbres
Quartier 6,frais_saison_seche,14,511.704,313.744,56.938,141.937,0.914,23.142,1.606,859.425,3.408,330.341,arbres
Quartier 6,frais_saison_seche,15,463.615,283.045,59.614,121.891,0.935,21.735,1.544,801.908,3.408,330.428,arbres
Quartier 6,frais_saison_seche,16,368.076,226.659,54.089,88.309,0.98,22.326,1.488,671.835,3.408,330.511,arbres
Quartier 6,frais_saison_seche,17,231.859,146.945,41.965,43.955,1.006,26.193,1.431,483.026,3.408,330.581,arbres
Quartier 6,frais_saison_seche,18,77.394,58.528,24.942,-5.129,0.947,35.772,1.313,262.865,3.408,330.629,arbres
Quartier 6,frais_saison_seche,19,-54.631,-16.389,8.524,-45.95,0.816,47.739,1.077,74.113,3.408,330.652,arbres
Quartier 6,frais_saison_seche,20,-93.534,-40.021,1.602,-54.388,0.728,57.791,0.92,6.393,3.408,330.658,arbres
Quartier 6,frais_saison_seche,21,-92.48,-40.115,1.069,-52.77,0.664,62.365,0.879,0.0,3.408,330.659,arbres
Quartier 6,frais_saison_seche,22,-94.537,-41.19,0.969,-53.668,0.648,65.46,0.906,0.0,3.408,330.661,arbres
Quartier 6,frais_saison_seche,23,-95.89,-42.082,0.951,-54.141,0.619,65.745,0.92,0.0,3.408,330.662,arbres
Quartier 6,frais_saison_seche,24,-99.315,-44.477,1.099,-55.373,0.564,60.862,0.869,0.0,3.408,330.664,arbres
Quartier 6,saison_pluies,1,-65.751,-19.703,-0.037,-45.516,0.494,97.91,0.76,0.0,4.0,231.209,arbres
Quartier 6,saison_pluies,2,-61.296,-17.459,-0.099,-43.303,0.435,98.811,0.683,0.0,4.0,231.209,arbres
Quartier 6,saison_pluies,3,-59.837,-16.544,-0.209,-42.667,0.417,99.719,0.579,0.0,4.0,231.209,arbres
Quartier 6,saison_pluies,4,-64.117,-18.93,-0.347,-44.435,0.404,99.961,0.541,0.0,4.0,231.209,arbres
Quartier 6,saison_pluies,5,-68.201,-21.457,-0.45,-45.889,0.406,100.0,0.526,0.0,4.0,231.209,arbres
Quartier 6,saison_pluies,6,-68.373,-21.776,-0.445,-45.704,0.448,100.0,0.537,0.0,4.0,231.209,arbres
Quartier 6,saison_pluies,7,-61.937,-18.089,-0.176,-43.073,0.599,99.163,0.606,11.124,4.0,231.209,arbres
Quartier 6,saison_pluies,8,1.008,10.474,10.864,-19.494,0.837,93.996,0.926,101.144,4.0,231.213,arbres
Quartier 6,saison_pluies,9,158.628,81.083,43.078,35.42,0.954,87.177,1.15,313.59,4.0,231.253,arbres
Quartier 6,saison_pluies,10,327.851,177.821,61.937,88.997,0.904,73.579,1.207,551.695,4.0,231.335,arbres
Quartier 6,saison_pluies,11,475.535,265.209,73.31,137.91,0.894,63.161,1.12,757.399,4.0,231.434,arbres
Quartier 6,saison_pluies,12,587.203,325.645,89.935,172.527,0.905,58.302,0.868,904.688,4.0,231.554,arbres
Quartier 6,saison_pluies,13,644.811,345.857,113.65,186.209,0.904,52.98,0.576,980.278,4.0,231.704,arbres
Quartier 6,saison_pluies,14,641.522,316.683,142.887,182.866,0.914,47.469,0.32,977.02,4.0,231.894,arbres
Quartier 6,saison_pluies,15,578.523,255.657,162.691,161.111,0.935,45.951,0.228,895.898,4.0,232.124,arbres
Quartier 6,saison_pluies,16,466.623,227.35,116.555,123.698,0.98,47.447,0.34,744.148,4.0,232.335,arbres
Quartier 6,saison_pluies,17,318.441,177.054,68.09,74.304,1.006,52.734,0.701,537.715,4.0,232.463,arbres
Quartier 6,saison_pluies,18,145.608,89.806,40.165,16.584,0.947,59.192,0.837,303.283,4.0,232.539,arbres
Quartier 6,saison_pluies,19,-7.3,10.548,14.444,-31.475,0.816,67.611,0.521,94.456,4.0,232.578,arbres
Quartier 6,saison_pluies,20,-66.487,-20.577,1.318,-46.5,0.728,86.316,0.243,8.637,4.0,232.586,arbres
Quartier 6,saison_pluies,21,-67.689,-21.835,0.163,-45.352,0.664,95.296,0.246,0.004,4.0,232.587,arbres
Quartier 6,saison_pluies,22,-66.952,-21.002,-0.253,-45.049,0.648,99.468,0.243,0.0,4.0,232.587,arbres
Quartier 6,saison_pluies,23,-67.361,-20.977,-0.538,-45.228,0.619,100.0,0.229,0.0,4.0,232.587,arbres
Quartier 6,saison_pluies,24,-67.886,-21.352,-0.497,-45.473,0.564,100.0,0.231,0.0,4.0,232.587,arbres
Quartier A,chaud_saison_seche,1,-94.004,-29.95,2.403,-66.34,0.116,49.162,0.849,0.0,3.49,167.878,arbres
Quartier A,chaud_saison_seche,2,-91.312,-28.265,2.054,-64.998,0.102,53.668,0.767,0.0,3.49,167.881,arbres
Quartier A,chaud_saison_seche,3,-90.115,-27.43,1.974,-64.561,0.098,54.171,0.759,0.0,3.49,167.884,arbres
Quartier A,chaud_saison_seche,4,-93.219,-29.129,2.153,-66.147,0.095,50.972,0.789,0.0,3.49,167.887,arbres
Quartier A,chaud_saison_seche,5,-93.171,-29.467,2.414,-66.023,0.095,45.902,0.876,0.0,3.49,167.89,arbres
Quartier A,chaud_saison_seche,6,-94.611,-30.66,2.777,-66.622,0.105,39.017,0.948,0.006,3.49,167.894,arbres
Quartier A,chaud_saison_seche,7,-93.429,-30.72,3.394,-65.962,0.141,32.99,0.958,11.517,3.49,167.898,arbres
Quartier A,chaud_saison_seche,8,-36.128,-6.401,9.765,-39.296,0.197,25.405,1.19,103.409,3.49,167.907,arbres
Quartier A,chaud_saison_seche,9,112.873,68.091,19.452,25.554,0.224,20.677,1.418,316.751,3.49,167.929,arbres
Quartier A,chaud_saison_seche,10,276.679,151.575,32.612,92.704,0.213,16.011,1.545,558.537,3.49,167.967,arbres
Quartier A,chaud_saison_seche,11,420.192,223.074,44.92,152.408,0.21,11.883,1.789,772.344,3.49,168.026,arbres
Quartier A,chaud_saison_seche,12,532.999,282.842,51.506,198.865,0.213,10.859,2.055,931.045,3.49,168.097,arbres
Quartier A,chaud_saison_seche,13,597.68,318.027,55.807,224.059,0.213,10.405,2.055,1018.985,3.49,168.177,arbres
Quartier A,chaud_saison_seche,14,601.936,320.798,58.877,222.477,0.215,9.75,1.829,1028.355,3.49,168.261,arbres
Quartier A,chaud_saison_seche,15,544.73,291.262,59.418,194.271,0.22,9.23,1.644,958.126,3.49,168.348,arbres
Quartier A,chaud_saison_seche,16,434.248,233.149,55.317,146.012,0.231,9.41,1.505,814.026,3.49,168.432,arbres
Quartier A,chaud_saison_seche,17,283.436,154.04,46.42,83.213,0.237,10.781,1.329,609.525,3.49,168.507,arbres
Quartier A,chaud_saison_seche,18,109.93,65.058,33.725,11.37,0.223,13.05,1.109,368.921,3.49,168.566,arbres
Quartier A,chaud_saison_seche,19,-52.895,-15.342,16.213,-53.574,0.192,18.557,0.673,141.893,3.49,168.601,arbres
Quartier A,chaud_saison_seche,20,-124.987,-49.102,4.656,-80.37,0.171,31.04,0.573,17.896,3.49,168.614,arbres
Quartier A,chaud_saison_seche,21,-122.186,-47.649,3.175,-77.556,0.156,39.383,0.693,0.524,3.49,168.62,arbres
Quartier A,chaud_saison_seche,22,-114.784,-43.102,2.854,-74.382,0.153,43.434,0.808,0.0,3.49,168.624,arbres
Quartier A,chaud_saison_seche,23,-107.927,-38.665,2.579,-71.696,0.146,46.046,0.812,0.0,3.49,168.628,arbres
Quartier A,chaud_saison_seche,24,-108.728,-38.633,2.386,-72.349,0.133,47.996,0.723,0.0,3.49,168.632,arbres
Quartier A,frais_saison_seche,1,-96.904,-30.2,1.354,-67.941,0.116,58.558,1.58,0.0,3.443,159.776,arbres
Quartier A,frais_saison_seche,2,-97.307,-30.878,1.542,-67.869,0.102,51.683,1.51,0.0,3.443,159.778,arbres
Quartier A,frais_saison_seche,3,-97.498,-31.262,1.626,-67.764,0.098,47.397,1.43,0.0,3.443,159.78,arbres
Quartier A,frais_saison_seche,4,-100.089,-32.599,1.636,-69.031,0.095,46.366,1.336,0.0,3.443,159.782,arbres
Quartier A,frais_saison_seche,5,-99.637,-32.356,1.489,-68.675,0.095,48.94,1.258,0.0,3.443,159.785,arbres
Quartier A,frais_saison_seche,6,-98.839,-31.901,1.386,-68.219,0.105,50.49,1.21,0.0,3.443,159.787,arbres
Quartier A,frais_saison_seche,7,-97.754,-31.224,1.362,-67.751,0.141,50.299,1.205,0.799,3.443,159.789,arbres
Quartier A,frais_saison_seche,8,-82.218,-23.934,2.16,-60.247,0.197,49.183,1.281,23.927,3.443,159.791,arbres
Quartier A,frais_saison_seche,9,12.894,22.048,7.902,-16.831,0.224,45.226,1.537,155.461,3.443,159.798,arbres
Quartier A,frais_saison_seche,10,162.444,101.632,15.288,45.737,0.213,35.377,1.873,371.021,3.443,159.815,arbres
Quartier A,frais_saison_seche,11,308.013,179.649,22.016,106.558,0.21,27.699,2.131,580.891,3.443,159.843,arbres
Quartier A,frais_saison_seche,12,427.833,245.216,26.779,156.051,0.213,26.0,2.225,743.336,3.443,159.879,arbres
Quartier A,frais_saison_seche,13,500.69,285.664,29.845,185.395,0.213,25.064,2.209,839.349,3.443,159.921,arbres
Quartier A,frais_saison_seche,14,509.055,291.012,33.819,184.439,0.215,22.907,2.136,859.425,3.443,159.967,arbres
Quartier A,frais_saison_seche,15,461.333,265.605,35.435,160.513,0.22,21.494,2.055,801.908,3.443,160.019,arbres
Quartier A,frais_saison_seche,16,366.443,216.141,32.132,118.401,0.231,22.037,1.993,671.835,3.443,160.068,arbres
Quartier A,frais_saison_seche,17,231.134,144.734,24.899,61.738,0.237,25.812,1.946,483.026,3.443,160.11,arbres
Quartier A,frais_saison_seche,18,77.669,64.636,14.783,-1.527,0.223,35.284,1.804,262.865,3.443,160.138,arbres
Quartier A,frais_saison_seche,19,-53.506,-4.048,5.264,-54.529,0.192,47.229,1.527,74.113,3.443,160.152,arbres
Quartier A,frais_saison_seche,20,-92.219,-26.875,1.534,-66.707,0.171,57.31,1.339,6.393,3.443,160.156,arbres
Quartier A,frais_saison_seche,21,-91.212,-27.195,1.155,-65.015,0.156,61.806,1.29,0.0,3.443,160.158,arbres
Quartier A,frais_saison_seche,22,-93.24,-28.038,1.049,-66.099,0.153,64.904,1.322,0.0,3.443,160.159,arbres
Quartier A,frais_saison_seche,23,-94.575,-28.75,1.03,-66.709,0.146,65.203,1.339,0.0,3.443,160.161,arbres
Quartier A,frais_saison_seche,24,-97.953,-30.759,1.191,-68.253,0.133,60.266,1.283,0.0,3.443,160.163,arbres
Quartier A,saison_pluies,1,-64.882,-9.359,0.141,-55.547,0.116,96.354,1.051,0.0,3.705,107.331,arbres
Quartier A,saison_pluies,2,-60.486,-7.438,0.075,-53.021,0.102,97.089,0.983,0.0,3.705,107.331,arbres
Quartier A,saison_pluies,3,-59.045,-6.842,-0.037,-52.069,0.098,97.965,0.895,0.0,3.705,107.332,arbres
Quartier A,saison_pluies,4,-63.269,-8.767,-0.197,-54.21,0.095,98.821,0.849,0.0,3.705,107.332,arbres
Quartier A,saison_pluies,5,-67.3,-10.743,-0.323,-56.138,0.095,99.383,0.811,0.0,3.705,107.332,arbres
Quartier A,saison_pluies,6,-67.469,-11.1,-0.318,-55.946,0.105,99.33,0.825,0.0,3.705,107.332,arbres
Quartier A,saison_pluies,7,-61.058,-8.314,0.11,-52.713,0.141,97.941,0.891,11.124,3.705,107.332,arbres
Quartier A,saison_pluies,8,1.541,17.79,7.196,-23.248,0.197,93.251,1.166,101.144,3.705,107.335,arbres
Quartier A,saison_pluies,9,158.226,85.554,26.905,45.992,0.224,86.887,1.392,313.59,3.705,107.359,arbres
Quartier A,saison_pluies,10,326.499,172.136,39.5,115.076,0.213,74.058,1.455,551.695,3.705,107.406,arbres
Quartier A,saison_pluies,11,473.343,248.505,48.269,176.779,0.21,64.329,1.419,757.399,3.705,107.461,arbres
Quartier A,saison_pluies,12,584.33,303.89,59.363,221.29,0.213,60.038,1.135,904.688,3.705,107.53,arbres
Quartier A,saison_pluies,13,641.586,326.16,73.69,241.948,0.213,55.286,0.754,980.278,3.705,107.616,arbres
Quartier A,saison_pluies,14,638.322,308.69,91.406,238.441,0.215,50.336,0.421,977.02,3.705,107.728,arbres
Quartier A,saison_pluies,15,575.718,267.735,98.206,209.997,0.22,47.344,0.262,895.898,3.705,107.864,arbres
Quartier A,saison_pluies,16,464.476,228.19,73.596,162.922,0.231,49.13,0.441,744.148,3.705,107.985,arbres
Quartier A,saison_pluies,17,317.138,172.592,44.536,100.246,0.237,53.676,0.916,537.715,3.705,108.06,arbres
Quartier A,saison_pluies,18,145.322,92.66,26.401,26.485,0.223,59.561,1.062,303.283,3.705,108.103,arbres
Quartier A,saison_pluies,19,-6.693,19.68,9.571,-35.751,0.192,66.684,0.722,94.456,3.705,108.125,arbres
Quartier A,saison_pluies,20,-65.561,-10.439,1.646,-56.596,0.171,82.347,0.33,8.637,3.705,108.13,arbres
Quartier A,saison_pluies,21,-66.794,-11.756,0.598,-55.479,0.156,91.079,0.309,0.004,3.705,108.131,arbres
Quartier A,saison_pluies,22,-66.067,-10.832,0.031,-55.112,0.153,97.113,0.306,0.0,3.705,108.132,arbres
Quartier A,saison_pluies,23,-66.471,-10.643,-0.351,-55.331,0.146,99.82,0.288,0.0,3.705,108.132,arbres
Quartier A,saison_pluies,24,-66.988,-10.952,-0.284,-55.62,0.133,99.616,0.29,0.0,3.705,108.132,arbres
Quartier SC2,chaud_saison_seche,1,-95.879,-47.779,2.032,-49.338,0.794,50.999,0.507,0.0,3.475,420.151,arbres
Quartier SC2,chaud_saison_seche,2,-93.134,-45.862,1.735,-48.308,0.699,55.488,0.475,0.0,3.475,420.154,arbres
Quartier SC2,chaud_saison_seche,3,-91.913,-44.866,1.678,-48.055,0.67,56.026,0.47,0.0,3.475,420.156,arbres
Quartier SC2,chaud_saison_seche,4,-95.078,-47.047,1.831,-49.214,0.648,52.775,0.485,0.0,3.475,420.159,arbres
Quartier SC2,chaud_saison_seche,5,-95.03,-47.392,2.056,-49.041,0.652,47.722,0.515,0.0,3.475,420.162,arbres
Quartier SC2,chaud_saison_seche,6,-96.498,-48.536,2.349,-49.592,0.72,40.49,0.551,0.006,3.475,420.165,arbres
Quartier SC2,chaud_saison_seche,7,-95.153,-48.787,3.417,-48.821,0.962,34.141,0.568,11.517,3.475,420.169,arbres
Quartier SC2,chaud_saison_seche,8,-35.594,-21.831,16.097,-28.513,1.346,26.058,0.77,103.409,3.475,420.182,arbres
Quartier SC2,chaud_saison_seche,9,118.969,61.279,39.099,20.123,1.532,21.171,0.962,316.751,3.475,420.223,arbres
Quartier SC2,chaud_saison_seche,10,288.978,154.805,66.617,69.009,1.453,16.356,1.057,558.537,3.475,420.301,arbres
Quartier SC2,chaud_saison_seche,11,437.949,234.519,92.058,112.808,1.436,12.188,1.226,772.344,3.475,420.42,arbres
Quartier SC2,chaud_saison_seche,12,554.934,304.706,104.959,146.722,1.454,11.124,1.412,931.045,3.475,420.567,arbres
Quartier SC2,chaud_saison_seche,13,621.972,345.633,112.469,165.324,1.453,10.612,1.412,1018.985,3.475,420.727,arbres
Quartier SC2,chaud_saison_seche,14,626.427,346.854,117.539,163.503,1.469,9.893,1.256,1028.355,3.475,420.896,arbres
Quartier SC2,chaud_saison_seche,15,567.227,311.763,116.477,140.491,1.503,9.356,1.11,958.126,3.475,421.069,arbres
Quartier SC2,chaud_saison_seche,16,452.792,240.137,109.854,104.376,1.575,9.605,1.001,814.026,3.475,421.235,arbres
Quartier SC2,chaud_saison_seche,17,296.489,147.322,93.144,57.641,1.617,11.109,0.886,609.525,3.475,421.384,arbres
Quartier SC2,chaud_saison_seche,18,116.602,44.581,68.532,5.01,1.522,13.789,0.728,368.921,3.475,421.502,arbres
Quartier SC2,chaud_saison_seche,19,-52.228,-39.903,29.991,-41.004,1.312,20.435,0.393,141.893,3.475,421.573,arbres
Quartier SC2,chaud_saison_seche,20,-127.263,-71.591,5.331,-59.834,1.17,31.435,0.385,17.896,3.475,421.594,arbres
Quartier SC2,chaud_saison_seche,21,-124.617,-68.844,2.702,-57.409,1.067,39.696,0.464,0.524,3.475,421.599,arbres
Quartier SC2,chaud_saison_seche,22,-117.073,-63.441,2.427,-55.018,1.042,44.277,0.523,0.0,3.475,421.602,arbres
Quartier SC2,chaud_saison_seche,23,-110.08,-58.114,2.199,-53.171,0.994,47.218,0.517,0.0,3.475,421.606,arbres
Quartier SC2,chaud_saison_seche,24,-110.898,-58.388,2.06,-53.664,0.906,48.784,0.479,0.0,3.475,421.609,arbres
Quartier SC2,frais_saison_seche,1,-98.837,-48.74,1.311,-50.615,0.794,59.023,1.09,0.0,3.407,443.795,arbres
Quartier SC2,frais_saison_seche,2,-99.248,-49.584,1.497,-50.462,0.699,52.125,1.037,0.0,3.407,443.797,arbres
Quartier SC2,frais_saison_seche,3,-99.444,-49.988,1.576,-50.362,0.67,47.845,0.976,0.0,3.407,443.799,arbres
Quartier SC2,frais_saison_seche,4,-102.086,-51.706,1.579,-51.311,0.648,46.894,0.9,0.0,3.407,443.801,arbres
Quartier SC2,frais_saison_seche,5,-101.625,-51.428,1.422,-50.967,0.652,49.613,0.836,0.0,3.407,443.803,arbres
Quartier SC2,frais_saison_seche,6,-100.811,-50.729,1.316,-50.679,0.72,51.258,0.797,0.0,3.407,443.805,arbres
Quartier SC2,frais_saison_seche,7,-99.694,-49.715,1.296,-50.312,0.962,51.058,0.793,0.799,3.407,443.807,arbres
Quartier SC2,frais_saison_seche,8,-83.559,-40.726,3.011,-44.498,1.346,49.856,0.858,23.927,3.407,443.81,arbres
Quartier SC2,frais_saison_seche,9,15.099,14.397,13.606,-11.372,1.532,45.835,1.064,155.461,3.407,443.822,arbres
Quartier SC2,frais_saison_seche,10,170.335,110.673,26.294,34.822,1.453,35.746,1.309,371.021,3.407,443.851,arbres
Quartier SC2,frais_saison_seche,11,321.437,205.567,37.802,79.505,1.436,27.92,1.491,580.891,3.407,443.899,arbres
Quartier SC2,frais_saison_seche,12,445.683,285.266,45.856,116.016,1.454,26.1,1.556,743.336,3.407,443.961,arbres
Quartier SC2,frais_saison_seche,13,521.198,333.995,50.829,137.827,1.453,25.053,1.551,839.349,3.407,444.032,arbres
Quartier SC2,frais_saison_seche,14,529.981,338.916,57.492,135.042,1.469,22.867,1.501,859.425,3.407,444.111,arbres
Quartier SC2,frais_saison_seche,15,480.586,306.07,60.301,115.717,1.503,21.502,1.442,801.908,3.407,444.198,arbres
Quartier SC2,frais_saison_seche,16,382.173,245.048,54.721,83.979,1.575,22.14,1.396,671.835,3.407,444.282,arbres
Quartier SC2,frais_saison_seche,17,241.799,158.728,42.598,42.09,1.617,26.069,1.356,483.026,3.407,444.354,arbres
Quartier SC2,frais_saison_seche,18,82.513,62.723,25.39,-4.079,1.522,35.727,1.259,262.865,3.407,444.402,arbres
Quartier SC2,frais_saison_seche,19,-53.644,-18.649,8.719,-42.401,1.312,47.821,1.049,74.113,3.407,444.426,arbres
Quartier SC2,frais_saison_seche,20,-93.979,-44.492,1.644,-49.961,1.17,57.952,0.905,6.393,3.407,444.431,arbres
Quartier SC2,frais_saison_seche,21,-93.032,-44.703,1.096,-48.357,1.067,62.549,0.866,0.0,3.407,444.433,arbres
Quartier SC2,frais_saison_seche,22,-95.1,-45.854,0.993,-49.196,1.042,65.653,0.891,0.0,3.407,444.435,arbres
Quartier SC2,frais_saison_seche,23,-96.462,-46.813,0.975,-49.629,0.994,65.939,0.905,0.0,3.407,444.436,arbres
Quartier SC2,frais_saison_seche,24,-99.907,-49.359,1.129,-50.772,0.906,61.039,0.858,0.0,3.407,444.438,arbres
Quartier SC2,saison_pluies,1,-66.172,-23.291,-0.036,-42.051,0.794,98.25,0.939,0.0,3.998,345.823,arbres
Quartier SC2,saison_pluies,2,-61.689,-20.912,-0.162,-39.916,0.699,99.12,0.845,0.0,3.998,345.823,arbres
Quartier SC2,saison_pluies,3,-60.22,-19.754,-0.371,-39.424,0.67,99.815,0.721,0.0,3.998,345.823,arbres
Quartier SC2,saison_pluies,4,-64.527,-22.192,-0.627,-41.06,0.648,99.975,0.671,0.0,3.998,345.823,arbres
Quartier SC2,saison_pluies,5,-68.638,-24.858,-0.818,-42.31,0.652,100.0,0.652,0.0,3.998,345.823,arbres
Quartier SC2,saison_pluies,6,-68.811,-25.106,-0.81,-42.175,0.72,100.0,0.665,0.0,3.998,345.823,arbres
Quartier SC2,saison_pluies,7,-62.057,-21.093,-0.391,-39.61,0.962,99.286,0.748,11.124,3.998,345.823,arbres
Quartier SC2,saison_pluies,8,3.531,8.404,13.145,-16.673,1.346,94.27,1.091,101.144,3.998,345.827,arbres
Quartier SC2,saison_pluies,9,167.447,80.345,52.035,36.6,1.532,87.288,1.305,313.59,3.998,345.873,arbres
Quartier SC2,saison_pluies,10,343.679,178.341,78.567,88.224,1.453,73.166,1.308,551.695,3.998,345.966,arbres
Quartier SC2,saison_pluies,11,497.428,267.934,95.582,135.348,1.436,61.752,1.142,757.399,3.998,346.078,arbres
Quartier SC2,saison_pluies,12,613.476,331.764,114.274,168.893,1.454,56.35,0.881,904.688,3.998,346.214,arbres
Quartier SC2,saison_pluies,13,673.335,355.887,137.639,181.261,1.453,50.299,0.586,980.278,3.998,346.38,arbres
Quartier SC2,saison_pluies,14,669.944,330.753,163.026,177.634,1.469,43.937,0.33,977.02,3.998,346.584,arbres
Quartier SC2,saison_pluies,15,604.522,265.628,184.052,156.345,1.503,43.218,0.258,895.898,3.998,346.829,arbres
Quartier SC2,saison_pluies,16,488.129,233.584,135.439,120.681,1.575,45.243,0.353,744.148,3.998,347.059,arbres
Quartier SC2,saison_pluies,17,333.861,175.762,86.897,72.82,1.617,51.752,0.711,537.715,3.998,347.2,arbres
Quartier SC2,saison_pluies,18,154.088,85.352,53.305,16.952,1.522,58.977,0.859,303.283,3.998,347.288,arbres
Quartier SC2,saison_pluies,19,-4.996,6.088,18.835,-28.607,1.312,68.867,0.568,94.456,3.998,347.332,arbres
Quartier SC2,saison_pluies,20,-66.698,-24.307,1.802,-43.023,1.17,87.693,0.31,8.637,3.998,347.342,arbres
Quartier SC2,saison_pluies,21,-68.122,-25.337,0.191,-41.909,1.067,96.383,0.314,0.004,3.998,347.342,arbres
Quartier SC2,saison_pluies,22,-67.381,-24.249,-0.476,-41.614,1.042,99.633,0.311,0.0,3.998,347.343,arbres
Quartier SC2,saison_pluies,23,-67.793,-24.074,-0.94,-41.784,0.994,100.0,0.293,0.0,3.998,347.343,arbres
Quartier SC2,saison_pluies,24,-68.321,-24.527,-0.872,-42.015,0.906,100.0,0.295,0.0,3.998,347.343,arbres
Servitude climatique 1,chaud_saison_seche,1,-95.985,-49.454,2.061,-48.474,0.117,51.567,0.576,0.0,3.3,415.659,arbres
Servitude climatique 1,chaud_saison_seche,2,-93.236,-47.419,1.76,-47.473,0.103,56.053,0.542,0.0,3.3,415.662,arbres
Servitude climatique 1,chaud_saison_seche,3,-92.014,-46.38,1.685,-47.22,0.099,56.587,0.536,0.0,3.3,415.664,arbres
Servitude climatique 1,chaud_saison_seche,4,-95.183,-48.581,1.852,-48.358,0.096,53.315,0.553,0.0,3.3,415.667,arbres
Servitude climatique 1,chaud_saison_seche,5,-95.135,-48.914,2.086,-48.21,0.096,48.25,0.584,0.0,3.3,415.67,arbres
Servitude climatique 1,chaud_saison_seche,6,-96.605,-50.207,2.436,-48.728,0.106,41.046,0.617,0.006,3.3,415.673,arbres
Servitude climatique 1,chaud_saison_seche,7,-95.328,-50.865,3.711,-48.032,0.142,34.693,0.628,11.517,3.3,415.677,arbres
Servitude climatique 1,chaud_saison_seche,8,-36.263,-26.011,18.31,-28.363,0.199,26.488,0.815,103.409,3.3,415.692,arbres
Servitude climatique 1,chaud_saison_seche,9,117.17,55.38,43.495,18.522,0.226,21.386,1.029,316.751,3.3,415.739,arbres
Servitude climatique 1,chaud_saison_seche,10,285.893,147.229,73.531,65.347,0.215,16.519,1.12,558.537,3.3,415.825,arbres
Servitude climatique 1,chaud_saison_seche,11,433.725,225.696,100.897,107.345,0.212,12.317,1.3,772.344,3.3,415.956,arbres
Servitude climatique 1,chaud_saison_seche,12,549.872,294.43,115.733,139.923,0.215,11.225,1.503,931.045,3.3,416.116,arbres
Servitude climatique 1,chaud_saison_seche,13,616.448,336.203,122.993,157.466,0.214,10.687,1.5,1018.985,3.3,416.293,arbres
Servitude climatique 1,chaud_saison_seche,14,620.851,337.762,127.774,155.531,0.217,9.961,1.326,1028.355,3.3,416.477,arbres
Servitude climatique 1,chaud_saison_seche,15,562.014,301.443,127.395,133.397,0.222,9.441,1.17,958.126,3.3,416.665,arbres
Servitude climatique 1,chaud_saison_seche,16,448.331,231.67,118.795,98.098,0.233,9.717,1.055,814.026,3.3,416.846,arbres
Servitude climatique 1,chaud_saison_seche,17,293.102,137.027,102.746,53.567,0.239,11.312,0.933,609.525,3.3,417.009,arbres
Servitude climatique 1,chaud_saison_seche,18,114.482,36.322,75.0,3.385,0.225,14.251,0.769,368.921,3.3,417.139,arbres
Servitude climatique 1,chaud_saison_seche,19,-53.15,-44.588,32.687,-41.055,0.194,21.29,0.443,141.893,3.3,417.216,arbres
Servitude climatique 1,chaud_saison_seche,20,-127.513,-74.243,5.768,-58.865,0.173,32.094,0.439,17.896,3.3,417.239,arbres
Servitude climatique 1,chaud_saison_seche,21,-124.758,-71.169,2.83,-56.261,0.158,40.328,0.53,0.524,3.3,417.244,arbres
Servitude climatique 1,chaud_saison_seche,22,-117.203,-65.593,2.522,-53.978,0.154,44.871,0.596,0.0,3.3,417.248,arbres
Servitude climatique 1,chaud_saison_seche,23,-110.202,-60.156,2.257,-52.156,0.147,47.812,0.589,0.0,3.3,417.251,arbres
Servitude climatique 1,chaud_saison_seche,24,-111.02,-60.344,2.114,-52.656,0.134,49.414,0.547,0.0,3.3,417.254,arbres
Servitude climatique 1,frais_saison_seche,1,-98.946,-50.345,1.251,-49.735,0.117,59.357,1.149,0.0,3.23,435.066,arbres
Servitude climatique 1,frais_saison_seche,2,-99.357,-51.111,1.43,-49.573,0.103,52.442,1.093,0.0,3.23,435.068,arbres
Servitude climatique 1,frais_saison_seche,3,-99.553,-51.485,1.508,-49.477,0.099,48.165,1.029,0.0,3.23,435.07,arbres
Servitude climatique 1,frais_saison_seche,4,-102.199,-53.209,1.508,-50.401,0.096,47.27,0.95,0.0,3.23,435.072,arbres
Servitude climatique 1,frais_saison_seche,5,-101.737,-52.935,1.355,-50.06,0.096,50.074,0.882,0.0,3.23,435.074,arbres
Servitude climatique 1,frais_saison_seche,6,-100.921,-52.284,1.253,-49.784,0.106,51.761,0.842,0.0,3.23,435.076,arbres
Servitude climatique 1,frais_saison_seche,7,-99.809,-51.469,1.23,-49.427,0.142,51.571,0.838,0.799,3.23,435.078,arbres
Servitude climatique 1,frais_saison_seche,8,-83.796,-42.688,2.907,-43.817,0.199,50.244,0.903,23.927,3.23,435.08,arbres
Servitude climatique 1,frais_saison_seche,9,14.176,12.969,13.15,-11.717,0.226,45.874,1.152,155.461,3.23,435.092,arbres
Servitude climatique 1,frais_saison_seche,10,168.279,110.478,25.444,32.572,0.215,35.667,1.41,371.021,3.23,435.121,arbres
Servitude climatique 1,frais_saison_seche,11,318.28,206.61,36.419,75.462,0.212,27.793,1.602,580.891,3.23,435.167,arbres
Servitude climatique 1,frais_saison_seche,12,441.68,287.01,44.078,110.807,0.215,25.937,1.668,743.336,3.23,435.226,arbres
Servitude climatique 1,frais_saison_seche,13,516.698,336.327,48.903,131.683,0.214,24.87,1.659,839.349,3.23,435.295,arbres
Servitude climatique 1,frais_saison_seche,14,525.369,341.563,55.299,128.724,0.217,22.694,1.602,859.425,3.23,435.37,arbres
Servitude climatique 1,frais_saison_seche,15,476.267,308.612,57.9,109.976,0.222,21.352,1.54,801.908,3.23,435.454,arbres
Servitude climatique 1,frais_saison_seche,16,378.532,246.717,52.663,79.385,0.233,22.022,1.494,671.835,3.23,435.535,arbres
Servitude climatique 1,frais_saison_seche,17,239.145,159.366,40.991,39.026,0.239,25.979,1.457,483.026,3.23,435.604,arbres
Servitude climatique 1,frais_saison_seche,18,81.014,62.217,24.448,-5.426,0.225,35.686,1.361,262.865,3.23,435.651,arbres
Servitude climatique 1,frais_saison_seche,19,-54.151,-20.3,8.426,-42.083,0.194,47.968,1.119,74.113,3.23,435.673,arbres
Servitude climatique 1,frais_saison_seche,20,-94.121,-46.431,1.588,-49.106,0.173,58.359,0.953,6.393,3.23,435.679,arbres
Servitude climatique 1,frais_saison_seche,21,-93.134,-46.494,1.04,-47.522,0.158,63.006,0.913,0.0,3.23,435.68,arbres
Servitude climatique 1,frais_saison_seche,22,-95.205,-47.649,0.94,-48.343,0.154,66.121,0.94,0.0,3.23,435.682,arbres
Servitude climatique 1,frais_saison_seche,23,-96.568,-48.587,0.923,-48.758,0.147,66.405,0.954,0.0,3.23,435.683,arbres
Servitude climatique 1,frais_saison_seche,24,-100.017,-51.076,1.069,-49.876,0.134,61.549,0.904,0.0,3.23,435.685,arbres
Servitude climatique 1,saison_pluies,1,-66.313,-23.835,0.644,-43.004,0.117,98.666,0.804,0.0,3.834,343.51,arbres
Servitude climatique 1,saison_pluies,2,-61.82,-21.232,0.41,-40.894,0.103,99.188,0.726,0.0,3.834,343.51,arbres
Servitude climatique 1,saison_pluies,3,-60.348,-19.867,0.027,-40.409,0.099,99.611,0.637,0.0,3.834,343.51,arbres
Servitude climatique 1,saison_pluies,4,-64.664,-22.007,-0.499,-42.062,0.096,99.825,0.61,0.0,3.834,343.51,arbres
Servitude climatique 1,saison_pluies,5,-68.784,-24.381,-0.917,-43.39,0.096,99.895,0.595,0.0,3.834,343.51,arbres
Servitude climatique 1,saison_pluies,6,-68.957,-24.687,-0.903,-43.261,0.106,99.886,0.605,0.0,3.834,343.51,arbres
Servitude climatique 1,saison_pluies,7,-62.033,-21.209,-0.105,-40.577,0.142,99.318,0.66,11.124,3.834,343.51,arbres
Servitude climatique 1,saison_pluies,8,4.951,5.187,16.402,-16.44,0.199,94.721,0.941,101.144,3.834,343.514,arbres
Servitude climatique 1,saison_pluies,9,172.184,69.728,62.881,39.802,0.226,87.672,1.129,313.59,3.834,343.558,arbres
Servitude climatique 1,saison_pluies,10,352.117,155.385,102.697,94.25,0.215,73.402,1.121,551.695,3.834,343.651,arbres
Servitude climatique 1,saison_pluies,11,509.067,234.336,131.052,143.891,0.212,61.682,0.992,757.399,3.834,343.763,arbres
Servitude climatique 1,saison_pluies,12,627.419,292.618,155.185,179.831,0.215,55.853,0.801,904.688,3.834,343.898,arbres
Servitude climatique 1,saison_pluies,13,688.461,317.864,177.162,193.651,0.214,49.522,0.579,980.278,3.834,344.06,arbres
Servitude climatique 1,saison_pluies,14,685.017,304.031,191.564,189.64,0.217,42.868,0.372,977.02,3.834,344.254,arbres
Servitude climatique 1,saison_pluies,15,618.324,244.966,206.843,166.736,0.222,43.549,0.208,895.898,3.834,344.481,arbres
Servitude climatique 1,saison_pluies,16,499.563,207.945,162.726,129.125,0.233,45.555,0.304,744.148,3.834,344.698,arbres
Servitude climatique 1,saison_pluies,17,342.083,148.201,115.352,78.77,0.239,53.966,0.591,537.715,3.834,344.837,arbres
Servitude climatique 1,saison_pluies,18,158.652,66.768,71.799,20.31,0.225,62.182,0.679,303.283,3.834,344.925,arbres
Servitude climatique 1,saison_pluies,19,-3.687,-1.424,26.181,-28.25,0.194,72.077,0.453,94.456,3.834,344.969,arbres
Servitude climatique 1,saison_pluies,20,-66.719,-27.166,4.713,-44.094,0.173,90.207,0.273,8.637,3.834,344.978,arbres
Servitude climatique 1,saison_pluies,21,-68.267,-26.921,1.802,-42.99,0.158,97.591,0.276,0.004,3.834,344.979,arbres
Servitude climatique 1,saison_pluies,22,-67.524,-24.833,0.138,-42.675,0.154,99.539,0.274,0.0,3.834,344.979,arbres
Servitude climatique 1,saison_pluies,23,-67.937,-23.935,-1.008,-42.846,0.147,99.93,0.258,0.0,3.834,344.979,arbres
Servitude climatique 1,saison_pluies,24,-68.466,-24.442,-0.811,-43.079,0.134,99.908,0.26,0.0,3.834,344.979,arbres
Quartier 1,chaud_saison_seche,1,-92.986,-21.546,2.302,-72.354,1.387,48.866,2.948,0.0,0.0,31.178,sans_arbres
Quartier 1,chaud_saison_seche,2,-90.324,-20.152,2.019,-70.97,1.221,53.008,2.763,0.0,0.0,31.181,sans_arbres
Quartier 1,chaud_saison_seche,3,-89.14,-19.514,1.946,-70.4,1.172,53.504,2.734,0.0,0.0,31.184,sans_arbres
Quartier 1,chaud_saison_seche,4,-92.21,-21.027,2.095,-72.145,1.133,50.468,2.818,0.0,0.0,31.187,sans_arbres
Quartier 1,chaud_saison_seche,5,-92.163,-21.217,2.303,-72.109,1.14,45.744,2.994,0.0,0.0,31.19,sans_arbres
Quartier 1,chaud_saison_seche,6,-93.587,-22.268,2.627,-72.688,1.257,39.038,3.166,0.006,0.0,31.193,sans_arbres
Quartier 1,chaud_saison_seche,7,-92.887,-22.035,3.063,-72.234,1.681,32.967,3.205,11.517,0.0,31.197,sans_arbres
Quartier 1,chaud_saison_seche,8,-39.95,3.67,4.659,-45.927,2.352,25.007,3.741,103.409,0.0,31.203,sans_arbres
Quartier 1,chaud_saison_seche,9,98.748,75.188,7.227,19.012,2.678,20.758,3.417,316.751,0.0,31.212,sans_arbres
Quartier 1,chaud_saison_seche,10,250.932,155.6,11.209,86.663,2.539,16.211,3.429,558.537,0.0,31.225,sans_arbres
Quartier 1,chaud_saison_seche,11,384.183,224.311,15.337,147.045,2.51,12.09,3.992,772.344,0.0,31.245,sans_arbres
Quartier 1,chaud_saison_seche,12,489.305,279.993,17.896,193.957,2.541,11.164,4.674,931.045,0.0,31.27,sans_arbres
Quartier 1,chaud_saison_seche,13,549.703,313.096,19.89,219.256,2.539,10.721,4.615,1018.985,0.0,31.298,sans_arbres
Quartier 1,chaud_saison_seche,14,553.531,316.397,21.95,217.752,2.568,9.951,3.913,1028.355,0.0,31.328,sans_arbres
Quartier 1,chaud_saison_seche,15,499.805,289.685,22.934,189.813,2.626,9.312,3.345,958.126,0.0,31.362,sans_arbres
Quartier 1,chaud_saison_seche,16,396.389,235.561,21.815,141.765,2.753,9.428,2.997,814.026,0.0,31.395,sans_arbres
Quartier 1,chaud_saison_seche,17,255.54,161.349,18.505,78.512,2.826,10.757,2.688,609.525,0.0,31.424,sans_arbres
Quartier 1,chaud_saison_seche,18,93.713,76.543,13.824,6.005,2.659,12.898,2.43,368.921,0.0,31.448,sans_arbres
Quartier 1,chaud_saison_seche,19,-58.103,-3.758,8.837,-60.889,2.293,17.393,2.212,141.893,0.0,31.464,sans_arbres
Quartier 1,chaud_saison_seche,20,-124.364,-39.341,4.507,-87.486,2.044,29.762,2.219,17.896,0.0,31.473,sans_arbres
Quartier 1,chaud_saison_seche,21,-120.885,-37.716,3.145,-84.449,1.865,38.142,2.68,0.524,0.0,31.478,sans_arbres
Quartier 1,chaud_saison_seche,22,-113.541,-33.422,2.694,-80.993,1.821,42.6,3.027,0.0,0.0,31.483,sans_arbres
Quartier 1,chaud_saison_seche,23,-106.759,-29.584,2.44,-77.877,1.738,45.369,2.996,0.0,0.0,31.486,sans_arbres
Quartier 1,chaud_saison_seche,24,-107.552,-29.692,2.347,-78.623,1.583,46.737,2.772,0.0,0.0,31.49,sans_arbres
Quartier 1,frais_saison_seche,1,-95.855,-21.676,1.266,-74.058,1.387,58.484,4.944,0.0,0.0,20.669,sans_arbres
Quartier 1,frais_saison_seche,2,-96.254,-22.478,1.446,-74.0,1.221,51.663,4.727,0.0,0.0,20.671,sans_arbres
Quartier 1,frais_saison_seche,3,-96.443,-22.894,1.522,-73.9,1.172,47.428,4.481,0.0,0.0,20.673,sans_arbres
Quartier 1,frais_saison_seche,4,-99.006,-24.146,1.512,-75.239,1.133,46.501,4.188,0.0,0.0,20.675,sans_arbres
Quartier 1,frais_saison_seche,5,-98.559,-23.914,1.362,-74.867,1.14,49.134,3.956,0.0,0.0,20.677,sans_arbres
Quartier 1,frais_saison_seche,6,-97.769,-23.389,1.263,-74.386,1.257,50.699,3.817,0.0,0.0,20.679,sans_arbres
Quartier 1,frais_saison_seche,7,-96.729,-22.383,1.253,-73.918,1.681,50.422,3.813,0.799,0.0,20.681,sans_arbres
Quartier 1,frais_saison_seche,8,-82.308,-14.924,1.412,-66.443,2.352,49.001,4.061,23.927,0.0,20.683,sans_arbres
Quartier 1,frais_saison_seche,9,6.394,30.334,2.1,-23.362,2.678,45.041,4.547,155.461,0.0,20.686,sans_arbres
Quartier 1,frais_saison_seche,10,145.508,104.75,3.598,39.699,2.539,35.93,4.931,371.021,0.0,20.69,sans_arbres
Quartier 1,frais_saison_seche,11,280.915,177.426,5.267,100.732,2.51,28.509,5.263,580.891,0.0,20.696,sans_arbres
Quartier 1,frais_saison_seche,12,392.792,238.473,6.341,150.519,2.541,27.044,5.29,743.336,0.0,20.705,sans_arbres
Quartier 1,frais_saison_seche,13,460.934,276.07,7.077,180.326,2.539,26.207,5.1,839.349,0.0,20.715,sans_arbres
Quartier 1,frais_saison_seche,14,468.386,282.659,8.183,180.112,2.568,23.894,4.86,859.425,0.0,20.726,sans_arbres
Quartier 1,frais_saison_seche,15,423.533,260.912,8.703,156.544,2.626,22.29,4.669,801.908,0.0,20.738,sans_arbres
Quartier 1,frais_saison_seche,16,334.992,214.806,8.039,114.899,2.753,22.72,4.58,671.835,0.0,20.751,sans_arbres
Quartier 1,frais_saison_seche,17,208.872,147.417,6.492,57.79,2.826,26.379,4.749,483.026,0.0,20.761,sans_arbres
Quartier 1,frais_saison_seche,18,66.074,70.575,4.305,-6.147,2.659,35.542,5.054,262.865,0.0,20.769,sans_arbres
Quartier 1,frais_saison_seche,19,-55.958,3.635,2.434,-59.734,2.293,46.964,4.759,74.113,0.0,20.774,sans_arbres
Quartier 1,frais_saison_seche,20,-91.482,-18.232,1.381,-72.587,2.044,57.192,4.22,6.393,0.0,20.776,sans_arbres
Quartier 1,frais_saison_seche,21,-90.225,-18.5,1.08,-70.94,1.865,61.691,4.071,0.0,0.0,20.778,sans_arbres
Quartier 1,frais_saison_seche,22,-92.231,-19.281,0.971,-72.1,1.821,64.795,4.167,0.0,0.0,20.78,sans_arbres
Quartier 1,frais_saison_seche,23,-93.552,-20.003,0.948,-72.759,1.738,65.118,4.216,0.0,0.0,20.781,sans_arbres
Quartier 1,frais_saison_seche,24,-96.893,-21.991,1.085,-74.404,1.583,60.319,4.041,0.0,0.0,20.782,sans_arbres
Quartier 1,saison_pluies,1,-64.195,-2.579,0.275,-60.503,1.387,95.509,3.243,0.0,0.0,1.702,sans_arbres
Quartier 1,saison_pluies,2,-59.845,-1.008,0.262,-57.879,1.221,96.204,3.06,0.0,0.0,1.702,sans_arbres
Quartier 1,saison_pluies,3,-58.42,-0.603,0.206,-56.852,1.172,97.005,2.837,0.0,0.0,1.703,sans_arbres
Quartier 1,saison_pluies,4,-62.599,-2.437,0.075,-59.104,1.133,97.902,2.721,0.0,0.0,1.703,sans_arbres
Quartier 1,saison_pluies,5,-66.587,-4.227,-0.033,-61.186,1.14,98.611,2.613,0.0,0.0,1.703,sans_arbres
Quartier 1,saison_pluies,6,-66.755,-4.472,-0.034,-60.99,1.257,98.514,2.655,0.0,0.0,1.703,sans_arbres
Quartier 1,saison_pluies,7,-60.891,-1.601,0.184,-57.793,1.681,97.069,2.797,11.124,0.0,1.703,sans_arbres
Quartier 1,saison_pluies,8,-2.837,26.722,1.546,-28.753,2.352,93.588,2.954,101.144,0.0,1.703,sans_arbres
Quartier 1,saison_pluies,9,143.027,101.167,4.677,39.861,2.678,88.38,2.993,313.59,0.0,1.706,sans_arbres
Quartier 1,saison_pluies,10,299.25,183.03,9.585,109.174,2.539,75.452,2.825,551.695,0.0,1.713,sans_arbres
Quartier 1,saison_pluies,11,435.668,253.289,14.924,169.965,2.51,64.192,2.323,757.399,0.0,1.725,sans_arbres
Quartier 1,saison_pluies,12,539.129,306.725,20.227,214.718,2.541,58.515,1.728,904.688,0.0,1.743,sans_arbres
Quartier 1,saison_pluies,13,592.518,332.351,25.729,236.977,2.539,53.367,1.201,980.278,0.0,1.769,sans_arbres
Quartier 1,saison_pluies,14,589.43,330.219,27.36,234.418,2.568,48.164,0.831,977.02,0.0,1.799,sans_arbres
Quartier 1,saison_pluies,15,530.986,301.358,26.554,205.7,2.626,44.287,0.654,895.898,0.0,1.83,sans_arbres
Quartier 1,saison_pluies,16,427.467,249.404,22.767,158.048,2.753,47.262,0.849,744.148,0.0,1.858,sans_arbres
Quartier 1,saison_pluies,17,290.591,181.372,15.809,96.237,2.826,52.652,1.425,537.715,0.0,1.88,sans_arbres
Quartier 1,saison_pluies,18,130.705,101.053,9.14,23.171,2.659,59.494,1.799,303.283,0.0,1.893,sans_arbres
Quartier 1,saison_pluies,19,-10.695,26.712,4.635,-39.749,2.293,66.23,1.515,94.456,0.0,1.9,sans_arbres
Quartier 1,saison_pluies,20,-65.239,-3.543,1.84,-61.493,2.044,78.346,1.133,8.637,0.0,1.904,sans_arbres
Quartier 1,saison_pluies,21,-66.086,-4.774,1.0,-60.447,1.865,86.476,1.12,0.004,0.0,1.905,sans_arbres
Quartier 1,saison_pluies,22,-65.367,-3.912,0.447,-60.082,1.821,93.453,1.113,0.0,0.0,1.906,sans_arbres
Quartier 1,saison_pluies,23,-65.767,-3.79,0.078,-60.317,1.738,98.251,1.048,0.0,0.0,1.906,sans_arbres
Quartier 1,saison_pluies,24,-66.279,-4.215,0.14,-60.62,1.583,97.403,1.054,0.0,0.0,1.906,sans_arbres
Quartier 2,chaud_saison_seche,1,-92.957,-20.356,2.338,-73.503,1.436,48.686,3.193,0.0,0.0,32.298,sans_arbres
Quartier 2,chaud_saison_seche,2,-90.296,-18.995,2.053,-72.09,1.264,52.838,2.982,0.0,0.0,32.301,sans_arbres
Quartier 2,chaud_saison_seche,3,-89.112,-18.37,1.979,-71.509,1.212,53.329,2.951,0.0,0.0,32.304,sans_arbres
Quartier 2,chaud_saison_seche,4,-92.181,-19.852,2.129,-73.286,1.173,50.313,3.041,0.0,0.0,32.307,sans_arbres
Quartier 2,chaud_saison_seche,5,-92.134,-20.046,2.337,-73.246,1.179,45.557,3.249,0.0,0.0,32.31,sans_arbres
Quartier 2,chaud_saison_seche,6,-93.558,-21.08,2.666,-73.843,1.301,38.848,3.447,0.006,0.0,32.314,sans_arbres
Quartier 2,chaud_saison_seche,7,-92.768,-20.802,3.104,-73.329,1.74,32.831,3.483,11.517,0.0,32.318,sans_arbres
Quartier 2,chaud_saison_seche,8,-39.122,4.683,4.681,-46.053,2.434,24.988,4.062,103.409,0.0,32.324,sans_arbres
Quartier 2,chaud_saison_seche,9,101.214,75.489,7.23,21.266,2.771,20.715,3.802,316.751,0.0,32.333,sans_arbres
Quartier 2,chaud_saison_seche,10,255.257,155.143,11.186,91.555,2.628,16.163,3.631,558.537,0.0,32.346,sans_arbres
Quartier 2,chaud_saison_seche,11,390.151,223.223,15.291,154.234,2.597,12.045,4.225,772.344,0.0,32.366,sans_arbres
Quartier 2,chaud_saison_seche,12,496.491,278.356,17.836,202.929,2.63,11.114,5.051,931.045,0.0,32.39,sans_arbres
Quartier 2,chaud_saison_seche,13,557.564,311.153,19.813,229.225,2.627,10.671,4.921,1018.985,0.0,32.418,sans_arbres
Quartier 2,chaud_saison_seche,14,561.464,314.509,21.852,227.761,2.657,9.9,4.156,1028.355,0.0,32.449,sans_arbres
Quartier 2,chaud_saison_seche,15,507.202,288.197,22.839,198.883,2.718,9.264,3.545,958.126,0.0,32.482,sans_arbres
Quartier 2,chaud_saison_seche,16,402.682,234.718,21.752,149.06,2.848,9.384,3.173,814.026,0.0,32.515,sans_arbres
Quartier 2,chaud_saison_seche,17,260.264,161.183,18.473,83.533,2.925,10.719,2.848,609.525,0.0,32.544,sans_arbres
Quartier 2,chaud_saison_seche,18,96.591,77.272,13.842,8.229,2.752,12.877,2.58,368.921,0.0,32.568,sans_arbres
Quartier 2,chaud_saison_seche,19,-56.966,-2.331,8.915,-61.178,2.373,17.271,2.414,141.893,0.0,32.584,sans_arbres
Quartier 2,chaud_saison_seche,20,-124.184,-37.719,4.589,-88.939,2.115,29.441,2.394,17.896,0.0,32.593,sans_arbres
Quartier 2,chaud_saison_seche,21,-120.843,-36.218,3.208,-85.903,1.93,37.885,2.89,0.524,0.0,32.599,sans_arbres
Quartier 2,chaud_saison_seche,22,-113.506,-31.993,2.742,-82.371,1.884,42.484,3.259,0.0,0.0,32.603,sans_arbres
Quartier 2,chaud_saison_seche,23,-106.726,-28.225,2.482,-79.185,1.798,45.241,3.229,0.0,0.0,32.607,sans_arbres
Quartier 2,chaud_saison_seche,24,-107.518,-28.338,2.391,-79.934,1.638,46.562,2.985,0.0,0.0,32.611,sans_arbres
Quartier 2,frais_saison_seche,1,-95.825,-20.434,1.282,-75.238,1.436,58.43,5.336,0.0,0.0,21.569,sans_arbres
Quartier 2,frais_saison_seche,2,-96.224,-21.239,1.461,-75.181,1.264,51.617,5.1,0.0,0.0,21.571,sans_arbres
Quartier 2,frais_saison_seche,3,-96.413,-21.649,1.536,-75.087,1.212,47.392,4.833,0.0,0.0,21.573,sans_arbres
Quartier 2,frais_saison_seche,4,-98.975,-22.877,1.526,-76.452,1.173,46.454,4.523,0.0,0.0,21.575,sans_arbres
Quartier 2,frais_saison_seche,5,-98.528,-22.645,1.38,-76.084,1.179,49.037,4.287,0.0,0.0,21.577,sans_arbres
Quartier 2,frais_saison_seche,6,-97.739,-22.133,1.283,-75.587,1.301,50.567,4.145,0.0,0.0,21.579,sans_arbres
Quartier 2,frais_saison_seche,7,-96.692,-21.12,1.272,-75.104,1.74,50.305,4.138,0.799,0.0,21.581,sans_arbres
Quartier 2,frais_saison_seche,8,-82.093,-13.713,1.425,-67.372,2.434,48.95,4.389,23.927,0.0,21.583,sans_arbres
Quartier 2,frais_saison_seche,9,7.617,31.04,2.107,-22.758,2.771,44.976,4.981,155.461,0.0,21.586,sans_arbres
Quartier 2,frais_saison_seche,10,148.387,104.735,3.596,42.683,2.628,35.794,5.559,371.021,0.0,21.59,sans_arbres
Quartier 2,frais_saison_seche,11,285.406,176.645,5.255,106.102,2.597,28.349,6.087,580.891,0.0,21.596,sans_arbres
Quartier 2,frais_saison_seche,12,398.529,237.069,6.321,157.768,2.63,26.868,6.077,743.336,0.0,21.605,sans_arbres
Quartier 2,frais_saison_seche,13,467.406,274.335,7.051,188.648,2.627,26.035,5.768,839.349,0.0,21.615,sans_arbres
Quartier 2,frais_saison_seche,14,475.014,281.002,8.153,188.516,2.657,23.756,5.371,859.425,0.0,21.626,sans_arbres
Quartier 2,frais_saison_seche,15,429.722,259.556,8.675,164.209,2.718,22.174,5.121,801.908,0.0,21.638,sans_arbres
Quartier 2,frais_saison_seche,16,340.183,214.007,8.021,121.004,2.848,22.605,5.132,671.835,0.0,21.65,sans_arbres
Quartier 2,frais_saison_seche,17,212.614,147.305,6.486,61.747,2.925,26.258,5.451,483.026,0.0,21.661,sans_arbres
Quartier 2,frais_saison_seche,18,68.126,71.163,4.312,-4.598,2.752,35.448,5.596,262.865,0.0,21.669,sans_arbres
Quartier 2,frais_saison_seche,19,-55.357,4.833,2.452,-60.269,2.373,46.922,5.157,74.113,0.0,21.674,sans_arbres
Quartier 2,frais_saison_seche,20,-91.404,-16.97,1.395,-73.713,2.115,57.159,4.55,6.393,0.0,21.676,sans_arbres
Quartier 2,frais_saison_seche,21,-90.197,-17.294,1.093,-72.065,1.93,61.657,4.39,0.0,0.0,21.678,sans_arbres
Quartier 2,frais_saison_seche,22,-92.202,-18.058,0.984,-73.244,1.884,64.758,4.492,0.0,0.0,21.679,sans_arbres
Quartier 2,frais_saison_seche,23,-93.523,-18.77,0.96,-73.914,1.798,65.08,4.545,0.0,0.0,21.681,sans_arbres
Quartier 2,frais_saison_seche,24,-96.863,-20.732,1.1,-75.592,1.638,60.254,4.366,0.0,0.0,21.682,sans_arbres
Quartier 2,saison_pluies,1,-64.179,-1.683,0.364,-61.425,1.436,95.469,3.503,0.0,0.0,2.755,sans_arbres
Quartier 2,saison_pluies,2,-59.831,-0.173,0.35,-58.745,1.264,96.177,3.293,0.0,0.0,2.755,sans_arbres
Quartier 2,saison_pluies,3,-58.406,0.225,0.289,-57.707,1.212,96.985,3.041,0.0,0.0,2.755,sans_arbres
Quartier 2,saison_pluies,4,-62.584,-1.549,0.149,-60.01,1.173,97.851,2.93,0.0,0.0,2.755,sans_arbres
Quartier 2,saison_pluies,5,-66.571,-3.289,0.033,-62.135,1.179,98.49,2.834,0.0,0.0,2.756,sans_arbres
Quartier 2,saison_pluies,6,-66.739,-3.533,0.032,-61.936,1.301,98.401,2.879,0.0,0.0,2.756,sans_arbres
Quartier 2,saison_pluies,7,-60.775,-0.685,0.273,-58.624,1.74,97.0,3.023,11.124,0.0,2.756,sans_arbres
Quartier 2,saison_pluies,8,-1.916,27.171,1.79,-28.444,2.434,93.475,3.302,101.144,0.0,2.756,sans_arbres
Quartier 2,saison_pluies,9,145.849,100.354,5.347,42.919,2.771,88.171,3.193,313.59,0.0,2.759,sans_arbres
Quartier 2,saison_pluies,10,304.204,180.815,10.816,115.2,2.628,75.145,2.994,551.695,0.0,2.766,sans_arbres
Quartier 2,saison_pluies,11,442.463,249.883,16.597,178.58,2.597,63.668,2.454,757.399,0.0,2.777,sans_arbres
Quartier 2,saison_pluies,12,547.24,302.389,22.268,225.213,2.63,57.707,1.825,904.688,0.0,2.795,sans_arbres
Quartier 2,saison_pluies,13,601.305,327.46,27.897,248.575,2.627,52.346,1.274,980.278,0.0,2.821,sans_arbres
Quartier 2,saison_pluies,14,598.188,325.439,29.52,245.886,2.657,47.29,0.944,977.02,0.0,2.851,sans_arbres
Quartier 2,saison_pluies,15,539.02,297.151,28.614,215.972,2.718,43.676,0.793,895.898,0.0,2.881,sans_arbres
Quartier 2,saison_pluies,16,434.143,246.04,24.567,166.384,2.848,46.617,0.96,744.148,0.0,2.909,sans_arbres
Quartier 2,saison_pluies,17,295.419,179.087,17.271,101.987,2.925,52.13,1.503,537.715,0.0,2.931,sans_arbres
Quartier 2,saison_pluies,18,133.436,100.156,10.091,25.941,2.752,59.328,1.895,303.283,0.0,2.944,sans_arbres
Quartier 2,saison_pluies,19,-9.832,27.055,5.164,-39.678,2.373,66.212,1.607,94.456,0.0,2.951,sans_arbres
Quartier 2,saison_pluies,20,-65.145,-2.714,2.105,-62.422,2.115,78.025,1.218,8.637,0.0,2.955,sans_arbres
Quartier 2,saison_pluies,21,-66.071,-3.917,1.18,-61.403,1.93,86.012,1.232,0.004,0.0,2.956,sans_arbres
Quartier 2,saison_pluies,22,-65.352,-3.007,0.566,-61.026,1.884,92.994,1.244,0.0,0.0,2.957,sans_arbres
Quartier 2,saison_pluies,23,-65.751,-2.843,0.156,-61.266,1.798,97.7,1.179,0.0,0.0,2.957,sans_arbres
Quartier 2,saison_pluies,24,-66.263,-3.276,0.225,-61.574,1.638,96.873,1.188,0.0,0.0,2.958,sans_arbres
Quartier 3,chaud_saison_seche,1,-92.996,-21.024,2.346,-71.354,2.964,48.587,1.976,0.0,0.0,30.868,sans_arbres
Quartier 3,chaud_saison_seche,2,-90.334,-19.786,2.036,-69.975,2.609,52.862,1.821,0.0,0.0,30.871,sans_arbres
Quartier 3,chaud_saison_seche,3,-89.15,-19.179,1.96,-69.428,2.503,53.367,1.802,0.0,0.0,30.874,sans_arbres
Quartier 3,chaud_saison_seche,4,-92.22,-20.768,2.112,-71.143,2.421,50.339,1.858,0.0,0.0,30.877,sans_arbres
Quartier 3,chaud_saison_seche,5,-92.173,-20.982,2.34,-71.097,2.434,45.498,2.015,0.0,0.0,30.881,sans_arbres
Quartier 3,chaud_saison_seche,6,-93.597,-21.936,2.691,-71.666,2.686,38.747,2.16,0.006,0.0,30.884,sans_arbres
Quartier 3,chaud_saison_seche,7,-92.97,-21.268,3.143,-71.253,3.592,32.682,2.199,11.517,0.0,30.889,sans_arbres
Quartier 3,chaud_saison_seche,8,-40.604,5.438,4.71,-45.729,5.023,24.928,2.811,103.409,0.0,30.894,sans_arbres
Quartier 3,chaud_saison_seche,9,96.769,77.945,7.285,17.259,5.721,20.757,3.513,316.751,0.0,30.903,sans_arbres
Quartier 3,chaud_saison_seche,10,247.45,158.831,11.3,82.744,5.424,16.238,3.697,558.537,0.0,30.916,sans_arbres
Quartier 3,chaud_saison_seche,11,379.372,228.135,15.468,141.131,5.362,12.113,4.3,772.344,0.0,30.937,sans_arbres
Quartier 3,chaud_saison_seche,12,483.508,284.207,18.055,186.673,5.428,11.18,5.018,931.045,0.0,30.961,sans_arbres
Quartier 3,chaud_saison_seche,13,543.36,317.658,20.077,211.049,5.423,10.745,4.964,1018.985,0.0,30.99,sans_arbres
Quartier 3,chaud_saison_seche,14,547.13,320.905,22.152,209.558,5.485,9.982,4.225,1028.355,0.0,31.021,sans_arbres
Quartier 3,chaud_saison_seche,15,493.84,293.867,23.131,182.452,5.61,9.341,3.607,958.126,0.0,31.054,sans_arbres
Quartier 3,chaud_saison_seche,16,391.318,239.343,21.986,135.868,5.88,9.454,3.228,814.026,0.0,31.087,sans_arbres
Quartier 3,chaud_saison_seche,17,251.738,164.646,18.647,74.483,6.038,10.777,2.898,609.525,0.0,31.117,sans_arbres
Quartier 3,chaud_saison_seche,18,91.405,78.921,13.922,4.242,5.68,12.907,2.622,368.921,0.0,31.141,sans_arbres
Quartier 3,chaud_saison_seche,19,-59.0,-2.342,8.914,-60.674,4.898,17.367,1.751,141.893,0.0,31.157,sans_arbres
Quartier 3,chaud_saison_seche,20,-124.489,-38.467,4.551,-86.208,4.366,29.932,1.418,17.896,0.0,31.167,sans_arbres
Quartier 3,chaud_saison_seche,21,-120.901,-36.921,3.179,-83.175,3.984,38.319,1.712,0.524,0.0,31.172,sans_arbres
Quartier 3,chaud_saison_seche,22,-113.554,-32.606,2.729,-79.787,3.889,42.681,1.951,0.0,0.0,31.176,sans_arbres
Quartier 3,chaud_saison_seche,23,-106.771,-28.726,2.478,-76.811,3.712,45.343,1.944,0.0,0.0,31.18,sans_arbres
Quartier 3,chaud_saison_seche,24,-107.563,-29.019,2.368,-77.53,3.382,46.944,1.772,0.0,0.0,31.184,sans_arbres
Quartier 3,frais_saison_seche,1,-95.865,-21.178,1.295,-73.019,2.964,58.313,3.492,0.0,0.0,20.33,sans_arbres
Quartier 3,frais_saison_seche,2,-96.264,-22.171,1.475,-72.959,2.609,51.5,3.334,0.0,0.0,20.332,sans_arbres
Quartier 3,frais_saison_seche,3,-96.454,-22.651,1.553,-72.853,2.503,47.251,3.157,0.0,0.0,20.334,sans_arbres
Quartier 3,frais_saison_seche,4,-99.017,-23.974,1.551,-74.173,2.421,46.265,2.944,0.0,0.0,20.337,sans_arbres
Quartier 3,frais_saison_seche,5,-98.57,-23.725,1.405,-73.815,2.434,48.836,2.777,0.0,0.0,20.339,sans_arbres
Quartier 3,frais_saison_seche,6,-97.78,-23.075,1.309,-73.327,2.686,50.347,2.677,0.0,0.0,20.341,sans_arbres
Quartier 3,frais_saison_seche,7,-96.744,-21.585,1.303,-72.871,3.592,50.041,2.683,0.799,0.0,20.343,sans_arbres
Quartier 3,frais_saison_seche,8,-82.467,-13.289,1.455,-65.609,5.023,48.717,2.88,23.927,0.0,20.345,sans_arbres
Quartier 3,frais_saison_seche,9,5.418,32.773,2.123,-23.757,5.721,44.972,3.63,155.461,0.0,20.347,sans_arbres
Quartier 3,frais_saison_seche,10,143.192,107.683,3.627,37.306,5.424,35.888,4.578,371.021,0.0,20.351,sans_arbres
Quartier 3,frais_saison_seche,11,277.296,180.921,5.311,96.425,5.362,28.471,5.209,580.891,0.0,20.358,sans_arbres
Quartier 3,frais_saison_seche,12,388.164,242.498,6.4,144.694,5.428,27.021,5.438,743.336,0.0,20.367,sans_arbres
Quartier 3,frais_saison_seche,13,455.71,280.515,7.15,173.468,5.423,26.204,5.408,839.349,0.0,20.377,sans_arbres
Quartier 3,frais_saison_seche,14,463.037,287.061,8.267,173.194,5.485,23.914,5.218,859.425,0.0,20.388,sans_arbres
Quartier 3,frais_saison_seche,15,418.541,265.018,8.788,150.345,5.61,22.315,5.015,801.908,0.0,20.401,sans_arbres
Quartier 3,frais_saison_seche,16,330.807,218.613,8.113,109.961,5.88,22.724,4.89,671.835,0.0,20.413,sans_arbres
Quartier 3,frais_saison_seche,17,205.86,150.706,6.545,54.646,6.038,26.355,4.769,483.026,0.0,20.424,sans_arbres
Quartier 3,frais_saison_seche,18,64.43,73.132,4.337,-7.359,5.68,35.491,4.338,262.865,0.0,20.432,sans_arbres
Quartier 3,frais_saison_seche,19,-56.43,5.276,2.463,-59.272,4.898,46.863,3.454,74.113,0.0,20.436,sans_arbres
Quartier 3,frais_saison_seche,20,-91.533,-16.976,1.426,-71.617,4.366,56.92,2.985,6.393,0.0,20.439,sans_arbres
Quartier 3,frais_saison_seche,21,-90.235,-17.421,1.122,-69.952,3.984,61.385,2.877,0.0,0.0,20.441,sans_arbres
Quartier 3,frais_saison_seche,22,-92.241,-18.269,1.011,-71.094,3.889,64.489,2.944,0.0,0.0,20.442,sans_arbres
Quartier 3,frais_saison_seche,23,-93.562,-19.095,0.986,-71.741,3.712,64.819,2.977,0.0,0.0,20.444,sans_arbres
Quartier 3,frais_saison_seche,24,-96.903,-21.296,1.13,-73.355,3.382,59.976,2.847,0.0,0.0,20.445,sans_arbres
Quartier 3,saison_pluies,1,-64.197,-1.847,0.294,-59.681,2.964,95.39,2.307,0.0,0.0,1.164,sans_arbres
Quartier 3,saison_pluies,2,-59.848,-0.423,0.273,-57.089,2.609,96.117,2.18,0.0,0.0,1.164,sans_arbres
Quartier 3,saison_pluies,3,-58.423,-0.059,0.221,-56.081,2.503,96.925,2.022,0.0,0.0,1.164,sans_arbres
Quartier 3,saison_pluies,4,-62.601,-1.99,0.105,-58.295,2.421,97.81,1.927,0.0,0.0,1.165,sans_arbres
Quartier 3,saison_pluies,5,-66.59,-3.821,0.008,-60.342,2.434,98.476,1.843,0.0,0.0,1.165,sans_arbres
Quartier 3,saison_pluies,6,-66.757,-3.944,0.014,-60.141,2.686,98.347,1.877,0.0,0.0,1.165,sans_arbres
Quartier 3,saison_pluies,7,-60.976,-0.559,0.217,-57.043,3.592,96.875,2.036,11.124,0.0,1.165,sans_arbres
Quartier 3,saison_pluies,8,-3.584,29.017,1.362,-28.94,5.023,93.514,2.782,101.144,0.0,1.166,sans_arbres
Quartier 3,saison_pluies,9,140.717,105.133,3.945,37.36,5.721,88.438,3.227,313.59,0.0,1.169,sans_arbres
Quartier 3,saison_pluies,10,295.188,188.21,8.109,104.293,5.424,75.593,3.046,551.695,0.0,1.175,sans_arbres
Quartier 3,saison_pluies,11,430.093,259.533,12.657,163.264,5.362,64.488,2.499,757.399,0.0,1.187,sans_arbres
Quartier 3,saison_pluies,12,532.47,314.217,17.424,206.257,5.428,58.917,1.854,904.688,0.0,1.205,sans_arbres
Quartier 3,saison_pluies,13,585.303,340.041,23.024,227.661,5.423,53.836,1.252,980.278,0.0,1.23,sans_arbres
Quartier 3,saison_pluies,14,582.239,337.617,24.903,225.204,5.485,49.115,0.827,977.02,0.0,1.261,sans_arbres
Quartier 3,saison_pluies,15,524.392,308.095,24.243,197.665,5.61,45.411,0.621,895.898,0.0,1.292,sans_arbres
Quartier 3,saison_pluies,16,421.989,255.732,20.825,151.312,5.88,47.922,0.846,744.148,0.0,1.321,sans_arbres
Quartier 3,saison_pluies,17,286.632,186.923,14.081,91.666,6.038,52.837,1.513,537.715,0.0,1.343,sans_arbres
Quartier 3,saison_pluies,18,128.471,105.096,8.078,20.977,5.68,59.576,1.935,303.283,0.0,1.356,sans_arbres
Quartier 3,saison_pluies,19,-11.393,28.997,4.252,-39.744,4.898,66.17,1.633,94.456,0.0,1.363,sans_arbres
Quartier 3,saison_pluies,20,-65.306,-2.008,1.742,-60.673,4.366,78.05,0.852,8.637,0.0,1.367,sans_arbres
Quartier 3,saison_pluies,21,-66.089,-3.472,0.966,-59.599,3.984,86.144,0.745,0.004,0.0,1.368,sans_arbres
Quartier 3,saison_pluies,22,-65.37,-2.7,0.464,-59.244,3.889,93.09,0.762,0.0,0.0,1.369,sans_arbres
Quartier 3,saison_pluies,23,-65.77,-2.708,0.127,-59.477,3.712,97.929,0.711,0.0,0.0,1.369,sans_arbres
Quartier 3,saison_pluies,24,-66.282,-3.301,0.176,-59.775,3.382,97.205,0.695,0.0,0.0,1.369,sans_arbres
Quartier 4,chaud_saison_seche,1,-92.985,-23.913,2.21,-70.059,1.222,49.161,3.397,0.0,0.0,30.15,sans_arbres
Quartier 4,chaud_saison_seche,2,-90.323,-22.431,1.939,-68.755,1.076,53.254,3.199,0.0,0.0,30.153,sans_arbres
Quartier 4,chaud_saison_seche,3,-89.139,-21.766,1.869,-68.21,1.032,53.754,3.166,0.0,0.0,30.156,sans_arbres
Quartier 4,chaud_saison_seche,4,-92.209,-23.331,2.014,-69.894,0.998,50.699,3.263,0.0,0.0,30.159,sans_arbres
Quartier 4,chaud_saison_seche,5,-92.162,-23.507,2.217,-69.868,1.004,46.046,3.44,0.0,0.0,30.162,sans_arbres
Quartier 4,chaud_saison_seche,6,-93.586,-24.591,2.523,-70.41,1.107,39.396,3.607,0.006,0.0,30.166,sans_arbres
Quartier 4,chaud_saison_seche,7,-93.036,-24.451,2.953,-70.057,1.481,33.255,3.645,11.517,0.0,30.17,sans_arbres
Quartier 4,chaud_saison_seche,8,-41.291,1.623,4.592,-45.434,2.071,25.131,4.124,103.409,0.0,30.175,sans_arbres
Quartier 4,chaud_saison_seche,9,94.638,74.413,7.223,15.36,2.359,20.795,3.362,316.751,0.0,30.184,sans_arbres
Quartier 4,chaud_saison_seche,10,243.683,156.241,11.244,78.434,2.237,16.219,3.358,558.537,0.0,30.197,sans_arbres
Quartier 4,chaud_saison_seche,11,374.158,226.183,15.399,134.787,2.211,12.101,3.915,772.344,0.0,30.217,sans_arbres
Quartier 4,chaud_saison_seche,12,477.22,282.884,17.967,178.607,2.238,11.192,4.609,931.045,0.0,30.242,sans_arbres
Quartier 4,chaud_saison_seche,13,536.476,316.542,19.982,202.188,2.236,10.739,4.536,1018.985,0.0,30.27,sans_arbres
Quartier 4,chaud_saison_seche,14,540.183,319.73,22.092,200.623,2.261,9.938,3.831,1028.355,0.0,30.301,sans_arbres
Quartier 4,chaud_saison_seche,15,487.369,292.281,23.122,174.279,2.313,9.281,3.263,958.126,0.0,30.334,sans_arbres
Quartier 4,chaud_saison_seche,16,385.823,237.052,21.98,129.215,2.424,9.397,2.919,814.026,0.0,30.367,sans_arbres
Quartier 4,chaud_saison_seche,17,247.629,161.428,18.596,70.094,2.489,10.734,2.621,609.525,0.0,30.397,sans_arbres
Quartier 4,chaud_saison_seche,18,88.925,75.075,13.802,2.391,2.342,12.898,2.378,368.921,0.0,30.421,sans_arbres
Quartier 4,chaud_saison_seche,19,-59.943,-6.476,8.685,-60.132,2.02,17.445,2.426,141.893,0.0,30.437,sans_arbres
Quartier 4,chaud_saison_seche,20,-124.594,-42.519,4.346,-84.621,1.8,29.656,2.594,17.896,0.0,30.446,sans_arbres
Quartier 4,chaud_saison_seche,21,-120.89,-40.68,3.02,-81.588,1.643,38.074,3.132,0.524,0.0,30.451,sans_arbres
Quartier 4,chaud_saison_seche,22,-113.54,-36.227,2.574,-78.283,1.603,42.72,3.519,0.0,0.0,30.455,sans_arbres
Quartier 4,chaud_saison_seche,23,-106.758,-32.266,2.331,-75.292,1.531,45.546,3.477,0.0,0.0,30.459,sans_arbres
Quartier 4,chaud_saison_seche,24,-107.55,-32.379,2.248,-76.026,1.394,46.839,3.23,0.0,0.0,30.462,sans_arbres
Quartier 4,frais_saison_seche,1,-95.854,-24.1,1.198,-71.729,1.222,58.902,5.503,0.0,0.0,19.928,sans_arbres
Quartier 4,frais_saison_seche,2,-96.252,-24.897,1.373,-71.653,1.076,52.086,5.258,0.0,0.0,19.93,sans_arbres
Quartier 4,frais_saison_seche,3,-96.442,-25.297,1.446,-71.559,1.032,47.868,4.984,0.0,0.0,19.932,sans_arbres
Quartier 4,frais_saison_seche,4,-99.005,-26.594,1.424,-72.838,0.998,47.006,4.665,0.0,0.0,19.935,sans_arbres
Quartier 4,frais_saison_seche,5,-98.558,-26.36,1.271,-72.466,1.004,49.712,4.41,0.0,0.0,19.936,sans_arbres
Quartier 4,frais_saison_seche,6,-97.768,-25.816,1.174,-72.018,1.107,51.301,4.26,0.0,0.0,19.938,sans_arbres
Quartier 4,frais_saison_seche,7,-96.738,-24.848,1.169,-71.577,1.481,51.009,4.253,0.799,0.0,19.94,sans_arbres
Quartier 4,frais_saison_seche,8,-82.617,-17.334,1.348,-64.559,2.071,49.412,4.522,23.927,0.0,19.941,sans_arbres
Quartier 4,frais_saison_seche,9,4.377,28.815,2.088,-24.167,2.359,45.152,4.954,155.461,0.0,19.944,sans_arbres
Quartier 4,frais_saison_seche,10,140.693,104.581,3.603,34.744,2.237,36.089,4.923,371.021,0.0,19.948,sans_arbres
Quartier 4,frais_saison_seche,11,273.375,178.595,5.286,91.705,2.211,28.668,5.096,580.891,0.0,19.955,sans_arbres
Quartier 4,frais_saison_seche,12,383.144,240.733,6.369,138.28,2.238,27.19,5.105,743.336,0.0,19.963,sans_arbres
Quartier 4,frais_saison_seche,13,450.038,278.971,7.11,166.194,2.236,26.322,5.023,839.349,0.0,19.973,sans_arbres
Quartier 4,frais_saison_seche,14,457.23,285.521,8.217,165.754,2.261,23.978,4.808,859.425,0.0,19.984,sans_arbres
Quartier 4,frais_saison_seche,15,413.125,263.253,8.736,143.448,2.313,22.359,4.614,801.908,0.0,19.997,sans_arbres
Quartier 4,frais_saison_seche,16,326.272,216.122,8.062,104.512,2.424,22.796,4.524,671.835,0.0,20.01,sans_arbres
Quartier 4,frais_saison_seche,17,202.603,147.453,6.502,51.138,2.489,26.495,4.605,483.026,0.0,20.02,sans_arbres
Quartier 4,frais_saison_seche,18,62.663,69.337,4.298,-8.629,2.342,35.672,5.311,262.865,0.0,20.028,sans_arbres
Quartier 4,frais_saison_seche,19,-56.919,1.264,2.388,-58.552,2.02,47.135,5.315,74.113,0.0,20.033,sans_arbres
Quartier 4,frais_saison_seche,20,-91.564,-20.755,1.3,-70.31,1.8,57.698,4.688,6.393,0.0,20.035,sans_arbres
Quartier 4,frais_saison_seche,21,-90.224,-20.868,1.007,-68.72,1.643,62.247,4.525,0.0,0.0,20.037,sans_arbres
Quartier 4,frais_saison_seche,22,-92.23,-21.678,0.897,-69.845,1.603,65.377,4.632,0.0,0.0,20.038,sans_arbres
Quartier 4,frais_saison_seche,23,-93.55,-22.416,0.873,-70.477,1.531,65.712,4.687,0.0,0.0,20.039,sans_arbres
Quartier 4,frais_saison_seche,24,-96.892,-24.446,0.999,-72.05,1.394,60.943,4.5,0.0,0.0,20.041,sans_arbres
Quartier 4,saison_pluies,1,-64.186,-4.437,0.169,-58.696,1.222,95.872,3.567,0.0,0.0,0.744,sans_arbres
Quartier 4,saison_pluies,2,-59.838,-2.776,0.163,-56.149,1.076,96.525,3.36,0.0,0.0,0.744,sans_arbres
Quartier 4,saison_pluies,3,-58.413,-2.334,0.119,-55.166,1.032,97.345,3.104,0.0,0.0,0.744,sans_arbres
Quartier 4,saison_pluies,4,-62.591,-4.265,0.006,-57.334,0.998,98.397,2.967,0.0,0.0,0.744,sans_arbres
Quartier 4,saison_pluies,5,-66.578,-6.157,-0.087,-59.33,1.004,99.147,2.859,0.0,0.0,0.744,sans_arbres
Quartier 4,saison_pluies,6,-66.746,-6.423,-0.089,-59.127,1.107,99.08,2.907,0.0,0.0,0.744,sans_arbres
Quartier 4,saison_pluies,7,-61.049,-3.514,0.087,-56.14,1.481,97.548,3.08,11.124,0.0,0.744,sans_arbres
Quartier 4,saison_pluies,8,-4.337,25.706,1.117,-29.089,2.071,93.723,3.03,101.144,0.0,0.745,sans_arbres
Quartier 4,saison_pluies,9,138.358,102.548,3.344,34.825,2.359,88.356,2.939,313.59,0.0,0.747,sans_arbres
Quartier 4,saison_pluies,10,291.031,187.134,7.056,99.077,2.237,75.104,2.756,551.695,0.0,0.754,sans_arbres
Quartier 4,saison_pluies,11,424.381,259.676,11.68,155.235,2.211,63.534,2.258,757.399,0.0,0.766,sans_arbres
Quartier 4,saison_pluies,12,525.644,314.271,16.739,196.873,2.238,57.685,1.686,904.688,0.0,0.786,sans_arbres
Quartier 4,saison_pluies,13,577.905,341.175,21.769,217.198,2.236,52.53,1.23,980.278,0.0,0.812,sans_arbres
Quartier 4,saison_pluies,14,574.866,338.858,23.113,215.157,2.261,47.079,0.893,977.02,0.0,0.843,sans_arbres
Quartier 4,saison_pluies,15,517.633,308.768,22.53,188.648,2.313,43.2,0.733,895.898,0.0,0.875,sans_arbres
Quartier 4,saison_pluies,16,416.377,255.468,19.312,144.021,2.424,46.462,0.912,744.148,0.0,0.903,sans_arbres
Quartier 4,saison_pluies,17,282.58,185.173,13.329,86.568,2.489,52.196,1.42,537.715,0.0,0.926,sans_arbres
Quartier 4,saison_pluies,18,126.191,102.371,7.413,18.748,2.342,59.209,1.749,303.283,0.0,0.939,sans_arbres
Quartier 4,saison_pluies,19,-12.094,25.779,3.783,-39.637,2.02,66.158,1.508,94.456,0.0,0.946,sans_arbres
Quartier 4,saison_pluies,20,-65.359,-5.341,1.479,-59.697,1.8,78.7,1.275,8.637,0.0,0.949,sans_arbres
Quartier 4,saison_pluies,21,-66.078,-6.613,0.775,-58.598,1.643,86.935,1.303,0.004,0.0,0.951,sans_arbres
Quartier 4,saison_pluies,22,-65.359,-5.821,0.316,-58.25,1.603,94.024,1.29,0.0,0.0,0.951,sans_arbres
Quartier 4,saison_pluies,23,-65.759,-5.762,0.009,-58.476,1.531,98.838,1.214,0.0,0.0,0.952,sans_arbres
Quartier 4,saison_pluies,24,-66.271,-6.168,0.061,-58.769,1.394,98.011,1.223,0.0,0.0,0.952,sans_arbres
Quartier 5,chaud_saison_seche,1,-92.906,-21.527,2.292,-72.944,0.728,49.064,3.207,0.0,0.0,31.173,sans_arbres
Quartier 5,chaud_saison_seche,2,-90.246,-20.081,2.014,-71.539,0.641,53.17,3.018,0.0,0.0,31.176,sans_arbres
Quartier 5,chaud_saison_seche,3,-89.063,-19.433,1.941,-70.957,0.614,53.667,2.986,0.0,0.0,31.178,sans_arbres
Quartier 5,chaud_saison_seche,4,-92.13,-20.908,2.092,-72.72,0.594,50.612,3.078,0.0,0.0,31.181,sans_arbres
Quartier 5,chaud_saison_seche,5,-92.083,-21.094,2.296,-72.688,0.597,45.941,3.249,0.0,0.0,31.185,sans_arbres
Quartier 5,chaud_saison_seche,6,-93.507,-22.18,2.605,-73.272,0.659,39.294,3.41,0.006,0.0,31.188,sans_arbres
Quartier 5,chaud_saison_seche,7,-92.728,-22.098,3.042,-72.79,0.881,33.117,3.474,11.517,0.0,31.192,sans_arbres
Quartier 5,chaud_saison_seche,8,-39.202,3.246,4.648,-45.864,1.233,25.014,4.002,103.409,0.0,31.198,sans_arbres
Quartier 5,chaud_saison_seche,9,100.847,74.487,7.201,20.562,1.404,20.865,3.07,316.751,0.0,31.207,sans_arbres
Quartier 5,chaud_saison_seche,10,254.568,154.896,11.156,89.847,1.331,16.338,2.942,558.537,0.0,31.22,sans_arbres
Quartier 5,chaud_saison_seche,11,389.178,223.581,15.263,151.649,1.316,12.213,3.427,772.344,0.0,31.24,sans_arbres
Quartier 5,chaud_saison_seche,12,495.303,279.167,17.815,199.654,1.332,11.305,4.017,931.045,0.0,31.264,sans_arbres
Quartier 5,chaud_saison_seche,13,556.256,312.191,19.788,225.608,1.331,10.861,3.964,1018.985,0.0,31.292,sans_arbres
Quartier 5,chaud_saison_seche,14,560.145,315.566,21.813,224.112,1.346,10.061,3.355,1028.355,0.0,31.323,sans_arbres
Quartier 5,chaud_saison_seche,15,505.981,288.983,22.781,195.595,1.377,9.395,2.858,958.126,0.0,31.356,sans_arbres
Quartier 5,chaud_saison_seche,16,401.661,234.933,21.667,146.504,1.443,9.498,2.557,814.026,0.0,31.389,sans_arbres
Quartier 5,chaud_saison_seche,17,259.523,160.853,18.402,81.75,1.482,10.816,2.295,609.525,0.0,31.418,sans_arbres
Quartier 5,chaud_saison_seche,18,96.176,76.223,13.779,7.568,1.394,12.941,2.083,368.921,0.0,31.441,sans_arbres
Quartier 5,chaud_saison_seche,19,-57.074,-3.742,8.838,-60.968,1.202,17.441,2.285,141.893,0.0,31.458,sans_arbres
Quartier 5,chaud_saison_seche,20,-124.133,-39.343,4.507,-88.225,1.072,29.878,2.442,17.896,0.0,31.467,sans_arbres
Quartier 5,chaud_saison_seche,21,-120.777,-37.749,3.144,-85.194,0.978,38.189,2.949,0.524,0.0,31.472,sans_arbres
Quartier 5,chaud_saison_seche,22,-113.443,-33.472,2.681,-81.698,0.955,42.728,3.314,0.0,0.0,31.476,sans_arbres
Quartier 5,chaud_saison_seche,23,-106.667,-29.643,2.425,-78.537,0.912,45.533,3.274,0.0,0.0,31.48,sans_arbres
Quartier 5,chaud_saison_seche,24,-107.459,-29.691,2.343,-79.282,0.83,46.875,3.04,0.0,0.0,31.484,sans_arbres
Quartier 5,frais_saison_seche,1,-95.772,-21.659,1.268,-74.653,0.728,58.421,5.376,0.0,0.0,20.474,sans_arbres
Quartier 5,frais_saison_seche,2,-96.17,-22.378,1.447,-74.599,0.641,51.606,5.143,0.0,0.0,20.476,sans_arbres
Quartier 5,frais_saison_seche,3,-96.36,-22.77,1.523,-74.499,0.614,47.375,4.881,0.0,0.0,20.478,sans_arbres
Quartier 5,frais_saison_seche,4,-98.921,-23.983,1.514,-75.858,0.594,46.444,4.569,0.0,0.0,20.48,sans_arbres
Quartier 5,frais_saison_seche,5,-98.474,-23.755,1.363,-75.485,0.597,49.09,4.316,0.0,0.0,20.482,sans_arbres
Quartier 5,frais_saison_seche,6,-97.685,-23.292,1.261,-74.994,0.659,50.671,4.162,0.0,0.0,20.484,sans_arbres
Quartier 5,frais_saison_seche,7,-96.64,-22.489,1.248,-74.517,0.881,50.423,4.152,0.799,0.0,20.486,sans_arbres
Quartier 5,frais_saison_seche,8,-82.071,-15.365,1.404,-66.878,1.233,49.013,4.412,23.927,0.0,20.488,sans_arbres
Quartier 5,frais_saison_seche,9,7.461,29.621,2.092,-22.848,1.404,45.153,4.76,155.461,0.0,20.491,sans_arbres
Quartier 5,frais_saison_seche,10,147.941,103.987,3.584,41.701,1.331,36.195,4.79,371.021,0.0,20.495,sans_arbres
Quartier 5,frais_saison_seche,11,284.678,176.539,5.245,104.21,1.316,28.817,4.998,580.891,0.0,20.501,sans_arbres
Quartier 5,frais_saison_seche,12,397.579,237.499,6.312,155.101,1.332,27.415,4.7,743.336,0.0,20.51,sans_arbres
Quartier 5,frais_saison_seche,13,466.324,274.984,7.042,185.63,1.331,26.598,4.402,839.349,0.0,20.519,sans_arbres
Quartier 5,frais_saison_seche,14,473.909,281.671,8.142,185.442,1.346,24.246,4.18,859.425,0.0,20.53,sans_arbres
Quartier 5,frais_saison_seche,15,428.698,260.012,8.662,161.401,1.377,22.595,4.015,801.908,0.0,20.543,sans_arbres
Quartier 5,frais_saison_seche,16,339.336,213.994,8.004,118.781,1.443,22.996,3.947,671.835,0.0,20.555,sans_arbres
Quartier 5,frais_saison_seche,17,212.023,146.708,6.468,60.328,1.482,26.626,4.367,483.026,0.0,20.566,sans_arbres
Quartier 5,frais_saison_seche,18,67.83,69.976,4.292,-5.044,1.394,35.719,5.109,262.865,0.0,20.574,sans_arbres
Quartier 5,frais_saison_seche,19,-55.399,3.27,2.429,-59.896,1.202,46.977,5.142,74.113,0.0,20.578,sans_arbres
Quartier 5,frais_saison_seche,20,-91.36,-18.51,1.375,-73.153,1.072,57.175,4.59,6.393,0.0,20.581,sans_arbres
Quartier 5,frais_saison_seche,21,-90.147,-18.741,1.076,-71.504,0.978,61.673,4.431,0.0,0.0,20.582,sans_arbres
Quartier 5,frais_saison_seche,22,-92.151,-19.489,0.967,-72.675,0.955,64.771,4.534,0.0,0.0,20.584,sans_arbres
Quartier 5,frais_saison_seche,23,-93.471,-20.162,0.945,-73.342,0.912,65.087,4.589,0.0,0.0,20.585,sans_arbres
Quartier 5,frais_saison_seche,24,-96.809,-22.055,1.083,-75.008,0.83,60.283,4.403,0.0,0.0,20.587,sans_arbres
Quartier 5,saison_pluies,1,-64.13,-2.892,0.211,-60.721,0.728,95.535,3.513,0.0,0.0,1.678,sans_arbres
Quartier 5,saison_pluies,2,-59.785,-1.267,0.201,-58.079,0.641,96.231,3.314,0.0,0.0,1.678,sans_arbres
Quartier 5,saison_pluies,3,-58.361,-0.861,0.159,-57.045,0.614,97.037,3.072,0.0,0.0,1.679,sans_arbres
Quartier 5,saison_pluies,4,-62.535,-2.688,0.06,-59.314,0.594,97.933,2.95,0.0,0.0,1.679,sans_arbres
Quartier 5,saison_pluies,5,-66.519,-4.485,-0.026,-61.411,0.597,98.658,2.835,0.0,0.0,1.679,sans_arbres
Quartier 5,saison_pluies,6,-66.687,-4.787,-0.028,-61.213,0.659,98.579,2.879,0.0,0.0,1.679,sans_arbres
Quartier 5,saison_pluies,7,-60.78,-2.054,0.124,-57.969,0.881,97.152,3.019,11.124,0.0,1.679,sans_arbres
Quartier 5,saison_pluies,8,-2.385,26.358,0.99,-28.5,1.233,93.828,2.852,101.144,0.0,1.68,sans_arbres
Quartier 5,saison_pluies,9,144.276,101.687,2.861,41.132,1.404,88.907,2.57,313.59,0.0,1.682,sans_arbres
Quartier 5,saison_pluies,10,301.399,185.189,6.07,111.471,1.331,75.935,2.414,551.695,0.0,1.689,sans_arbres
Quartier 5,saison_pluies,11,438.593,256.784,10.084,173.041,1.316,64.686,1.977,757.399,0.0,1.701,sans_arbres
Quartier 5,saison_pluies,12,542.603,310.694,14.775,218.466,1.332,59.18,1.467,904.688,0.0,1.719,sans_arbres
Quartier 5,saison_pluies,13,596.274,336.37,19.955,241.28,1.331,54.071,1.0,980.278,0.0,1.745,sans_arbres
Quartier 5,saison_pluies,14,593.175,334.661,21.423,238.436,1.346,48.254,0.611,977.02,0.0,1.775,sans_arbres
Quartier 5,saison_pluies,15,534.43,305.651,20.972,209.184,1.377,43.991,0.426,895.898,0.0,1.807,sans_arbres
Quartier 5,saison_pluies,16,430.341,252.754,17.978,161.052,1.443,47.326,0.634,744.148,0.0,1.835,sans_arbres
Quartier 5,saison_pluies,17,292.686,183.669,12.18,98.319,1.482,53.027,1.203,537.715,0.0,1.857,sans_arbres
Quartier 5,saison_pluies,18,131.92,102.407,6.685,24.222,1.394,59.69,1.532,303.283,0.0,1.87,sans_arbres
Quartier 5,saison_pluies,19,-10.265,27.022,3.552,-39.637,1.202,66.258,1.298,94.456,0.0,1.877,sans_arbres
Quartier 5,saison_pluies,20,-65.135,-3.798,1.442,-61.707,1.072,78.486,1.204,8.637,0.0,1.881,sans_arbres
Quartier 5,saison_pluies,21,-66.02,-5.145,0.773,-60.67,0.978,86.717,1.226,0.004,0.0,1.882,sans_arbres
Quartier 5,saison_pluies,22,-65.301,-4.386,0.341,-60.301,0.955,93.747,1.214,0.0,0.0,1.883,sans_arbres
Quartier 5,saison_pluies,23,-65.7,-4.307,0.055,-60.537,0.912,98.568,1.143,0.0,0.0,1.883,sans_arbres
Quartier 5,saison_pluies,24,-66.212,-4.644,0.105,-60.843,0.83,97.678,1.151,0.0,0.0,1.883,sans_arbres
Quartier 6,chaud_saison_seche,1,-93.325,-23.412,2.235,-71.654,0.494,48.727,3.857,0.0,0.0,31.649,sans_arbres
Quartier 6,chaud_saison_seche,2,-90.653,-21.853,1.96,-70.325,0.435,52.685,3.619,0.0,0.0,31.652,sans_arbres
Quartier 6,chaud_saison_seche,3,-89.465,-21.165,1.891,-69.773,0.417,53.161,3.582,0.0,0.0,31.655,sans_arbres
Quartier 6,chaud_saison_seche,4,-92.546,-22.689,2.039,-71.491,0.404,50.175,3.692,0.0,0.0,31.658,sans_arbres
Quartier 6,chaud_saison_seche,5,-92.499,-22.88,2.246,-71.46,0.406,45.637,3.912,0.0,0.0,31.661,sans_arbres
Quartier 6,chaud_saison_seche,6,-93.928,-24.019,2.56,-72.021,0.448,39.094,4.117,0.006,0.0,31.665,sans_arbres
Quartier 6,chaud_saison_seche,7,-93.443,-24.133,2.979,-71.689,0.599,33.07,4.145,11.517,0.0,31.669,sans_arbres
Quartier 6,chaud_saison_seche,8,-42.044,0.896,4.568,-46.67,0.837,25.241,4.756,103.409,0.0,31.674,sans_arbres
Quartier 6,chaud_saison_seche,9,93.139,71.563,7.302,15.228,0.954,20.378,5.241,316.751,0.0,31.683,sans_arbres
Quartier 6,chaud_saison_seche,10,241.32,151.143,11.531,79.551,0.904,15.634,5.35,558.537,0.0,31.696,sans_arbres
Quartier 6,chaud_saison_seche,11,371.027,219.079,15.772,137.071,0.894,11.554,6.238,772.344,0.0,31.717,sans_arbres
Quartier 6,chaud_saison_seche,12,473.541,274.302,18.274,181.869,0.905,10.625,7.346,931.045,0.0,31.742,sans_arbres
Quartier 6,chaud_saison_seche,13,532.502,307.241,20.445,205.72,0.904,10.136,7.228,1018.985,0.0,31.771,sans_arbres
Quartier 6,chaud_saison_seche,14,536.168,309.804,23.007,204.271,0.914,9.339,6.082,1028.355,0.0,31.803,sans_arbres
Quartier 6,chaud_saison_seche,15,483.57,282.142,24.399,177.963,0.935,8.729,5.182,958.126,0.0,31.838,sans_arbres
Quartier 6,chaud_saison_seche,16,382.492,228.77,23.251,131.451,0.98,8.911,4.638,814.026,0.0,31.873,sans_arbres
Quartier 6,chaud_saison_seche,17,244.984,154.884,19.463,71.643,1.006,10.33,4.163,609.525,0.0,31.904,sans_arbres
Quartier 6,chaud_saison_seche,18,87.102,71.422,14.084,2.542,0.947,12.678,3.778,368.921,0.0,31.929,sans_arbres
Quartier 6,chaud_saison_seche,19,-60.988,-7.344,8.656,-61.483,0.816,17.158,3.019,141.893,0.0,31.945,sans_arbres
Quartier 6,chaud_saison_seche,20,-125.153,-42.165,4.364,-86.625,0.728,28.637,2.919,17.896,0.0,31.954,sans_arbres
Quartier 6,chaud_saison_seche,21,-121.335,-40.195,3.04,-83.516,0.664,37.478,3.525,0.524,0.0,31.959,sans_arbres
Quartier 6,chaud_saison_seche,22,-113.955,-35.769,2.594,-80.131,0.648,42.44,3.965,0.0,0.0,31.963,sans_arbres
Quartier 6,chaud_saison_seche,23,-107.148,-31.803,2.351,-77.077,0.619,45.205,3.922,0.0,0.0,31.967,sans_arbres
Quartier 6,chaud_saison_seche,24,-107.943,-31.83,2.268,-77.818,0.564,46.329,3.634,0.0,0.0,31.97,sans_arbres
Quartier 6,frais_saison_seche,1,-96.204,-23.442,1.101,-73.369,0.494,59.99,5.983,0.0,0.0,21.213,sans_arbres
Quartier 6,frais_saison_seche,2,-96.604,-24.147,1.291,-73.313,0.435,52.972,5.752,0.0,0.0,21.214,sans_arbres
Quartier 6,frais_saison_seche,3,-96.794,-24.552,1.38,-73.206,0.417,48.564,5.491,0.0,0.0,21.217,sans_arbres
Quartier 6,frais_saison_seche,4,-99.367,-25.818,1.383,-74.528,0.404,47.492,5.194,0.0,0.0,21.218,sans_arbres
Quartier 6,frais_saison_seche,5,-98.918,-25.592,1.252,-74.172,0.406,50.024,4.947,0.0,0.0,21.22,sans_arbres
Quartier 6,frais_saison_seche,6,-98.125,-25.163,1.165,-73.679,0.448,51.521,4.795,0.0,0.0,21.222,sans_arbres
Quartier 6,frais_saison_seche,7,-97.096,-24.424,1.155,-73.227,0.599,51.279,4.778,0.799,0.0,21.224,sans_arbres
Quartier 6,frais_saison_seche,8,-83.058,-17.43,1.313,-66.103,0.837,49.862,4.99,23.927,0.0,21.226,sans_arbres
Quartier 6,frais_saison_seche,9,3.488,27.403,2.097,-25.059,0.954,44.756,6.096,155.461,0.0,21.228,sans_arbres
Quartier 6,frais_saison_seche,10,139.046,101.204,3.653,35.092,0.904,35.024,7.118,371.021,0.0,21.232,sans_arbres
Quartier 6,frais_saison_seche,11,270.991,173.165,5.366,93.353,0.894,27.417,7.963,580.891,0.0,21.239,sans_arbres
Quartier 6,frais_saison_seche,12,380.214,233.629,6.472,141.018,0.905,25.738,8.17,743.336,0.0,21.248,sans_arbres
Quartier 6,frais_saison_seche,13,446.795,270.943,7.23,169.526,0.904,24.79,8.015,839.349,0.0,21.258,sans_arbres
Quartier 6,frais_saison_seche,14,453.896,277.334,8.359,169.117,0.914,22.597,7.664,859.425,0.0,21.269,sans_arbres
Quartier 6,frais_saison_seche,15,409.964,255.568,8.887,146.444,0.935,21.157,7.353,801.908,0.0,21.282,sans_arbres
Quartier 6,frais_saison_seche,16,323.552,209.612,8.189,106.73,0.98,21.718,7.215,671.835,0.0,21.294,sans_arbres
Quartier 6,frais_saison_seche,17,200.53,142.693,6.591,52.253,1.006,25.517,7.23,483.026,0.0,21.305,sans_arbres
Quartier 6,frais_saison_seche,18,61.361,66.78,4.341,-8.812,0.947,34.976,7.012,262.865,0.0,21.313,sans_arbres
Quartier 6,frais_saison_seche,19,-57.559,0.636,2.351,-59.729,0.816,47.385,5.959,74.113,0.0,21.318,sans_arbres
Quartier 6,frais_saison_seche,20,-91.936,-20.576,1.242,-71.874,0.728,58.375,5.165,6.393,0.0,21.32,sans_arbres
Quartier 6,frais_saison_seche,21,-90.554,-20.568,0.966,-70.287,0.664,62.853,5.009,0.0,0.0,21.322,sans_arbres
Quartier 6,frais_saison_seche,22,-92.567,-21.331,0.85,-71.438,0.648,66.079,5.119,0.0,0.0,21.323,sans_arbres
Quartier 6,frais_saison_seche,23,-93.893,-22.007,0.824,-72.091,0.619,66.446,5.179,0.0,0.0,21.324,sans_arbres
Quartier 6,frais_saison_seche,24,-97.246,-23.939,0.965,-73.708,0.564,61.472,5.015,0.0,0.0,21.326,sans_arbres
Quartier 6,saison_pluies,1,-64.426,-4.063,0.164,-60.033,0.494,96.089,3.905,0.0,0.0,1.3,sans_arbres
Quartier 6,saison_pluies,2,-60.061,-2.375,0.167,-57.418,0.435,96.661,3.679,0.0,0.0,1.3,sans_arbres
Quartier 6,saison_pluies,3,-58.631,-1.901,0.124,-56.437,0.417,97.416,3.411,0.0,0.0,1.3,sans_arbres
Quartier 6,saison_pluies,4,-62.824,-3.754,0.0,-58.667,0.404,98.373,3.304,0.0,0.0,1.3,sans_arbres
Quartier 6,saison_pluies,5,-66.827,-5.604,-0.103,-60.714,0.406,99.018,3.241,0.0,0.0,1.3,sans_arbres
Quartier 6,saison_pluies,6,-66.995,-5.93,-0.107,-60.51,0.448,98.967,3.29,0.0,0.0,1.3,sans_arbres
Quartier 6,saison_pluies,7,-61.327,-3.336,0.091,-57.483,0.599,97.48,3.477,11.124,0.0,1.3,sans_arbres
Quartier 6,saison_pluies,8,-4.815,24.523,1.416,-29.917,0.837,92.683,4.299,101.144,0.0,1.301,sans_arbres
Quartier 6,saison_pluies,9,137.442,98.745,4.484,35.167,0.954,85.565,4.679,313.59,0.0,1.303,sans_arbres
Quartier 6,saison_pluies,10,289.597,179.875,9.498,101.128,0.904,71.009,4.377,551.695,0.0,1.31,sans_arbres
Quartier 6,saison_pluies,11,422.506,249.013,15.471,158.916,0.894,58.051,3.589,757.399,0.0,1.324,sans_arbres
Quartier 6,saison_pluies,12,523.474,301.714,20.881,201.783,0.905,50.773,2.734,904.688,0.0,1.345,sans_arbres
Quartier 6,saison_pluies,13,575.585,328.831,24.693,222.965,0.904,45.637,2.372,980.278,0.0,1.372,sans_arbres
Quartier 6,saison_pluies,14,572.549,326.687,25.981,220.795,0.914,42.101,2.271,977.02,0.0,1.402,sans_arbres
Quartier 6,saison_pluies,15,515.473,297.52,25.21,193.678,0.935,40.385,2.249,895.898,0.0,1.433,sans_arbres
Quartier 6,saison_pluies,16,414.533,246.016,21.604,147.893,0.98,42.813,2.276,744.148,0.0,1.461,sans_arbres
Quartier 6,saison_pluies,17,281.179,177.898,15.395,88.892,1.006,48.368,2.489,537.715,0.0,1.483,sans_arbres
Quartier 6,saison_pluies,18,125.276,97.575,9.033,19.616,0.947,56.856,2.78,303.283,0.0,1.497,sans_arbres
Quartier 6,saison_pluies,19,-12.571,24.113,4.334,-40.202,0.816,65.507,2.527,94.456,0.0,1.505,sans_arbres
Quartier 6,saison_pluies,20,-65.642,-5.49,1.645,-61.071,0.728,77.994,1.52,8.637,0.0,1.508,sans_arbres
Quartier 6,saison_pluies,21,-66.325,-6.534,0.86,-59.986,0.664,85.975,1.468,0.004,0.0,1.509,sans_arbres
Quartier 6,saison_pluies,22,-65.603,-5.666,0.34,-59.628,0.648,93.11,1.476,0.0,0.0,1.51,sans_arbres
Quartier 6,saison_pluies,23,-66.004,-5.518,-0.007,-59.86,0.619,97.923,1.378,0.0,0.0,1.51,sans_arbres
Quartier 6,saison_pluies,24,-66.518,-5.851,0.055,-60.158,0.564,96.961,1.379,0.0,0.0,1.51,sans_arbres
Quartier A,chaud_saison_seche,1,-93.035,-20.077,2.404,-75.246,0.116,48.229,2.205,0.0,0.0,33.362,sans_arbres
Quartier A,chaud_saison_seche,2,-90.371,-18.579,2.095,-73.784,0.102,52.356,2.045,0.0,0.0,33.365,sans_arbres
Quartier A,chaud_saison_seche,3,-89.187,-17.903,2.018,-73.204,0.098,52.836,2.026,0.0,0.0,33.368,sans_arbres
Quartier A,chaud_saison_seche,4,-92.258,-19.322,2.181,-75.023,0.095,49.801,2.091,0.0,0.0,33.371,sans_arbres
Quartier A,chaud_saison_seche,5,-92.211,-19.551,2.412,-74.977,0.095,45.088,2.256,0.0,0.0,33.374,sans_arbres
Quartier A,chaud_saison_seche,6,-93.636,-20.686,2.747,-75.592,0.105,38.505,2.392,0.006,0.0,33.378,sans_arbres
Quartier A,chaud_saison_seche,7,-92.77,-20.761,3.175,-75.043,0.141,32.564,2.408,11.517,0.0,33.383,sans_arbres
Quartier A,chaud_saison_seche,8,-38.477,3.627,4.661,-46.568,0.197,25.008,2.865,103.409,0.0,33.388,sans_arbres
Quartier A,chaud_saison_seche,9,103.375,72.732,7.209,23.658,0.224,20.688,3.421,316.751,0.0,33.397,sans_arbres
Quartier A,chaud_saison_seche,10,259.13,150.962,11.213,97.168,0.213,16.17,3.694,558.537,0.0,33.41,sans_arbres
Quartier A,chaud_saison_seche,11,395.538,217.71,15.339,162.7,0.21,12.044,4.283,772.344,0.0,33.43,sans_arbres
Quartier A,chaud_saison_seche,12,503.007,271.78,17.872,213.569,0.213,11.09,4.949,931.045,0.0,33.455,sans_arbres
Quartier A,chaud_saison_seche,13,564.707,304.022,19.889,241.009,0.213,10.66,4.926,1018.985,0.0,33.483,sans_arbres
Quartier A,chaud_saison_seche,14,568.673,307.186,22.029,239.672,0.215,9.921,4.258,1028.355,0.0,33.514,sans_arbres
Quartier A,chaud_saison_seche,15,513.904,281.216,23.08,209.829,0.22,9.287,3.656,958.126,0.0,33.547,sans_arbres
Quartier A,chaud_saison_seche,16,408.353,228.717,21.959,157.908,0.231,9.407,3.277,814.026,0.0,33.58,sans_arbres
Quartier A,chaud_saison_seche,17,264.476,156.686,18.597,89.43,0.237,10.74,2.94,609.525,0.0,33.61,sans_arbres
Quartier A,chaud_saison_seche,18,99.09,74.726,13.853,10.734,0.223,12.89,2.638,368.921,0.0,33.634,sans_arbres
Quartier A,chaud_saison_seche,19,-56.084,-2.964,8.886,-61.813,0.192,17.397,1.797,141.893,0.0,33.65,sans_arbres
Quartier A,chaud_saison_seche,20,-124.17,-37.477,4.601,-91.123,0.171,30.014,1.539,17.896,0.0,33.659,sans_arbres
Quartier A,chaud_saison_seche,21,-120.941,-35.926,3.221,-88.08,0.156,38.411,1.86,0.524,0.0,33.665,sans_arbres
Quartier A,chaud_saison_seche,22,-113.601,-31.8,2.791,-84.439,0.153,42.465,2.159,0.0,0.0,33.669,sans_arbres
Quartier A,chaud_saison_seche,23,-106.815,-27.966,2.538,-81.242,0.146,45.028,2.164,0.0,0.0,33.673,sans_arbres
Quartier A,chaud_saison_seche,24,-107.608,-27.895,2.416,-81.997,0.133,46.712,1.951,0.0,0.0,33.677,sans_arbres
Quartier A,frais_saison_seche,1,-95.905,-20.045,1.279,-77.023,0.116,58.568,3.638,0.0,0.0,22.478,sans_arbres
Quartier A,frais_saison_seche,2,-96.304,-20.687,1.465,-76.98,0.102,51.692,3.487,0.0,0.0,22.48,sans_arbres
Quartier A,frais_saison_seche,3,-96.494,-21.061,1.548,-76.883,0.098,47.397,3.314,0.0,0.0,22.482,sans_arbres
Quartier A,frais_saison_seche,4,-99.058,-22.223,1.552,-78.293,0.095,46.358,3.114,0.0,0.0,22.484,sans_arbres
Quartier A,frais_saison_seche,5,-98.611,-22.003,1.411,-77.923,0.095,48.882,2.954,0.0,0.0,22.486,sans_arbres
Quartier A,frais_saison_seche,6,-97.82,-21.624,1.314,-77.405,0.105,50.382,2.857,0.0,0.0,22.488,sans_arbres
Quartier A,frais_saison_seche,7,-96.768,-21.022,1.295,-76.9,0.141,50.178,2.846,0.799,0.0,22.49,sans_arbres
Quartier A,frais_saison_seche,8,-82.005,-14.378,1.425,-68.855,0.197,48.982,2.997,23.927,0.0,22.492,sans_arbres
Quartier A,frais_saison_seche,9,8.643,29.167,2.092,-22.392,0.224,44.903,3.651,155.461,0.0,22.495,sans_arbres
Quartier A,frais_saison_seche,10,150.942,101.564,3.586,46.005,0.213,35.643,4.446,371.021,0.0,22.499,sans_arbres
Quartier A,frais_saison_seche,11,289.451,172.095,5.25,112.317,0.21,28.202,5.025,580.891,0.0,22.505,sans_arbres
Quartier A,frais_saison_seche,12,403.733,231.4,6.322,166.224,0.213,26.73,5.252,743.336,0.0,22.514,sans_arbres
Quartier A,frais_saison_seche,13,473.297,268.006,7.059,198.445,0.213,25.922,5.255,839.349,0.0,22.524,sans_arbres
Quartier A,frais_saison_seche,14,481.043,274.565,8.167,198.526,0.215,23.679,5.106,859.425,0.0,22.535,sans_arbres
Quartier A,frais_saison_seche,15,435.337,253.493,8.69,173.374,0.22,22.114,4.92,801.908,0.0,22.547,sans_arbres
Quartier A,frais_saison_seche,16,344.87,208.83,8.025,128.247,0.231,22.535,4.764,671.835,0.0,22.56,sans_arbres
Quartier A,frais_saison_seche,17,215.957,143.356,6.478,66.36,0.237,26.154,4.607,483.026,0.0,22.57,sans_arbres
Quartier A,frais_saison_seche,18,69.905,68.79,4.297,-2.959,0.223,35.319,4.289,262.865,0.0,22.578,sans_arbres
Quartier A,frais_saison_seche,19,-54.917,4.065,2.435,-61.226,0.192,46.973,3.563,74.113,0.0,22.583,sans_arbres
Quartier A,frais_saison_seche,20,-91.438,-17.226,1.398,-75.439,0.171,57.202,3.115,6.393,0.0,22.585,sans_arbres
Quartier A,frais_saison_seche,21,-90.272,-17.449,1.101,-73.769,0.156,61.651,3.011,0.0,0.0,22.587,sans_arbres
Quartier A,frais_saison_seche,22,-92.279,-18.144,0.991,-74.975,0.153,64.766,3.08,0.0,0.0,22.589,sans_arbres
Quartier A,frais_saison_seche,23,-93.601,-18.758,0.969,-75.666,0.146,65.084,3.118,0.0,0.0,22.59,sans_arbres
Quartier A,frais_saison_seche,24,-96.944,-20.533,1.119,-77.398,0.133,60.166,3.001,0.0,0.0,22.591,sans_arbres
Quartier A,saison_pluies,1,-64.254,-1.474,0.452,-63.115,0.116,95.439,2.395,0.0,0.0,3.803,sans_arbres
Quartier A,saison_pluies,2,-59.9,0.116,0.447,-60.361,0.102,96.125,2.266,0.0,0.0,3.803,sans_arbres
Quartier A,saison_pluies,3,-58.474,0.556,0.368,-59.299,0.098,96.906,2.11,0.0,0.0,3.804,sans_arbres
Quartier A,saison_pluies,4,-62.656,-1.051,0.169,-61.679,0.095,97.708,2.032,0.0,0.0,3.804,sans_arbres
Quartier A,saison_pluies,5,-66.648,-2.676,0.003,-63.88,0.095,98.272,1.969,0.0,0.0,3.804,sans_arbres
Quartier A,saison_pluies,6,-66.816,-3.02,-0.003,-63.687,0.105,98.197,1.995,0.0,0.0,3.804,sans_arbres
Quartier A,saison_pluies,7,-60.714,-0.722,0.347,-60.197,0.141,96.893,2.111,11.124,0.0,3.804,sans_arbres
Quartier A,saison_pluies,8,-0.721,24.959,2.847,-28.329,0.197,93.437,2.701,101.144,0.0,3.805,sans_arbres
Quartier A,saison_pluies,9,149.729,93.805,9.047,47.102,0.224,88.435,3.213,313.59,0.0,3.808,sans_arbres
Quartier A,saison_pluies,10,311.085,169.45,17.912,123.935,0.213,75.743,3.089,551.695,0.0,3.814,sans_arbres
Quartier A,saison_pluies,11,451.938,234.288,26.311,191.55,0.21,64.625,2.541,757.399,0.0,3.826,sans_arbres
Quartier A,saison_pluies,12,558.58,284.444,33.294,241.055,0.213,59.188,1.907,904.688,0.0,3.844,sans_arbres
Quartier A,saison_pluies,13,613.602,308.027,39.802,265.985,0.213,54.43,1.392,980.278,0.0,3.868,sans_arbres
Quartier A,saison_pluies,14,610.443,305.906,41.933,262.818,0.215,49.894,1.025,977.02,0.0,3.897,sans_arbres
Quartier A,saison_pluies,15,550.246,279.027,40.304,231.134,0.22,46.386,0.834,895.898,0.0,3.927,sans_arbres
Quartier A,saison_pluies,16,443.452,230.335,34.545,178.803,0.231,48.606,1.042,744.148,0.0,3.954,sans_arbres
Quartier A,saison_pluies,17,302.125,167.235,24.623,110.503,0.237,53.216,1.61,537.715,0.0,3.975,sans_arbres
Quartier A,saison_pluies,18,137.18,92.716,14.851,29.836,0.223,59.823,1.974,303.283,0.0,3.988,sans_arbres
Quartier A,saison_pluies,19,-8.726,23.949,7.289,-39.772,0.192,66.647,1.622,94.456,0.0,3.995,sans_arbres
Quartier A,saison_pluies,20,-65.118,-3.724,2.89,-64.113,0.171,78.624,0.878,8.637,0.0,3.998,sans_arbres
Quartier A,saison_pluies,21,-66.147,-4.445,1.607,-63.153,0.156,86.507,0.814,0.004,0.0,4.0,sans_arbres
Quartier A,saison_pluies,22,-65.427,-3.253,0.735,-62.756,0.153,93.274,0.835,0.0,0.0,4.0,sans_arbres
Quartier A,saison_pluies,23,-65.827,-2.831,0.15,-63.001,0.146,97.811,0.79,0.0,0.0,4.001,sans_arbres
Quartier A,saison_pluies,24,-66.34,-3.147,0.258,-63.319,0.133,96.956,0.785,0.0,0.0,4.001,sans_arbres
Quartier SC2,chaud_saison_seche,1,-93.293,-24.402,2.194,-70.291,0.794,48.848,3.783,0.0,0.0,30.356,sans_arbres
Quartier SC2,chaud_saison_seche,2,-90.621,-22.854,1.926,-68.995,0.699,52.795,3.561,0.0,0.0,30.359,sans_arbres
Quartier SC2,chaud_saison_seche,3,-89.434,-22.167,1.857,-68.453,0.67,53.276,3.524,0.0,0.0,30.362,sans_arbres
Quartier SC2,chaud_saison_seche,4,-92.514,-23.732,2.002,-70.134,0.648,50.284,3.633,0.0,0.0,30.365,sans_arbres
Quartier SC2,chaud_saison_seche,5,-92.467,-23.912,2.205,-70.107,0.652,45.766,3.833,0.0,0.0,30.368,sans_arbres
Quartier SC2,chaud_saison_seche,6,-93.896,-25.038,2.512,-70.65,0.72,39.218,4.029,0.006,0.0,30.371,sans_arbres
Quartier SC2,chaud_saison_seche,7,-93.484,-25.089,2.935,-70.367,0.962,33.154,4.062,11.517,0.0,30.375,sans_arbres
Quartier SC2,chaud_saison_seche,8,-42.691,0.431,4.555,-46.332,1.346,25.239,4.701,103.409,0.0,30.38,sans_arbres
Quartier SC2,chaud_saison_seche,9,91.079,72.185,7.278,13.148,1.532,20.387,5.148,316.751,0.0,30.389,sans_arbres
Quartier SC2,chaud_saison_seche,10,237.662,152.884,11.463,74.769,1.453,15.641,5.27,558.537,0.0,30.403,sans_arbres
Quartier SC2,chaud_saison_seche,11,365.955,221.807,15.69,129.894,1.436,11.559,6.141,772.344,0.0,30.423,sans_arbres
Quartier SC2,chaud_saison_seche,12,467.418,277.84,18.219,172.813,1.454,10.628,7.221,931.045,0.0,30.449,sans_arbres
Quartier SC2,chaud_saison_seche,13,525.796,311.183,20.355,195.711,1.453,10.142,7.111,1018.985,0.0,30.477,sans_arbres
Quartier SC2,chaud_saison_seche,14,529.4,313.835,22.789,194.245,1.469,9.355,6.019,1028.355,0.0,30.509,sans_arbres
Quartier SC2,chaud_saison_seche,15,477.27,285.985,24.046,168.742,1.503,8.764,5.135,958.126,0.0,30.543,sans_arbres
Quartier SC2,chaud_saison_seche,16,377.15,231.571,22.884,124.27,1.575,8.947,4.596,814.026,0.0,30.578,sans_arbres
Quartier SC2,chaud_saison_seche,17,240.998,156.773,19.205,66.637,1.617,10.357,4.125,609.525,0.0,30.609,sans_arbres
Quartier SC2,chaud_saison_seche,18,84.71,71.894,13.99,0.348,1.522,12.682,3.736,368.921,0.0,30.633,sans_arbres
Quartier SC2,chaud_saison_seche,19,-61.875,-8.181,8.604,-60.987,1.312,17.162,2.974,141.893,0.0,30.649,sans_arbres
Quartier SC2,chaud_saison_seche,20,-125.225,-43.45,4.299,-84.904,1.17,28.579,2.887,17.896,0.0,30.658,sans_arbres
Quartier SC2,chaud_saison_seche,21,-121.296,-41.415,2.989,-81.803,1.067,37.425,3.486,0.524,0.0,30.663,sans_arbres
Quartier SC2,chaud_saison_seche,22,-113.915,-36.915,2.548,-78.506,1.042,42.431,3.916,0.0,0.0,30.667,sans_arbres
Quartier SC2,chaud_saison_seche,23,-107.111,-32.908,2.308,-75.517,0.994,45.237,3.869,0.0,0.0,30.671,sans_arbres
Quartier SC2,chaud_saison_seche,24,-107.906,-32.974,2.227,-76.254,0.906,46.304,3.594,0.0,0.0,30.674,sans_arbres
Quartier SC2,frais_saison_seche,1,-96.171,-24.525,1.117,-71.969,0.794,59.728,5.961,0.0,0.0,20.238,sans_arbres
Quartier SC2,frais_saison_seche,2,-96.571,-25.275,1.299,-71.896,0.699,52.782,5.711,0.0,0.0,20.24,sans_arbres
Quartier SC2,frais_saison_seche,3,-96.761,-25.671,1.38,-71.799,0.67,48.459,5.427,0.0,0.0,20.242,sans_arbres
Quartier SC2,frais_saison_seche,4,-99.332,-26.974,1.37,-73.079,0.648,47.488,5.107,0.0,0.0,20.244,sans_arbres
Quartier SC2,frais_saison_seche,5,-98.884,-26.741,1.231,-72.722,0.652,50.092,4.853,0.0,0.0,20.246,sans_arbres
Quartier SC2,frais_saison_seche,6,-98.091,-26.262,1.142,-72.253,0.72,51.604,4.706,0.0,0.0,20.248,sans_arbres
Quartier SC2,frais_saison_seche,7,-97.067,-25.422,1.134,-71.817,0.962,51.351,4.69,0.799,0.0,20.249,sans_arbres
Quartier SC2,frais_saison_seche,8,-83.183,-18.182,1.305,-64.959,1.346,49.843,4.933,23.927,0.0,20.251,sans_arbres
Quartier SC2,frais_saison_seche,9,2.491,27.376,2.091,-25.444,1.532,44.797,6.03,155.461,0.0,20.253,sans_arbres
Quartier SC2,frais_saison_seche,10,136.623,102.212,3.64,32.223,1.453,35.088,7.001,371.021,0.0,20.258,sans_arbres
Quartier SC2,frais_saison_seche,11,267.179,175.233,5.349,88.033,1.436,27.476,7.807,580.891,0.0,20.264,sans_arbres
Quartier SC2,frais_saison_seche,12,375.325,236.595,6.453,133.731,1.454,25.787,8.01,743.336,0.0,20.273,sans_arbres
Quartier SC2,frais_saison_seche,13,441.268,274.392,7.209,161.12,1.453,24.823,7.868,839.349,0.0,20.283,sans_arbres
Quartier SC2,frais_saison_seche,14,448.238,280.765,8.332,160.611,1.469,22.615,7.53,859.425,0.0,20.294,sans_arbres
Quartier SC2,frais_saison_seche,15,404.689,258.643,8.857,138.693,1.503,21.169,7.225,801.908,0.0,20.307,sans_arbres
Quartier SC2,frais_saison_seche,16,319.139,211.949,8.16,100.605,1.575,21.738,7.086,671.835,0.0,20.32,sans_arbres
Quartier SC2,frais_saison_seche,17,197.369,144.079,6.567,48.34,1.617,25.558,7.091,483.026,0.0,20.33,sans_arbres
Quartier SC2,frais_saison_seche,18,59.658,67.118,4.325,-10.263,1.522,35.036,6.915,262.865,0.0,20.338,sans_arbres
Quartier SC2,frais_saison_seche,19,-58.013,0.011,2.352,-59.064,1.312,47.322,5.932,74.113,0.0,20.343,sans_arbres
Quartier SC2,frais_saison_seche,20,-91.945,-21.485,1.236,-70.528,1.17,58.31,5.097,6.393,0.0,20.345,sans_arbres
Quartier SC2,frais_saison_seche,21,-90.522,-21.459,0.956,-68.951,1.067,62.835,4.932,0.0,0.0,20.347,sans_arbres
Quartier SC2,frais_saison_seche,22,-92.535,-22.254,0.843,-70.082,1.042,66.031,5.045,0.0,0.0,20.348,sans_arbres
Quartier SC2,frais_saison_seche,23,-93.86,-22.967,0.817,-70.716,0.994,66.388,5.106,0.0,0.0,20.349,sans_arbres
Quartier SC2,frais_saison_seche,24,-97.212,-24.967,0.949,-72.288,0.906,61.502,4.926,0.0,0.0,20.351,sans_arbres
Quartier SC2,saison_pluies,1,-64.437,-4.354,0.385,-59.674,0.794,96.03,3.889,0.0,0.0,0.423,sans_arbres
Quartier SC2,saison_pluies,2,-60.071,-2.667,0.387,-57.093,0.699,96.611,3.69,0.0,0.0,0.423,sans_arbres
Quartier SC2,saison_pluies,3,-58.64,-2.156,0.302,-56.116,0.67,97.374,3.418,0.0,0.0,0.423,sans_arbres
Quartier SC2,saison_pluies,4,-62.835,-3.941,0.072,-58.318,0.648,98.345,3.246,0.0,0.0,0.423,sans_arbres
Quartier SC2,saison_pluies,5,-66.838,-5.731,-0.117,-60.338,0.652,99.046,3.139,0.0,0.0,0.423,sans_arbres
Quartier SC2,saison_pluies,6,-67.006,-6.029,-0.123,-60.135,0.72,98.98,3.191,0.0,0.0,0.423,sans_arbres
Quartier SC2,saison_pluies,7,-61.314,-3.503,0.288,-57.137,0.962,97.476,3.424,11.124,0.0,0.423,sans_arbres
Quartier SC2,saison_pluies,8,-4.603,23.364,3.228,-29.85,1.346,92.868,4.231,101.144,0.0,0.424,sans_arbres
Quartier SC2,saison_pluies,9,138.125,94.588,10.389,34.681,1.532,85.951,4.611,313.59,0.0,0.427,sans_arbres
Quartier SC2,saison_pluies,10,290.806,171.593,20.661,100.006,1.453,71.864,4.338,551.695,0.0,0.433,sans_arbres
Quartier SC2,saison_pluies,11,424.169,237.693,30.73,157.183,1.436,59.354,3.558,757.399,0.0,0.446,sans_arbres
Quartier SC2,saison_pluies,12,525.464,288.453,38.688,199.777,1.454,52.285,2.703,904.688,0.0,0.466,sans_arbres
Quartier SC2,saison_pluies,13,577.743,314.14,44.45,220.606,1.453,46.765,2.235,980.278,0.0,0.493,sans_arbres
Quartier SC2,saison_pluies,14,574.7,311.649,46.045,218.476,1.469,43.086,2.104,977.02,0.0,0.522,sans_arbres
Quartier SC2,saison_pluies,15,517.444,283.218,44.107,191.622,1.503,41.207,2.083,895.898,0.0,0.552,sans_arbres
Quartier SC2,saison_pluies,16,416.167,233.669,37.777,146.296,1.575,43.628,2.108,744.148,0.0,0.58,sans_arbres
Quartier SC2,saison_pluies,17,282.357,168.436,27.65,87.888,1.617,49.21,2.407,537.715,0.0,0.601,sans_arbres
Quartier SC2,saison_pluies,18,125.935,91.465,16.773,19.22,1.522,57.549,2.758,303.283,0.0,0.615,sans_arbres
Quartier SC2,saison_pluies,19,-12.374,21.119,7.904,-40.086,1.312,65.848,2.457,94.456,0.0,0.622,sans_arbres
Quartier SC2,saison_pluies,20,-65.635,-6.765,2.992,-60.693,1.17,78.368,1.455,8.637,0.0,0.625,sans_arbres
Quartier SC2,saison_pluies,21,-66.336,-7.271,1.625,-59.623,1.067,86.243,1.451,0.004,0.0,0.626,sans_arbres
Quartier SC2,saison_pluies,22,-65.614,-5.996,0.693,-59.268,1.042,93.259,1.437,0.0,0.0,0.627,sans_arbres
Quartier SC2,saison_pluies,23,-66.015,-5.585,0.063,-59.498,0.994,97.979,1.353,0.0,0.0,0.628,sans_arbres
Quartier SC2,saison_pluies,24,-66.529,-6.006,0.175,-59.793,0.906,97.044,1.362,0.0,0.0,0.628,sans_arbres
Servitude climatique 1,chaud_saison_seche,1,-93.31,-27.731,2.082,-67.544,0.117,49.3,4.064,0.0,0.0,30.789,sans_arbres
Servitude climatique 1,chaud_saison_seche,2,-90.639,-26.028,1.824,-66.331,0.103,53.246,3.828,0.0,0.0,30.792,sans_arbres
Servitude climatique 1,chaud_saison_seche,3,-89.451,-25.288,1.76,-65.823,0.099,53.721,3.788,0.0,0.0,30.794,sans_arbres
Servitude climatique 1,chaud_saison_seche,4,-92.531,-26.907,1.901,-67.43,0.096,50.721,3.905,0.0,0.0,30.797,sans_arbres
Servitude climatique 1,chaud_saison_seche,5,-92.485,-27.087,2.104,-67.406,0.096,46.178,4.117,0.0,0.0,30.8,sans_arbres
Servitude climatique 1,chaud_saison_seche,6,-93.914,-28.305,2.407,-67.909,0.106,39.604,4.319,0.006,0.0,30.803,sans_arbres
Servitude climatique 1,chaud_saison_seche,7,-93.691,-28.635,2.812,-67.726,0.142,33.519,4.342,11.517,0.0,30.807,sans_arbres
Servitude climatique 1,chaud_saison_seche,8,-44.394,-3.006,4.446,-45.635,0.199,25.483,4.887,103.409,0.0,30.812,sans_arbres
Servitude climatique 1,chaud_saison_seche,9,85.906,69.82,7.341,8.973,0.226,20.353,5.51,316.751,0.0,30.821,sans_arbres
Servitude climatique 1,chaud_saison_seche,10,228.555,151.68,11.773,65.317,0.215,15.538,5.623,558.537,0.0,30.835,sans_arbres
Servitude climatique 1,chaud_saison_seche,11,353.37,221.583,16.148,115.85,0.212,11.465,6.556,772.344,0.0,30.856,sans_arbres
Servitude climatique 1,chaud_saison_seche,12,452.251,278.587,18.68,155.199,0.215,10.552,7.723,931.045,0.0,30.881,sans_arbres
Servitude climatique 1,chaud_saison_seche,13,509.199,312.552,20.989,175.873,0.214,10.043,7.597,1018.985,0.0,30.911,sans_arbres
Servitude climatique 1,chaud_saison_seche,14,512.651,314.609,23.832,174.427,0.217,9.206,6.413,1028.355,0.0,30.943,sans_arbres
Servitude climatique 1,chaud_saison_seche,15,461.661,285.523,25.375,150.984,0.222,8.594,5.464,958.126,0.0,30.98,sans_arbres
Servitude climatique 1,chaud_saison_seche,16,363.883,230.101,24.111,109.903,0.233,8.793,4.889,814.026,0.0,31.017,sans_arbres
Servitude climatique 1,chaud_saison_seche,17,231.056,154.024,20.005,57.266,0.239,10.24,4.388,609.525,0.0,31.049,sans_arbres
Servitude climatique 1,chaud_saison_seche,18,78.682,68.223,14.176,-3.493,0.225,12.652,3.982,368.921,0.0,31.074,sans_arbres
Servitude climatique 1,chaud_saison_seche,19,-64.212,-12.566,8.361,-59.813,0.194,17.31,3.138,141.893,0.0,31.09,sans_arbres
Servitude climatique 1,chaud_saison_seche,20,-125.542,-47.987,4.069,-81.453,0.173,28.836,3.104,17.896,0.0,31.099,sans_arbres
Servitude climatique 1,chaud_saison_seche,21,-121.328,-45.633,2.811,-78.349,0.158,37.828,3.748,0.524,0.0,31.103,sans_arbres
Servitude climatique 1,chaud_saison_seche,22,-113.937,-40.933,2.393,-75.243,0.154,42.916,4.21,0.0,0.0,31.107,sans_arbres
Servitude climatique 1,chaud_saison_seche,23,-107.131,-36.736,2.171,-72.42,0.147,45.728,4.16,0.0,0.0,31.11,sans_arbres
Servitude climatique 1,chaud_saison_seche,24,-107.927,-36.74,2.094,-73.147,0.134,46.767,3.865,0.0,0.0,31.113,sans_arbres
Servitude climatique 1,frais_saison_seche,1,-96.189,-27.861,0.963,-69.174,0.117,61.044,6.121,0.0,0.0,20.769,sans_arbres
Servitude climatique 1,frais_saison_seche,2,-96.589,-28.542,1.155,-69.098,0.103,53.917,5.896,0.0,0.0,20.77,sans_arbres
Servitude climatique 1,frais_saison_seche,3,-96.779,-28.946,1.25,-68.985,0.099,49.43,5.642,0.0,0.0,20.772,sans_arbres
Servitude climatique 1,frais_saison_seche,4,-99.351,-30.3,1.254,-70.209,0.096,48.339,5.36,0.0,0.0,20.773,sans_arbres
Servitude climatique 1,frais_saison_seche,5,-98.902,-30.063,1.132,-69.875,0.096,50.878,5.123,0.0,0.0,20.775,sans_arbres
Servitude climatique 1,frais_saison_seche,6,-98.11,-29.647,1.051,-69.408,0.106,52.371,4.977,0.0,0.0,20.777,sans_arbres
Servitude climatique 1,frais_saison_seche,7,-97.099,-28.997,1.043,-69.002,0.142,52.13,4.953,0.799,0.0,20.778,sans_arbres
Servitude climatique 1,frais_saison_seche,8,-83.59,-21.932,1.209,-62.668,0.199,50.621,5.109,23.927,0.0,20.78,sans_arbres
Servitude climatique 1,frais_saison_seche,9,-0.056,24.494,2.077,-26.4,0.226,44.827,6.378,155.461,0.0,20.783,sans_arbres
Servitude climatique 1,frais_saison_seche,10,130.569,100.558,3.692,26.534,0.215,34.955,7.479,371.021,0.0,20.787,sans_arbres
Servitude climatique 1,frais_saison_seche,11,257.712,174.624,5.454,77.845,0.212,27.314,8.375,580.891,0.0,20.793,sans_arbres
Servitude climatique 1,frais_saison_seche,12,363.216,237.002,6.602,119.827,0.215,25.606,8.597,743.336,0.0,20.802,sans_arbres
Servitude climatique 1,frais_saison_seche,13,427.598,275.438,7.388,144.986,0.214,24.645,8.433,839.349,0.0,20.812,sans_arbres
Servitude climatique 1,frais_saison_seche,14,434.241,281.748,8.547,144.163,0.217,22.452,8.06,859.425,0.0,20.824,sans_arbres
Servitude climatique 1,frais_saison_seche,15,391.627,258.986,9.08,123.782,0.222,21.021,7.732,801.908,0.0,20.837,sans_arbres
Servitude climatique 1,frais_saison_seche,16,308.192,211.312,8.328,88.784,0.233,21.622,7.59,671.835,0.0,20.85,sans_arbres
Servitude climatique 1,frais_saison_seche,17,189.492,142.258,6.668,40.805,0.239,25.446,7.604,483.026,0.0,20.861,sans_arbres
Servitude climatique 1,frais_saison_seche,18,55.362,64.219,4.347,-12.979,0.225,34.963,7.364,262.865,0.0,20.869,sans_arbres
Servitude climatique 1,frais_saison_seche,19,-59.238,-3.795,2.251,-57.502,0.194,47.824,6.114,74.113,0.0,20.874,sans_arbres
Servitude climatique 1,frais_saison_seche,20,-92.068,-25.185,1.106,-67.816,0.173,59.336,5.295,6.393,0.0,20.876,sans_arbres
Servitude climatique 1,frais_saison_seche,21,-90.539,-24.945,0.848,-66.285,0.158,63.853,5.145,0.0,0.0,20.877,sans_arbres
Servitude climatique 1,frais_saison_seche,22,-92.553,-25.758,0.73,-67.371,0.154,67.153,5.257,0.0,0.0,20.878,sans_arbres
Servitude climatique 1,frais_saison_seche,23,-93.878,-26.456,0.702,-67.977,0.147,67.545,5.32,0.0,0.0,20.879,sans_arbres
Servitude climatique 1,frais_saison_seche,24,-97.231,-28.466,0.84,-69.47,0.134,62.512,5.173,0.0,0.0,20.88,sans_arbres
Servitude climatique 1,saison_pluies,1,-64.624,-5.517,2.081,-61.071,0.117,96.59,3.976,0.0,0.0,0.287,sans_arbres
Servitude climatique 1,saison_pluies,2,-60.246,-3.786,2.119,-58.475,0.103,97.11,3.752,0.0,0.0,0.287,sans_arbres
Servitude climatique 1,saison_pluies,3,-58.811,-3.054,1.861,-57.519,0.099,97.773,3.489,0.0,0.0,0.287,sans_arbres
Servitude climatique 1,saison_pluies,4,-63.018,-4.284,1.119,-59.757,0.096,98.583,3.377,0.0,0.0,0.287,sans_arbres
Servitude climatique 1,saison_pluies,5,-67.032,-5.631,0.506,-61.811,0.096,99.112,3.309,0.0,0.0,0.287,sans_arbres
Servitude climatique 1,saison_pluies,6,-67.201,-5.946,0.484,-61.632,0.106,99.061,3.362,0.0,0.0,0.287,sans_arbres
Servitude climatique 1,saison_pluies,7,-61.172,-4.435,1.822,-58.417,0.142,97.828,3.549,11.124,0.0,0.287,sans_arbres
Servitude climatique 1,saison_pluies,8,-1.702,15.759,11.874,-29.136,0.199,93.706,4.488,101.144,0.0,0.288,sans_arbres
Servitude climatique 1,saison_pluies,9,147.562,69.783,37.653,40.353,0.226,87.454,4.93,313.59,0.0,0.29,sans_arbres
Servitude climatique 1,saison_pluies,10,307.547,123.906,71.996,111.86,0.215,74.023,4.628,551.695,0.0,0.297,sans_arbres
Servitude climatique 1,saison_pluies,11,447.225,170.681,102.326,174.43,0.212,62.103,3.795,757.399,0.0,0.309,sans_arbres
Servitude climatique 1,saison_pluies,12,553.058,208.209,123.736,221.328,0.215,56.011,3.011,904.688,0.0,0.328,sans_arbres
Servitude climatique 1,saison_pluies,13,607.667,226.756,136.699,244.426,0.214,51.693,2.827,980.278,0.0,0.351,sans_arbres
Servitude climatique 1,saison_pluies,14,604.521,222.908,139.981,241.849,0.217,48.58,2.777,977.02,0.0,0.377,sans_arbres
Servitude climatique 1,saison_pluies,15,544.761,199.395,132.978,212.609,0.222,48.335,2.488,895.898,0.0,0.403,sans_arbres
Servitude climatique 1,saison_pluies,16,438.818,161.108,114.249,163.693,0.233,49.851,2.492,744.148,0.0,0.427,sans_arbres
Servitude climatique 1,saison_pluies,17,298.67,112.669,86.239,100.002,0.239,53.956,2.702,537.715,0.0,0.445,sans_arbres
Servitude climatique 1,saison_pluies,18,135.04,55.629,54.076,25.56,0.225,61.632,2.839,303.283,0.0,0.457,sans_arbres
Servitude climatique 1,saison_pluies,19,-9.689,3.544,25.995,-39.034,0.194,69.348,2.455,94.456,0.0,0.464,sans_arbres
Servitude climatique 1,saison_pluies,20,-65.577,-14.134,10.766,-62.036,0.173,80.53,1.565,8.637,0.0,0.467,sans_arbres
Servitude climatique 1,saison_pluies,21,-66.529,-11.591,6.382,-61.163,0.158,87.629,1.574,0.004,0.0,0.468,sans_arbres
Servitude climatique 1,saison_pluies,22,-65.804,-8.089,3.221,-60.782,0.154,93.955,1.558,0.0,0.0,0.469,sans_arbres
Servitude climatique 1,saison_pluies,23,-66.207,-6.129,1.079,-61.01,0.147,98.154,1.467,0.0,0.0,0.469,sans_arbres
Servitude climatique 1,saison_pluies,24,-66.723,-6.762,1.478,-61.305,0.134,97.288,1.478,0.0,0.0,0.469,sans_arbres
Quartier 1,chaud_saison_seche,1,-1.68,-15.809,-0.063,14.192,0.0,1.448,-1.904,0.0,3.327,251.336,difference_arbres_moins_sans
Quartier 1,chaud_saison_seche,2,-1.631,-15.529,-0.102,14.001,0.0,1.811,-1.792,0.0,3.327,251.336,difference_arbres_moins_sans
Quartier 1,chaud_saison_seche,3,-1.61,-15.281,-0.106,13.777,0.0,1.833,-1.774,0.0,3.327,251.336,difference_arbres_moins_sans
Quartier 1,chaud_saison_seche,4,-1.665,-15.724,-0.09,14.149,0.0,1.687,-1.827,0.0,3.327,251.335,difference_arbres_moins_sans
Quartier 1,chaud_saison_seche,5,-1.665,-15.889,-0.051,14.276,0.0,1.298,-1.93,0.0,3.327,251.336,difference_arbres_moins_sans
Quartier 1,chaud_saison_seche,6,-1.691,-15.939,-0.003,14.251,0.0,0.667,-2.011,0.0,3.327,251.336,difference_arbres_moins_sans
Quartier 1,chaud_saison_seche,7,-1.11,-16.004,0.359,14.536,0.0,0.58,-2.028,0.0,3.327,251.336,difference_arbres_moins_sans
Quartier 1,chaud_saison_seche,8,4.384,-15.125,7.654,11.855,0.0,0.629,-2.263,0.0,3.327,251.341,difference_arbres_moins_sans
Quartier 1,chaud_saison_seche,9,17.422,-7.023,20.389,4.055,0.0,0.083,-1.741,0.0,3.327,251.362,difference_arbres_moins_sans
Quartier 1,chaud_saison_seche,10,32.107,2.388,34.841,-5.122,0.0,-0.126,-1.675,0.0,3.327,251.403,difference_arbres_moins_sans
Quartier 1,chaud_saison_seche,11,45.069,9.794,48.77,-13.495,0.0,-0.137,-1.95,0.0,3.327,251.466,difference_arbres_moins_sans
Quartier 1,chaud_saison_seche,12,54.802,20.434,54.185,-19.815,0.0,-0.271,-2.287,0.0,3.327,251.542,difference_arbres_moins_sans
Quartier 1,chaud_saison_seche,13,60.235,24.998,58.411,-23.174,0.0,-0.303,-2.254,0.0,3.327,251.625,difference_arbres_moins_sans
Quartier 1,chaud_saison_seche,14,60.767,24.356,59.944,-23.533,0.0,-0.211,-1.897,0.0,3.327,251.713,difference_arbres_moins_sans
Quartier 1,chaud_saison_seche,15,56.33,18.574,58.855,-21.1,0.0,-0.091,-1.637,0.0,3.327,251.8,difference_arbres_moins_sans
Quartier 1,chaud_saison_seche,16,47.347,9.064,53.895,-15.61,0.0,0.001,-1.485,0.0,3.327,251.882,difference_arbres_moins_sans
Quartier 1,chaud_saison_seche,17,34.707,-5.304,47.275,-7.264,0.0,0.128,-1.329,0.0,3.327,251.957,difference_arbres_moins_sans
Quartier 1,chaud_saison_seche,18,19.905,-16.328,33.628,2.606,0.0,0.406,-1.202,0.0,3.327,252.016,difference_arbres_moins_sans
Quartier 1,chaud_saison_seche,19,5.956,-20.746,13.318,13.384,0.0,1.941,-1.378,0.0,3.327,252.05,difference_arbres_moins_sans
Quartier 1,chaud_saison_seche,20,-1.362,-18.793,0.422,17.009,0.0,1.472,-1.444,0.0,3.327,252.057,difference_arbres_moins_sans
Quartier 1,chaud_saison_seche,21,-2.158,-18.57,-0.165,16.578,0.0,1.402,-1.744,0.0,3.327,252.057,difference_arbres_moins_sans
Quartier 1,chaud_saison_seche,22,-2.051,-17.973,-0.006,15.929,0.0,1.345,-1.965,0.0,3.327,252.056,difference_arbres_moins_sans
Quartier 1,chaud_saison_seche,23,-1.929,-17.008,-0.013,15.093,0.0,1.414,-1.944,0.0,3.327,252.057,difference_arbres_moins_sans
Quartier 1,chaud_saison_seche,24,-1.943,-17.146,-0.077,15.28,0.0,1.655,-1.802,0.0,3.327,252.057,difference_arbres_moins_sans
Quartier 1,frais_saison_seche,1,-1.732,-16.247,0.063,14.452,0.0,0.355,-2.952,0.0,3.263,269.105,difference_arbres_moins_sans
Quartier 1,frais_saison_seche,2,-1.738,-16.309,0.069,14.5,0.0,0.293,-2.824,0.0,3.263,269.105,difference_arbres_moins_sans
Quartier 1,frais_saison_seche,3,-1.742,-16.327,0.075,14.511,0.0,0.244,-2.679,0.0,3.263,269.106,difference_arbres_moins_sans
Quartier 1,frais_saison_seche,4,-1.789,-16.607,0.092,14.727,0.0,0.177,-2.507,0.0,3.263,269.106,difference_arbres_moins_sans
Quartier 1,frais_saison_seche,5,-1.78,-16.581,0.093,14.708,0.0,0.177,-2.375,0.0,3.263,269.106,difference_arbres_moins_sans
Quartier 1,frais_saison_seche,6,-1.766,-16.463,0.089,14.609,0.0,0.192,-2.297,0.0,3.263,269.106,difference_arbres_moins_sans
Quartier 1,frais_saison_seche,7,-1.707,-16.34,0.078,14.555,0.0,0.241,-2.297,0.0,3.263,269.106,difference_arbres_moins_sans
Quartier 1,frais_saison_seche,8,-0.296,-15.201,1.115,13.789,0.0,0.472,-2.447,0.0,3.263,269.106,difference_arbres_moins_sans
Quartier 1,frais_saison_seche,9,7.85,-9.607,8.22,9.237,0.0,0.398,-2.635,0.0,3.263,269.113,difference_arbres_moins_sans
Quartier 1,frais_saison_seche,10,21.087,3.818,16.334,0.935,0.0,-0.49,-2.649,0.0,3.263,269.131,difference_arbres_moins_sans
Quartier 1,frais_saison_seche,11,33.975,17.516,23.412,-6.953,0.0,-0.827,-2.689,0.0,3.263,269.161,difference_arbres_moins_sans
Quartier 1,frais_saison_seche,12,44.078,29.01,28.455,-13.387,0.0,-1.135,-2.629,0.0,3.263,269.199,difference_arbres_moins_sans
Quartier 1,frais_saison_seche,13,50.085,35.944,31.629,-17.488,0.0,-1.29,-2.478,0.0,3.263,269.243,difference_arbres_moins_sans
Quartier 1,frais_saison_seche,14,51.219,34.679,35.626,-19.086,0.0,-1.129,-2.344,0.0,3.263,269.292,difference_arbres_moins_sans
Quartier 1,frais_saison_seche,15,47.548,27.644,37.176,-17.272,0.0,-0.896,-2.253,0.0,3.263,269.347,difference_arbres_moins_sans
Quartier 1,frais_saison_seche,16,39.477,18.681,33.618,-12.821,0.0,-0.727,-2.22,0.0,3.263,269.398,difference_arbres_moins_sans
Quartier 1,frais_saison_seche,17,27.804,7.265,25.866,-5.328,0.0,-0.538,-2.408,0.0,3.263,269.442,difference_arbres_moins_sans
Quartier 1,frais_saison_seche,18,14.272,-4.132,14.943,3.462,0.0,-0.135,-2.832,0.0,3.263,269.472,difference_arbres_moins_sans
Quartier 1,frais_saison_seche,19,2.676,-12.675,4.295,11.057,0.0,0.513,-2.842,0.0,3.263,269.484,difference_arbres_moins_sans
Quartier 1,frais_saison_seche,20,-1.335,-15.449,0.182,13.932,0.0,0.427,-2.532,0.0,3.263,269.487,difference_arbres_moins_sans
Quartier 1,frais_saison_seche,21,-1.63,-15.625,0.049,13.947,0.0,0.479,-2.447,0.0,3.263,269.487,difference_arbres_moins_sans
Quartier 1,frais_saison_seche,22,-1.666,-15.853,0.052,14.135,0.0,0.486,-2.502,0.0,3.263,269.486,difference_arbres_moins_sans
Quartier 1,frais_saison_seche,23,-1.689,-16.004,0.056,14.258,0.0,0.465,-2.529,0.0,3.263,269.487,difference_arbres_moins_sans
Quartier 1,frais_saison_seche,24,-1.75,-16.377,0.076,14.55,0.0,0.346,-2.426,0.0,3.262,269.487,difference_arbres_moins_sans
Quartier 1,saison_pluies,1,-1.126,-12.613,-0.205,11.692,0.0,1.642,-1.877,0.0,3.779,212.558,difference_arbres_moins_sans
Quartier 1,saison_pluies,2,-1.05,-12.19,-0.241,11.383,0.0,1.737,-1.794,0.0,3.779,212.558,difference_arbres_moins_sans
Quartier 1,saison_pluies,3,-1.025,-11.908,-0.271,11.154,0.0,1.834,-1.699,0.0,3.779,212.557,difference_arbres_moins_sans
Quartier 1,saison_pluies,4,-1.098,-12.329,-0.274,11.505,0.0,1.603,-1.66,0.0,3.779,212.557,difference_arbres_moins_sans
Quartier 1,saison_pluies,5,-1.168,-12.905,-0.279,12.015,0.0,1.241,-1.613,0.0,3.779,212.557,difference_arbres_moins_sans
Quartier 1,saison_pluies,6,-1.171,-12.884,-0.27,11.981,0.0,1.321,-1.634,0.0,3.779,212.557,difference_arbres_moins_sans
Quartier 1,saison_pluies,7,-0.494,-12.065,-0.096,11.667,0.0,1.562,-1.664,0.0,3.779,212.557,difference_arbres_moins_sans
Quartier 1,saison_pluies,8,5.168,-11.389,7.917,8.64,0.0,-0.033,-1.457,0.0,3.779,212.561,difference_arbres_moins_sans
Quartier 1,saison_pluies,9,18.686,-13.611,31.366,0.931,0.0,-1.628,-1.299,0.0,3.779,212.592,difference_arbres_moins_sans
Quartier 1,saison_pluies,10,33.709,0.527,41.632,-8.45,0.0,-2.291,-1.23,0.0,3.779,212.653,difference_arbres_moins_sans
Quartier 1,saison_pluies,11,46.713,16.303,45.528,-15.117,0.0,-1.807,-0.989,0.0,3.779,212.722,difference_arbres_moins_sans
Quartier 1,saison_pluies,12,56.126,23.58,53.569,-21.023,0.0,-1.06,-0.696,0.0,3.779,212.803,difference_arbres_moins_sans
Quartier 1,saison_pluies,13,60.962,21.063,67.048,-27.149,0.0,-1.604,-0.515,0.0,3.779,212.899,difference_arbres_moins_sans
Quartier 1,saison_pluies,14,60.739,1.433,87.402,-28.095,0.0,-2.504,-0.449,0.0,3.779,213.022,difference_arbres_moins_sans
Quartier 1,saison_pluies,15,55.53,-24.351,103.984,-24.102,0.0,-0.15,-0.382,0.0,3.779,213.175,difference_arbres_moins_sans
Quartier 1,saison_pluies,16,45.886,-8.472,71.956,-17.597,0.0,-1.112,-0.443,0.0,3.779,213.317,difference_arbres_moins_sans
Quartier 1,saison_pluies,17,32.836,3.02,40.396,-10.581,0.0,-0.479,-0.591,0.0,3.779,213.4,difference_arbres_moins_sans
Quartier 1,saison_pluies,18,17.938,-4.553,24.195,-1.705,0.0,-0.63,-0.778,0.0,3.779,213.45,difference_arbres_moins_sans
Quartier 1,saison_pluies,19,4.685,-10.201,7.636,7.25,0.0,0.736,-0.708,0.0,3.779,213.475,difference_arbres_moins_sans
Quartier 1,saison_pluies,20,-0.699,-11.983,-0.429,11.713,0.0,5.852,-0.686,0.0,3.779,213.478,difference_arbres_moins_sans
Quartier 1,saison_pluies,21,-1.159,-12.296,-0.66,11.796,0.0,6.633,-0.678,0.0,3.779,213.478,difference_arbres_moins_sans
Quartier 1,saison_pluies,22,-1.147,-12.37,-0.533,11.757,0.0,4.739,-0.675,0.0,3.779,213.478,difference_arbres_moins_sans
Quartier 1,saison_pluies,23,-1.153,-12.497,-0.455,11.799,0.0,1.69,-0.636,0.0,3.779,213.478,difference_arbres_moins_sans
Quartier 1,saison_pluies,24,-1.163,-12.528,-0.476,11.841,0.0,2.483,-0.639,0.0,3.779,213.478,difference_arbres_moins_sans
Quartier 2,chaud_saison_seche,1,-1.22,-13.462,-0.092,12.334,0.0,1.409,-1.712,0.0,3.345,185.514,difference_arbres_moins_sans
Quartier 2,chaud_saison_seche,2,-1.184,-13.201,-0.143,12.16,0.0,1.738,-1.606,0.0,3.345,185.514,difference_arbres_moins_sans
Quartier 2,chaud_saison_seche,3,-1.169,-12.992,-0.145,11.968,0.0,1.761,-1.59,0.0,3.345,185.514,difference_arbres_moins_sans
Quartier 2,chaud_saison_seche,4,-1.209,-13.372,-0.127,12.29,0.0,1.623,-1.638,0.0,3.345,185.514,difference_arbres_moins_sans
Quartier 2,chaud_saison_seche,5,-1.209,-13.531,-0.078,12.4,0.0,1.298,-1.741,0.0,3.345,185.514,difference_arbres_moins_sans
Quartier 2,chaud_saison_seche,6,-1.227,-13.598,-0.028,12.399,0.0,0.887,-1.822,0.0,3.345,185.514,difference_arbres_moins_sans
Quartier 2,chaud_saison_seche,7,-0.865,-13.619,0.174,12.578,0.0,0.687,-1.826,0.0,3.345,185.514,difference_arbres_moins_sans
Quartier 2,chaud_saison_seche,8,2.641,-13.208,6.313,9.537,0.0,0.583,-2.01,0.0,3.345,185.517,difference_arbres_moins_sans
Quartier 2,chaud_saison_seche,9,10.99,-7.908,17.736,1.161,0.0,0.104,-1.547,0.0,3.345,185.535,difference_arbres_moins_sans
Quartier 2,chaud_saison_seche,10,20.385,-2.022,31.079,-8.671,0.0,-0.069,-1.333,0.0,3.345,185.571,difference_arbres_moins_sans
Quartier 2,chaud_saison_seche,11,28.676,3.296,42.937,-17.556,0.0,-0.078,-1.553,0.0,3.345,185.627,difference_arbres_moins_sans
Quartier 2,chaud_saison_seche,12,34.912,9.813,49.432,-24.333,0.0,-0.161,-1.902,0.0,3.345,185.697,difference_arbres_moins_sans
Quartier 2,chaud_saison_seche,13,38.395,14.118,52.239,-27.961,0.0,-0.2,-1.823,0.0,3.345,185.771,difference_arbres_moins_sans
Quartier 2,chaud_saison_seche,14,38.733,12.495,54.476,-28.24,0.0,-0.128,-1.495,0.0,3.345,185.849,difference_arbres_moins_sans
Quartier 2,chaud_saison_seche,15,35.878,8.174,53.081,-25.377,0.0,-0.036,-1.247,0.0,3.345,185.928,difference_arbres_moins_sans
Quartier 2,chaud_saison_seche,16,30.112,0.46,49.317,-19.665,0.0,0.036,-1.11,0.0,3.345,186.004,difference_arbres_moins_sans
Quartier 2,chaud_saison_seche,17,22.006,-9.307,41.987,-10.674,0.0,0.111,-1.005,0.0,3.345,186.072,difference_arbres_moins_sans
Quartier 2,chaud_saison_seche,18,12.52,-17.127,29.847,-0.2,0.0,0.319,-0.953,0.0,3.345,186.123,difference_arbres_moins_sans
Quartier 2,chaud_saison_seche,19,3.58,-18.866,11.254,11.192,0.0,1.791,-1.254,0.0,3.345,186.153,difference_arbres_moins_sans
Quartier 2,chaud_saison_seche,20,-1.083,-15.999,-0.028,14.944,0.0,1.357,-1.278,0.0,3.345,186.159,difference_arbres_moins_sans
Quartier 2,chaud_saison_seche,21,-1.57,-16.04,-0.16,14.63,0.0,1.288,-1.543,0.0,3.345,186.158,difference_arbres_moins_sans
Quartier 2,chaud_saison_seche,22,-1.489,-15.433,-0.048,13.992,0.0,1.222,-1.745,0.0,3.345,186.158,difference_arbres_moins_sans
Quartier 2,chaud_saison_seche,23,-1.4,-14.596,-0.053,13.249,0.0,1.334,-1.734,0.0,3.345,186.158,difference_arbres_moins_sans
Quartier 2,chaud_saison_seche,24,-1.411,-14.69,-0.106,13.386,0.0,1.491,-1.596,0.0,3.345,186.157,difference_arbres_moins_sans
Quartier 2,frais_saison_seche,1,-1.257,-13.875,0.04,12.578,0.0,0.32,-2.571,0.0,3.302,189.564,difference_arbres_moins_sans
Quartier 2,frais_saison_seche,2,-1.262,-13.929,0.046,12.62,0.0,0.267,-2.459,0.0,3.302,189.564,difference_arbres_moins_sans
Quartier 2,frais_saison_seche,3,-1.265,-13.949,0.051,12.632,0.0,0.225,-2.334,0.0,3.302,189.564,difference_arbres_moins_sans
Quartier 2,frais_saison_seche,4,-1.299,-14.195,0.063,12.833,0.0,0.201,-2.194,0.0,3.302,189.565,difference_arbres_moins_sans
Quartier 2,frais_saison_seche,5,-1.293,-14.175,0.057,12.826,0.0,0.288,-2.099,0.0,3.302,189.565,difference_arbres_moins_sans
Quartier 2,frais_saison_seche,6,-1.282,-14.052,0.049,12.72,0.0,0.371,-2.045,0.0,3.302,189.565,difference_arbres_moins_sans
Quartier 2,frais_saison_seche,7,-1.244,-13.954,0.041,12.668,0.0,0.401,-2.043,0.0,3.302,189.565,difference_arbres_moins_sans
Quartier 2,frais_saison_seche,8,-0.343,-13.089,0.93,11.817,0.0,0.483,-2.154,0.0,3.302,189.565,difference_arbres_moins_sans
Quartier 2,frais_saison_seche,9,4.873,-9.366,7.461,6.777,0.0,0.437,-2.342,0.0,3.302,189.57,difference_arbres_moins_sans
Quartier 2,frais_saison_seche,10,13.337,0.512,14.937,-2.111,0.0,-0.253,-2.452,0.0,3.302,189.587,difference_arbres_moins_sans
Quartier 2,frais_saison_seche,11,21.578,10.709,21.429,-10.559,0.0,-0.522,-2.601,0.0,3.302,189.615,difference_arbres_moins_sans
Quartier 2,frais_saison_seche,12,28.049,19.384,26.144,-17.478,0.0,-0.78,-2.497,0.0,3.302,189.65,difference_arbres_moins_sans
Quartier 2,frais_saison_seche,13,31.9,24.632,29.124,-21.857,0.0,-0.926,-2.262,0.0,3.302,189.69,difference_arbres_moins_sans
Quartier 2,frais_saison_seche,14,32.616,22.919,32.824,-23.127,0.0,-0.825,-2.034,0.0,3.302,189.735,difference_arbres_moins_sans
Quartier 2,frais_saison_seche,15,30.257,17.035,34.215,-20.994,0.0,-0.649,-1.927,0.0,3.302,189.786,difference_arbres_moins_sans
Quartier 2,frais_saison_seche,16,25.089,10.316,30.867,-16.095,0.0,-0.507,-1.984,0.0,3.302,189.834,difference_arbres_moins_sans
Quartier 2,frais_saison_seche,17,17.618,2.04,23.636,-8.057,0.0,-0.328,-2.29,0.0,3.302,189.873,difference_arbres_moins_sans
Quartier 2,frais_saison_seche,18,8.964,-5.842,13.547,1.26,0.0,0.005,-2.548,0.0,3.302,189.899,difference_arbres_moins_sans
Quartier 2,frais_saison_seche,19,1.549,-11.431,3.703,9.277,0.0,0.483,-2.497,0.0,3.302,189.911,difference_arbres_moins_sans
Quartier 2,frais_saison_seche,20,-1.003,-13.218,0.107,12.107,0.0,0.39,-2.21,0.0,3.302,189.913,difference_arbres_moins_sans
Quartier 2,frais_saison_seche,21,-1.183,-13.324,0.025,12.115,0.0,0.45,-2.14,0.0,3.302,189.913,difference_arbres_moins_sans
Quartier 2,frais_saison_seche,22,-1.21,-13.525,0.028,12.287,0.0,0.452,-2.184,0.0,3.302,189.914,difference_arbres_moins_sans
Quartier 2,frais_saison_seche,23,-1.227,-13.659,0.033,12.399,0.0,0.431,-2.207,0.0,3.302,189.913,difference_arbres_moins_sans
Quartier 2,frais_saison_seche,24,-1.271,-13.984,0.046,12.667,0.0,0.384,-2.13,0.0,3.302,189.914,difference_arbres_moins_sans
Quartier 2,saison_pluies,1,-0.813,-10.63,-0.274,10.092,0.0,1.184,-1.705,0.0,3.692,139.836,difference_arbres_moins_sans
Quartier 2,saison_pluies,2,-0.758,-10.226,-0.306,9.774,0.0,1.279,-1.624,0.0,3.692,139.836,difference_arbres_moins_sans
Quartier 2,saison_pluies,3,-0.74,-10.039,-0.33,9.629,0.0,1.484,-1.54,0.0,3.692,139.836,difference_arbres_moins_sans
Quartier 2,saison_pluies,4,-0.793,-10.419,-0.326,9.951,0.0,1.541,-1.523,0.0,3.692,139.836,difference_arbres_moins_sans
Quartier 2,saison_pluies,5,-0.843,-10.856,-0.325,10.336,0.0,1.409,-1.506,0.0,3.692,139.835,difference_arbres_moins_sans
Quartier 2,saison_pluies,6,-0.845,-10.868,-0.312,10.333,0.0,1.462,-1.517,0.0,3.692,139.835,difference_arbres_moins_sans
Quartier 2,saison_pluies,7,-0.44,-10.324,-0.094,9.979,0.0,1.403,-1.52,0.0,3.692,139.835,difference_arbres_moins_sans
Quartier 2,saison_pluies,8,2.982,-10.328,6.838,6.473,0.0,0.12,-1.349,0.0,3.692,139.839,difference_arbres_moins_sans
Quartier 2,saison_pluies,9,11.167,-13.261,26.71,-2.281,0.0,-0.842,-1.062,0.0,3.692,139.867,difference_arbres_moins_sans
Quartier 2,saison_pluies,10,20.249,-1.453,34.359,-12.656,0.0,-1.058,-0.945,0.0,3.692,139.918,difference_arbres_moins_sans
Quartier 2,saison_pluies,11,28.114,11.412,37.044,-20.341,0.0,0.164,-0.747,0.0,3.692,139.977,difference_arbres_moins_sans
Quartier 2,saison_pluies,12,33.819,16.37,45.083,-27.633,0.0,1.215,-0.536,0.0,3.692,140.046,difference_arbres_moins_sans
Quartier 2,saison_pluies,13,36.751,11.406,58.313,-32.968,0.0,1.328,-0.42,0.0,3.692,140.13,difference_arbres_moins_sans
Quartier 2,saison_pluies,14,36.614,-10.596,80.649,-33.439,0.0,0.928,-0.469,0.0,3.692,140.243,difference_arbres_moins_sans
Quartier 2,saison_pluies,15,33.454,-29.199,91.487,-28.834,0.0,2.239,-0.452,0.0,3.692,140.385,difference_arbres_moins_sans
Quartier 2,saison_pluies,16,27.616,-14.151,63.753,-21.987,0.0,1.118,-0.455,0.0,3.692,140.512,difference_arbres_moins_sans
Quartier 2,saison_pluies,17,19.723,0.472,33.256,-14.006,0.0,0.87,-0.46,0.0,3.692,140.585,difference_arbres_moins_sans
Quartier 2,saison_pluies,18,10.704,-4.109,19.069,-4.257,0.0,0.053,-0.582,0.0,3.692,140.626,difference_arbres_moins_sans
Quartier 2,saison_pluies,19,2.682,-8.233,5.568,5.346,0.0,0.26,-0.553,0.0,3.692,140.646,difference_arbres_moins_sans
Quartier 2,saison_pluies,20,-0.569,-9.99,-0.64,10.062,0.0,4.4,-0.623,0.0,3.692,140.649,difference_arbres_moins_sans
Quartier 2,saison_pluies,21,-0.837,-10.355,-0.711,10.229,0.0,5.238,-0.636,0.0,3.692,140.649,difference_arbres_moins_sans
Quartier 2,saison_pluies,22,-0.827,-10.456,-0.558,10.186,0.0,4.535,-0.654,0.0,3.692,140.648,difference_arbres_moins_sans
Quartier 2,saison_pluies,23,-0.833,-10.597,-0.46,10.224,0.0,2.3,-0.623,0.0,3.692,140.648,difference_arbres_moins_sans
Quartier 2,saison_pluies,24,-0.84,-10.622,-0.48,10.263,0.0,3.101,-0.628,0.0,3.692,140.647,difference_arbres_moins_sans
Quartier 3,chaud_saison_seche,1,-2.796,-24.685,-0.008,21.897,0.0,0.966,-0.454,0.0,3.326,440.192,difference_arbres_moins_sans
Quartier 3,chaud_saison_seche,2,-2.716,-24.172,-0.113,21.569,0.0,1.735,-0.467,0.0,3.326,440.192,difference_arbres_moins_sans
Quartier 3,chaud_saison_seche,3,-2.68,-23.788,-0.116,21.223,0.0,1.779,-0.465,0.0,3.326,440.192,difference_arbres_moins_sans
Quartier 3,chaud_saison_seche,4,-2.773,-24.522,-0.077,21.826,0.0,1.479,-0.463,0.0,3.326,440.191,difference_arbres_moins_sans
Quartier 3,chaud_saison_seche,5,-2.772,-24.757,0.014,21.973,0.0,0.758,-0.453,0.0,3.326,440.191,difference_arbres_moins_sans
Quartier 3,chaud_saison_seche,6,-2.814,-24.873,0.069,21.99,0.0,0.233,-0.458,0.0,3.326,440.191,difference_arbres_moins_sans
Quartier 3,chaud_saison_seche,7,-1.793,-24.817,0.723,22.301,0.0,0.224,-0.476,0.0,3.326,440.191,difference_arbres_moins_sans
Quartier 3,chaud_saison_seche,8,7.775,-23.204,12.379,18.6,0.0,0.789,-0.854,0.0,3.326,440.2,difference_arbres_moins_sans
Quartier 3,chaud_saison_seche,9,30.463,-11.666,34.443,7.686,0.0,0.357,-1.358,0.0,3.326,440.235,difference_arbres_moins_sans
Quartier 3,chaud_saison_seche,10,56.026,2.188,59.443,-5.606,0.0,0.073,-1.436,0.0,3.326,440.305,difference_arbres_moins_sans
Quartier 3,chaud_saison_seche,11,78.59,14.157,81.556,-17.123,0.0,0.041,-1.669,0.0,3.326,440.41,difference_arbres_moins_sans
Quartier 3,chaud_saison_seche,12,95.527,28.882,93.17,-26.524,0.0,-0.075,-1.946,0.0,3.326,440.54,difference_arbres_moins_sans
Quartier 3,chaud_saison_seche,13,104.976,37.64,98.465,-31.13,0.0,-0.161,-1.922,0.0,3.326,440.681,difference_arbres_moins_sans
Quartier 3,chaud_saison_seche,14,105.904,35.999,101.663,-31.758,0.0,-0.133,-1.608,0.0,3.326,440.828,difference_arbres_moins_sans
Quartier 3,chaud_saison_seche,15,98.192,27.282,99.686,-28.775,0.0,-0.034,-1.345,0.0,3.326,440.977,difference_arbres_moins_sans
Quartier 3,chaud_saison_seche,16,82.575,9.8,93.56,-20.784,0.0,0.102,-1.198,0.0,3.326,441.119,difference_arbres_moins_sans
Quartier 3,chaud_saison_seche,17,60.589,-10.633,80.216,-8.994,0.0,0.284,-1.086,0.0,3.326,441.246,difference_arbres_moins_sans
Quartier 3,chaud_saison_seche,18,34.839,-28.994,58.975,4.859,0.0,0.721,-1.037,0.0,3.326,441.348,difference_arbres_moins_sans
Quartier 3,chaud_saison_seche,19,10.568,-34.592,24.146,21.014,0.0,2.614,-0.682,0.0,3.326,441.408,difference_arbres_moins_sans
Quartier 3,chaud_saison_seche,20,-2.187,-29.539,1.365,25.988,0.0,0.745,-0.344,0.0,3.326,441.422,difference_arbres_moins_sans
Quartier 3,chaud_saison_seche,21,-3.59,-28.972,-0.052,25.433,0.0,0.649,-0.415,0.0,3.326,441.422,difference_arbres_moins_sans
Quartier 3,chaud_saison_seche,22,-3.414,-27.931,0.074,24.443,0.0,0.657,-0.457,0.0,3.326,441.422,difference_arbres_moins_sans
Quartier 3,chaud_saison_seche,23,-3.21,-26.6,0.045,23.345,0.0,0.823,-0.453,0.0,3.326,441.422,difference_arbres_moins_sans
Quartier 3,chaud_saison_seche,24,-3.235,-26.769,-0.049,23.583,0.0,1.073,-0.435,0.0,3.326,441.422,difference_arbres_moins_sans
Quartier 3,frais_saison_seche,1,-2.883,-25.203,0.059,22.262,0.0,0.349,-0.823,0.0,3.248,479.422,difference_arbres_moins_sans
Quartier 3,frais_saison_seche,2,-2.894,-25.291,0.068,22.328,0.0,0.267,-0.774,0.0,3.248,479.422,difference_arbres_moins_sans
Quartier 3,frais_saison_seche,3,-2.9,-25.321,0.073,22.347,0.0,0.212,-0.721,0.0,3.248,479.422,difference_arbres_moins_sans
Quartier 3,frais_saison_seche,4,-2.977,-25.736,0.087,22.671,0.0,0.145,-0.651,0.0,3.248,479.422,difference_arbres_moins_sans
Quartier 3,frais_saison_seche,5,-2.963,-25.689,0.086,22.639,0.0,0.152,-0.604,0.0,3.248,479.422,difference_arbres_moins_sans
Quartier 3,frais_saison_seche,6,-2.94,-25.521,0.079,22.501,0.0,0.181,-0.578,0.0,3.248,479.422,difference_arbres_moins_sans
Quartier 3,frais_saison_seche,7,-2.839,-25.317,0.065,22.413,0.0,0.261,-0.59,0.0,3.248,479.422,difference_arbres_moins_sans
Quartier 3,frais_saison_seche,8,-0.381,-22.945,1.22,21.343,0.0,0.521,-0.693,0.0,3.248,479.423,difference_arbres_moins_sans
Quartier 3,frais_saison_seche,9,13.795,-10.319,9.134,14.98,0.0,0.519,-1.15,0.0,3.248,479.431,difference_arbres_moins_sans
Quartier 3,frais_saison_seche,10,36.841,15.71,17.92,3.211,0.0,-0.387,-1.644,0.0,3.248,479.451,difference_arbres_moins_sans
Quartier 3,frais_saison_seche,11,59.276,41.997,25.536,-8.256,0.0,-0.77,-1.904,0.0,3.248,479.483,difference_arbres_moins_sans
Quartier 3,frais_saison_seche,12,76.856,63.408,30.872,-17.424,0.0,-1.148,-2.026,0.0,3.248,479.525,difference_arbres_moins_sans
Quartier 3,frais_saison_seche,13,87.306,76.078,34.188,-22.96,0.0,-1.392,-2.042,0.0,3.248,479.572,difference_arbres_moins_sans
Quartier 3,frais_saison_seche,14,89.287,76.228,38.535,-25.476,0.0,-1.3,-1.985,0.0,3.248,479.625,difference_arbres_moins_sans
Quartier 3,frais_saison_seche,15,82.905,65.726,40.317,-23.138,0.0,-1.071,-1.911,0.0,3.248,479.684,difference_arbres_moins_sans
Quartier 3,frais_saison_seche,16,68.861,48.954,36.575,-16.669,0.0,-0.832,-1.858,0.0,3.248,479.74,difference_arbres_moins_sans
Quartier 3,frais_saison_seche,17,48.547,26.299,28.296,-6.048,0.0,-0.525,-1.765,0.0,3.248,479.788,difference_arbres_moins_sans
Quartier 3,frais_saison_seche,18,24.988,1.974,16.474,6.541,0.0,-0.009,-1.471,0.0,3.248,479.819,difference_arbres_moins_sans
Quartier 3,frais_saison_seche,19,4.802,-17.197,4.74,17.26,0.0,0.589,-0.932,0.0,3.248,479.835,difference_arbres_moins_sans
Quartier 3,frais_saison_seche,20,-2.191,-23.834,0.162,21.48,0.0,0.471,-0.702,0.0,3.248,479.837,difference_arbres_moins_sans
Quartier 3,frais_saison_seche,21,-2.713,-24.244,0.032,21.499,0.0,0.531,-0.671,0.0,3.248,479.836,difference_arbres_moins_sans
Quartier 3,frais_saison_seche,22,-2.774,-24.595,0.037,21.785,0.0,0.532,-0.686,0.0,3.248,479.837,difference_arbres_moins_sans
Quartier 3,frais_saison_seche,23,-2.813,-24.823,0.043,21.967,0.0,0.5,-0.69,0.0,3.248,479.836,difference_arbres_moins_sans
Quartier 3,frais_saison_seche,24,-2.914,-25.378,0.063,22.4,0.0,0.366,-0.64,0.0,3.248,479.837,difference_arbres_moins_sans
Quartier 3,saison_pluies,1,-1.896,-19.589,-0.252,17.945,0.0,1.962,-0.555,0.0,4.0,401.657,difference_arbres_moins_sans
Quartier 3,saison_pluies,2,-1.767,-18.968,-0.29,17.491,0.0,2.178,-0.572,0.0,4.0,401.657,difference_arbres_moins_sans
Quartier 3,saison_pluies,3,-1.725,-18.582,-0.332,17.187,0.0,2.436,-0.585,0.0,4.0,401.657,difference_arbres_moins_sans
Quartier 3,saison_pluies,4,-1.849,-19.184,-0.356,17.691,0.0,2.09,-0.578,0.0,4.0,401.656,difference_arbres_moins_sans
Quartier 3,saison_pluies,5,-1.966,-20.056,-0.397,18.486,0.0,1.523,-0.573,0.0,4.0,401.656,difference_arbres_moins_sans
Quartier 3,saison_pluies,6,-1.972,-20.015,-0.374,18.416,0.0,1.645,-0.562,0.0,4.0,401.656,difference_arbres_moins_sans
Quartier 3,saison_pluies,7,-0.742,-18.706,-0.025,17.989,0.0,2.022,-0.58,0.0,4.0,401.656,difference_arbres_moins_sans
Quartier 3,saison_pluies,8,9.515,-16.287,11.735,14.068,0.0,0.415,-0.91,0.0,4.0,401.661,difference_arbres_moins_sans
Quartier 3,saison_pluies,9,33.987,-15.401,45.547,3.841,0.0,-1.611,-1.091,0.0,4.0,401.705,difference_arbres_moins_sans
Quartier 3,saison_pluies,10,61.199,7.227,62.836,-8.864,0.0,-3.244,-0.972,0.0,4.0,401.792,difference_arbres_moins_sans
Quartier 3,saison_pluies,11,84.752,31.791,70.851,-17.89,0.0,-3.747,-0.748,0.0,4.0,401.893,difference_arbres_moins_sans
Quartier 3,saison_pluies,12,101.786,45.34,81.377,-24.931,0.0,-3.389,-0.535,0.0,4.0,402.009,difference_arbres_moins_sans
Quartier 3,saison_pluies,13,110.537,47.334,97.424,-34.22,0.0,-4.388,-0.377,0.0,4.0,402.145,difference_arbres_moins_sans
Quartier 3,saison_pluies,14,110.137,24.886,121.262,-36.012,0.0,-6.594,-0.332,0.0,4.0,402.31,difference_arbres_moins_sans
Quartier 3,saison_pluies,15,100.712,-12.818,144.506,-30.977,0.0,-5.218,-0.221,0.0,4.0,402.514,difference_arbres_moins_sans
Quartier 3,saison_pluies,16,83.252,3.824,101.355,-21.928,0.0,-4.032,-0.314,0.0,4.0,402.705,difference_arbres_moins_sans
Quartier 3,saison_pluies,17,59.617,9.912,62.303,-12.599,0.0,-1.733,-0.445,0.0,4.0,402.822,difference_arbres_moins_sans
Quartier 3,saison_pluies,18,32.644,-5.938,38.795,-0.212,0.0,-1.249,-0.591,0.0,4.0,402.897,difference_arbres_moins_sans
Quartier 3,saison_pluies,19,8.649,-16.316,13.09,11.874,0.0,1.207,-0.629,0.0,4.0,402.935,difference_arbres_moins_sans
Quartier 3,saison_pluies,20,-1.107,-19.045,-0.219,18.156,0.0,7.109,-0.272,0.0,4.0,402.941,difference_arbres_moins_sans
Quartier 3,saison_pluies,21,-1.952,-19.248,-0.824,18.121,0.0,8.005,-0.156,0.0,4.0,402.94,difference_arbres_moins_sans
Quartier 3,saison_pluies,22,-1.93,-19.251,-0.746,18.066,0.0,5.91,-0.18,0.0,4.0,402.939,difference_arbres_moins_sans
Quartier 3,saison_pluies,23,-1.942,-19.367,-0.705,18.13,0.0,2.071,-0.163,0.0,4.0,402.939,difference_arbres_moins_sans
Quartier 3,saison_pluies,24,-1.957,-19.426,-0.723,18.192,0.0,2.795,-0.143,0.0,4.0,402.939,difference_arbres_moins_sans
Quartier 4,chaud_saison_seche,1,-1.755,-16.115,-0.103,14.463,0.0,1.399,-1.964,0.0,3.433,260.834,difference_arbres_moins_sans
Quartier 4,chaud_saison_seche,2,-1.704,-15.898,-0.106,14.299,0.0,1.654,-1.849,0.0,3.433,260.834,difference_arbres_moins_sans
Quartier 4,chaud_saison_seche,3,-1.683,-15.722,-0.111,14.15,0.0,1.685,-1.831,0.0,3.433,260.834,difference_arbres_moins_sans
Quartier 4,chaud_saison_seche,4,-1.74,-16.081,-0.087,14.428,0.0,1.541,-1.886,0.0,3.433,260.833,difference_arbres_moins_sans
Quartier 4,chaud_saison_seche,5,-1.74,-16.227,-0.074,14.561,0.0,1.31,-1.988,0.0,3.433,260.833,difference_arbres_moins_sans
Quartier 4,chaud_saison_seche,6,-1.766,-16.199,-0.101,14.534,0.0,0.965,-2.078,0.0,3.433,260.833,difference_arbres_moins_sans
Quartier 4,chaud_saison_seche,7,-1.128,-16.323,0.259,14.936,0.0,0.705,-2.073,0.0,3.433,260.832,difference_arbres_moins_sans
Quartier 4,chaud_saison_seche,8,4.858,-14.32,6.833,12.345,0.0,0.559,-2.15,0.0,3.433,260.837,difference_arbres_moins_sans
Quartier 4,chaud_saison_seche,9,19.053,-5.135,19.264,4.925,0.0,-0.007,-1.082,0.0,3.433,260.857,difference_arbres_moins_sans
Quartier 4,chaud_saison_seche,10,35.047,4.697,34.082,-3.73,0.0,-0.203,-0.97,0.0,3.433,260.896,difference_arbres_moins_sans
Quartier 4,chaud_saison_seche,11,49.165,13.04,47.736,-11.611,0.0,-0.21,-1.136,0.0,3.433,260.958,difference_arbres_moins_sans
Quartier 4,chaud_saison_seche,12,59.762,22.557,55.214,-18.009,0.0,-0.315,-1.362,0.0,3.433,261.035,difference_arbres_moins_sans
Quartier 4,chaud_saison_seche,13,65.674,27.848,59.107,-21.281,0.0,-0.351,-1.324,0.0,3.433,261.119,difference_arbres_moins_sans
Quartier 4,chaud_saison_seche,14,66.255,28.121,59.126,-20.993,0.0,-0.264,-1.077,0.0,3.433,261.205,difference_arbres_moins_sans
Quartier 4,chaud_saison_seche,15,61.429,22.433,58.069,-19.072,0.0,-0.134,-0.894,0.0,3.433,261.292,difference_arbres_moins_sans
Quartier 4,chaud_saison_seche,16,51.658,9.258,55.878,-13.478,0.0,-0.026,-0.796,0.0,3.433,261.376,difference_arbres_moins_sans
Quartier 4,chaud_saison_seche,17,37.901,-3.081,46.404,-5.422,0.0,0.06,-0.72,0.0,3.433,261.451,difference_arbres_moins_sans
Quartier 4,chaud_saison_seche,18,21.79,-14.67,32.975,3.483,0.0,0.331,-0.696,0.0,3.433,261.509,difference_arbres_moins_sans
Quartier 4,chaud_saison_seche,19,6.604,-20.471,13.062,14.012,0.0,1.768,-1.3,0.0,3.433,261.542,difference_arbres_moins_sans
Quartier 4,chaud_saison_seche,20,-1.376,-18.954,0.201,17.376,0.0,1.164,-1.5,0.0,3.433,261.549,difference_arbres_moins_sans
Quartier 4,chaud_saison_seche,21,-2.254,-18.779,-0.307,16.833,0.0,1.153,-1.81,0.0,3.433,261.548,difference_arbres_moins_sans
Quartier 4,chaud_saison_seche,22,-2.143,-18.263,-0.124,16.243,0.0,1.146,-2.034,0.0,3.433,261.548,difference_arbres_moins_sans
Quartier 4,chaud_saison_seche,23,-2.015,-17.33,-0.083,15.397,0.0,1.231,-2.01,0.0,3.433,261.548,difference_arbres_moins_sans
Quartier 4,chaud_saison_seche,24,-2.03,-17.5,-0.101,15.572,0.0,1.422,-1.867,0.0,3.433,261.548,difference_arbres_moins_sans
Quartier 4,frais_saison_seche,1,-1.809,-16.645,0.089,14.746,0.0,0.182,-2.856,0.0,3.386,282.331,difference_arbres_moins_sans
Quartier 4,frais_saison_seche,2,-1.817,-16.712,0.098,14.798,0.0,0.112,-2.732,0.0,3.386,282.331,difference_arbres_moins_sans
Quartier 4,frais_saison_seche,3,-1.82,-16.729,0.105,14.803,0.0,0.042,-2.59,0.0,3.386,282.331,difference_arbres_moins_sans
Quartier 4,frais_saison_seche,4,-1.869,-17.023,0.128,15.028,0.0,-0.064,-2.428,0.0,3.386,282.33,difference_arbres_moins_sans
Quartier 4,frais_saison_seche,5,-1.86,-16.997,0.129,15.009,0.0,-0.089,-2.305,0.0,3.386,282.331,difference_arbres_moins_sans
Quartier 4,frais_saison_seche,6,-1.845,-16.864,0.122,14.896,0.0,-0.066,-2.237,0.0,3.386,282.331,difference_arbres_moins_sans
Quartier 4,frais_saison_seche,7,-1.782,-16.746,0.109,14.854,0.0,0.0,-2.236,0.0,3.386,282.331,difference_arbres_moins_sans
Quartier 4,frais_saison_seche,8,-0.248,-15.86,1.47,14.14,0.0,0.375,-2.384,0.0,3.386,282.332,difference_arbres_moins_sans
Quartier 4,frais_saison_seche,9,8.602,-11.523,10.341,9.784,0.0,0.547,-2.37,0.0,3.386,282.34,difference_arbres_moins_sans
Quartier 4,frais_saison_seche,10,22.988,0.594,20.495,1.901,0.0,-0.394,-1.835,0.0,3.386,282.363,difference_arbres_moins_sans
Quartier 4,frais_saison_seche,11,36.994,13.015,29.447,-5.468,0.0,-0.754,-1.614,0.0,3.386,282.4,difference_arbres_moins_sans
Quartier 4,frais_saison_seche,12,47.968,23.797,35.814,-11.643,0.0,-1.068,-1.509,0.0,3.386,282.449,difference_arbres_moins_sans
Quartier 4,frais_saison_seche,13,54.493,30.192,39.82,-15.52,0.0,-1.218,-1.476,0.0,3.386,282.505,difference_arbres_moins_sans
Quartier 4,frais_saison_seche,14,55.729,28.041,44.886,-17.2,0.0,-1.051,-1.403,0.0,3.386,282.566,difference_arbres_moins_sans
Quartier 4,frais_saison_seche,15,51.743,20.47,46.856,-15.581,0.0,-0.809,-1.346,0.0,3.386,282.634,difference_arbres_moins_sans
Quartier 4,frais_saison_seche,16,42.976,12.086,42.376,-11.486,0.0,-0.632,-1.331,0.0,3.386,282.699,difference_arbres_moins_sans
Quartier 4,frais_saison_seche,17,30.295,2.003,32.653,-4.362,0.0,-0.444,-1.442,0.0,3.386,282.755,difference_arbres_moins_sans
Quartier 4,frais_saison_seche,18,15.588,-7.596,18.965,4.219,0.0,-0.022,-2.301,0.0,3.386,282.791,difference_arbres_moins_sans
Quartier 4,frais_saison_seche,19,2.987,-14.118,5.615,11.49,0.0,0.589,-2.753,0.0,3.386,282.808,difference_arbres_moins_sans
Quartier 4,frais_saison_seche,20,-1.379,-15.855,0.282,14.196,0.0,0.238,-2.452,0.0,3.386,282.811,difference_arbres_moins_sans
Quartier 4,frais_saison_seche,21,-1.703,-16.003,0.072,14.228,0.0,0.263,-2.372,0.0,3.386,282.811,difference_arbres_moins_sans
Quartier 4,frais_saison_seche,22,-1.741,-16.24,0.076,14.423,0.0,0.255,-2.424,0.0,3.386,282.811,difference_arbres_moins_sans
Quartier 4,frais_saison_seche,23,-1.767,-16.401,0.081,14.554,0.0,0.221,-2.449,0.0,3.386,282.811,difference_arbres_moins_sans
Quartier 4,frais_saison_seche,24,-1.829,-16.793,0.107,14.856,0.0,0.082,-2.354,0.0,3.386,282.811,difference_arbres_moins_sans
Quartier 4,saison_pluies,1,-1.174,-12.776,-0.167,11.769,0.0,1.711,-1.835,0.0,3.801,209.252,difference_arbres_moins_sans
Quartier 4,saison_pluies,2,-1.094,-12.368,-0.209,11.483,0.0,1.96,-1.774,0.0,3.801,209.252,difference_arbres_moins_sans
Quartier 4,saison_pluies,3,-1.068,-12.044,-0.262,11.237,0.0,2.218,-1.706,0.0,3.801,209.252,difference_arbres_moins_sans
Quartier 4,saison_pluies,4,-1.144,-12.399,-0.31,11.565,0.0,1.519,-1.673,0.0,3.801,209.252,difference_arbres_moins_sans
Quartier 4,saison_pluies,5,-1.218,-12.987,-0.329,12.098,0.0,0.853,-1.599,0.0,3.801,209.252,difference_arbres_moins_sans
Quartier 4,saison_pluies,6,-1.221,-12.96,-0.323,12.063,0.0,0.92,-1.624,0.0,3.801,209.252,difference_arbres_moins_sans
Quartier 4,saison_pluies,7,-0.489,-12.174,-0.102,11.787,0.0,1.466,-1.655,0.0,3.801,209.252,difference_arbres_moins_sans
Quartier 4,saison_pluies,8,5.621,-12.507,9.091,9.038,0.0,0.027,-1.052,0.0,3.801,209.255,difference_arbres_moins_sans
Quartier 4,saison_pluies,9,20.205,-17.599,36.047,1.757,0.0,-1.594,-0.685,0.0,3.801,209.29,difference_arbres_moins_sans
Quartier 4,saison_pluies,10,36.417,-6.055,49.231,-6.759,0.0,-2.089,-0.602,0.0,3.801,209.358,difference_arbres_moins_sans
Quartier 4,saison_pluies,11,50.449,7.771,55.08,-12.402,0.0,-1.313,-0.457,0.0,3.801,209.435,difference_arbres_moins_sans
Quartier 4,saison_pluies,12,60.603,13.307,65.881,-18.586,0.0,-1.043,-0.31,0.0,3.801,209.524,difference_arbres_moins_sans
Quartier 4,saison_pluies,13,65.819,6.743,82.997,-23.922,0.0,-1.713,-0.279,0.0,3.801,209.636,difference_arbres_moins_sans
Quartier 4,saison_pluies,14,65.58,-18.371,108.991,-25.041,0.0,-1.921,-0.273,0.0,3.801,209.78,difference_arbres_moins_sans
Quartier 4,saison_pluies,15,59.961,-47.217,128.436,-21.258,0.0,1.022,-0.199,0.0,3.801,209.962,difference_arbres_moins_sans
Quartier 4,saison_pluies,16,49.556,-23.454,88.207,-15.196,0.0,-0.658,-0.261,0.0,3.801,210.128,difference_arbres_moins_sans
Quartier 4,saison_pluies,17,35.475,-4.659,48.954,-8.822,0.0,-0.481,-0.292,0.0,3.801,210.223,difference_arbres_moins_sans
Quartier 4,saison_pluies,18,19.401,-8.973,29.111,-0.736,0.0,-0.46,-0.367,0.0,3.801,210.279,difference_arbres_moins_sans
Quartier 4,saison_pluies,19,5.102,-12.006,9.575,7.534,0.0,0.83,-0.434,0.0,3.801,210.307,difference_arbres_moins_sans
Quartier 4,saison_pluies,20,-0.709,-12.474,-0.073,11.839,0.0,5.917,-0.676,0.0,3.801,210.312,difference_arbres_moins_sans
Quartier 4,saison_pluies,21,-1.208,-12.571,-0.507,11.87,0.0,6.607,-0.695,0.0,3.801,210.311,difference_arbres_moins_sans
Quartier 4,saison_pluies,22,-1.195,-12.555,-0.472,11.832,0.0,4.735,-0.689,0.0,3.801,210.311,difference_arbres_moins_sans
Quartier 4,saison_pluies,23,-1.202,-12.622,-0.454,11.874,0.0,1.099,-0.648,0.0,3.801,210.31,difference_arbres_moins_sans
Quartier 4,saison_pluies,24,-1.211,-12.663,-0.466,11.917,0.0,1.843,-0.653,0.0,3.801,210.31,difference_arbres_moins_sans
Quartier 5,chaud_saison_seche,1,-1.938,-20.149,-0.112,18.323,0.0,2.034,-2.193,0.0,3.543,305.653,difference_arbres_moins_sans
Quartier 5,chaud_saison_seche,2,-1.882,-19.774,-0.156,18.048,0.0,2.442,-2.067,0.0,3.543,305.653,difference_arbres_moins_sans
Quartier 5,chaud_saison_seche,3,-1.858,-19.463,-0.157,17.763,0.0,2.467,-2.045,0.0,3.543,305.654,difference_arbres_moins_sans
Quartier 5,chaud_saison_seche,4,-1.922,-20.036,-0.135,18.25,0.0,2.293,-2.108,0.0,3.543,305.653,difference_arbres_moins_sans
Quartier 5,chaud_saison_seche,5,-1.921,-20.228,-0.09,18.397,0.0,1.828,-2.217,0.0,3.543,305.652,difference_arbres_moins_sans
Quartier 5,chaud_saison_seche,6,-1.949,-20.34,0.01,18.379,0.0,0.96,-2.29,0.0,3.543,305.653,difference_arbres_moins_sans
Quartier 5,chaud_saison_seche,7,-1.334,-20.557,0.503,18.718,0.0,0.94,-2.332,0.0,3.543,305.653,difference_arbres_moins_sans
Quartier 5,chaud_saison_seche,8,4.565,-18.597,8.766,14.397,0.0,0.901,-2.558,0.0,3.543,305.659,difference_arbres_moins_sans
Quartier 5,chaud_saison_seche,9,18.592,-8.925,24.992,2.526,0.0,0.074,-1.408,0.0,3.543,305.684,difference_arbres_moins_sans
Quartier 5,chaud_saison_seche,10,34.384,2.58,43.144,-11.34,0.0,-0.276,-1.192,0.0,3.543,305.734,difference_arbres_moins_sans
Quartier 5,chaud_saison_seche,11,48.321,12.201,59.696,-23.575,0.0,-0.292,-1.391,0.0,3.543,305.811,difference_arbres_moins_sans
Quartier 5,chaud_saison_seche,12,58.796,23.711,68.52,-33.435,0.0,-0.441,-1.641,0.0,3.543,305.907,difference_arbres_moins_sans
Quartier 5,chaud_saison_seche,13,64.645,32.005,71.183,-38.542,0.0,-0.532,-1.61,0.0,3.543,306.01,difference_arbres_moins_sans
Quartier 5,chaud_saison_seche,14,65.215,29.798,73.817,-38.4,0.0,-0.426,-1.324,0.0,3.543,306.116,difference_arbres_moins_sans
Quartier 5,chaud_saison_seche,15,60.429,22.145,73.11,-34.826,0.0,-0.256,-1.095,0.0,3.543,306.224,difference_arbres_moins_sans
Quartier 5,chaud_saison_seche,16,50.751,9.544,67.488,-26.28,0.0,-0.112,-0.973,0.0,3.543,306.328,difference_arbres_moins_sans
Quartier 5,chaud_saison_seche,17,37.141,-7.054,58.037,-13.842,0.0,0.068,-0.883,0.0,3.543,306.42,difference_arbres_moins_sans
Quartier 5,chaud_saison_seche,18,21.21,-22.125,42.542,0.794,0.0,0.537,-0.853,0.0,3.543,306.494,difference_arbres_moins_sans
Quartier 5,chaud_saison_seche,19,6.196,-27.06,16.58,16.676,0.0,2.648,-1.49,0.0,3.543,306.536,difference_arbres_moins_sans
Quartier 5,chaud_saison_seche,20,-1.657,-24.103,0.396,22.05,0.0,1.779,-1.671,0.0,3.543,306.545,difference_arbres_moins_sans
Quartier 5,chaud_saison_seche,21,-2.492,-23.78,-0.233,21.52,0.0,1.823,-2.018,0.0,3.543,306.545,difference_arbres_moins_sans
Quartier 5,chaud_saison_seche,22,-2.367,-22.982,-0.034,20.65,0.0,1.815,-2.268,0.0,3.543,306.545,difference_arbres_moins_sans
Quartier 5,chaud_saison_seche,23,-2.225,-21.766,-0.05,19.591,0.0,1.91,-2.24,0.0,3.543,306.545,difference_arbres_moins_sans
Quartier 5,chaud_saison_seche,24,-2.241,-21.946,-0.104,19.809,0.0,2.157,-2.08,0.0,3.543,306.544,difference_arbres_moins_sans
Quartier 5,frais_saison_seche,1,-1.998,-20.701,0.052,18.651,0.0,0.693,-3.397,0.0,3.488,330.274,difference_arbres_moins_sans
Quartier 5,frais_saison_seche,2,-2.006,-20.787,0.06,18.721,0.0,0.605,-3.254,0.0,3.488,330.274,difference_arbres_moins_sans
Quartier 5,frais_saison_seche,3,-2.01,-20.803,0.064,18.729,0.0,0.552,-3.095,0.0,3.488,330.275,difference_arbres_moins_sans
Quartier 5,frais_saison_seche,4,-2.063,-21.172,0.079,19.03,0.0,0.51,-2.904,0.0,3.488,330.275,difference_arbres_moins_sans
Quartier 5,frais_saison_seche,5,-2.054,-21.144,0.079,19.012,0.0,0.543,-2.751,0.0,3.488,330.275,difference_arbres_moins_sans
Quartier 5,frais_saison_seche,6,-2.037,-20.978,0.077,18.863,0.0,0.574,-2.659,0.0,3.488,330.275,difference_arbres_moins_sans
Quartier 5,frais_saison_seche,7,-1.974,-20.826,0.067,18.784,0.0,0.615,-2.655,0.0,3.488,330.275,difference_arbres_moins_sans
Quartier 5,frais_saison_seche,8,-0.458,-19.35,1.3,17.592,0.0,0.822,-2.821,0.0,3.488,330.276,difference_arbres_moins_sans
Quartier 5,frais_saison_seche,9,8.303,-11.778,9.67,10.411,0.0,0.519,-2.866,0.0,3.488,330.283,difference_arbres_moins_sans
Quartier 5,frais_saison_seche,10,22.531,5.72,18.826,-2.015,0.0,-0.765,-2.523,0.0,3.488,330.305,difference_arbres_moins_sans
Quartier 5,frais_saison_seche,11,36.383,23.809,26.659,-14.084,0.0,-1.274,-2.439,0.0,3.488,330.339,difference_arbres_moins_sans
Quartier 5,frais_saison_seche,12,47.252,38.685,32.428,-23.861,0.0,-1.753,-2.054,0.0,3.488,330.382,difference_arbres_moins_sans
Quartier 5,frais_saison_seche,13,53.718,47.682,36.057,-30.022,0.0,-2.012,-1.789,0.0,3.488,330.433,difference_arbres_moins_sans
Quartier 5,frais_saison_seche,14,54.928,46.362,40.456,-31.89,0.0,-1.812,-1.669,0.0,3.488,330.489,difference_arbres_moins_sans
Quartier 5,frais_saison_seche,15,50.971,37.417,42.312,-28.759,0.0,-1.476,-1.604,0.0,3.488,330.55,difference_arbres_moins_sans
Quartier 5,frais_saison_seche,16,42.29,25.908,38.082,-21.7,0.0,-1.208,-1.594,0.0,3.488,330.609,difference_arbres_moins_sans
Quartier 5,frais_saison_seche,17,29.738,11.129,28.921,-10.311,0.0,-0.89,-2.041,0.0,3.488,330.657,difference_arbres_moins_sans
Quartier 5,frais_saison_seche,18,15.192,-4.302,16.731,2.764,0.0,-0.262,-2.901,0.0,3.488,330.69,difference_arbres_moins_sans
Quartier 5,frais_saison_seche,19,2.729,-16.226,4.905,14.051,0.0,0.75,-3.245,0.0,3.488,330.705,difference_arbres_moins_sans
Quartier 5,frais_saison_seche,20,-1.57,-19.767,0.191,18.006,0.0,0.809,-2.924,0.0,3.488,330.707,difference_arbres_moins_sans
Quartier 5,frais_saison_seche,21,-1.88,-19.897,0.034,17.982,0.0,0.908,-2.829,0.0,3.488,330.708,difference_arbres_moins_sans
Quartier 5,frais_saison_seche,22,-1.922,-20.19,0.039,18.229,0.0,0.928,-2.89,0.0,3.488,330.708,difference_arbres_moins_sans
Quartier 5,frais_saison_seche,23,-1.95,-20.386,0.042,18.393,0.0,0.907,-2.922,0.0,3.488,330.708,difference_arbres_moins_sans
Quartier 5,frais_saison_seche,24,-2.02,-20.872,0.062,18.791,0.0,0.784,-2.807,0.0,3.488,330.708,difference_arbres_moins_sans
Quartier 5,saison_pluies,1,-1.316,-15.979,-0.198,14.86,0.0,2.314,-2.171,0.0,4.0,261.322,difference_arbres_moins_sans
Quartier 5,saison_pluies,2,-1.228,-15.46,-0.237,14.47,0.0,2.456,-2.083,0.0,4.0,261.322,difference_arbres_moins_sans
Quartier 5,saison_pluies,3,-1.199,-15.078,-0.286,14.166,0.0,2.434,-1.988,0.0,4.0,261.321,difference_arbres_moins_sans
Quartier 5,saison_pluies,4,-1.285,-15.559,-0.345,14.621,0.0,1.989,-1.962,0.0,4.0,261.321,difference_arbres_moins_sans
Quartier 5,saison_pluies,5,-1.366,-16.31,-0.377,15.32,0.0,1.342,-1.897,0.0,4.0,261.321,difference_arbres_moins_sans
Quartier 5,saison_pluies,6,-1.37,-16.259,-0.369,15.259,0.0,1.421,-1.922,0.0,4.0,261.321,difference_arbres_moins_sans
Quartier 5,saison_pluies,7,-0.623,-15.264,-0.141,14.782,0.0,1.968,-1.939,0.0,4.0,261.321,difference_arbres_moins_sans
Quartier 5,saison_pluies,8,5.635,-14.167,9.645,10.157,0.0,0.008,-1.351,0.0,4.0,261.324,difference_arbres_moins_sans
Quartier 5,saison_pluies,9,20.586,-16.561,38.572,-1.425,0.0,-2.543,-0.848,0.0,4.0,261.362,difference_arbres_moins_sans
Quartier 5,saison_pluies,10,37.195,-0.627,52.908,-15.086,0.0,-3.801,-0.747,0.0,4.0,261.433,difference_arbres_moins_sans
Quartier 5,saison_pluies,11,51.573,17.263,59.279,-24.969,0.0,-3.505,-0.578,0.0,4.0,261.515,difference_arbres_moins_sans
Quartier 5,saison_pluies,12,61.987,25.586,69.523,-33.122,0.0,-3.495,-0.394,0.0,4.0,261.611,difference_arbres_moins_sans
Quartier 5,saison_pluies,13,67.337,23.593,85.841,-42.097,0.0,-4.755,-0.285,0.0,4.0,261.726,difference_arbres_moins_sans
Quartier 5,saison_pluies,14,67.09,0.134,109.774,-42.816,0.0,-5.515,-0.194,0.0,4.0,261.871,difference_arbres_moins_sans
Quartier 5,saison_pluies,15,61.325,-32.504,130.714,-36.885,0.0,-1.654,-0.086,0.0,4.0,262.053,difference_arbres_moins_sans
Quartier 5,saison_pluies,16,50.659,-11.904,90.366,-27.803,0.0,-3.075,-0.189,0.0,4.0,262.222,difference_arbres_moins_sans
Quartier 5,saison_pluies,17,36.231,1.59,51.933,-17.291,0.0,-1.893,-0.336,0.0,4.0,262.321,difference_arbres_moins_sans
Quartier 5,saison_pluies,18,19.754,-7.554,31.419,-4.111,0.0,-1.297,-0.459,0.0,4.0,262.381,difference_arbres_moins_sans
Quartier 5,saison_pluies,19,5.098,-14.097,10.288,8.907,0.0,1.095,-0.488,0.0,4.0,262.41,difference_arbres_moins_sans
Quartier 5,saison_pluies,20,-0.852,-15.701,-0.121,14.97,0.0,7.593,-0.762,0.0,4.0,262.414,difference_arbres_moins_sans
Quartier 5,saison_pluies,21,-1.355,-15.792,-0.576,15.013,0.0,8.504,-0.778,0.0,4.0,262.414,difference_arbres_moins_sans
Quartier 5,saison_pluies,22,-1.341,-15.747,-0.552,14.957,0.0,5.424,-0.77,0.0,4.0,262.413,difference_arbres_moins_sans
Quartier 5,saison_pluies,23,-1.35,-15.817,-0.545,15.013,0.0,1.426,-0.725,0.0,4.0,262.413,difference_arbres_moins_sans
Quartier 5,saison_pluies,24,-1.36,-15.873,-0.556,15.069,0.0,2.3,-0.73,0.0,4.0,262.413,difference_arbres_moins_sans
Quartier 6,chaud_saison_seche,1,-1.986,-19.662,-0.14,17.816,0.0,1.763,-3.338,0.0,3.477,289.736,difference_arbres_moins_sans
Quartier 6,chaud_saison_seche,2,-1.928,-19.366,-0.158,17.596,0.0,2.306,-3.14,0.0,3.477,289.736,difference_arbres_moins_sans
Quartier 6,chaud_saison_seche,3,-1.903,-19.118,-0.162,17.375,0.0,2.365,-3.108,0.0,3.477,289.735,difference_arbres_moins_sans
Quartier 6,chaud_saison_seche,4,-1.969,-19.616,-0.142,17.788,0.0,2.103,-3.201,0.0,3.477,289.735,difference_arbres_moins_sans
Quartier 6,chaud_saison_seche,5,-1.968,-19.762,-0.118,17.913,0.0,1.597,-3.384,0.0,3.477,289.735,difference_arbres_moins_sans
Quartier 6,chaud_saison_seche,6,-1.998,-19.826,-0.103,17.93,0.0,1.06,-3.551,0.0,3.477,289.735,difference_arbres_moins_sans
Quartier 6,chaud_saison_seche,7,-1.348,-19.905,0.285,18.27,0.0,0.816,-3.566,0.0,3.477,289.734,difference_arbres_moins_sans
Quartier 6,chaud_saison_seche,8,4.852,-18.201,8.537,14.514,0.0,0.588,-3.962,0.0,3.477,289.74,difference_arbres_moins_sans
Quartier 6,chaud_saison_seche,9,19.582,-9.611,25.219,3.974,0.0,0.62,-4.214,0.0,3.477,289.766,difference_arbres_moins_sans
Quartier 6,chaud_saison_seche,10,36.171,0.338,44.128,-8.297,0.0,0.602,-4.196,0.0,3.477,289.817,difference_arbres_moins_sans
Quartier 6,chaud_saison_seche,11,50.81,8.928,61.277,-19.396,0.0,0.538,-4.902,0.0,3.477,289.896,difference_arbres_moins_sans
Quartier 6,chaud_saison_seche,12,61.81,19.26,70.619,-28.068,0.0,0.442,-5.82,0.0,3.477,289.994,difference_arbres_moins_sans
Quartier 6,chaud_saison_seche,13,67.951,24.119,76.418,-32.586,0.0,0.451,-5.694,0.0,3.477,290.102,difference_arbres_moins_sans
Quartier 6,chaud_saison_seche,14,68.549,24.059,77.459,-32.968,0.0,0.534,-4.693,0.0,3.477,290.216,difference_arbres_moins_sans
Quartier 6,chaud_saison_seche,15,63.528,17.696,75.911,-30.078,0.0,0.598,-3.934,0.0,3.477,290.329,difference_arbres_moins_sans
Quartier 6,chaud_saison_seche,16,53.371,5.88,69.759,-22.268,0.0,0.613,-3.505,0.0,3.477,290.436,difference_arbres_moins_sans
Quartier 6,chaud_saison_seche,17,39.081,-9.92,60.274,-11.273,0.0,0.638,-3.171,0.0,3.477,290.531,difference_arbres_moins_sans
Quartier 6,chaud_saison_seche,18,22.352,-22.633,42.955,2.031,0.0,0.773,-2.982,0.0,3.477,290.606,difference_arbres_moins_sans
Quartier 6,chaud_saison_seche,19,6.587,-26.354,16.531,16.409,0.0,2.643,-2.617,0.0,3.477,290.649,difference_arbres_moins_sans
Quartier 6,chaud_saison_seche,20,-1.669,-23.573,0.431,21.473,0.0,2.4,-2.532,0.0,3.477,290.658,difference_arbres_moins_sans
Quartier 6,chaud_saison_seche,21,-2.553,-23.075,-0.368,20.891,0.0,1.863,-3.058,0.0,3.477,290.658,difference_arbres_moins_sans
Quartier 6,chaud_saison_seche,22,-2.425,-22.363,-0.166,20.104,0.0,1.472,-3.438,0.0,3.477,290.657,difference_arbres_moins_sans
Quartier 6,chaud_saison_seche,23,-2.28,-21.271,-0.123,19.113,0.0,1.624,-3.402,0.0,3.477,290.657,difference_arbres_moins_sans
Quartier 6,chaud_saison_seche,24,-2.297,-21.444,-0.154,19.302,0.0,2.052,-3.152,0.0,3.477,290.657,difference_arbres_moins_sans
Quartier 6,frais_saison_seche,1,-2.047,-20.413,0.181,18.185,0.0,-1.126,-4.868,0.0,3.408,308.816,difference_arbres_moins_sans
Quartier 6,frais_saison_seche,2,-2.056,-20.493,0.171,18.266,0.0,-0.994,-4.693,0.0,3.408,308.817,difference_arbres_moins_sans
Quartier 6,frais_saison_seche,3,-2.06,-20.477,0.16,18.258,0.0,-0.857,-4.497,0.0,3.408,308.816,difference_arbres_moins_sans
Quartier 6,frais_saison_seche,4,-2.114,-20.834,0.159,18.561,0.0,-0.734,-4.281,0.0,3.408,308.818,difference_arbres_moins_sans
Quartier 6,frais_saison_seche,5,-2.105,-20.797,0.136,18.556,0.0,-0.551,-4.102,0.0,3.408,308.818,difference_arbres_moins_sans
Quartier 6,frais_saison_seche,6,-2.088,-20.587,0.119,18.38,0.0,-0.383,-3.994,0.0,3.408,308.818,difference_arbres_moins_sans
Quartier 6,frais_saison_seche,7,-2.021,-20.445,0.106,18.317,0.0,-0.335,-3.981,0.0,3.408,308.818,difference_arbres_moins_sans
Quartier 6,frais_saison_seche,8,-0.427,-19.321,1.624,17.27,0.0,-0.123,-4.12,0.0,3.408,308.818,difference_arbres_moins_sans
Quartier 6,frais_saison_seche,9,8.784,-13.479,11.232,11.032,0.0,1.058,-4.994,0.0,3.408,308.828,difference_arbres_moins_sans
Quartier 6,frais_saison_seche,10,23.746,1.736,22.226,-0.216,0.0,0.832,-5.744,0.0,3.408,308.853,difference_arbres_moins_sans
Quartier 6,frais_saison_seche,11,38.311,17.354,31.906,-10.948,0.0,0.677,-6.39,0.0,3.408,308.893,difference_arbres_moins_sans
Quartier 6,frais_saison_seche,12,49.737,30.772,38.766,-19.801,0.0,0.598,-6.519,0.0,3.408,308.945,difference_arbres_moins_sans
Quartier 6,frais_saison_seche,13,56.532,38.809,43.088,-25.365,0.0,0.546,-6.362,0.0,3.408,309.005,difference_arbres_moins_sans
Quartier 6,frais_saison_seche,14,57.808,36.41,48.579,-27.18,0.0,0.545,-6.058,0.0,3.408,309.072,difference_arbres_moins_sans
Quartier 6,frais_saison_seche,15,53.651,27.477,50.727,-24.553,0.0,0.578,-5.809,0.0,3.408,309.146,difference_arbres_moins_sans
Quartier 6,frais_saison_seche,16,44.524,17.047,45.9,-18.421,0.0,0.608,-5.727,0.0,3.408,309.217,difference_arbres_moins_sans
Quartier 6,frais_saison_seche,17,31.329,4.252,35.374,-8.298,0.0,0.676,-5.799,0.0,3.408,309.276,difference_arbres_moins_sans
Quartier 6,frais_saison_seche,18,16.033,-8.252,20.601,3.683,0.0,0.796,-5.699,0.0,3.408,309.316,difference_arbres_moins_sans
Quartier 6,frais_saison_seche,19,2.928,-17.025,6.173,13.779,0.0,0.354,-4.882,0.0,3.408,309.334,difference_arbres_moins_sans
Quartier 6,frais_saison_seche,20,-1.598,-19.445,0.36,17.486,0.0,-0.584,-4.245,0.0,3.408,309.338,difference_arbres_moins_sans
Quartier 6,frais_saison_seche,21,-1.926,-19.547,0.103,17.517,0.0,-0.488,-4.13,0.0,3.408,309.337,difference_arbres_moins_sans
Quartier 6,frais_saison_seche,22,-1.97,-19.859,0.119,17.77,0.0,-0.619,-4.213,0.0,3.408,309.338,difference_arbres_moins_sans
Quartier 6,frais_saison_seche,23,-1.997,-20.075,0.127,17.95,0.0,-0.701,-4.259,0.0,3.408,309.338,difference_arbres_moins_sans
Quartier 6,frais_saison_seche,24,-2.069,-20.538,0.134,18.335,0.0,-0.61,-4.146,0.0,3.408,309.338,difference_arbres_moins_sans
Quartier 6,saison_pluies,1,-1.325,-15.64,-0.201,14.517,0.0,1.821,-3.145,0.0,4.0,229.909,difference_arbres_moins_sans
Quartier 6,saison_pluies,2,-1.235,-15.084,-0.266,14.115,0.0,2.15,-2.996,0.0,4.0,229.909,difference_arbres_moins_sans
Quartier 6,saison_pluies,3,-1.206,-14.643,-0.333,13.77,0.0,2.303,-2.832,0.0,4.0,229.909,difference_arbres_moins_sans
Quartier 6,saison_pluies,4,-1.293,-15.176,-0.347,14.232,0.0,1.588,-2.763,0.0,4.0,229.909,difference_arbres_moins_sans
Quartier 6,saison_pluies,5,-1.374,-15.853,-0.347,14.825,0.0,0.982,-2.715,0.0,4.0,229.909,difference_arbres_moins_sans
Quartier 6,saison_pluies,6,-1.378,-15.846,-0.338,14.806,0.0,1.033,-2.753,0.0,4.0,229.909,difference_arbres_moins_sans
Quartier 6,saison_pluies,7,-0.61,-14.753,-0.267,14.41,0.0,1.683,-2.871,0.0,4.0,229.909,difference_arbres_moins_sans
Quartier 6,saison_pluies,8,5.823,-14.049,9.448,10.423,0.0,1.313,-3.373,0.0,4.0,229.912,difference_arbres_moins_sans
Quartier 6,saison_pluies,9,21.186,-17.662,38.594,0.253,0.0,1.612,-3.529,0.0,4.0,229.95,difference_arbres_moins_sans
Quartier 6,saison_pluies,10,38.254,-2.054,52.439,-12.131,0.0,2.57,-3.17,0.0,4.0,230.025,difference_arbres_moins_sans
Quartier 6,saison_pluies,11,53.029,16.196,57.839,-21.006,0.0,5.11,-2.469,0.0,4.0,230.11,difference_arbres_moins_sans
Quartier 6,saison_pluies,12,63.729,23.931,69.054,-29.256,0.0,7.529,-1.866,0.0,4.0,230.209,difference_arbres_moins_sans
Quartier 6,saison_pluies,13,69.226,17.026,88.957,-36.756,0.0,7.343,-1.796,0.0,4.0,230.332,difference_arbres_moins_sans
Quartier 6,saison_pluies,14,68.973,-10.004,116.906,-37.929,0.0,5.368,-1.951,0.0,4.0,230.492,difference_arbres_moins_sans
Quartier 6,saison_pluies,15,63.05,-41.863,137.481,-32.567,0.0,5.566,-2.021,0.0,4.0,230.691,difference_arbres_moins_sans
Quartier 6,saison_pluies,16,52.09,-18.666,94.951,-24.195,0.0,4.634,-1.936,0.0,4.0,230.874,difference_arbres_moins_sans
Quartier 6,saison_pluies,17,37.262,-0.844,52.695,-14.588,0.0,4.366,-1.788,0.0,4.0,230.98,difference_arbres_moins_sans
Quartier 6,saison_pluies,18,20.332,-7.769,31.132,-3.032,0.0,2.336,-1.943,0.0,4.0,231.042,difference_arbres_moins_sans
Quartier 6,saison_pluies,19,5.271,-13.565,10.11,8.727,0.0,2.104,-2.006,0.0,4.0,231.073,difference_arbres_moins_sans
Quartier 6,saison_pluies,20,-0.845,-15.087,-0.327,14.571,0.0,8.322,-1.277,0.0,4.0,231.078,difference_arbres_moins_sans
Quartier 6,saison_pluies,21,-1.364,-15.301,-0.697,14.634,0.0,9.321,-1.222,0.0,4.0,231.078,difference_arbres_moins_sans
Quartier 6,saison_pluies,22,-1.349,-15.336,-0.593,14.579,0.0,6.358,-1.233,0.0,4.0,231.077,difference_arbres_moins_sans
Quartier 6,saison_pluies,23,-1.357,-15.459,-0.531,14.632,0.0,2.077,-1.149,0.0,4.0,231.077,difference_arbres_moins_sans
Quartier 6,saison_pluies,24,-1.368,-15.501,-0.552,14.685,0.0,3.039,-1.148,0.0,4.0,231.077,difference_arbres_moins_sans
Quartier A,chaud_saison_seche,1,-0.969,-9.873,-0.001,8.906,0.0,0.933,-1.356,0.0,3.49,134.516,difference_arbres_moins_sans
Quartier A,chaud_saison_seche,2,-0.941,-9.686,-0.041,8.786,0.0,1.312,-1.278,0.0,3.49,134.516,difference_arbres_moins_sans
Quartier A,chaud_saison_seche,3,-0.928,-9.527,-0.044,8.643,0.0,1.335,-1.267,0.0,3.49,134.516,difference_arbres_moins_sans
Quartier A,chaud_saison_seche,4,-0.961,-9.807,-0.028,8.876,0.0,1.171,-1.302,0.0,3.49,134.516,difference_arbres_moins_sans
Quartier A,chaud_saison_seche,5,-0.96,-9.916,0.002,8.954,0.0,0.814,-1.38,0.0,3.49,134.516,difference_arbres_moins_sans
Quartier A,chaud_saison_seche,6,-0.975,-9.974,0.03,8.97,0.0,0.512,-1.444,0.0,3.49,134.516,difference_arbres_moins_sans
Quartier A,chaud_saison_seche,7,-0.659,-9.959,0.219,9.081,0.0,0.426,-1.45,0.0,3.49,134.515,difference_arbres_moins_sans
Quartier A,chaud_saison_seche,8,2.349,-10.028,5.104,7.272,0.0,0.397,-1.675,0.0,3.49,134.519,difference_arbres_moins_sans
Quartier A,chaud_saison_seche,9,9.498,-4.641,12.243,1.896,0.0,-0.011,-2.003,0.0,3.49,134.532,difference_arbres_moins_sans
Quartier A,chaud_saison_seche,10,17.549,0.613,21.399,-4.464,0.0,-0.159,-2.149,0.0,3.49,134.557,difference_arbres_moins_sans
Quartier A,chaud_saison_seche,11,24.654,5.364,29.581,-10.292,0.0,-0.161,-2.494,0.0,3.49,134.596,difference_arbres_moins_sans
Quartier A,chaud_saison_seche,12,29.992,11.062,33.634,-14.704,0.0,-0.231,-2.894,0.0,3.49,134.642,difference_arbres_moins_sans
Quartier A,chaud_saison_seche,13,32.973,14.005,35.918,-16.95,0.0,-0.255,-2.871,0.0,3.49,134.694,difference_arbres_moins_sans
Quartier A,chaud_saison_seche,14,33.263,13.612,36.848,-17.195,0.0,-0.171,-2.429,0.0,3.49,134.747,difference_arbres_moins_sans
Quartier A,chaud_saison_seche,15,30.826,10.046,36.338,-15.558,0.0,-0.057,-2.012,0.0,3.49,134.801,difference_arbres_moins_sans
Quartier A,chaud_saison_seche,16,25.895,4.432,33.358,-11.896,0.0,0.003,-1.772,0.0,3.49,134.852,difference_arbres_moins_sans
Quartier A,chaud_saison_seche,17,18.96,-2.646,27.823,-6.217,0.0,0.041,-1.611,0.0,3.49,134.897,difference_arbres_moins_sans
Quartier A,chaud_saison_seche,18,10.84,-9.668,19.872,0.636,0.0,0.16,-1.529,0.0,3.49,134.932,difference_arbres_moins_sans
Quartier A,chaud_saison_seche,19,3.189,-12.378,7.327,8.239,0.0,1.16,-1.124,0.0,3.49,134.951,difference_arbres_moins_sans
Quartier A,chaud_saison_seche,20,-0.817,-11.625,0.055,10.753,0.0,1.026,-0.966,0.0,3.49,134.955,difference_arbres_moins_sans
Quartier A,chaud_saison_seche,21,-1.245,-11.723,-0.046,10.524,0.0,0.972,-1.167,0.0,3.49,134.955,difference_arbres_moins_sans
Quartier A,chaud_saison_seche,22,-1.183,-11.302,0.063,10.057,0.0,0.969,-1.351,0.0,3.49,134.955,difference_arbres_moins_sans
Quartier A,chaud_saison_seche,23,-1.112,-10.699,0.041,9.546,0.0,1.018,-1.352,0.0,3.49,134.955,difference_arbres_moins_sans
Quartier A,chaud_saison_seche,24,-1.12,-10.738,-0.03,9.648,0.0,1.284,-1.228,0.0,3.49,134.955,difference_arbres_moins_sans
Quartier A,frais_saison_seche,1,-0.999,-10.155,0.075,9.082,0.0,-0.01,-2.058,0.0,3.443,137.298,difference_arbres_moins_sans
Quartier A,frais_saison_seche,2,-1.003,-10.191,0.077,9.111,0.0,-0.009,-1.977,0.0,3.443,137.298,difference_arbres_moins_sans
Quartier A,frais_saison_seche,3,-1.004,-10.201,0.078,9.119,0.0,0.0,-1.884,0.0,3.443,137.298,difference_arbres_moins_sans
Quartier A,frais_saison_seche,4,-1.031,-10.376,0.084,9.262,0.0,0.008,-1.778,0.0,3.443,137.298,difference_arbres_moins_sans
Quartier A,frais_saison_seche,5,-1.026,-10.353,0.078,9.248,0.0,0.058,-1.696,0.0,3.443,137.299,difference_arbres_moins_sans
Quartier A,frais_saison_seche,6,-1.019,-10.277,0.072,9.186,0.0,0.108,-1.647,0.0,3.443,137.299,difference_arbres_moins_sans
Quartier A,frais_saison_seche,7,-0.986,-10.202,0.067,9.149,0.0,0.121,-1.641,0.0,3.443,137.299,difference_arbres_moins_sans
Quartier A,frais_saison_seche,8,-0.213,-9.556,0.735,8.608,0.0,0.201,-1.716,0.0,3.443,137.299,difference_arbres_moins_sans
Quartier A,frais_saison_seche,9,4.251,-7.119,5.81,5.561,0.0,0.323,-2.114,0.0,3.443,137.303,difference_arbres_moins_sans
Quartier A,frais_saison_seche,10,11.502,0.068,11.702,-0.268,0.0,-0.266,-2.573,0.0,3.443,137.316,difference_arbres_moins_sans
Quartier A,frais_saison_seche,11,18.562,7.554,16.766,-5.759,0.0,-0.503,-2.894,0.0,3.443,137.338,difference_arbres_moins_sans
Quartier A,frais_saison_seche,12,24.1,13.816,20.457,-10.173,0.0,-0.73,-3.027,0.0,3.443,137.365,difference_arbres_moins_sans
Quartier A,frais_saison_seche,13,27.393,17.658,22.786,-13.05,0.0,-0.858,-3.046,0.0,3.443,137.397,difference_arbres_moins_sans
Quartier A,frais_saison_seche,14,28.012,16.447,25.652,-14.087,0.0,-0.772,-2.97,0.0,3.443,137.432,difference_arbres_moins_sans
Quartier A,frais_saison_seche,15,25.996,12.112,26.745,-12.861,0.0,-0.62,-2.865,0.0,3.443,137.472,difference_arbres_moins_sans
Quartier A,frais_saison_seche,16,21.573,7.311,24.107,-9.846,0.0,-0.498,-2.771,0.0,3.443,137.508,difference_arbres_moins_sans
Quartier A,frais_saison_seche,17,15.177,1.378,18.421,-4.622,0.0,-0.342,-2.661,0.0,3.443,137.54,difference_arbres_moins_sans
Quartier A,frais_saison_seche,18,7.764,-4.154,10.486,1.432,0.0,-0.035,-2.485,0.0,3.443,137.56,difference_arbres_moins_sans
Quartier A,frais_saison_seche,19,1.411,-8.113,2.829,6.697,0.0,0.256,-2.036,0.0,3.443,137.569,difference_arbres_moins_sans
Quartier A,frais_saison_seche,20,-0.781,-9.649,0.136,8.732,0.0,0.108,-1.776,0.0,3.443,137.571,difference_arbres_moins_sans
Quartier A,frais_saison_seche,21,-0.94,-9.746,0.054,8.754,0.0,0.155,-1.721,0.0,3.443,137.571,difference_arbres_moins_sans
Quartier A,frais_saison_seche,22,-0.961,-9.894,0.058,8.876,0.0,0.138,-1.758,0.0,3.443,137.57,difference_arbres_moins_sans
Quartier A,frais_saison_seche,23,-0.974,-9.992,0.061,8.957,0.0,0.119,-1.779,0.0,3.443,137.571,difference_arbres_moins_sans
Quartier A,frais_saison_seche,24,-1.009,-10.226,0.072,9.145,0.0,0.1,-1.718,0.0,3.443,137.572,difference_arbres_moins_sans
Quartier A,saison_pluies,1,-0.628,-7.885,-0.311,7.568,0.0,0.915,-1.344,0.0,3.705,103.528,difference_arbres_moins_sans
Quartier A,saison_pluies,2,-0.586,-7.554,-0.372,7.34,0.0,0.964,-1.283,0.0,3.705,103.528,difference_arbres_moins_sans
Quartier A,saison_pluies,3,-0.571,-7.398,-0.405,7.23,0.0,1.059,-1.215,0.0,3.705,103.528,difference_arbres_moins_sans
Quartier A,saison_pluies,4,-0.613,-7.716,-0.366,7.469,0.0,1.113,-1.183,0.0,3.705,103.528,difference_arbres_moins_sans
Quartier A,saison_pluies,5,-0.652,-8.067,-0.326,7.742,0.0,1.111,-1.158,0.0,3.705,103.528,difference_arbres_moins_sans
Quartier A,saison_pluies,6,-0.653,-8.08,-0.315,7.741,0.0,1.133,-1.17,0.0,3.705,103.528,difference_arbres_moins_sans
Quartier A,saison_pluies,7,-0.344,-7.592,-0.237,7.484,0.0,1.048,-1.22,0.0,3.705,103.528,difference_arbres_moins_sans
Quartier A,saison_pluies,8,2.262,-7.169,4.349,5.081,0.0,-0.186,-1.535,0.0,3.705,103.53,difference_arbres_moins_sans
Quartier A,saison_pluies,9,8.497,-8.251,17.858,-1.11,0.0,-1.548,-1.821,0.0,3.705,103.551,difference_arbres_moins_sans
Quartier A,saison_pluies,10,15.414,2.686,21.588,-8.859,0.0,-1.685,-1.634,0.0,3.705,103.592,difference_arbres_moins_sans
Quartier A,saison_pluies,11,21.405,14.217,21.958,-14.771,0.0,-0.296,-1.122,0.0,3.705,103.635,difference_arbres_moins_sans
Quartier A,saison_pluies,12,25.75,19.446,26.069,-19.765,0.0,0.85,-0.772,0.0,3.705,103.686,difference_arbres_moins_sans
Quartier A,saison_pluies,13,27.984,18.133,33.888,-24.037,0.0,0.856,-0.638,0.0,3.705,103.748,difference_arbres_moins_sans
Quartier A,saison_pluies,14,27.879,2.784,49.473,-24.377,0.0,0.442,-0.604,0.0,3.705,103.831,difference_arbres_moins_sans
Quartier A,saison_pluies,15,25.472,-11.292,57.902,-21.137,0.0,0.958,-0.572,0.0,3.705,103.937,difference_arbres_moins_sans
Quartier A,saison_pluies,16,21.024,-2.145,39.051,-15.881,0.0,0.524,-0.601,0.0,3.705,104.031,difference_arbres_moins_sans
Quartier A,saison_pluies,17,15.013,5.357,19.913,-10.257,0.0,0.46,-0.694,0.0,3.705,104.085,difference_arbres_moins_sans
Quartier A,saison_pluies,18,8.142,-0.056,11.55,-3.351,0.0,-0.262,-0.912,0.0,3.705,104.115,difference_arbres_moins_sans
Quartier A,saison_pluies,19,2.033,-4.269,2.282,4.021,0.0,0.037,-0.9,0.0,3.705,104.13,difference_arbres_moins_sans
Quartier A,saison_pluies,20,-0.443,-6.715,-1.244,7.517,0.0,3.723,-0.548,0.0,3.705,104.132,difference_arbres_moins_sans
Quartier A,saison_pluies,21,-0.647,-7.311,-1.009,7.674,0.0,4.572,-0.505,0.0,3.705,104.131,difference_arbres_moins_sans
Quartier A,saison_pluies,22,-0.64,-7.579,-0.704,7.644,0.0,3.839,-0.529,0.0,3.705,104.132,difference_arbres_moins_sans
Quartier A,saison_pluies,23,-0.644,-7.812,-0.501,7.67,0.0,2.009,-0.502,0.0,3.705,104.131,difference_arbres_moins_sans
Quartier A,saison_pluies,24,-0.648,-7.805,-0.542,7.699,0.0,2.66,-0.495,0.0,3.705,104.131,difference_arbres_moins_sans
Quartier SC2,chaud_saison_seche,1,-2.586,-23.377,-0.162,20.953,0.0,2.151,-3.276,0.0,3.475,389.795,difference_arbres_moins_sans
Quartier SC2,chaud_saison_seche,2,-2.513,-23.008,-0.191,20.687,0.0,2.693,-3.086,0.0,3.475,389.795,difference_arbres_moins_sans
Quartier SC2,chaud_saison_seche,3,-2.479,-22.699,-0.179,20.398,0.0,2.75,-3.054,0.0,3.475,389.794,difference_arbres_moins_sans
Quartier SC2,chaud_saison_seche,4,-2.564,-23.315,-0.171,20.92,0.0,2.491,-3.148,0.0,3.475,389.794,difference_arbres_moins_sans
Quartier SC2,chaud_saison_seche,5,-2.563,-23.48,-0.149,21.066,0.0,1.956,-3.318,0.0,3.475,389.794,difference_arbres_moins_sans
Quartier SC2,chaud_saison_seche,6,-2.602,-23.498,-0.163,21.058,0.0,1.272,-3.478,0.0,3.475,389.794,difference_arbres_moins_sans
Quartier SC2,chaud_saison_seche,7,-1.669,-23.698,0.482,21.546,0.0,0.987,-3.494,0.0,3.475,389.794,difference_arbres_moins_sans
Quartier SC2,chaud_saison_seche,8,7.097,-22.262,11.542,17.819,0.0,0.819,-3.931,0.0,3.475,389.802,difference_arbres_moins_sans
Quartier SC2,chaud_saison_seche,9,27.89,-10.906,31.821,6.975,0.0,0.784,-4.186,0.0,3.475,389.834,difference_arbres_moins_sans
Quartier SC2,chaud_saison_seche,10,51.316,1.921,55.154,-5.76,0.0,0.715,-4.213,0.0,3.475,389.898,difference_arbres_moins_sans
Quartier SC2,chaud_saison_seche,11,71.994,12.712,76.368,-17.086,0.0,0.629,-4.915,0.0,3.475,389.997,difference_arbres_moins_sans
Quartier SC2,chaud_saison_seche,12,87.516,26.866,86.74,-26.091,0.0,0.496,-5.809,0.0,3.475,390.118,difference_arbres_moins_sans
Quartier SC2,chaud_saison_seche,13,96.176,34.45,92.114,-30.387,0.0,0.47,-5.699,0.0,3.475,390.25,difference_arbres_moins_sans
Quartier SC2,chaud_saison_seche,14,97.027,33.019,94.75,-30.742,0.0,0.538,-4.763,0.0,3.475,390.387,difference_arbres_moins_sans
Quartier SC2,chaud_saison_seche,15,89.957,25.778,92.431,-28.251,0.0,0.592,-4.025,0.0,3.475,390.526,difference_arbres_moins_sans
Quartier SC2,chaud_saison_seche,16,75.642,8.566,86.97,-19.894,0.0,0.658,-3.595,0.0,3.475,390.657,difference_arbres_moins_sans
Quartier SC2,chaud_saison_seche,17,55.491,-9.451,73.939,-8.996,0.0,0.752,-3.239,0.0,3.475,390.775,difference_arbres_moins_sans
Quartier SC2,chaud_saison_seche,18,31.892,-27.313,54.542,4.662,0.0,1.107,-3.008,0.0,3.475,390.869,difference_arbres_moins_sans
Quartier SC2,chaud_saison_seche,19,9.647,-31.722,21.387,19.983,0.0,3.273,-2.581,0.0,3.475,390.924,difference_arbres_moins_sans
Quartier SC2,chaud_saison_seche,20,-2.038,-28.141,1.032,25.07,0.0,2.856,-2.502,0.0,3.475,390.936,difference_arbres_moins_sans
Quartier SC2,chaud_saison_seche,21,-3.321,-27.429,-0.287,24.394,0.0,2.271,-3.022,0.0,3.475,390.936,difference_arbres_moins_sans
Quartier SC2,chaud_saison_seche,22,-3.158,-26.526,-0.121,23.488,0.0,1.846,-3.393,0.0,3.475,390.935,difference_arbres_moins_sans
Quartier SC2,chaud_saison_seche,23,-2.969,-25.206,-0.109,22.346,0.0,1.981,-3.352,0.0,3.475,390.935,difference_arbres_moins_sans
Quartier SC2,chaud_saison_seche,24,-2.992,-25.414,-0.167,22.59,0.0,2.48,-3.115,0.0,3.475,390.935,difference_arbres_moins_sans
Quartier SC2,frais_saison_seche,1,-2.666,-24.215,0.194,21.354,0.0,-0.705,-4.871,0.0,3.407,423.557,difference_arbres_moins_sans
Quartier SC2,frais_saison_seche,2,-2.677,-24.309,0.198,21.434,0.0,-0.657,-4.674,0.0,3.407,423.557,difference_arbres_moins_sans
Quartier SC2,frais_saison_seche,3,-2.683,-24.317,0.196,21.437,0.0,-0.614,-4.451,0.0,3.407,423.557,difference_arbres_moins_sans
Quartier SC2,frais_saison_seche,4,-2.754,-24.732,0.209,21.768,0.0,-0.594,-4.207,0.0,3.407,423.557,difference_arbres_moins_sans
Quartier SC2,frais_saison_seche,5,-2.741,-24.687,0.191,21.755,0.0,-0.479,-4.017,0.0,3.407,423.557,difference_arbres_moins_sans
Quartier SC2,frais_saison_seche,6,-2.72,-24.467,0.174,21.574,0.0,-0.346,-3.909,0.0,3.407,423.557,difference_arbres_moins_sans
Quartier SC2,frais_saison_seche,7,-2.627,-24.293,0.162,21.505,0.0,-0.293,-3.897,0.0,3.407,423.558,difference_arbres_moins_sans
Quartier SC2,frais_saison_seche,8,-0.376,-22.544,1.706,20.461,0.0,0.013,-4.075,0.0,3.407,423.559,difference_arbres_moins_sans
Quartier SC2,frais_saison_seche,9,12.608,-12.979,11.515,14.072,0.0,1.038,-4.966,0.0,3.407,423.569,difference_arbres_moins_sans
Quartier SC2,frais_saison_seche,10,33.712,8.461,22.654,2.599,0.0,0.658,-5.692,0.0,3.407,423.593,difference_arbres_moins_sans
Quartier SC2,frais_saison_seche,11,54.258,30.334,32.453,-8.528,0.0,0.444,-6.316,0.0,3.407,423.635,difference_arbres_moins_sans
Quartier SC2,frais_saison_seche,12,70.358,48.671,39.403,-17.715,0.0,0.313,-6.454,0.0,3.407,423.688,difference_arbres_moins_sans
Quartier SC2,frais_saison_seche,13,79.93,59.603,43.62,-23.293,0.0,0.23,-6.317,0.0,3.407,423.749,difference_arbres_moins_sans
Quartier SC2,frais_saison_seche,14,81.743,58.151,49.16,-25.569,0.0,0.252,-6.029,0.0,3.407,423.817,difference_arbres_moins_sans
Quartier SC2,frais_saison_seche,15,75.897,47.427,51.444,-22.976,0.0,0.333,-5.783,0.0,3.407,423.891,difference_arbres_moins_sans
Quartier SC2,frais_saison_seche,16,63.034,33.099,46.561,-16.626,0.0,0.402,-5.69,0.0,3.407,423.962,difference_arbres_moins_sans
Quartier SC2,frais_saison_seche,17,44.43,14.649,36.031,-6.25,0.0,0.511,-5.735,0.0,3.407,424.024,difference_arbres_moins_sans
Quartier SC2,frais_saison_seche,18,22.855,-4.395,21.065,6.184,0.0,0.691,-5.656,0.0,3.407,424.064,difference_arbres_moins_sans
Quartier SC2,frais_saison_seche,19,4.369,-18.66,6.367,16.663,0.0,0.499,-4.883,0.0,3.407,424.083,difference_arbres_moins_sans
Quartier SC2,frais_saison_seche,20,-2.034,-23.007,0.408,20.567,0.0,-0.358,-4.192,0.0,3.407,424.086,difference_arbres_moins_sans
Quartier SC2,frais_saison_seche,21,-2.51,-23.244,0.14,20.594,0.0,-0.286,-4.066,0.0,3.407,424.086,difference_arbres_moins_sans
Quartier SC2,frais_saison_seche,22,-2.565,-23.6,0.15,20.886,0.0,-0.378,-4.154,0.0,3.407,424.087,difference_arbres_moins_sans
Quartier SC2,frais_saison_seche,23,-2.602,-23.846,0.158,21.087,0.0,-0.449,-4.201,0.0,3.407,424.087,difference_arbres_moins_sans
Quartier SC2,frais_saison_seche,24,-2.695,-24.392,0.18,21.516,0.0,-0.463,-4.068,0.0,3.407,424.087,difference_arbres_moins_sans
Quartier SC2,saison_pluies,1,-1.735,-18.937,-0.421,17.623,0.0,2.22,-2.95,0.0,3.998,345.4,difference_arbres_moins_sans
Quartier SC2,saison_pluies,2,-1.618,-18.245,-0.549,17.177,0.0,2.509,-2.845,0.0,3.998,345.4,difference_arbres_moins_sans
Quartier SC2,saison_pluies,3,-1.58,-17.598,-0.673,16.692,0.0,2.441,-2.697,0.0,3.998,345.4,difference_arbres_moins_sans
Quartier SC2,saison_pluies,4,-1.692,-18.251,-0.699,17.258,0.0,1.63,-2.575,0.0,3.998,345.4,difference_arbres_moins_sans
Quartier SC2,saison_pluies,5,-1.8,-19.127,-0.701,18.028,0.0,0.954,-2.487,0.0,3.998,345.4,difference_arbres_moins_sans
Quartier SC2,saison_pluies,6,-1.805,-19.077,-0.687,17.96,0.0,1.02,-2.526,0.0,3.998,345.4,difference_arbres_moins_sans
Quartier SC2,saison_pluies,7,-0.743,-17.59,-0.679,17.527,0.0,1.81,-2.676,0.0,3.998,345.4,difference_arbres_moins_sans
Quartier SC2,saison_pluies,8,8.134,-14.96,9.917,13.177,0.0,1.402,-3.14,0.0,3.998,345.403,difference_arbres_moins_sans
Quartier SC2,saison_pluies,9,29.322,-14.243,41.646,1.919,0.0,1.337,-3.306,0.0,3.998,345.446,difference_arbres_moins_sans
Quartier SC2,saison_pluies,10,52.873,6.748,57.906,-11.782,0.0,1.302,-3.03,0.0,3.998,345.533,difference_arbres_moins_sans
Quartier SC2,saison_pluies,11,73.259,30.241,64.852,-21.835,0.0,2.398,-2.416,0.0,3.998,345.632,difference_arbres_moins_sans
Quartier SC2,saison_pluies,12,88.012,43.311,75.586,-30.884,0.0,4.065,-1.822,0.0,3.998,345.748,difference_arbres_moins_sans
Quartier SC2,saison_pluies,13,95.592,41.747,93.189,-39.345,0.0,3.534,-1.649,0.0,3.998,345.887,difference_arbres_moins_sans
Quartier SC2,saison_pluies,14,95.244,19.104,116.981,-40.842,0.0,0.851,-1.774,0.0,3.998,346.062,difference_arbres_moins_sans
Quartier SC2,saison_pluies,15,87.078,-17.59,139.945,-35.277,0.0,2.011,-1.825,0.0,3.998,346.277,difference_arbres_moins_sans
Quartier SC2,saison_pluies,16,71.962,-0.085,97.662,-25.615,0.0,1.615,-1.755,0.0,3.998,346.479,difference_arbres_moins_sans
Quartier SC2,saison_pluies,17,51.504,7.326,59.247,-15.068,0.0,2.542,-1.696,0.0,3.998,346.599,difference_arbres_moins_sans
Quartier SC2,saison_pluies,18,28.153,-6.113,36.532,-2.268,0.0,1.428,-1.899,0.0,3.998,346.673,difference_arbres_moins_sans
Quartier SC2,saison_pluies,19,7.378,-15.031,10.931,11.479,0.0,3.019,-1.889,0.0,3.998,346.71,difference_arbres_moins_sans
Quartier SC2,saison_pluies,20,-1.063,-17.542,-1.19,17.67,0.0,9.325,-1.145,0.0,3.998,346.717,difference_arbres_moins_sans
Quartier SC2,saison_pluies,21,-1.786,-18.066,-1.434,17.714,0.0,10.14,-1.137,0.0,3.998,346.716,difference_arbres_moins_sans
Quartier SC2,saison_pluies,22,-1.767,-18.253,-1.169,17.654,0.0,6.374,-1.126,0.0,3.998,346.716,difference_arbres_moins_sans
Quartier SC2,saison_pluies,23,-1.778,-18.489,-1.003,17.714,0.0,2.021,-1.06,0.0,3.998,346.715,difference_arbres_moins_sans
Quartier SC2,saison_pluies,24,-1.792,-18.521,-1.047,17.778,0.0,2.956,-1.067,0.0,3.998,346.715,difference_arbres_moins_sans
Servitude climatique 1,chaud_saison_seche,1,-2.675,-21.723,-0.021,19.07,0.0,2.267,-3.488,0.0,3.3,384.87,difference_arbres_moins_sans
Servitude climatique 1,chaud_saison_seche,2,-2.597,-21.391,-0.064,18.858,0.0,2.807,-3.286,0.0,3.3,384.87,difference_arbres_moins_sans
Servitude climatique 1,chaud_saison_seche,3,-2.563,-21.092,-0.075,18.603,0.0,2.866,-3.252,0.0,3.3,384.87,difference_arbres_moins_sans
Servitude climatique 1,chaud_saison_seche,4,-2.652,-21.674,-0.049,19.072,0.0,2.594,-3.352,0.0,3.3,384.87,difference_arbres_moins_sans
Servitude climatique 1,chaud_saison_seche,5,-2.65,-21.827,-0.018,19.196,0.0,2.072,-3.533,0.0,3.3,384.87,difference_arbres_moins_sans
Servitude climatique 1,chaud_saison_seche,6,-2.691,-21.902,0.029,19.181,0.0,1.442,-3.702,0.0,3.3,384.87,difference_arbres_moins_sans
Servitude climatique 1,chaud_saison_seche,7,-1.637,-22.23,0.899,19.694,0.0,1.174,-3.714,0.0,3.3,384.87,difference_arbres_moins_sans
Servitude climatique 1,chaud_saison_seche,8,8.131,-23.005,13.864,17.272,0.0,1.005,-4.072,0.0,3.3,384.88,difference_arbres_moins_sans
Servitude climatique 1,chaud_saison_seche,9,31.264,-14.44,36.154,9.549,0.0,1.033,-4.481,0.0,3.3,384.918,difference_arbres_moins_sans
Servitude climatique 1,chaud_saison_seche,10,57.338,-4.451,61.758,0.03,0.0,0.981,-4.503,0.0,3.3,384.99,difference_arbres_moins_sans
Servitude climatique 1,chaud_saison_seche,11,80.355,4.113,84.749,-8.505,0.0,0.852,-5.256,0.0,3.3,385.1,difference_arbres_moins_sans
Servitude climatique 1,chaud_saison_seche,12,97.621,15.843,97.053,-15.276,0.0,0.673,-6.22,0.0,3.3,385.235,difference_arbres_moins_sans
Servitude climatique 1,chaud_saison_seche,13,107.249,23.651,102.004,-18.407,0.0,0.644,-6.097,0.0,3.3,385.382,difference_arbres_moins_sans
Servitude climatique 1,chaud_saison_seche,14,108.2,23.153,103.942,-18.896,0.0,0.755,-5.087,0.0,3.3,385.534,difference_arbres_moins_sans
Servitude climatique 1,chaud_saison_seche,15,100.353,15.92,102.02,-17.587,0.0,0.847,-4.294,0.0,3.3,385.685,difference_arbres_moins_sans
Servitude climatique 1,chaud_saison_seche,16,84.448,1.569,94.684,-11.805,0.0,0.924,-3.834,0.0,3.3,385.829,difference_arbres_moins_sans
Servitude climatique 1,chaud_saison_seche,17,62.046,-16.997,82.741,-3.699,0.0,1.072,-3.455,0.0,3.3,385.96,difference_arbres_moins_sans
Servitude climatique 1,chaud_saison_seche,18,35.8,-31.901,60.824,6.878,0.0,1.599,-3.213,0.0,3.3,386.065,difference_arbres_moins_sans
Servitude climatique 1,chaud_saison_seche,19,11.062,-32.022,24.326,18.758,0.0,3.98,-2.695,0.0,3.3,386.126,difference_arbres_moins_sans
Servitude climatique 1,chaud_saison_seche,20,-1.971,-26.256,1.699,22.588,0.0,3.258,-2.665,0.0,3.3,386.14,difference_arbres_moins_sans
Servitude climatique 1,chaud_saison_seche,21,-3.43,-25.536,0.019,22.088,0.0,2.5,-3.218,0.0,3.3,386.141,difference_arbres_moins_sans
Servitude climatique 1,chaud_saison_seche,22,-3.266,-24.66,0.129,21.265,0.0,1.955,-3.614,0.0,3.3,386.141,difference_arbres_moins_sans
Servitude climatique 1,chaud_saison_seche,23,-3.071,-23.42,0.086,20.264,0.0,2.084,-3.571,0.0,3.3,386.141,difference_arbres_moins_sans
Servitude climatique 1,chaud_saison_seche,24,-3.093,-23.604,0.02,20.491,0.0,2.647,-3.318,0.0,3.3,386.141,difference_arbres_moins_sans
Servitude climatique 1,frais_saison_seche,1,-2.757,-22.484,0.288,19.439,0.0,-1.687,-4.972,0.0,3.23,414.297,difference_arbres_moins_sans
Servitude climatique 1,frais_saison_seche,2,-2.768,-22.569,0.275,19.525,0.0,-1.475,-4.803,0.0,3.23,414.298,difference_arbres_moins_sans
Servitude climatique 1,frais_saison_seche,3,-2.774,-22.539,0.258,19.508,0.0,-1.265,-4.613,0.0,3.23,414.298,difference_arbres_moins_sans
Servitude climatique 1,frais_saison_seche,4,-2.848,-22.909,0.254,19.808,0.0,-1.069,-4.41,0.0,3.23,414.299,difference_arbres_moins_sans
Servitude climatique 1,frais_saison_seche,5,-2.835,-22.872,0.223,19.815,0.0,-0.804,-4.241,0.0,3.23,414.299,difference_arbres_moins_sans
Servitude climatique 1,frais_saison_seche,6,-2.811,-22.637,0.202,19.624,0.0,-0.61,-4.135,0.0,3.23,414.299,difference_arbres_moins_sans
Servitude climatique 1,frais_saison_seche,7,-2.71,-22.472,0.187,19.575,0.0,-0.559,-4.115,0.0,3.23,414.3,difference_arbres_moins_sans
Servitude climatique 1,frais_saison_seche,8,-0.206,-20.756,1.698,18.851,0.0,-0.377,-4.206,0.0,3.23,414.3,difference_arbres_moins_sans
Servitude climatique 1,frais_saison_seche,9,14.232,-11.525,11.073,14.683,0.0,1.047,-5.226,0.0,3.23,414.309,difference_arbres_moins_sans
Servitude climatique 1,frais_saison_seche,10,37.71,9.92,21.752,6.038,0.0,0.712,-6.069,0.0,3.23,414.334,difference_arbres_moins_sans
Servitude climatique 1,frais_saison_seche,11,60.568,31.986,30.965,-2.383,0.0,0.479,-6.773,0.0,3.23,414.374,difference_arbres_moins_sans
Servitude climatique 1,frais_saison_seche,12,78.464,50.008,37.476,-9.02,0.0,0.331,-6.929,0.0,3.23,414.424,difference_arbres_moins_sans
Servitude climatique 1,frais_saison_seche,13,89.1,60.889,41.515,-13.303,0.0,0.225,-6.774,0.0,3.23,414.483,difference_arbres_moins_sans
Servitude climatique 1,frais_saison_seche,14,91.128,59.815,46.752,-15.439,0.0,0.242,-6.458,0.0,3.23,414.546,difference_arbres_moins_sans
Servitude climatique 1,frais_saison_seche,15,84.64,49.626,48.82,-13.806,0.0,0.331,-6.192,0.0,3.23,414.617,difference_arbres_moins_sans
Servitude climatique 1,frais_saison_seche,16,70.34,35.405,44.335,-9.399,0.0,0.4,-6.096,0.0,3.23,414.685,difference_arbres_moins_sans
Servitude climatique 1,frais_saison_seche,17,49.653,17.108,34.323,-1.779,0.0,0.533,-6.147,0.0,3.23,414.743,difference_arbres_moins_sans
Servitude climatique 1,frais_saison_seche,18,25.652,-2.002,20.101,7.553,0.0,0.723,-6.003,0.0,3.23,414.782,difference_arbres_moins_sans
Servitude climatique 1,frais_saison_seche,19,5.087,-16.505,6.175,15.419,0.0,0.144,-4.995,0.0,3.23,414.799,difference_arbres_moins_sans
Servitude climatique 1,frais_saison_seche,20,-2.053,-21.246,0.482,18.71,0.0,-0.977,-4.342,0.0,3.23,414.803,difference_arbres_moins_sans
Servitude climatique 1,frais_saison_seche,21,-2.595,-21.549,0.192,18.763,0.0,-0.847,-4.232,0.0,3.23,414.803,difference_arbres_moins_sans
Servitude climatique 1,frais_saison_seche,22,-2.652,-21.891,0.21,19.028,0.0,-1.032,-4.317,0.0,3.23,414.804,difference_arbres_moins_sans
Servitude climatique 1,frais_saison_seche,23,-2.69,-22.131,0.221,19.219,0.0,-1.14,-4.366,0.0,3.23,414.804,difference_arbres_moins_sans
Servitude climatique 1,frais_saison_seche,24,-2.786,-22.61,0.229,19.594,0.0,-0.963,-4.269,0.0,3.23,414.805,difference_arbres_moins_sans
Servitude climatique 1,saison_pluies,1,-1.689,-18.318,-1.437,18.067,0.0,2.076,-3.172,0.0,3.834,343.223,difference_arbres_moins_sans
Servitude climatique 1,saison_pluies,2,-1.574,-17.446,-1.709,17.581,0.0,2.078,-3.026,0.0,3.834,343.223,difference_arbres_moins_sans
Servitude climatique 1,saison_pluies,3,-1.537,-16.813,-1.834,17.11,0.0,1.838,-2.852,0.0,3.834,343.223,difference_arbres_moins_sans
Servitude climatique 1,saison_pluies,4,-1.646,-17.723,-1.618,17.695,0.0,1.242,-2.767,0.0,3.834,343.223,difference_arbres_moins_sans
Servitude climatique 1,saison_pluies,5,-1.752,-18.75,-1.423,18.421,0.0,0.783,-2.714,0.0,3.834,343.223,difference_arbres_moins_sans
Servitude climatique 1,saison_pluies,6,-1.756,-18.741,-1.387,18.371,0.0,0.825,-2.757,0.0,3.834,343.223,difference_arbres_moins_sans
Servitude climatique 1,saison_pluies,7,-0.861,-16.774,-1.927,17.84,0.0,1.49,-2.889,0.0,3.834,343.223,difference_arbres_moins_sans
Servitude climatique 1,saison_pluies,8,6.653,-10.572,4.528,12.696,0.0,1.015,-3.547,0.0,3.834,343.226,difference_arbres_moins_sans
Servitude climatique 1,saison_pluies,9,24.622,-0.055,25.228,-0.551,0.0,0.218,-3.801,0.0,3.834,343.268,difference_arbres_moins_sans
Servitude climatique 1,saison_pluies,10,44.57,31.479,30.701,-17.61,0.0,-0.621,-3.507,0.0,3.834,343.354,difference_arbres_moins_sans
Servitude climatique 1,saison_pluies,11,61.842,63.655,28.726,-30.539,0.0,-0.421,-2.803,0.0,3.834,343.454,difference_arbres_moins_sans
Servitude climatique 1,saison_pluies,12,74.361,84.409,31.449,-41.497,0.0,-0.158,-2.21,0.0,3.834,343.57,difference_arbres_moins_sans
Servitude climatique 1,saison_pluies,13,80.794,91.108,40.463,-50.775,0.0,-2.171,-2.248,0.0,3.834,343.709,difference_arbres_moins_sans
Servitude climatique 1,saison_pluies,14,80.496,81.123,51.583,-52.209,0.0,-5.712,-2.405,0.0,3.834,343.877,difference_arbres_moins_sans
Servitude climatique 1,saison_pluies,15,73.563,45.571,73.865,-45.873,0.0,-4.786,-2.28,0.0,3.834,344.078,difference_arbres_moins_sans
Servitude climatique 1,saison_pluies,16,60.745,46.837,48.477,-34.568,0.0,-4.296,-2.188,0.0,3.834,344.271,difference_arbres_moins_sans
Servitude climatique 1,saison_pluies,17,43.413,35.532,29.113,-21.232,0.0,0.01,-2.111,0.0,3.834,344.392,difference_arbres_moins_sans
Servitude climatique 1,saison_pluies,18,23.612,11.139,17.723,-5.25,0.0,0.55,-2.16,0.0,3.834,344.468,difference_arbres_moins_sans
Servitude climatique 1,saison_pluies,19,6.002,-4.968,0.186,10.784,0.0,2.729,-2.002,0.0,3.834,344.505,difference_arbres_moins_sans
Servitude climatique 1,saison_pluies,20,-1.142,-13.032,-6.053,17.942,0.0,9.677,-1.292,0.0,3.834,344.511,difference_arbres_moins_sans
Servitude climatique 1,saison_pluies,21,-1.738,-15.33,-4.58,18.173,0.0,9.962,-1.298,0.0,3.834,344.511,difference_arbres_moins_sans
Servitude climatique 1,saison_pluies,22,-1.72,-16.744,-3.083,18.107,0.0,5.584,-1.284,0.0,3.834,344.51,difference_arbres_moins_sans
Servitude climatique 1,saison_pluies,23,-1.73,-17.806,-2.087,18.164,0.0,1.776,-1.209,0.0,3.834,344.51,difference_arbres_moins_sans
Servitude climatique 1,saison_pluies,24,-1.743,-17.68,-2.289,18.226,0.0,2.62,-1.218,0.0,3.834,344.51,difference_arbres_moins_sans
