cell_id,month,QN,QH,QE,QS,QF,RH2,U10,Kdown,LAI,SMD,scenario
c_01_00,2017-01,47.056,53.834,5.267,-12.045,0.0,36.379,4.365,231.157,,13.564,arbres
c_01_00,2017-02,67.521,67.404,4.322,-4.205,0.0,50.049,5.335,255.02,,18.486,arbres
c_01_00,2017-03,91.44,80.968,5.567,4.905,0.0,51.694,5.369,286.843,,23.597,arbres
c_01_00,2017-04,98.893,85.59,5.506,7.796,0.0,54.643,5.447,306.806,,29.721,arbres
c_01_00,2017-05,122.679,101.037,4.902,16.741,0.0,68.417,4.307,294.192,,34.699,arbres
c_01_00,2017-06,118.922,97.803,5.846,15.274,0.0,71.349,4.122,280.902,,38.323,arbres
c_01_00,2017-07,116.995,92.365,10.128,14.502,0.0,70.459,3.526,254.055,,18.875,arbres
c_01_00,2017-08,106.702,82.35,13.803,10.549,0.0,76.86,3.692,226.605,,0.271,arbres
c_01_00,2017-09,116.209,93.983,7.993,14.233,0.0,77.877,3.075,255.182,,0.378,arbres
c_01_00,2017-10,101.358,86.367,6.434,8.557,0.0,70.364,3.002,266.349,,3.076,arbres
c_01_00,2017-11,61.9,62.753,5.559,-6.412,0.0,57.562,3.46,234.208,,9.134,arbres
c_01_00,2017-12,45.1,53.091,4.811,-12.801,0.0,40.415,4.634,221.144,,14.719,arbres
c_01_00,2018-01,42.898,51.897,4.624,-13.623,0.0,40.359,4.867,233.674,,19.866,arbres
c_01_01,2017-01,69.447,37.706,34.154,-1.103,1.311,37.744,1.518,231.157,3.965,211.975,arbres
c_01_01,2017-02,92.539,57.318,30.014,6.517,1.311,50.461,1.942,255.02,3.756,245.266,arbres
c_01_01,2017-03,119.862,82.27,23.519,15.384,1.311,52.733,1.972,286.843,3.736,273.222,arbres
c_01_01,2017-04,129.312,90.71,21.353,18.56,1.311,55.168,1.996,306.806,3.736,297.211,arbres
c_01_01,2017-05,152.328,110.531,17.109,25.999,1.311,70.292,1.573,294.192,3.736,316.727,arbres
c_01_01,2017-06,148.134,104.796,19.92,24.73,1.311,73.352,1.573,280.902,4.0,339.672,arbres
c_01_01,2017-07,143.577,88.6,33.187,23.101,1.311,73.675,1.272,254.055,4.0,343.227,arbres
c_01_01,2017-08,130.453,75.25,37.641,18.872,1.311,80.053,1.333,226.605,4.0,298.574,arbres
c_01_01,2017-09,142.887,86.477,34.882,22.839,1.311,81.596,1.08,255.182,4.0,215.905,arbres
c_01_01,2017-10,128.86,76.67,35.255,18.246,1.311,73.535,1.092,266.349,4.0,211.523,arbres
c_01_01,2017-11,84.889,49.599,32.603,3.997,1.311,60.258,1.209,234.208,3.735,241.508,arbres
c_01_01,2017-12,66.586,42.445,27.426,-1.974,1.311,41.428,1.644,221.144,3.727,274.042,arbres
c_01_01,2018-01,65.559,42.785,26.365,-2.281,1.311,40.987,1.745,233.674,3.699,302.873,arbres
c_01_02,2017-01,69.774,31.855,40.634,-1.404,1.311,38.052,0.686,231.157,3.507,270.311,arbres
c_01_02,2017-02,93.142,55.572,33.228,5.653,1.311,50.606,0.906,255.02,3.312,309.632,arbres
c_01_02,2017-03,120.702,79.358,28.861,13.793,1.311,52.951,0.935,286.843,3.281,340.637,arbres
c_01_02,2017-04,130.219,87.124,27.681,16.725,1.311,55.354,0.945,306.806,3.281,371.575,arbres
c_01_02,2017-05,153.423,109.572,21.531,23.63,1.311,70.419,0.772,294.192,3.281,396.615,arbres
c_01_02,2017-06,150.535,104.475,24.239,23.133,1.311,73.555,1.008,280.902,4.0,413.777,arbres
c_01_02,2017-07,145.816,89.229,36.305,21.593,1.311,74.107,0.81,254.055,4.0,418.289,arbres
c_01_02,2017-08,132.466,74.756,41.394,17.627,1.311,80.403,0.845,226.605,4.0,370.752,arbres
c_01_02,2017-09,145.126,85.375,39.737,21.325,1.311,81.915,0.697,255.182,4.0,281.743,arbres
c_01_02,2017-10,131.056,74.121,41.175,17.071,1.311,73.819,0.703,266.349,4.0,276.519,arbres
c_01_02,2017-11,85.476,46.039,37.4,3.348,1.311,60.676,0.578,234.208,3.278,320.971,arbres
c_01_02,2017-12,67.058,39.387,31.097,-2.115,1.311,41.673,0.769,221.144,3.257,358.157,arbres
c_01_02,2018-01,66.114,43.189,26.565,-2.329,1.311,41.129,0.832,233.674,3.183,389.921,arbres
c_01_03,2017-01,66.54,52.601,17.524,-1.165,2.42,36.782,2.648,231.157,4.222,88.727,arbres
c_01_03,2017-02,89.022,68.367,15.413,7.663,2.42,49.74,3.358,255.02,4.011,105.742,arbres
c_01_03,2017-03,115.631,81.604,18.515,17.932,2.42,52.195,3.343,286.843,4.0,123.351,arbres
c_01_03,2017-04,124.768,86.617,19.003,21.568,2.42,54.692,3.399,306.806,4.0,143.982,arbres
c_01_03,2017-05,147.502,103.416,16.087,30.42,2.42,69.866,2.653,294.192,4.0,161.708,arbres
c_01_03,2017-06,142.625,105.253,11.335,28.456,2.42,72.734,2.481,280.902,4.0,173.992,arbres
c_01_03,2017-07,138.436,90.903,23.237,26.715,2.42,72.905,2.011,254.055,4.0,171.19,arbres
c_01_03,2017-08,125.827,78.947,27.454,21.846,2.42,79.184,2.136,226.605,4.0,131.081,arbres
c_01_03,2017-09,137.745,92.054,21.609,26.502,2.42,80.898,1.696,255.182,4.0,70.531,arbres
c_01_03,2017-10,123.827,85.511,19.658,21.078,2.42,72.737,1.709,266.349,4.0,68.533,arbres
c_01_03,2017-11,81.647,61.609,17.693,4.766,2.42,59.048,2.062,234.208,4.0,88.538,arbres
c_01_03,2017-12,63.74,53.353,15.045,-2.238,2.42,40.564,2.848,221.144,4.0,106.228,arbres
c_01_03,2018-01,62.592,52.685,15.013,-2.686,2.42,40.218,2.99,233.674,4.0,122.363,arbres
c_01_04,2017-01,58.979,58.704,5.174,-4.899,0.0,37.106,3.08,231.157,,15.697,arbres
c_01_04,2017-02,80.532,72.018,4.329,4.185,0.0,50.327,3.891,255.02,,20.582,arbres
c_01_04,2017-03,105.932,85.754,5.413,14.765,0.0,52.74,3.955,286.843,,25.597,arbres
c_01_04,2017-04,114.384,90.551,5.438,18.395,0.0,55.395,3.929,306.806,,31.583,arbres
c_01_04,2017-05,137.278,104.782,4.562,27.935,0.0,70.511,2.906,294.192,,36.416,arbres
c_01_04,2017-06,132.845,101.031,5.751,26.063,0.0,73.513,2.682,280.902,,40.079,arbres
c_01_04,2017-07,129.501,94.382,10.612,24.507,0.0,73.106,2.158,254.055,,26.831,arbres
c_01_04,2017-08,117.835,83.057,15.14,19.638,0.0,79.429,2.245,226.605,,5.476,arbres
c_01_04,2017-09,128.782,96.339,8.151,24.292,0.0,81.31,1.737,255.182,,2.276,arbres
c_01_04,2017-10,114.664,90.231,6.063,18.37,0.0,73.046,1.846,266.349,,4.009,arbres
c_01_04,2017-11,73.85,67.181,5.325,1.344,0.0,59.431,2.31,234.208,,9.747,arbres
c_01_04,2017-12,56.506,57.673,4.765,-5.932,0.0,41.064,3.299,221.144,,15.2,arbres
c_01_04,2018-01,54.994,56.978,4.59,-6.574,0.0,40.769,3.509,233.674,,20.295,arbres
c_01_05,2017-01,67.231,51.47,18.956,-0.774,2.42,36.801,2.581,231.157,4.133,100.234,arbres
c_01_05,2017-02,89.816,67.485,16.679,8.071,2.42,49.771,3.275,255.02,3.926,118.654,arbres
c_01_05,2017-03,116.549,80.669,19.937,18.363,2.42,52.219,3.264,286.843,3.913,137.657,arbres
c_01_05,2017-04,125.752,85.709,20.448,22.014,2.42,54.721,3.318,306.806,3.913,159.863,arbres
c_01_05,2017-05,148.489,108.681,11.432,30.796,2.42,69.843,2.587,294.192,3.913,176.868,arbres
c_01_05,2017-06,144.502,102.233,15.166,29.523,2.42,72.838,2.426,280.902,4.0,187.589,arbres
c_01_05,2017-07,140.15,87.771,27.09,27.709,2.42,73.047,1.967,254.055,4.0,185.937,arbres
c_01_05,2017-08,127.36,76.228,30.771,22.781,2.42,79.358,2.087,226.605,4.0,147.001,arbres
c_01_05,2017-09,139.464,89.231,25.148,27.505,2.42,80.986,1.662,255.182,4.0,85.473,arbres
c_01_05,2017-10,125.588,82.066,23.891,22.051,2.42,72.816,1.674,266.349,4.0,83.032,arbres
c_01_05,2017-11,82.377,60.59,19.048,5.159,2.42,59.072,2.011,234.208,3.912,101.86,arbres
c_01_05,2017-12,64.41,52.498,16.176,-1.844,2.42,40.584,2.778,221.144,3.91,120.902,arbres
c_01_05,2018-01,63.297,51.908,16.088,-2.279,2.42,40.233,2.919,233.674,3.903,138.216,arbres
c_01_06,2017-01,53.694,46.228,16.097,-8.631,0.0,38.125,1.59,231.157,4.025,58.142,arbres
c_01_06,2017-02,74.99,61.917,14.107,-1.033,0.0,51.014,1.985,255.02,3.814,73.736,arbres
c_01_06,2017-03,99.978,75.118,17.161,7.699,0.0,53.408,2.045,286.843,3.796,89.955,arbres
c_01_06,2017-04,108.034,79.679,17.734,10.621,0.0,56.086,2.048,306.806,3.796,109.167,arbres
c_01_06,2017-05,131.682,97.523,15.222,18.937,0.0,71.08,1.707,294.192,3.796,125.771,arbres
c_01_06,2017-06,141.018,49.743,65.004,26.271,0.0,75.091,1.593,280.902,4.0,141.732,arbres
c_01_06,2017-07,137.085,48.933,63.304,24.847,0.0,75.516,1.303,254.055,4.0,133.882,arbres
c_01_06,2017-08,124.648,45.047,59.616,19.986,0.0,81.187,1.393,226.605,4.0,78.125,arbres
c_01_06,2017-09,136.374,55.903,55.761,24.71,0.0,82.817,1.168,255.182,4.0,18.593,arbres
c_01_06,2017-10,122.181,41.719,61.264,19.198,0.0,75.106,1.144,266.349,4.0,15.714,arbres
c_01_06,2017-11,68.763,55.619,16.417,-3.273,0.0,60.93,1.313,234.208,3.795,33.098,arbres
c_01_06,2017-12,51.47,47.0,13.866,-9.396,0.0,42.054,1.697,221.144,3.789,49.458,arbres
c_01_06,2018-01,49.599,45.86,13.797,-10.057,0.0,41.749,1.783,233.674,3.769,64.31,arbres
c_01_07,2017-01,59.663,38.154,27.376,-5.866,0.0,37.779,0.908,231.157,3.775,123.326,arbres
c_01_07,2017-02,81.739,56.018,24.275,1.447,0.0,50.617,1.154,255.02,3.572,150.1,arbres
c_01_07,2017-03,107.7,69.169,28.682,9.848,0.0,53.088,1.202,286.843,3.548,177.558,arbres
c_01_07,2017-04,116.302,78.908,24.683,12.711,0.0,55.582,1.205,306.806,3.548,208.524,arbres
c_01_07,2017-05,139.82,107.023,12.34,20.457,0.0,70.791,1.033,294.192,3.548,225.439,arbres
c_01_07,2017-06,138.14,94.082,23.611,20.447,0.0,73.964,1.025,280.902,3.992,251.945,arbres
c_01_07,2017-07,134.531,78.223,37.193,19.115,0.0,74.283,0.848,254.055,3.992,250.723,arbres
c_01_07,2017-08,122.382,68.358,38.858,15.166,0.0,80.351,0.885,226.605,3.992,195.774,arbres
c_01_07,2017-09,133.802,79.938,34.935,18.929,0.0,82.268,0.747,255.182,3.992,107.04,arbres
c_01_07,2017-10,119.393,69.542,35.78,14.071,0.0,74.124,0.734,266.349,3.992,104.899,arbres
c_01_07,2017-11,74.974,48.549,27.223,-0.798,0.0,60.518,0.768,234.208,3.545,120.555,arbres
c_01_07,2017-12,57.244,40.627,23.244,-6.627,0.0,41.617,0.976,221.144,3.533,147.895,arbres
c_01_07,2018-01,55.702,39.909,22.92,-7.127,0.0,41.229,1.032,233.674,3.487,172.638,arbres
c_01_08,2017-01,52.01,48.494,12.926,-9.41,0.0,38.261,1.577,231.157,3.672,45.602,arbres
c_01_08,2017-02,73.118,63.654,11.235,-1.771,0.0,51.248,1.967,255.02,3.479,58.065,arbres
c_01_08,2017-03,97.85,77.105,13.73,7.015,0.0,53.642,2.017,286.843,3.457,71.0,arbres
c_01_08,2017-04,105.756,81.68,14.148,9.929,0.0,56.375,2.03,306.806,3.457,86.354,arbres
c_01_08,2017-05,129.451,98.86,12.218,18.373,0.0,71.264,1.73,294.192,3.457,99.573,arbres
c_01_08,2017-06,168.981,-19.728,137.037,51.672,0.0,91.425,1.22,280.902,3.91,150.555,arbres
c_01_08,2017-07,162.419,-12.784,126.747,48.456,0.0,90.759,0.992,254.055,3.91,146.229,arbres
c_01_08,2017-08,147.256,-6.023,112.156,41.123,0.0,91.74,1.118,226.605,3.91,86.889,arbres
c_01_08,2017-09,161.815,1.925,111.616,48.273,0.0,90.232,0.99,255.182,3.91,1.551,arbres
c_01_08,2017-10,148.643,-14.135,121.152,41.626,0.0,89.623,0.907,266.349,3.91,11.379,arbres
c_01_08,2017-11,67.047,57.891,13.145,-3.988,0.0,61.127,1.329,234.208,3.454,23.814,arbres
c_01_08,2017-12,49.874,48.96,11.068,-10.154,0.0,42.259,1.69,221.144,3.442,36.892,arbres
c_01_08,2018-01,47.93,47.914,10.876,-10.859,0.0,41.641,2.535,233.674,3.396,48.694,arbres
c_01_09,2017-01,46.599,53.455,5.474,-12.33,0.0,36.331,4.499,231.157,,14.263,arbres
c_01_09,2017-02,67.022,67.054,4.522,-4.553,0.0,49.987,5.476,255.02,,19.388,arbres
c_01_09,2017-03,90.884,80.558,5.818,4.508,0.0,51.667,5.507,286.843,,24.747,arbres
c_01_09,2017-04,98.299,85.197,5.764,7.338,0.0,54.601,5.59,306.806,,31.147,arbres
c_01_09,2017-05,122.12,100.556,5.263,16.301,0.0,68.198,4.417,294.192,,36.434,arbres
c_01_09,2017-06,169.409,-11.797,124.249,56.958,0.0,84.521,3.863,280.902,,0.0,arbres
c_01_09,2017-07,162.761,-12.402,121.703,53.46,0.0,84.646,3.121,254.055,,0.0,arbres
c_01_09,2017-08,147.549,-4.352,106.57,45.33,0.0,87.377,3.452,226.605,,0.0,arbres
c_01_09,2017-09,162.164,-1.147,110.065,53.246,0.0,87.964,3.074,255.182,,0.0,arbres
c_01_09,2017-10,149.104,-18.503,121.351,46.257,0.0,82.631,2.966,266.349,,0.0,arbres
c_01_09,2017-11,61.442,62.312,5.834,-6.703,0.0,57.447,3.577,234.208,,9.639,arbres
c_01_09,2017-12,44.663,52.723,5.015,-13.075,0.0,40.354,4.767,221.144,,15.476,arbres
c_01_09,2018-01,42.435,51.519,4.817,-13.901,0.0,40.314,5.012,233.674,,20.835,arbres
c_01_10,2017-01,64.419,32.319,35.916,-3.816,0.0,37.866,0.746,231.157,3.528,203.562,arbres
c_01_10,2017-02,87.162,52.267,31.69,3.205,0.0,50.663,0.967,255.02,3.333,238.677,arbres
c_01_10,2017-03,113.925,74.2,28.445,11.28,0.0,53.022,1.008,286.843,3.303,271.243,arbres
c_01_10,2017-04,122.968,86.621,22.17,14.177,0.0,55.447,1.02,306.806,3.303,297.227,arbres
c_01_10,2017-05,146.398,107.217,17.832,21.349,0.0,70.81,0.852,294.192,3.303,317.533,arbres
c_01_10,2017-06,164.105,19.349,109.783,34.973,0.0,77.052,0.881,280.902,3.954,398.077,arbres
c_01_10,2017-07,158.109,22.052,103.118,32.939,0.0,77.943,0.709,254.055,3.954,410.472,arbres
c_01_10,2017-08,143.436,22.318,93.551,27.567,0.0,83.422,0.747,226.605,3.954,365.462,arbres
c_01_10,2017-09,157.471,33.969,90.906,32.596,0.0,84.377,0.642,255.182,3.954,271.589,arbres
c_01_10,2017-10,143.899,13.082,102.741,28.076,0.0,77.056,0.616,266.349,3.954,258.09,arbres
c_01_10,2017-11,79.975,44.428,34.558,0.989,0.0,60.614,0.633,234.208,3.299,228.344,arbres
c_01_10,2017-12,61.891,37.058,29.369,-4.535,0.0,41.646,0.819,221.144,3.279,263.03,arbres
c_01_10,2018-01,60.641,37.292,28.244,-4.895,0.0,41.207,0.876,233.674,3.209,293.906,arbres
c_01_11,2017-01,70.244,48.307,20.86,1.077,0.0,36.839,1.738,231.157,3.661,122.302,arbres
c_01_11,2017-02,93.19,64.787,18.281,10.122,0.0,49.757,2.224,255.02,3.468,142.575,arbres
c_01_11,2017-03,120.369,78.157,21.542,20.67,0.0,52.279,2.219,286.843,3.446,163.217,arbres
c_01_11,2017-04,129.838,87.537,17.893,24.408,0.0,54.635,2.261,306.806,3.446,186.027,arbres
c_01_11,2017-05,152.43,109.178,9.976,33.276,0.0,69.901,1.784,294.192,3.446,198.805,arbres
c_01_11,2017-06,147.811,103.47,12.792,31.549,0.0,72.867,1.777,280.902,4.0,212.116,arbres
c_01_11,2017-07,143.146,88.303,25.229,29.614,0.0,73.164,1.446,254.055,4.0,212.401,arbres
c_01_11,2017-08,130.033,75.843,29.652,24.538,0.0,79.48,1.526,226.605,4.0,177.52,arbres
c_01_11,2017-09,142.473,88.832,24.235,29.406,0.0,81.109,1.229,255.182,4.0,117.928,arbres
c_01_11,2017-10,128.722,81.949,22.796,23.977,0.0,72.944,1.231,266.349,4.0,114.913,arbres
c_01_11,2017-11,85.487,57.882,20.506,7.099,0.0,59.231,1.372,234.208,3.444,133.507,arbres
c_01_11,2017-12,67.343,49.978,17.392,-0.027,0.0,40.548,1.892,221.144,3.432,154.021,arbres
c_01_11,2018-01,66.425,49.848,16.967,-0.39,0.0,40.183,1.996,233.674,3.386,172.461,arbres
c_01_12,2017-01,56.217,57.011,5.043,-5.837,0.0,35.919,4.087,231.157,4.222,13.519,arbres
c_01_12,2017-02,77.631,69.67,4.17,3.792,0.0,49.34,5.097,255.02,4.011,18.258,arbres
c_01_12,2017-03,102.815,82.661,5.222,14.931,0.0,51.146,5.114,286.843,4.0,23.087,arbres
c_01_12,2017-04,111.06,87.136,5.213,18.711,0.0,53.948,5.171,306.806,4.0,28.844,arbres
c_01_12,2017-05,134.352,100.98,4.364,29.008,0.0,68.431,4.115,294.192,4.0,33.449,arbres
c_01_12,2017-06,130.068,97.464,5.521,27.083,0.0,71.337,3.894,280.902,4.0,36.797,arbres
c_01_12,2017-07,127.077,91.144,10.333,25.601,0.0,70.798,3.256,254.055,4.0,21.882,arbres
c_01_12,2017-08,115.695,80.455,14.726,20.515,0.0,77.35,3.394,226.605,4.0,2.685,arbres
c_01_12,2017-09,126.336,93.103,7.909,25.324,0.0,78.333,2.774,255.182,4.0,0.823,arbres
c_01_12,2017-10,111.924,87.152,5.863,18.909,0.0,70.429,2.773,266.349,4.0,2.88,arbres
c_01_12,2017-11,71.185,65.184,5.172,0.829,0.0,57.158,3.254,234.208,4.0,8.424,arbres
c_01_12,2017-12,53.865,56.108,4.638,-6.881,0.0,39.895,4.358,221.144,4.0,13.726,arbres
c_01_12,2018-01,52.158,55.341,4.463,-7.646,0.0,39.69,4.563,233.674,4.0,18.691,arbres
c_02_00,2017-01,47.472,54.076,5.201,-11.805,0.0,36.378,4.301,231.157,,13.352,arbres
c_02_00,2017-02,67.974,67.611,4.268,-3.904,0.0,50.036,5.268,255.02,,18.214,arbres
c_02_00,2017-03,91.945,81.221,5.486,5.238,0.0,51.67,5.305,286.843,,23.249,arbres
c_02_00,2017-04,99.433,85.836,5.433,8.164,0.0,54.62,5.377,306.806,,29.287,arbres
c_02_00,2017-05,123.188,101.28,4.779,17.129,0.0,68.5,4.257,294.192,,34.173,arbres
c_02_00,2017-06,119.407,98.011,5.749,15.647,0.0,71.433,4.059,280.902,,37.677,arbres
c_02_00,2017-07,117.431,92.489,10.106,14.835,0.0,70.546,3.452,254.055,,18.414,arbres
c_02_00,2017-08,107.09,82.397,13.844,10.849,0.0,76.97,3.617,226.605,,0.341,arbres
c_02_00,2017-09,116.647,94.15,7.928,14.569,0.0,77.991,2.991,255.182,,0.374,arbres
c_02_00,2017-10,101.821,86.616,6.32,8.886,0.0,70.446,2.937,266.349,,3.001,arbres
c_02_00,2017-11,62.317,63.005,5.464,-6.152,0.0,57.594,3.407,234.208,,8.946,arbres
c_02_00,2017-12,45.498,53.304,4.749,-12.556,0.0,40.414,4.568,221.144,,14.449,arbres
c_02_00,2018-01,43.32,52.138,4.567,-13.385,0.0,40.343,4.796,233.674,,19.533,arbres
c_02_01,2017-01,73.384,39.04,35.476,0.986,2.118,38.099,1.595,231.157,3.59,262.668,arbres
c_02_01,2017-02,96.952,61.783,28.526,8.761,2.118,50.45,2.053,255.02,3.399,296.75,arbres
c_02_01,2017-03,124.861,83.873,25.312,17.792,2.118,52.782,2.073,286.843,3.376,323.618,arbres
c_02_01,2017-04,134.66,91.724,23.998,21.055,2.118,55.131,2.103,306.806,3.376,350.609,arbres
c_02_01,2017-05,157.489,112.592,18.531,28.484,2.118,69.862,1.646,294.192,3.376,372.21,arbres
c_02_01,2017-06,151.848,107.924,18.905,27.136,2.118,72.943,1.82,280.902,4.0,369.662,arbres
c_02_01,2017-07,146.929,93.198,30.455,25.393,2.118,73.301,1.468,254.055,4.0,372.831,arbres
c_02_01,2017-08,133.44,78.087,36.507,20.963,2.118,79.762,1.542,226.605,4.0,333.389,arbres
c_02_01,2017-09,146.254,88.958,34.289,25.126,2.118,81.193,1.242,255.182,4.0,261.077,arbres
c_02_01,2017-10,132.39,79.584,34.41,20.513,2.118,73.254,1.259,266.349,4.0,257.571,arbres
c_02_01,2017-11,88.957,53.126,31.789,6.16,2.118,60.45,1.271,234.208,3.373,313.78,arbres
c_02_01,2017-12,70.423,46.512,25.888,0.141,2.118,41.571,1.744,221.144,3.359,345.048,arbres
c_02_01,2018-01,69.65,49.262,22.581,-0.076,2.118,41.059,1.859,233.674,3.308,371.486,arbres
c_02_02,2017-01,74.315,34.668,40.299,1.062,1.714,38.111,0.838,231.157,3.842,312.862,arbres
c_02_02,2017-02,98.073,62.966,28.221,8.601,1.714,50.435,1.092,255.02,3.637,348.917,arbres
c_02_02,2017-03,126.22,81.472,29.16,17.302,1.714,52.88,1.112,286.843,3.614,378.235,arbres
c_02_02,2017-04,136.121,90.053,27.306,20.476,1.714,55.228,1.127,306.806,3.614,409.186,arbres
c_02_02,2017-05,159.072,112.984,20.201,27.601,1.714,70.093,0.909,294.192,3.614,433.314,arbres
c_02_02,2017-06,155.395,108.346,21.928,26.836,1.714,73.207,1.009,280.902,4.0,453.526,arbres
c_02_02,2017-07,150.214,94.769,32.058,25.102,1.714,73.694,0.812,254.055,4.0,456.126,arbres
c_02_02,2017-08,136.39,77.674,39.626,20.804,1.714,80.149,0.846,226.605,4.0,414.102,arbres
c_02_02,2017-09,149.544,87.746,38.69,24.822,1.714,81.589,0.695,255.182,4.0,337.615,arbres
c_02_02,2017-10,135.661,77.183,39.739,20.453,1.714,73.524,0.702,266.349,4.0,333.289,arbres
c_02_02,2017-11,89.983,50.705,34.921,6.072,1.714,60.563,0.687,234.208,3.612,371.169,arbres
c_02_02,2017-12,71.303,44.872,27.856,0.29,1.714,41.572,0.923,221.144,3.601,405.208,arbres
c_02_02,2018-01,70.542,49.195,22.973,0.088,1.714,41.012,0.988,233.674,3.56,433.069,arbres
c_02_03,2017-01,71.065,49.028,24.752,1.319,4.033,36.694,1.685,231.157,4.159,157.766,arbres
c_02_03,2017-02,94.134,66.22,21.669,10.278,4.033,49.698,2.143,255.02,3.95,181.797,arbres
c_02_03,2017-03,121.494,82.535,22.281,20.711,4.033,52.133,2.135,286.843,3.938,205.736,arbres
c_02_03,2017-04,131.047,96.435,14.144,24.502,4.033,54.46,2.177,306.806,3.938,224.357,arbres
c_02_03,2017-05,153.725,113.058,11.505,33.195,4.033,69.766,1.727,294.192,3.938,237.297,arbres
c_02_03,2017-06,148.701,106.694,14.613,31.428,4.033,72.754,1.631,280.902,4.0,248.312,arbres
c_02_03,2017-07,143.999,91.051,27.476,29.506,4.033,73.032,1.337,254.055,4.0,249.954,arbres
c_02_03,2017-08,130.806,78.179,32.183,24.477,4.033,79.465,1.405,226.605,4.0,214.468,arbres
c_02_03,2017-09,143.323,90.707,27.365,29.284,4.033,80.955,1.142,255.182,4.0,151.061,arbres
c_02_03,2017-10,129.508,83.439,26.201,23.901,4.033,72.692,1.139,266.349,4.0,147.952,arbres
c_02_03,2017-11,86.342,59.082,24.031,7.262,4.033,58.965,1.323,234.208,3.938,174.893,arbres
c_02_03,2017-12,68.078,51.703,20.196,0.212,4.033,40.403,1.818,221.144,3.936,198.824,arbres
c_02_03,2018-01,67.146,51.633,19.684,-0.138,4.033,40.055,1.904,233.674,3.931,220.216,arbres
c_02_04,2017-01,56.64,45.499,18.129,-6.988,0.0,37.905,1.751,231.157,3.829,67.142,arbres
c_02_04,2017-02,78.261,61.517,15.934,0.81,0.0,50.656,2.222,255.02,3.624,84.752,arbres
c_02_04,2017-03,103.665,74.648,19.218,9.798,0.0,53.117,2.266,286.843,3.601,102.98,arbres
c_02_04,2017-04,111.978,79.284,19.858,12.835,0.0,55.691,2.283,306.806,3.601,124.481,arbres
c_02_04,2017-05,135.468,97.325,16.938,21.204,0.0,70.696,1.834,294.192,3.601,143.071,arbres
c_02_04,2017-06,131.782,93.35,18.317,20.115,0.0,73.881,1.798,280.902,4.0,163.216,arbres
c_02_04,2017-07,128.706,86.162,23.719,18.825,0.0,73.674,1.485,254.055,4.0,158.706,arbres
c_02_04,2017-08,117.168,75.442,26.999,14.726,0.0,79.868,1.575,226.605,4.0,104.724,arbres
c_02_04,2017-09,127.961,87.31,22.004,18.647,0.0,81.906,1.267,255.182,4.0,36.713,arbres
c_02_04,2017-10,113.454,79.57,20.473,13.411,0.0,73.54,1.261,266.349,4.0,37.304,arbres
c_02_04,2017-11,71.772,55.005,18.307,-1.54,0.0,60.587,1.418,234.208,3.599,53.091,arbres
c_02_04,2017-12,54.313,46.595,15.509,-7.792,0.0,41.765,1.896,221.144,3.588,71.375,arbres
c_02_04,2018-01,52.618,45.682,15.339,-8.403,0.0,41.442,2.01,233.674,3.547,87.935,arbres
c_02_05,2017-01,67.251,40.586,28.676,-1.203,0.807,37.623,1.336,231.157,3.946,169.272,arbres
c_02_05,2017-02,90.087,58.524,25.225,7.146,0.807,50.329,1.712,255.02,3.737,197.214,arbres
c_02_05,2017-03,117.08,77.081,23.996,16.81,0.807,52.736,1.739,286.843,3.717,224.216,arbres
c_02_05,2017-04,126.334,90.476,16.38,20.285,0.807,55.079,1.763,306.806,3.717,244.587,arbres
c_02_05,2017-05,149.432,108.257,13.369,28.612,0.807,70.174,1.42,294.192,3.717,259.631,arbres
c_02_05,2017-06,145.295,102.036,16.784,27.281,0.807,73.503,1.416,280.902,4.0,278.248,arbres
c_02_05,2017-07,140.995,85.53,30.654,25.618,0.807,73.708,1.155,254.055,4.0,280.154,arbres
c_02_05,2017-08,128.146,73.534,34.411,21.007,0.807,80.021,1.216,226.605,4.0,237.898,arbres
c_02_05,2017-09,140.295,85.194,30.542,25.365,0.807,81.686,0.991,255.182,4.0,163.394,arbres
c_02_05,2017-10,126.185,76.582,30.204,20.206,0.807,73.389,0.986,266.349,4.0,160.936,arbres
c_02_05,2017-11,82.636,51.186,27.836,4.42,0.807,60.111,1.082,234.208,3.715,185.924,arbres
c_02_05,2017-12,64.477,43.888,23.561,-2.165,0.807,41.347,1.452,221.144,3.707,213.762,arbres
c_02_05,2018-01,63.332,43.724,22.976,-2.562,0.807,40.961,1.539,233.674,3.677,238.714,arbres
c_02_06,2017-01,68.614,36.503,33.637,-1.123,0.403,37.884,1.043,231.157,3.746,217.979,arbres
c_02_06,2017-02,91.69,56.641,28.751,6.701,0.403,50.504,1.347,255.02,3.543,250.719,arbres
c_02_06,2017-03,118.95,81.91,21.641,15.803,0.403,52.81,1.382,286.843,3.518,276.132,arbres
c_02_06,2017-04,128.339,89.005,20.705,19.032,0.403,55.224,1.397,306.806,3.518,299.28,arbres
c_02_06,2017-05,151.451,108.532,16.61,26.712,0.403,70.333,1.132,294.192,3.518,318.206,arbres
c_02_06,2017-06,147.345,102.816,19.348,25.585,0.403,73.543,1.295,280.902,3.994,332.676,arbres
c_02_06,2017-07,142.877,86.686,32.666,23.929,0.403,73.838,1.049,254.055,3.994,336.014,arbres
c_02_06,2017-08,129.831,73.754,36.912,19.568,0.403,80.181,1.099,226.605,3.994,293.325,arbres
c_02_06,2017-09,142.182,85.041,33.877,23.668,0.403,81.779,0.898,255.182,3.994,215.467,arbres
c_02_06,2017-10,128.096,75.429,34.175,18.895,0.403,73.594,0.901,266.349,3.994,212.58,arbres
c_02_06,2017-11,84.12,48.716,31.664,4.143,0.403,60.461,0.857,234.208,3.515,249.321,arbres
c_02_06,2017-12,65.842,41.698,26.526,-1.978,0.403,41.559,1.143,221.144,3.502,280.867,arbres
c_02_06,2018-01,64.794,42.272,25.225,-2.299,0.403,41.127,1.219,233.674,3.452,308.612,arbres
c_02_07,2017-01,65.318,40.255,30.103,-2.721,2.319,37.544,0.892,231.157,3.59,174.62,arbres
c_02_07,2017-02,88.011,58.807,26.477,5.046,2.319,50.265,1.153,255.02,3.393,203.978,arbres
c_02_07,2017-03,114.762,78.581,24.499,14.002,2.319,52.718,1.181,286.843,3.364,231.894,arbres
c_02_07,2017-04,123.855,91.749,17.212,17.214,2.319,55.046,1.198,306.806,3.364,252.944,arbres
c_02_07,2017-05,147.055,110.291,14.049,25.034,2.319,70.229,0.996,294.192,3.364,268.768,arbres
c_02_07,2017-06,143.482,104.424,17.324,24.054,2.319,73.205,1.145,280.902,3.996,283.697,arbres
c_02_07,2017-07,139.35,87.288,31.837,22.544,2.319,73.643,0.941,254.055,3.996,285.632,arbres
c_02_07,2017-08,126.678,75.248,35.484,18.265,2.319,79.843,0.985,226.605,3.996,241.073,arbres
c_02_07,2017-09,138.644,87.094,31.563,22.306,2.319,81.587,0.814,255.182,3.996,162.844,arbres
c_02_07,2017-10,124.473,78.102,31.249,17.441,2.319,73.518,0.806,266.349,3.996,160.891,arbres
c_02_07,2017-11,80.746,51.415,29.091,2.558,2.319,60.102,0.745,234.208,3.36,191.453,arbres
c_02_07,2017-12,62.705,43.963,24.622,-3.561,2.319,41.267,0.978,221.144,3.342,220.567,arbres
c_02_07,2018-01,61.506,44.013,23.759,-3.947,2.319,40.875,1.041,233.674,3.276,246.51,arbres
c_02_08,2017-01,67.235,30.689,39.304,-2.758,0.0,37.925,0.638,231.157,3.719,242.513,arbres
c_02_08,2017-02,90.287,51.948,34.183,4.156,0.0,50.662,0.83,255.02,3.517,280.898,arbres
c_02_08,2017-03,117.474,78.78,26.54,12.154,0.0,52.967,0.867,286.843,3.492,311.785,arbres
c_02_08,2017-04,126.767,86.269,25.516,14.982,0.0,55.427,0.875,306.806,3.492,340.246,arbres
c_02_08,2017-05,150.115,107.87,20.239,22.006,0.0,70.773,0.73,294.192,3.492,363.506,arbres
c_02_08,2017-06,167.261,18.818,113.332,35.111,0.0,77.121,0.718,280.902,3.981,459.33,arbres
c_02_08,2017-07,160.991,21.707,106.216,33.068,0.0,78.052,0.578,254.055,3.981,474.964,arbres
c_02_08,2017-08,146.013,21.841,96.408,27.763,0.0,83.593,0.606,226.605,3.981,432.338,arbres
c_02_08,2017-09,160.362,33.905,93.707,32.75,0.0,84.483,0.525,255.182,3.981,336.806,arbres
c_02_08,2017-10,146.858,12.093,106.337,28.428,0.0,77.169,0.499,266.349,3.981,324.04,arbres
c_02_08,2017-11,82.837,43.701,37.203,1.933,0.0,60.66,0.54,234.208,3.489,280.156,arbres
c_02_08,2017-12,64.553,36.615,31.417,-3.479,0.0,41.646,0.7,221.144,3.475,317.392,arbres
c_02_08,2018-01,63.421,37.253,29.958,-3.789,0.0,41.175,0.747,233.674,3.423,350.28,arbres
c_02_09,2017-01,62.578,35.126,32.087,-4.634,0.0,37.905,0.971,231.157,3.808,165.577,arbres
c_02_09,2017-02,85.017,54.046,28.42,2.55,0.0,50.716,1.237,255.02,3.604,196.969,arbres
c_02_09,2017-03,111.442,69.526,31.106,10.81,0.0,53.13,1.279,286.843,3.58,228.802,arbres
c_02_09,2017-04,120.308,88.031,18.534,13.743,0.0,55.5,1.296,306.806,3.58,254.841,arbres
c_02_09,2017-05,143.756,107.581,15.054,21.121,0.0,70.795,1.072,294.192,3.58,271.858,arbres
c_02_09,2017-06,168.199,0.297,126.213,41.689,0.0,79.022,0.963,280.902,3.9,322.432,arbres
c_02_09,2017-07,161.796,4.958,117.801,39.037,0.0,80.098,0.775,254.055,3.9,334.58,arbres
c_02_09,2017-08,146.721,8.369,105.522,32.83,0.0,85.037,0.827,226.605,3.9,288.657,arbres
c_02_09,2017-09,161.177,19.294,103.331,38.553,0.0,85.555,0.714,255.182,3.899,188.054,arbres
c_02_09,2017-10,147.799,-2.367,116.764,33.403,0.0,80.15,0.667,266.349,3.899,169.351,arbres
c_02_09,2017-11,77.986,46.192,31.497,0.297,0.0,60.627,0.804,234.208,3.578,176.044,arbres
c_02_09,2017-12,60.044,38.548,26.89,-5.394,0.0,41.712,1.045,221.144,3.566,207.692,arbres
c_02_09,2018-01,58.652,38.107,26.364,-5.819,0.0,41.3,1.106,233.674,3.523,236.229,arbres
c_02_10,2017-01,78.345,26.493,50.654,1.198,0.0,39.038,0.285,231.157,3.542,421.611,arbres
c_02_10,2017-02,102.818,52.282,43.042,7.494,0.0,51.012,0.399,255.02,3.353,470.403,arbres
c_02_10,2017-03,131.798,74.058,43.035,14.704,0.0,53.442,0.415,286.843,3.329,515.232,arbres
c_02_10,2017-04,142.102,86.361,38.277,17.463,0.0,55.615,0.419,306.806,3.329,559.463,arbres
c_02_10,2017-05,165.192,115.758,26.266,23.169,0.0,69.975,0.33,294.192,3.329,592.319,arbres
c_02_10,2017-06,166.338,94.124,46.522,25.691,0.0,73.941,0.416,280.902,3.97,657.384,arbres
c_02_10,2017-07,160.246,85.517,50.71,24.02,0.0,74.574,0.329,254.055,3.97,660.986,arbres
c_02_10,2017-08,145.372,67.542,57.744,20.085,0.0,81.295,0.339,226.605,3.97,616.511,arbres
c_02_10,2017-09,159.602,77.994,57.822,23.787,0.0,82.085,0.28,255.182,3.97,533.956,arbres
c_02_10,2017-10,145.873,62.293,63.474,20.107,0.0,74.225,0.284,266.349,3.97,529.395,arbres
c_02_10,2017-11,94.364,48.693,40.277,5.395,0.0,61.262,0.245,234.208,3.326,531.701,arbres
c_02_10,2017-12,75.273,43.524,31.103,0.645,0.0,42.034,0.341,221.144,3.311,570.476,arbres
c_02_10,2018-01,74.739,49.846,24.318,0.574,0.0,41.278,0.383,233.674,3.256,600.366,arbres
c_02_11,2017-01,70.572,52.783,14.083,3.706,0.0,36.332,0.874,231.157,3.496,71.941,arbres
c_02_11,2017-02,93.578,66.847,12.228,14.503,0.0,49.354,1.079,255.02,3.308,85.554,arbres
c_02_11,2017-03,120.837,79.103,14.585,27.149,0.0,51.937,1.1,286.843,3.283,99.428,arbres
c_02_11,2017-04,130.342,83.706,14.982,31.653,0.0,54.232,1.111,306.806,3.283,115.676,arbres
c_02_11,2017-05,152.974,98.093,12.638,42.243,0.0,69.483,0.981,294.192,3.283,129.581,arbres
c_02_11,2017-06,148.361,93.956,13.388,41.018,0.0,72.38,0.999,280.902,4.0,135.169,arbres
c_02_11,2017-07,143.66,85.94,19.072,38.649,0.0,72.97,0.876,254.055,4.0,133.87,arbres
c_02_11,2017-08,130.496,74.061,24.009,32.426,0.0,79.314,0.89,226.605,4.0,103.279,arbres
c_02_11,2017-09,142.987,87.478,17.103,38.406,0.0,80.945,0.801,255.182,4.0,60.043,arbres
c_02_11,2017-10,129.224,82.674,14.709,31.841,0.0,72.394,0.774,266.349,4.0,56.474,arbres
c_02_11,2017-11,85.841,60.983,13.968,10.89,0.0,58.699,0.735,234.208,3.28,75.193,arbres
c_02_11,2017-12,67.647,53.31,11.975,2.362,0.0,40.078,0.935,221.144,3.264,89.226,arbres
c_02_11,2018-01,66.729,53.103,11.697,1.929,0.0,39.773,0.974,233.674,3.205,101.961,arbres
c_02_12,2017-01,66.625,47.474,18.201,0.951,0.0,36.836,1.22,231.157,3.479,91.162,arbres
c_02_12,2017-02,89.379,62.25,15.877,11.252,0.0,49.856,1.545,255.02,3.285,108.807,arbres
c_02_12,2017-03,116.251,74.106,18.904,23.241,0.0,52.375,1.583,286.843,3.254,126.821,arbres
c_02_12,2017-04,125.446,78.569,19.435,27.441,0.0,54.862,1.59,306.806,3.254,147.909,arbres
c_02_12,2017-05,148.511,95.705,14.999,37.807,0.0,70.194,1.386,294.192,3.254,165.855,arbres
c_02_12,2017-06,144.626,97.08,11.374,36.172,0.0,73.071,1.591,280.902,4.0,181.003,arbres
c_02_12,2017-07,140.365,82.848,23.396,34.121,0.0,73.371,1.33,254.055,4.0,178.746,arbres
c_02_12,2017-08,127.578,71.864,27.256,28.458,0.0,79.788,1.391,226.605,4.0,139.59,arbres
c_02_12,2017-09,139.666,83.899,21.887,33.88,0.0,81.487,1.163,255.182,4.0,79.355,arbres
c_02_12,2017-10,125.581,77.809,20.271,27.501,0.0,73.06,1.14,266.349,4.0,77.043,arbres
c_02_12,2017-11,81.992,55.991,18.092,7.909,0.0,59.206,1.047,234.208,3.25,92.592,arbres
c_02_12,2017-12,63.907,48.839,15.313,-0.245,0.0,40.664,1.327,221.144,3.228,110.678,arbres
c_02_12,2018-01,62.758,48.617,14.891,-0.75,0.0,40.368,1.398,233.674,3.152,126.901,arbres
c_03_00,2017-01,47.513,54.293,5.204,-11.782,0.202,36.365,4.299,231.157,,13.368,arbres
c_03_00,2017-02,68.02,67.827,4.27,-3.876,0.202,50.019,5.267,255.02,,18.232,arbres
c_03_00,2017-03,91.995,81.438,5.489,5.27,0.202,51.654,5.304,286.843,,23.27,arbres
c_03_00,2017-04,99.487,86.054,5.435,8.199,0.202,54.602,5.376,306.806,,29.311,arbres
c_03_00,2017-05,123.239,101.493,4.78,17.167,0.202,68.486,4.257,294.192,,34.199,arbres
c_03_00,2017-06,119.456,98.222,5.753,15.682,0.202,71.42,4.058,280.902,,37.706,arbres
c_03_00,2017-07,117.474,92.688,10.119,14.869,0.202,70.536,3.452,254.055,,18.469,arbres
c_03_00,2017-08,107.129,82.582,13.869,10.879,0.202,76.963,3.616,226.605,,0.349,arbres
c_03_00,2017-09,116.691,94.351,7.939,14.603,0.202,77.98,2.989,255.182,,0.375,arbres
c_03_00,2017-10,101.868,86.826,6.323,8.92,0.202,70.432,2.936,266.349,,3.004,arbres
c_03_00,2017-11,62.358,63.219,5.467,-6.126,0.202,57.577,3.406,234.208,,8.953,arbres
c_03_00,2017-12,45.538,53.519,4.752,-12.532,0.202,40.4,4.566,221.144,,14.459,arbres
c_03_00,2018-01,43.362,52.355,4.57,-13.361,0.202,40.328,4.794,233.674,,19.546,arbres
c_03_01,2017-01,74.816,39.529,35.838,1.668,2.218,38.186,1.804,231.157,3.829,256.335,arbres
c_03_01,2017-02,98.473,60.982,30.167,9.543,2.218,50.486,2.306,255.02,3.631,291.026,arbres
c_03_01,2017-03,126.538,83.976,26.088,18.692,2.218,52.791,2.319,286.843,3.613,319.538,arbres
c_03_01,2017-04,136.452,92.032,24.608,22.03,2.218,55.105,2.355,306.806,3.613,347.277,arbres
c_03_01,2017-05,159.169,113.007,18.927,29.453,2.218,69.684,1.835,294.192,3.613,369.402,arbres
c_03_01,2017-06,153.68,108.499,19.464,27.936,2.218,72.688,1.937,280.902,4.0,377.01,arbres
c_03_01,2017-07,148.581,94.093,30.517,26.189,2.218,73.075,1.558,254.055,4.0,380.207,arbres
c_03_01,2017-08,134.913,78.396,37.025,21.709,2.218,79.591,1.638,226.605,4.0,339.548,arbres
c_03_01,2017-09,147.915,89.112,35.111,25.91,2.218,80.951,1.317,255.182,4.0,264.022,arbres
c_03_01,2017-10,134.134,79.683,35.348,21.322,2.218,73.127,1.337,266.349,4.0,258.952,arbres
c_03_01,2017-11,90.343,53.118,32.577,6.866,2.218,60.499,1.421,234.208,3.611,305.722,arbres
c_03_01,2017-12,71.742,46.543,26.649,0.768,2.218,41.637,1.954,221.144,3.602,337.825,arbres
c_03_01,2018-01,71.019,50.322,22.33,0.586,2.218,41.098,2.071,233.674,3.57,364.831,arbres
c_03_02,2017-01,76.289,27.85,47.25,1.188,0.0,38.322,0.491,231.157,3.71,388.593,arbres
c_03_02,2017-02,100.465,55.832,36.568,8.064,0.0,50.642,0.661,255.02,3.509,432.757,arbres
c_03_02,2017-03,129.081,76.206,36.862,16.013,0.0,53.054,0.681,286.843,3.483,470.24,arbres
c_03_02,2017-04,139.192,86.668,33.542,18.981,0.0,55.38,0.689,306.806,3.483,508.842,arbres
c_03_02,2017-05,162.29,113.659,23.301,25.331,0.0,70.145,0.546,294.192,3.483,537.717,arbres
c_03_02,2017-06,160.278,109.535,25.584,25.159,0.0,73.435,0.64,280.902,4.0,570.072,arbres
c_03_02,2017-07,154.726,96.798,34.372,23.556,0.0,73.849,0.509,254.055,4.0,571.649,arbres
c_03_02,2017-08,140.438,76.971,43.888,19.578,0.0,80.523,0.525,226.605,4.0,526.05,arbres
c_03_02,2017-09,154.062,86.272,44.512,23.278,0.0,81.779,0.432,255.182,4.0,444.031,arbres
c_03_02,2017-10,140.176,73.989,46.765,19.421,0.0,73.677,0.44,266.349,4.0,439.385,arbres
c_03_02,2017-11,92.197,47.617,38.783,5.797,0.0,60.746,0.408,234.208,3.48,473.088,arbres
c_03_02,2017-12,73.275,42.621,30.098,0.556,0.0,41.659,0.558,221.144,3.465,510.48,arbres
c_03_02,2018-01,72.629,48.76,23.433,0.436,0.0,41.02,0.61,233.674,3.411,539.602,arbres
c_03_03,2017-01,82.625,35.641,47.072,3.945,4.033,37.518,3.354,231.157,3.63,441.044,arbres
c_03_03,2017-02,107.426,61.938,38.574,10.948,4.033,50.157,4.239,255.02,3.438,485.619,arbres
c_03_03,2017-03,136.885,82.655,39.229,19.034,4.033,52.663,4.218,286.843,3.415,526.026,arbres
c_03_03,2017-04,147.537,96.716,32.768,22.086,4.033,54.906,4.308,306.806,3.415,565.515,arbres
c_03_03,2017-05,170.246,125.8,20.18,28.299,4.033,70.11,3.326,294.192,3.415,592.116,arbres
c_03_03,2017-06,166.905,128.39,14.826,27.722,4.033,73.173,3.125,280.902,4.0,612.293,arbres
c_03_03,2017-07,160.7,112.648,26.078,26.006,4.033,73.618,2.481,254.055,4.0,609.567,arbres
c_03_03,2017-08,145.761,87.153,40.782,21.859,4.033,80.296,2.584,226.605,4.0,568.354,arbres
c_03_03,2017-09,160.065,96.547,41.835,25.717,4.033,81.793,2.095,255.182,4.0,497.942,arbres
c_03_03,2017-10,146.483,86.266,42.259,21.992,4.033,73.399,2.174,266.349,4.0,496.511,arbres
c_03_03,2017-11,98.59,59.096,34.998,8.53,4.033,59.875,2.616,234.208,3.412,540.024,arbres
c_03_03,2017-12,79.333,55.22,24.893,3.254,4.033,40.798,3.629,221.144,3.399,572.445,arbres
c_03_03,2018-01,79.035,60.956,18.921,3.192,4.033,40.277,3.527,233.674,3.35,595.842,arbres
c_03_04,2017-01,81.111,37.299,46.294,3.568,6.05,37.202,3.358,231.157,3.314,392.83,arbres
c_03_04,2017-02,105.771,62.391,38.745,10.685,6.05,49.994,4.234,255.02,3.131,437.105,arbres
c_03_04,2017-03,134.993,81.421,40.731,18.891,6.05,52.519,4.199,286.843,3.102,478.343,arbres
c_03_04,2017-04,145.509,93.616,35.953,21.99,6.05,54.775,4.295,306.806,3.102,520.455,arbres
c_03_04,2017-05,168.207,122.272,23.584,28.402,6.05,70.011,3.321,294.192,3.102,550.552,arbres
c_03_04,2017-06,166.249,127.969,16.38,27.95,6.05,73.015,3.122,280.902,4.0,586.087,arbres
c_03_04,2017-07,160.075,112.999,26.919,26.207,6.05,73.443,2.484,254.055,4.0,583.929,arbres
c_03_04,2017-08,145.196,87.849,41.377,22.02,6.05,80.052,2.595,226.605,4.0,540.005,arbres
c_03_04,2017-09,159.442,97.099,42.466,25.926,6.05,81.589,2.099,255.182,4.0,463.698,arbres
c_03_04,2017-10,145.898,86.482,43.336,22.13,6.05,73.226,2.169,266.349,4.0,460.195,arbres
c_03_04,2017-11,97.09,58.375,36.494,8.272,6.05,59.587,2.608,234.208,3.098,495.577,arbres
c_03_04,2017-12,77.977,54.019,27.107,2.902,6.05,40.565,3.635,221.144,3.077,530.075,arbres
c_03_04,2018-01,77.675,59.352,21.542,2.831,6.05,40.081,3.825,233.674,3.002,556.106,arbres
c_03_05,2017-01,81.436,38.981,44.653,3.853,6.05,37.169,3.363,231.157,3.306,414.629,arbres
c_03_05,2017-02,106.125,64.424,36.701,11.049,6.05,49.956,4.241,255.02,3.124,456.978,arbres
c_03_05,2017-03,135.384,84.412,37.681,19.341,6.05,52.46,4.207,286.843,3.095,495.578,arbres
c_03_05,2017-04,145.927,97.429,32.066,22.482,6.05,54.708,4.303,306.806,3.095,533.846,arbres
c_03_05,2017-05,168.597,125.422,20.3,28.924,6.05,69.933,3.327,294.192,3.095,560.189,arbres
c_03_05,2017-06,166.45,130.047,13.862,28.591,6.05,72.931,3.132,280.902,4.0,584.578,arbres
c_03_05,2017-07,160.251,114.302,25.2,26.799,6.05,73.367,2.493,254.055,4.0,581.649,arbres
c_03_05,2017-08,145.351,88.913,39.954,22.533,6.05,79.995,2.604,226.605,4.0,542.196,arbres
c_03_05,2017-09,159.62,98.593,40.555,26.521,6.05,81.495,2.108,255.182,4.0,475.193,arbres
c_03_05,2017-10,146.097,88.874,40.592,22.681,6.05,73.136,2.177,266.349,4.0,474.075,arbres
c_03_05,2017-11,97.416,61.66,33.194,8.611,6.05,59.507,2.614,234.208,3.091,513.827,arbres
c_03_05,2017-12,78.29,57.392,23.757,3.191,6.05,40.502,3.641,221.144,3.07,544.663,arbres
c_03_05,2018-01,78.009,62.794,18.145,3.12,6.05,40.02,3.831,233.674,2.994,567.047,arbres
c_03_06,2017-01,81.986,42.75,33.712,7.138,1.613,37.916,1.886,231.157,3.919,310.561,arbres
c_03_06,2017-02,106.385,63.917,27.757,16.324,1.613,50.135,2.413,255.02,3.718,342.482,arbres
c_03_06,2017-03,135.446,81.441,28.57,27.048,1.613,52.562,2.407,286.843,3.701,371.863,arbres
c_03_06,2017-04,145.981,94.304,22.335,30.955,1.613,54.663,2.455,306.806,3.701,399.573,arbres
c_03_06,2017-05,168.329,116.112,14.577,39.254,1.613,69.009,1.913,294.192,3.701,418.144,arbres
c_03_06,2017-06,163.375,114.804,12.496,37.688,1.613,71.833,1.93,280.902,4.0,431.595,arbres
c_03_06,2017-07,157.366,101.465,22.027,35.487,1.613,72.333,1.549,254.055,4.0,429.808,arbres
c_03_06,2017-08,142.752,80.884,33.411,30.07,1.613,79.146,1.628,226.605,4.0,397.479,arbres
c_03_06,2017-09,156.736,90.69,32.51,35.15,1.613,80.294,1.311,255.182,4.0,342.185,arbres
c_03_06,2017-10,143.306,83.203,31.603,30.114,1.613,72.504,1.33,266.349,4.0,340.199,arbres
c_03_06,2017-11,97.605,59.616,26.52,13.083,1.613,59.906,1.481,234.208,3.7,372.86,arbres
c_03_06,2017-12,78.586,54.741,19.41,6.047,1.613,41.066,2.052,221.144,3.692,397.687,arbres
c_03_06,2018-01,78.236,58.731,15.2,5.919,1.613,40.566,2.168,233.674,3.668,416.329,arbres
c_03_07,2017-01,67.652,52.52,19.762,0.109,4.739,36.865,1.507,231.157,3.309,104.573,arbres
c_03_07,2017-02,90.412,68.506,17.295,9.35,4.739,49.552,1.936,255.02,3.127,123.767,arbres
c_03_07,2017-03,117.309,81.538,20.414,20.097,4.739,52.129,1.935,286.843,3.099,143.298,arbres
c_03_07,2017-04,126.57,86.5,20.912,23.897,4.739,54.469,1.971,306.806,3.099,166.004,arbres
c_03_07,2017-05,149.399,109.651,11.419,33.069,4.739,69.115,1.594,294.192,3.099,183.006,arbres
c_03_07,2017-06,145.262,106.106,12.396,31.499,4.739,72.88,1.659,280.902,4.0,198.616,arbres
c_03_07,2017-07,140.874,90.674,25.301,29.638,4.739,73.141,1.366,254.055,4.0,197.863,arbres
c_03_07,2017-08,128.015,78.611,29.649,24.494,4.739,79.555,1.433,226.605,4.0,159.999,arbres
c_03_07,2017-09,140.186,91.542,23.983,29.401,4.739,81.136,1.174,255.182,4.0,97.75,arbres
c_03_07,2017-10,126.264,84.95,22.3,23.753,4.739,72.619,1.166,266.349,4.0,95.024,arbres
c_03_07,2017-11,82.943,61.853,19.504,6.324,4.739,59.073,1.222,234.208,3.095,109.794,arbres
c_03_07,2017-12,64.897,54.048,16.562,-0.974,4.739,40.511,1.668,221.144,3.074,129.316,arbres
c_03_07,2018-01,63.842,53.896,16.079,-1.394,4.739,40.258,1.766,233.674,3.001,146.849,arbres
c_03_08,2017-01,79.722,24.104,54.187,1.431,0.0,39.916,0.322,231.157,3.44,423.383,arbres
c_03_08,2017-02,104.42,50.489,46.474,7.457,0.0,51.528,0.449,255.02,3.254,475.845,arbres
c_03_08,2017-03,133.654,69.844,49.433,14.377,0.0,54.002,0.468,286.843,3.228,525.538,arbres
c_03_08,2017-04,144.09,82.31,44.816,16.964,0.0,56.085,0.473,306.806,3.228,577.326,arbres
c_03_08,2017-05,167.174,114.055,30.596,22.523,0.0,69.948,0.372,294.192,3.228,615.687,arbres
c_03_08,2017-06,166.836,100.218,42.615,24.004,0.0,73.603,0.583,280.902,3.911,675.356,arbres
c_03_08,2017-07,160.716,90.965,47.361,22.39,0.0,74.329,0.464,254.055,3.911,679.046,arbres
c_03_08,2017-08,145.796,71.02,56.068,18.707,0.0,81.294,0.476,226.605,3.911,629.046,arbres
c_03_08,2017-09,160.072,81.038,56.852,22.182,0.0,81.72,0.394,255.182,3.911,535.779,arbres
c_03_08,2017-10,146.323,65.534,62.009,18.78,0.0,74.104,0.404,266.349,3.911,528.709,arbres
c_03_08,2017-11,95.848,46.63,43.78,5.438,0.0,61.927,0.28,234.208,3.224,549.206,arbres
c_03_08,2017-12,76.647,41.416,34.368,0.864,0.0,42.668,0.388,221.144,3.207,591.723,arbres
c_03_08,2018-01,76.213,47.608,27.768,0.837,0.0,41.859,0.438,233.674,3.144,624.986,arbres
c_03_09,2017-01,81.087,24.249,55.022,1.816,0.0,40.006,0.172,231.157,3.529,447.302,arbres
c_03_09,2017-02,105.923,51.261,46.871,7.791,0.0,51.462,0.25,255.02,3.34,500.411,arbres
c_03_09,2017-03,135.355,71.48,49.232,14.643,0.0,54.008,0.261,286.843,3.315,550.212,arbres
c_03_09,2017-04,145.91,84.138,44.556,17.216,0.0,56.006,0.264,306.806,3.315,601.582,arbres
c_03_09,2017-05,168.946,116.445,29.949,22.552,0.0,69.741,0.207,294.192,3.315,639.646,arbres
c_03_09,2017-06,167.175,114.944,29.222,23.009,0.0,72.738,0.312,280.902,3.958,694.356,arbres
c_03_09,2017-07,161.031,102.555,36.964,21.512,0.0,73.578,0.247,254.055,3.958,694.759,arbres
c_03_09,2017-08,146.078,78.867,49.278,17.933,0.0,80.757,0.254,226.605,3.958,648.372,arbres
c_03_09,2017-09,160.387,89.084,50.015,21.287,0.0,81.046,0.209,255.182,3.958,565.555,arbres
c_03_09,2017-10,146.634,75.79,52.804,18.039,0.0,73.46,0.214,266.349,3.958,561.409,arbres
c_03_09,2017-11,97.223,47.736,43.725,5.761,0.0,61.967,0.154,234.208,3.312,571.02,arbres
c_03_09,2017-12,77.928,42.687,33.957,1.284,0.0,42.632,0.217,221.144,3.297,613.278,arbres
c_03_09,2018-01,77.546,48.585,27.738,1.223,0.0,41.832,0.25,233.674,3.24,646.346,arbres
c_03_10,2017-01,68.402,51.438,17.466,0.709,1.21,36.995,1.159,231.157,4.047,90.03,arbres
c_03_10,2017-02,91.134,66.796,15.332,10.216,1.21,49.592,1.463,255.02,3.842,106.991,arbres
c_03_10,2017-03,118.055,79.684,18.267,21.314,1.21,52.242,1.466,286.843,3.828,124.415,arbres
c_03_10,2017-04,127.364,84.615,18.706,25.252,1.21,54.517,1.491,306.806,3.828,144.727,arbres
c_03_10,2017-05,150.074,101.471,15.102,34.71,1.21,69.312,1.228,294.192,3.828,162.148,arbres
c_03_10,2017-06,145.25,102.672,11.174,32.613,1.21,72.112,1.184,280.902,4.0,175.433,arbres
c_03_10,2017-07,140.837,88.344,22.986,30.717,1.21,72.669,0.996,254.055,4.0,173.426,arbres
c_03_10,2017-08,127.976,76.329,27.436,25.421,1.21,78.909,1.035,226.605,4.0,136.227,arbres
c_03_10,2017-09,140.153,89.578,21.289,30.497,1.21,80.657,0.874,255.182,4.0,77.957,arbres
c_03_10,2017-10,126.283,83.437,19.34,24.716,1.21,72.626,0.857,266.349,4.0,74.929,arbres
c_03_10,2017-11,83.589,60.278,17.445,7.076,1.21,59.342,0.933,234.208,3.827,92.323,arbres
c_03_10,2017-12,65.537,52.262,14.942,-0.457,1.21,40.601,1.25,221.144,3.823,109.831,arbres
c_03_10,2018-01,64.485,51.761,14.838,-0.903,1.21,40.339,1.303,233.674,3.809,125.827,arbres
c_03_11,2017-01,73.068,45.783,23.962,3.322,0.0,36.889,0.588,231.157,3.797,156.496,arbres
c_03_11,2017-02,96.4,62.582,20.886,12.931,0.0,49.692,0.744,255.02,3.599,179.743,arbres
c_03_11,2017-03,124.076,76.821,23.101,24.153,0.0,52.275,0.753,286.843,3.58,203.081,arbres
c_03_11,2017-04,133.81,90.885,14.717,28.208,0.0,54.395,0.771,306.806,3.58,223.12,arbres
c_03_11,2017-05,156.415,107.081,11.888,37.446,0.0,69.534,0.661,294.192,3.58,236.561,arbres
c_03_11,2017-06,151.753,101.684,14.333,35.736,0.0,72.475,0.646,280.902,4.0,251.455,arbres
c_03_11,2017-07,146.772,87.13,26.016,33.626,0.0,73.042,0.552,254.055,4.0,253.289,arbres
c_03_11,2017-08,133.282,74.016,31.119,28.147,0.0,79.357,0.566,226.605,4.0,220.93,arbres
c_03_11,2017-09,146.107,86.554,26.14,33.413,0.0,80.977,0.496,255.182,4.0,161.995,arbres
c_03_11,2017-10,132.387,79.611,25.059,27.717,0.0,72.821,0.478,266.349,4.0,157.987,arbres
c_03_11,2017-11,88.433,55.851,22.913,9.669,0.0,59.347,0.487,234.208,3.578,179.54,arbres
c_03_11,2017-12,70.04,48.59,19.316,2.134,0.0,40.5,0.638,221.144,3.569,202.406,arbres
c_03_11,2018-01,69.241,48.84,18.587,1.813,0.0,40.161,0.665,233.674,3.534,222.749,arbres
c_04_00,2017-01,47.839,54.665,5.071,-11.594,0.302,36.421,4.26,231.157,4.222,12.92,arbres
c_04_00,2017-02,68.377,68.179,4.147,-3.646,0.302,50.055,5.227,255.02,4.011,17.655,arbres
c_04_00,2017-03,92.396,81.873,5.316,5.51,0.302,51.663,5.268,286.843,4.0,22.531,arbres
c_04_00,2017-04,99.915,86.495,5.259,8.463,0.302,54.633,5.335,306.806,4.0,28.38,arbres
c_04_00,2017-05,123.647,101.951,4.557,17.441,0.302,68.531,4.227,294.192,4.0,33.071,arbres
c_04_00,2017-06,119.845,98.625,5.575,15.947,0.302,71.456,4.021,280.902,4.0,36.345,arbres
c_04_00,2017-07,117.825,92.959,10.077,15.091,0.302,70.532,3.411,254.055,4.0,17.223,arbres
c_04_00,2017-08,107.441,82.693,13.963,11.088,0.302,76.999,3.574,226.605,4.0,0.41,arbres
c_04_00,2017-09,117.044,94.703,7.818,14.825,0.302,77.97,2.943,255.182,4.0,0.339,arbres
c_04_00,2017-10,102.238,87.279,6.106,9.155,0.302,70.455,2.901,266.349,4.0,2.847,arbres
c_04_00,2017-11,62.687,63.627,5.289,-5.927,0.302,57.643,3.375,234.208,4.0,8.582,arbres
c_04_00,2017-12,45.849,53.864,4.629,-12.341,0.302,40.464,4.527,221.144,4.0,13.93,arbres
c_04_00,2018-01,43.692,52.709,4.451,-13.165,0.302,40.387,4.751,233.674,4.0,18.887,arbres
c_04_01,2017-01,70.776,39.348,33.746,-0.202,2.118,37.722,1.52,231.157,3.787,217.411,arbres
c_04_01,2017-02,94.012,58.992,29.524,7.614,2.118,50.341,1.954,255.02,3.583,250.249,arbres
c_04_01,2017-03,121.505,83.83,23.072,16.72,2.118,52.641,1.976,286.843,3.559,277.406,arbres
c_04_01,2017-04,131.067,91.642,21.553,19.99,2.118,55.034,2.003,306.806,3.559,301.574,arbres
c_04_01,2017-05,153.967,111.394,17.159,27.531,2.118,70.042,1.578,294.192,3.559,321.219,arbres
c_04_01,2017-06,150.169,106.403,19.481,26.403,2.118,73.07,1.643,280.902,4.0,343.275,arbres
c_04_01,2017-07,145.402,90.807,32.016,24.697,2.118,73.418,1.329,254.055,4.0,346.807,arbres
c_04_01,2017-08,132.076,76.768,37.116,20.309,2.118,79.837,1.395,226.605,4.0,304.588,arbres
c_04_01,2017-09,144.722,88.024,34.388,24.427,2.118,81.321,1.126,255.182,4.0,225.952,arbres
c_04_01,2017-10,130.809,78.556,34.594,19.777,2.118,73.326,1.138,266.349,4.0,221.306,arbres
c_04_01,2017-11,86.251,51.522,31.831,5.016,2.118,60.155,1.213,234.208,3.556,251.017,arbres
c_04_01,2017-12,67.901,44.514,26.59,-1.085,2.118,41.338,1.658,221.144,3.544,282.685,arbres
c_04_01,2018-01,66.981,45.467,25.001,-1.368,2.118,40.885,1.764,233.674,3.497,310.451,arbres
c_04_02,2017-01,66.625,33.533,35.719,-2.627,0.0,37.857,0.83,231.157,3.884,225.107,arbres
c_04_02,2017-02,89.53,54.161,30.664,4.705,0.0,50.624,1.067,255.02,3.678,259.949,arbres
c_04_02,2017-03,116.57,80.793,22.561,13.215,0.0,52.9,1.11,286.843,3.656,286.766,arbres
c_04_02,2017-04,125.796,87.881,21.707,16.208,0.0,55.381,1.118,306.806,3.656,310.972,arbres
c_04_02,2017-05,149.113,108.1,17.443,23.571,0.0,70.725,0.928,294.192,3.656,330.834,arbres
c_04_02,2017-06,157.478,51.752,75.282,30.444,0.0,75.359,0.91,280.902,3.991,408.386,arbres
c_04_02,2017-07,152.104,46.761,76.711,28.632,0.0,76.204,0.729,254.055,3.991,415.683,arbres
c_04_02,2017-08,138.077,41.922,72.371,23.783,0.0,81.964,0.765,226.605,3.991,372.604,arbres
c_04_02,2017-09,151.441,53.654,69.363,28.424,0.0,83.267,0.651,255.182,3.991,288.086,arbres
c_04_02,2017-10,137.628,36.069,77.857,23.702,0.0,75.188,0.641,266.349,3.991,281.358,arbres
c_04_02,2017-11,82.13,45.884,33.911,2.334,0.0,60.542,0.693,234.208,3.655,255.414,arbres
c_04_02,2017-12,63.911,38.753,28.571,-3.413,0.0,41.595,0.901,221.144,3.645,289.29,arbres
c_04_02,2018-01,62.719,39.042,27.444,-3.768,0.0,41.149,0.955,233.674,3.609,319.308,arbres
c_04_03,2017-01,82.753,41.398,42.453,4.952,6.05,36.953,3.376,231.157,3.594,407.137,arbres
c_04_03,2017-02,107.464,66.513,34.44,12.56,6.05,49.823,4.247,255.02,3.402,447.133,arbres
c_04_03,2017-03,136.829,86.736,34.774,21.368,6.05,52.293,4.207,286.843,3.379,483.083,arbres
c_04_03,2017-04,147.47,100.17,28.649,24.702,6.05,54.536,4.307,306.806,3.379,517.852,arbres
c_04_03,2017-05,170.009,127.001,17.583,31.474,6.05,69.773,3.333,294.192,3.379,541.0,arbres
c_04_03,2017-06,167.021,126.657,15.285,31.128,6.05,72.848,3.126,280.902,3.996,559.841,arbres
c_04_03,2017-07,160.747,111.319,26.303,29.176,6.05,73.314,2.489,254.055,3.996,557.231,arbres
c_04_03,2017-08,145.79,86.809,40.404,24.627,6.05,79.905,2.604,226.605,3.996,520.256,arbres
c_04_03,2017-09,160.121,97.043,40.223,28.905,6.05,81.376,2.108,255.182,3.996,457.295,arbres
c_04_03,2017-10,146.662,87.635,40.266,24.811,6.05,72.997,2.173,266.349,3.996,456.659,arbres
c_04_03,2017-11,98.623,63.069,31.689,9.914,6.05,59.258,2.616,234.208,3.376,493.613,arbres
c_04_03,2017-12,79.446,58.99,22.344,4.162,6.05,40.314,3.654,221.144,3.361,522.832,arbres
c_04_03,2018-01,79.179,64.269,16.866,4.093,6.05,39.84,3.84,233.674,3.309,543.772,arbres
c_04_04,2017-01,82.343,36.343,48.401,3.649,6.05,37.36,3.351,231.157,3.56,419.926,arbres
c_04_04,2017-02,107.122,62.364,40.245,10.564,6.05,50.075,4.23,255.02,3.37,466.071,arbres
c_04_04,2017-03,136.538,82.286,41.775,18.527,6.05,52.601,4.2,286.843,3.345,508.658,arbres
c_04_04,2017-04,147.165,95.61,36.065,21.541,6.05,54.842,4.294,306.806,3.345,551.385,arbres
c_04_04,2017-05,169.869,125.204,23.035,27.681,6.05,70.054,3.318,294.192,3.345,581.199,arbres
c_04_04,2017-06,166.95,129.182,16.859,26.959,6.05,73.107,3.115,280.902,4.0,610.885,arbres
c_04_04,2017-07,160.735,113.859,27.642,25.285,6.05,73.544,2.477,254.055,4.0,608.771,arbres
c_04_04,2017-08,145.791,88.184,42.43,21.228,6.05,80.194,2.583,226.605,4.0,563.548,arbres
c_04_04,2017-09,160.102,97.347,43.804,25.0,6.05,81.728,2.09,255.182,4.0,484.698,arbres
c_04_04,2017-10,146.532,86.354,44.889,21.339,6.05,73.338,2.164,266.349,4.0,481.196,arbres
c_04_04,2017-11,98.316,58.242,37.934,8.19,6.05,59.749,2.606,234.208,3.342,522.092,arbres
c_04_04,2017-12,79.088,54.302,27.847,2.988,6.05,40.678,3.627,221.144,3.327,557.759,arbres
c_04_04,2018-01,78.795,60.057,21.865,2.923,6.05,40.171,3.819,233.674,3.272,584.346,arbres
c_04_05,2017-01,81.019,39.719,42.843,4.507,6.05,37.77,0.327,231.157,3.535,386.231,arbres
c_04_05,2017-02,105.594,63.834,35.546,12.264,6.05,50.12,0.447,255.02,3.345,427.017,arbres
c_04_05,2017-03,134.763,82.879,36.701,21.233,6.05,52.599,0.451,286.843,3.321,464.499,arbres
c_04_05,2017-04,145.263,95.035,31.679,24.598,6.05,54.721,0.462,306.806,3.321,502.018,arbres
c_04_05,2017-05,167.954,122.567,19.904,31.533,6.05,68.992,0.369,294.192,3.321,528.033,arbres
c_04_05,2017-06,164.789,125.302,14.815,30.722,6.05,71.756,0.467,280.902,4.0,552.848,arbres
c_04_05,2017-07,158.75,110.544,25.364,28.891,6.05,72.048,0.376,254.055,4.0,550.704,arbres
c_04_05,2017-08,144.013,86.675,39.036,24.351,6.05,79.096,0.39,226.605,4.0,511.442,arbres
c_04_05,2017-09,158.112,96.548,39.008,28.607,6.05,80.083,0.319,255.182,4.0,443.88,arbres
c_04_05,2017-10,144.521,87.494,38.648,24.429,6.05,72.285,0.319,266.349,4.0,441.348,arbres
c_04_05,2017-11,96.908,60.798,32.546,9.614,6.05,59.805,0.273,234.208,3.318,477.572,arbres
c_04_05,2017-12,77.799,56.207,23.909,3.732,6.05,40.841,0.385,221.144,3.303,508.159,arbres
c_04_05,2018-01,77.435,61.1,18.755,3.63,6.05,40.356,0.418,233.674,3.246,530.988,arbres
c_04_06,2017-01,73.345,45.441,25.506,3.507,1.109,36.781,1.894,231.157,3.796,171.87,arbres
c_04_06,2017-02,96.748,62.526,22.206,13.125,1.109,49.799,2.424,255.02,3.599,196.595,arbres
c_04_06,2017-03,124.508,79.293,22.005,24.319,1.109,52.194,2.424,286.843,3.58,220.612,arbres
c_04_06,2017-04,134.275,91.096,15.865,28.423,1.109,54.586,2.465,306.806,3.58,240.072,arbres
c_04_06,2017-05,156.932,107.677,12.724,37.64,1.109,69.942,1.939,294.192,3.58,254.511,arbres
c_04_06,2017-06,152.354,102.476,15.07,35.917,1.109,72.914,1.914,280.902,4.0,272.201,arbres
c_04_06,2017-07,147.34,87.987,26.679,33.784,1.109,73.195,1.559,254.055,4.0,274.447,arbres
c_04_06,2017-08,133.795,74.761,31.831,28.313,1.109,79.657,1.641,226.605,4.0,241.623,arbres
c_04_06,2017-09,146.674,86.532,27.744,33.508,1.109,81.125,1.324,255.182,4.0,181.373,arbres
c_04_06,2017-10,132.927,79.315,26.867,27.854,1.109,72.848,1.328,266.349,4.0,177.618,arbres
c_04_06,2017-11,88.753,55.775,24.23,9.858,1.109,59.051,1.493,234.208,3.578,199.086,arbres
c_04_06,2017-12,70.309,48.92,20.167,2.331,1.109,40.504,2.058,221.144,3.569,223.129,arbres
c_04_06,2018-01,69.515,49.363,19.235,2.026,1.109,40.124,2.173,233.674,3.535,244.268,arbres
c_04_07,2017-01,66.785,49.847,22.066,-0.792,4.336,36.98,1.109,231.157,3.749,117.47,arbres
c_04_07,2017-02,89.467,66.292,19.403,8.108,4.336,49.729,1.412,255.02,3.553,138.945,arbres
c_04_07,2017-03,116.278,79.243,22.919,18.452,4.336,52.313,1.42,286.843,3.533,160.887,arbres
c_04_07,2017-04,125.469,87.743,20.0,22.062,4.336,54.615,1.443,306.806,3.533,185.683,arbres
c_04_07,2017-05,148.415,111.54,10.195,31.016,4.336,69.519,1.202,294.192,3.533,199.561,arbres
c_04_07,2017-06,143.599,105.534,13.143,29.258,4.336,72.406,1.281,280.902,4.0,209.419,arbres
c_04_07,2017-07,139.394,89.63,26.586,27.514,4.336,72.877,1.071,254.055,4.0,208.645,arbres
c_04_07,2017-08,126.7,77.765,30.662,22.61,4.336,79.168,1.117,226.605,4.0,167.871,arbres
c_04_07,2017-09,138.696,90.456,25.291,27.285,4.336,80.857,0.933,255.182,4.0,101.107,arbres
c_04_07,2017-10,124.66,83.435,23.792,21.769,4.336,72.734,0.916,266.349,4.0,98.725,arbres
c_04_07,2017-11,82.066,59.315,21.881,5.206,4.336,59.292,0.904,234.208,3.531,122.855,arbres
c_04_07,2017-12,64.029,51.592,18.61,-1.838,4.336,40.645,1.203,221.144,3.52,144.767,arbres
c_04_07,2018-01,62.888,51.213,18.295,-2.284,4.336,40.354,1.26,233.674,3.482,164.572,arbres
c_04_08,2017-01,81.291,24.195,55.239,1.858,0.0,40.236,0.277,231.157,3.56,451.206,arbres
c_04_08,2017-02,106.145,51.293,47.04,7.811,0.0,51.657,0.387,255.02,3.37,504.513,arbres
c_04_08,2017-03,135.605,71.645,49.294,14.666,0.0,54.127,0.402,286.843,3.346,554.44,arbres
c_04_08,2017-04,146.178,84.462,44.458,17.258,0.0,56.134,0.406,306.806,3.346,605.779,arbres
c_04_08,2017-05,169.21,116.787,29.812,22.61,0.0,69.742,0.319,294.192,3.346,643.728,arbres
c_04_08,2017-06,166.797,114.829,29.33,22.637,0.0,72.731,0.46,280.902,3.953,681.902,arbres
c_04_08,2017-07,160.69,102.765,36.763,21.162,0.0,73.538,0.366,254.055,3.953,683.395,arbres
c_04_08,2017-08,145.775,79.1,49.01,17.664,0.0,80.746,0.375,226.605,3.953,632.155,arbres
c_04_08,2017-09,160.044,88.791,50.298,20.955,0.0,81.022,0.309,255.182,3.953,538.802,arbres
c_04_08,2017-10,146.273,75.244,53.254,17.775,0.0,73.49,0.318,266.349,3.953,531.767,arbres
c_04_08,2017-11,97.424,47.786,43.847,5.791,0.0,62.117,0.24,234.208,3.343,574.261,arbres
c_04_08,2017-12,78.113,42.81,34.01,1.293,0.0,42.837,0.334,221.144,3.328,616.614,arbres
c_04_08,2018-01,77.734,48.724,27.733,1.277,0.0,42.032,0.376,233.674,3.274,649.701,arbres
c_04_09,2017-01,80.306,29.646,48.732,2.533,0.605,38.945,0.255,231.157,3.647,390.128,arbres
c_04_09,2017-02,104.86,54.718,41.467,9.281,0.605,50.829,0.358,255.02,3.454,437.094,arbres
c_04_09,2017-03,133.997,73.603,43.939,17.06,0.605,53.381,0.367,286.843,3.432,481.379,arbres
c_04_09,2017-04,144.447,87.33,37.824,19.899,0.605,55.409,0.373,306.806,3.432,526.196,arbres
c_04_09,2017-05,167.286,116.081,25.783,26.026,0.605,69.55,0.293,294.192,3.432,558.543,arbres
c_04_09,2017-06,164.291,121.199,18.365,25.332,0.605,72.201,0.363,280.902,3.992,604.966,arbres
c_04_09,2017-07,158.34,107.1,28.117,23.729,0.605,72.684,0.289,254.055,3.992,604.097,arbres
c_04_09,2017-08,143.658,83.326,41.137,19.8,0.605,79.816,0.297,226.605,3.992,560.534,arbres
c_04_09,2017-09,157.695,93.031,41.773,23.496,0.605,80.594,0.243,255.182,3.992,483.881,arbres
c_04_09,2017-10,143.999,82.185,42.545,19.874,0.605,72.883,0.247,266.349,3.992,479.89,arbres
c_04_09,2017-11,96.23,50.279,39.574,6.982,0.605,61.091,0.217,234.208,3.429,493.203,arbres
c_04_09,2017-12,77.102,45.086,30.75,1.871,0.605,41.861,0.306,221.144,3.416,531.407,arbres
c_04_09,2018-01,76.67,50.744,24.765,1.766,0.605,41.183,0.342,233.674,3.37,561.308,arbres
c_04_10,2017-01,65.005,58.118,8.074,-0.581,0.605,36.911,1.391,231.157,4.231,28.068,arbres
c_04_10,2017-02,87.286,71.607,6.912,9.371,0.605,49.604,1.713,255.02,4.014,35.794,arbres
c_04_10,2017-03,113.634,84.84,8.377,21.023,0.605,52.325,1.718,286.843,4.0,43.686,arbres
c_04_10,2017-04,122.629,89.572,8.571,25.092,0.605,54.535,1.747,306.806,4.0,52.99,arbres
c_04_10,2017-05,145.374,103.385,7.39,35.204,0.605,69.67,1.499,294.192,4.0,60.932,arbres
c_04_10,2017-06,140.587,99.29,8.855,33.048,0.605,72.594,1.418,280.902,4.0,67.847,arbres
c_04_10,2017-07,136.567,91.647,14.424,31.1,0.605,72.829,1.203,254.055,4.0,59.819,arbres
c_04_10,2017-08,124.154,79.36,19.801,25.597,0.605,79.138,1.252,226.605,4.0,28.176,arbres
c_04_10,2017-09,135.871,93.384,12.222,30.87,0.605,81.084,1.08,255.182,4.0,6.418,arbres
c_04_10,2017-10,121.928,88.599,9.257,24.677,0.605,72.858,1.053,266.349,4.0,7.053,arbres
c_04_10,2017-11,80.053,66.446,8.047,6.165,0.605,59.512,1.148,234.208,4.0,16.0,arbres
c_04_10,2017-12,62.272,57.598,7.067,-1.788,0.605,40.596,1.484,221.144,4.0,24.152,arbres
c_04_10,2018-01,61.054,56.993,7.004,-2.338,0.605,40.35,1.534,233.674,4.0,31.754,arbres
c_04_11,2017-01,73.26,43.414,25.861,3.984,0.0,36.886,0.806,231.157,3.698,173.272,arbres
c_04_11,2017-02,96.725,60.301,22.505,13.92,0.0,49.798,1.029,255.02,3.504,198.352,arbres
c_04_11,2017-03,124.546,75.953,23.087,25.506,0.0,52.294,1.044,286.843,3.483,222.995,arbres
c_04_11,2017-04,134.32,88.226,16.373,29.721,0.0,54.58,1.064,306.806,3.483,243.424,arbres
c_04_11,2017-05,157.081,104.701,13.092,39.288,0.0,69.919,0.906,294.192,3.483,258.315,arbres
c_04_11,2017-06,152.443,99.644,15.211,37.587,0.0,72.849,0.931,280.902,4.0,272.968,arbres
c_04_11,2017-07,147.453,85.319,26.747,35.387,0.0,73.336,0.782,254.055,4.0,275.187,arbres
c_04_11,2017-08,133.905,72.387,31.786,29.731,0.0,79.708,0.809,226.605,4.0,241.951,arbres
c_04_11,2017-09,146.783,84.119,27.531,35.134,0.0,81.293,0.69,255.182,4.0,181.102,arbres
c_04_11,2017-10,132.971,76.949,26.787,29.234,0.0,72.998,0.671,266.349,4.0,177.198,arbres
c_04_11,2017-11,88.736,53.684,24.499,10.553,0.0,59.256,0.67,234.208,3.48,202.077,arbres
c_04_11,2017-12,70.244,46.983,20.487,2.774,0.0,40.547,0.877,221.144,3.469,226.449,arbres
c_04_11,2018-01,69.438,47.47,19.516,2.453,0.0,40.2,0.917,233.674,3.427,247.913,arbres
c_05_00,2017-01,47.925,54.689,5.084,-11.545,0.302,36.404,4.252,231.157,4.222,12.971,arbres
c_05_00,2017-02,68.47,68.191,4.161,-3.579,0.302,50.034,5.219,255.02,4.011,17.72,arbres
c_05_00,2017-03,92.499,81.879,5.334,5.588,0.302,51.646,5.261,286.843,4.0,22.613,arbres
c_05_00,2017-04,100.025,86.499,5.279,8.55,0.302,54.612,5.327,306.806,4.0,28.482,arbres
c_05_00,2017-05,123.748,101.936,4.575,17.539,0.302,68.534,4.221,294.192,4.0,33.194,arbres
c_05_00,2017-06,119.941,98.612,5.59,16.042,0.302,71.462,4.014,280.902,4.0,36.491,arbres
c_05_00,2017-07,117.911,92.956,10.079,15.178,0.302,70.551,3.404,254.055,4.0,17.422,arbres
c_05_00,2017-08,107.518,82.697,13.956,11.167,0.302,77.015,3.565,226.605,4.0,0.418,arbres
c_05_00,2017-09,117.13,94.693,7.827,14.912,0.302,77.998,2.934,255.182,4.0,0.343,arbres
c_05_00,2017-10,102.331,87.275,6.122,9.236,0.302,70.466,2.894,266.349,4.0,2.86,arbres
c_05_00,2017-11,62.772,63.64,5.304,-5.87,0.302,57.63,3.369,234.208,4.0,8.611,arbres
c_05_00,2017-12,45.932,53.885,4.642,-12.292,0.302,40.444,4.518,221.144,4.0,13.974,arbres
c_05_00,2018-01,43.78,52.737,4.463,-13.118,0.302,40.364,4.742,233.674,4.0,18.945,arbres
c_05_01,2017-01,72.969,40.582,33.646,1.06,2.319,37.716,1.684,231.157,3.892,242.158,arbres
c_05_01,2017-02,96.412,63.283,26.352,9.096,2.319,50.254,2.157,255.02,3.692,274.307,arbres
c_05_01,2017-03,124.207,85.137,22.925,18.464,2.319,52.595,2.173,286.843,3.675,298.654,arbres
c_05_01,2017-04,133.958,92.634,21.812,21.831,2.319,54.987,2.204,306.806,3.675,323.14,arbres
c_05_01,2017-05,156.763,112.475,17.063,29.543,2.319,69.934,1.728,294.192,3.675,342.859,arbres
c_05_01,2017-06,152.275,107.902,18.623,28.069,2.319,72.928,1.733,280.902,4.0,366.346,arbres
c_05_01,2017-07,147.315,93.276,30.052,26.306,2.319,73.274,1.4,254.055,4.0,369.388,arbres
c_05_01,2017-08,133.784,78.095,36.234,21.775,2.319,79.741,1.47,226.605,4.0,330.579,arbres
c_05_01,2017-09,146.642,89.014,33.918,26.03,2.319,81.171,1.185,255.182,4.0,259.415,arbres
c_05_01,2017-10,132.796,79.827,33.961,21.327,2.319,73.201,1.199,266.349,4.0,255.804,arbres
c_05_01,2017-11,88.446,53.636,30.736,6.394,2.319,60.091,1.333,234.208,3.674,283.66,arbres
c_05_01,2017-12,69.955,46.946,25.188,0.14,2.319,41.29,1.827,221.144,3.666,313.958,arbres
c_05_01,2018-01,69.121,48.415,23.15,-0.124,2.319,40.831,1.937,233.674,3.639,340.011,arbres
c_05_02,2017-01,73.614,30.148,43.048,0.417,0.0,38.016,0.533,231.157,3.717,332.561,arbres
c_05_02,2017-02,97.41,58.931,30.817,7.661,0.0,50.475,0.713,255.02,3.516,371.465,arbres
c_05_02,2017-03,125.558,77.829,31.782,15.947,0.0,52.924,0.729,286.843,3.49,403.427,arbres
c_05_02,2017-04,135.417,86.521,29.869,19.027,0.0,55.313,0.74,306.806,3.49,437.223,arbres
c_05_02,2017-05,158.526,110.733,21.969,25.824,0.0,70.351,0.598,294.192,3.49,463.573,arbres
c_05_02,2017-06,155.421,107.993,22.375,25.053,0.0,73.536,0.693,280.902,3.998,487.964,arbres
c_05_02,2017-07,150.281,94.256,32.597,23.428,0.0,73.987,0.553,254.055,3.998,490.901,arbres
c_05_02,2017-08,136.46,76.714,40.393,19.353,0.0,80.42,0.571,226.605,3.998,446.402,arbres
c_05_02,2017-09,149.605,86.493,39.953,23.16,0.0,81.901,0.473,255.182,3.998,365.346,arbres
c_05_02,2017-10,135.633,75.228,41.386,19.018,0.0,73.705,0.479,266.349,3.998,360.888,arbres
c_05_02,2017-11,89.386,46.988,37.152,5.246,0.0,60.568,0.444,234.208,3.487,398.881,arbres
c_05_02,2017-12,70.685,41.243,29.724,-0.282,0.0,41.525,0.599,221.144,3.472,435.176,arbres
c_05_02,2018-01,69.899,46.301,24.055,-0.457,0.0,40.929,0.646,233.674,3.42,464.698,arbres
c_05_03,2017-01,81.9,44.137,40.942,4.888,8.067,36.772,3.398,231.157,3.473,388.826,arbres
c_05_03,2017-02,106.51,68.578,33.331,12.668,8.067,49.72,4.267,255.02,3.285,427.455,arbres
c_05_03,2017-03,135.73,88.215,33.916,21.666,8.067,52.167,4.223,286.843,3.259,462.374,arbres
c_05_03,2017-04,146.293,101.023,28.264,25.072,8.067,54.423,4.324,306.806,3.259,496.481,arbres
c_05_03,2017-05,168.822,127.289,17.557,32.043,8.067,69.619,3.354,294.192,3.259,519.449,arbres
c_05_03,2017-06,165.901,129.606,12.51,31.852,8.067,72.569,3.152,280.902,4.0,534.615,arbres
c_05_03,2017-07,159.712,114.058,23.839,29.882,8.067,72.983,2.522,254.055,4.0,531.519,arbres
c_05_03,2017-08,144.861,89.4,38.308,25.219,8.067,79.634,2.64,226.605,4.0,495.083,arbres
c_05_03,2017-09,159.084,99.472,38.076,29.604,8.067,81.046,2.137,255.182,4.0,433.711,arbres
c_05_03,2017-10,145.627,90.855,37.478,25.36,8.067,72.684,2.197,266.349,4.0,432.909,arbres
c_05_03,2017-11,97.753,65.087,30.746,9.986,8.067,59.011,2.631,234.208,3.256,473.082,arbres
c_05_03,2017-12,78.657,60.801,21.825,4.098,8.067,40.176,3.676,221.144,3.239,501.513,arbres
c_05_03,2018-01,78.371,65.815,16.61,4.013,8.067,39.719,3.86,233.674,3.176,522.05,arbres
c_05_04,2017-01,81.967,37.41,46.932,3.775,6.151,37.249,3.358,231.157,3.518,405.124,arbres
c_05_04,2017-02,106.679,62.903,39.082,10.845,6.151,50.011,4.236,255.02,3.329,449.896,arbres
c_05_04,2017-03,136.009,82.436,40.715,19.009,6.151,52.53,4.202,286.843,3.304,491.326,arbres
c_05_04,2017-04,146.596,95.348,35.302,22.097,6.151,54.775,4.297,306.806,3.304,533.063,arbres
c_05_04,2017-05,169.267,124.351,22.65,28.417,6.151,69.994,3.323,294.192,3.304,562.306,arbres
c_05_04,2017-06,166.252,128.134,16.565,27.704,6.151,73.029,3.122,280.902,4.0,590.441,arbres
c_05_04,2017-07,160.083,113.159,27.094,25.981,6.151,73.454,2.484,254.055,4.0,588.328,arbres
c_05_04,2017-08,145.204,87.952,41.582,21.822,6.151,80.067,2.594,226.605,4.0,544.073,arbres
c_05_04,2017-09,159.449,97.186,42.717,25.697,6.151,81.606,2.099,255.182,4.0,467.117,arbres
c_05_04,2017-10,145.896,86.489,43.632,21.926,6.151,73.24,2.169,266.349,4.0,463.532,arbres
c_05_04,2017-11,97.91,58.738,36.906,8.417,6.151,59.62,2.609,234.208,3.301,504.425,arbres
c_05_04,2017-12,78.733,54.629,27.173,3.083,6.151,40.588,3.635,221.144,3.284,539.166,arbres
c_05_04,2018-01,78.434,60.15,21.425,3.01,6.151,40.095,3.825,233.674,3.226,565.163,arbres
c_05_05,2017-01,76.704,46.167,28.131,4.423,2.017,37.531,0.917,231.157,3.726,217.426,arbres
c_05_05,2017-02,100.427,64.739,24.154,13.551,2.017,49.838,1.178,255.02,3.53,244.55,arbres
c_05_05,2017-03,128.608,85.821,20.561,24.242,2.017,52.243,1.183,286.843,3.509,267.804,arbres
c_05_05,2017-04,138.657,94.005,18.535,28.134,2.017,54.348,1.207,306.806,3.509,288.879,arbres
c_05_05,2017-05,161.055,112.04,14.35,36.682,2.017,68.657,0.974,294.192,3.509,305.54,arbres
c_05_05,2017-06,156.592,108.531,14.984,35.094,2.017,71.533,1.075,280.902,4.0,324.559,arbres
c_05_05,2017-07,151.146,95.215,24.94,33.008,2.017,72.127,0.88,254.055,4.0,326.162,arbres
c_05_05,2017-08,137.184,79.081,32.418,27.701,2.017,78.647,0.92,226.605,4.0,295.008,arbres
c_05_05,2017-09,150.501,90.708,29.082,32.728,2.017,79.95,0.758,255.182,4.0,238.296,arbres
c_05_05,2017-10,136.978,83.404,28.078,27.512,2.017,72.278,0.755,266.349,4.0,234.513,arbres
c_05_05,2017-11,92.138,58.726,25.02,10.409,2.017,59.725,0.74,234.208,3.507,258.372,arbres
c_05_05,2017-12,73.547,51.977,20.268,3.319,2.017,40.871,1.014,221.144,3.496,282.893,arbres
c_05_05,2018-01,72.965,54.34,17.531,3.11,2.017,40.491,1.073,233.674,3.454,303.542,arbres
c_05_06,2017-01,58.384,40.179,24.526,-6.322,0.0,37.812,1.15,231.157,3.702,110.182,arbres
c_05_06,2017-02,80.3,57.442,21.701,1.157,0.0,50.661,1.458,255.02,3.501,134.128,arbres
c_05_06,2017-03,106.053,70.5,25.792,9.76,0.0,53.103,1.511,286.843,3.475,158.755,arbres
c_05_06,2017-04,114.538,75.471,26.378,12.688,0.0,55.689,1.512,306.806,3.475,187.578,arbres
c_05_06,2017-05,138.077,106.771,10.676,20.63,0.0,70.771,1.272,294.192,3.475,205.987,arbres
c_05_06,2017-06,134.194,100.707,14.076,19.412,0.0,73.806,1.372,280.902,4.0,219.584,arbres
c_05_06,2017-07,130.936,83.925,28.84,18.171,0.0,73.931,1.134,254.055,4.0,216.157,arbres
c_05_06,2017-08,119.169,73.355,31.582,14.233,0.0,80.013,1.192,226.605,4.0,161.717,arbres
c_05_06,2017-09,130.195,84.858,27.356,17.981,0.0,82.104,0.98,255.182,4.0,80.312,arbres
c_05_06,2017-10,115.683,76.124,26.532,13.028,0.0,74.006,0.973,266.349,4.0,80.759,arbres
c_05_06,2017-11,73.653,50.302,24.466,-1.115,0.0,60.53,0.958,234.208,3.472,104.246,arbres
c_05_06,2017-12,56.02,42.305,20.8,-7.085,0.0,41.672,1.238,221.144,3.458,128.759,arbres
c_05_06,2018-01,54.419,41.568,20.47,-7.618,0.0,41.307,1.311,233.674,3.405,150.888,arbres
c_05_07,2017-01,78.791,28.743,47.499,2.549,0.0,38.432,0.532,231.157,3.851,406.934,arbres
c_05_07,2017-02,103.204,55.202,38.365,9.637,0.0,50.692,0.71,255.02,3.646,452.1,arbres
c_05_07,2017-03,132.166,76.552,37.731,17.883,0.0,53.036,0.729,286.843,3.623,491.006,arbres
c_05_07,2017-04,142.492,88.194,33.348,20.951,0.0,55.328,0.738,306.806,3.623,529.978,arbres
c_05_07,2017-05,165.484,115.818,22.231,27.435,0.0,69.981,0.584,294.192,3.623,558.145,arbres
c_05_07,2017-06,161.282,113.866,20.53,26.886,0.0,73.221,0.695,280.902,3.996,568.287,arbres
c_05_07,2017-07,155.635,100.399,30.03,25.206,0.0,73.593,0.553,254.055,3.996,568.761,arbres
c_05_07,2017-08,141.249,79.29,40.899,21.059,0.0,80.341,0.57,226.605,3.996,524.232,arbres
c_05_07,2017-09,154.975,88.224,41.827,24.924,0.0,81.615,0.469,255.182,3.996,445.048,arbres
c_05_07,2017-10,141.125,76.963,43.212,20.951,0.0,73.497,0.479,266.349,3.996,440.753,arbres
c_05_07,2017-11,94.701,49.522,37.911,7.268,0.0,60.678,0.438,234.208,3.621,494.662,arbres
c_05_07,2017-12,75.618,45.039,28.726,1.852,0.0,41.606,0.599,221.144,3.61,530.811,arbres
c_05_07,2018-01,75.068,50.912,22.428,1.729,0.0,40.972,0.648,233.674,3.57,558.486,arbres
c_05_08,2017-01,81.438,26.964,51.673,2.801,0.0,39.397,0.347,231.157,3.623,452.111,arbres
c_05_08,2017-02,106.248,53.498,43.412,9.338,0.0,51.181,0.476,255.02,3.432,501.642,arbres
c_05_08,2017-03,135.681,73.859,44.968,16.854,0.0,53.626,0.492,286.843,3.409,547.48,arbres
c_05_08,2017-04,146.257,87.139,39.453,19.665,0.0,55.727,0.497,306.806,3.409,593.741,arbres
c_05_08,2017-05,169.231,118.377,25.416,25.438,0.0,69.723,0.392,294.192,3.409,626.713,arbres
c_05_08,2017-06,166.283,122.2,19.16,24.923,0.0,72.464,0.491,280.902,4.0,659.189,arbres
c_05_08,2017-07,160.21,107.775,29.004,23.43,0.0,73.119,0.39,254.055,4.0,658.151,arbres
c_05_08,2017-08,145.342,82.867,42.853,19.622,0.0,80.317,0.4,226.605,4.0,612.554,arbres
c_05_08,2017-09,159.563,92.231,44.194,23.138,0.0,80.927,0.329,255.182,4.0,532.588,arbres
c_05_08,2017-10,145.804,80.92,45.234,19.651,0.0,73.16,0.338,266.349,4.0,528.907,arbres
c_05_08,2017-11,97.51,51.412,38.979,7.119,0.0,61.401,0.294,234.208,3.406,569.87,arbres
c_05_08,2017-12,78.214,46.935,29.08,2.199,0.0,42.177,0.407,221.144,3.393,606.818,arbres
c_05_08,2018-01,77.827,52.745,22.96,2.122,0.0,41.439,0.452,233.674,3.344,634.66,arbres
c_05_09,2017-01,66.702,41.561,26.31,-0.866,0.302,37.324,0.99,231.157,3.619,148.694,arbres
c_05_09,2017-02,89.51,58.801,23.098,7.914,0.302,50.128,1.273,255.02,3.42,174.321,arbres
c_05_09,2017-03,116.433,72.294,26.348,18.093,0.302,52.668,1.299,286.843,3.392,200.272,arbres
c_05_09,2017-04,125.642,89.203,15.003,21.739,0.302,54.953,1.32,306.806,3.392,222.453,arbres
c_05_09,2017-05,148.751,106.297,12.222,30.535,0.302,70.208,1.104,294.192,3.392,236.211,arbres
c_05_09,2017-06,144.814,100.508,15.138,29.471,0.302,73.166,1.16,280.902,4.0,245.972,arbres
c_05_09,2017-07,140.549,84.356,28.767,27.728,0.302,73.576,0.965,254.055,4.0,246.728,arbres
c_05_09,2017-08,127.745,72.746,32.453,22.848,0.302,79.802,1.007,226.605,4.0,205.243,arbres
c_05_09,2017-09,139.849,84.671,27.989,27.491,0.302,81.556,0.841,255.182,4.0,134.204,arbres
c_05_09,2017-10,125.744,76.804,27.241,22.002,0.302,73.401,0.826,266.349,4.0,131.644,arbres
c_05_09,2017-11,82.117,51.721,25.628,5.07,0.302,59.823,0.824,234.208,3.389,161.406,arbres
c_05_09,2017-12,64.004,44.448,21.718,-1.86,0.302,41.072,1.08,221.144,3.372,187.061,arbres
c_05_09,2018-01,62.866,44.386,21.059,-2.276,0.302,40.699,1.144,233.674,3.309,210.006,arbres
c_05_10,2017-01,70.698,51.936,15.986,2.777,0.0,36.514,0.674,231.157,4.222,86.27,arbres
c_05_10,2017-02,93.642,66.72,13.993,12.929,0.0,49.395,0.83,255.02,4.011,101.771,arbres
c_05_10,2017-03,120.859,79.343,16.69,24.825,0.0,52.038,0.843,286.843,4.0,117.682,arbres
c_05_10,2017-04,130.362,84.204,17.077,29.081,0.0,54.27,0.855,306.806,4.0,136.23,arbres
c_05_10,2017-05,152.923,99.494,14.381,39.048,0.0,69.371,0.744,294.192,4.0,152.109,arbres
c_05_10,2017-06,147.804,98.755,12.342,36.708,0.0,72.232,0.705,280.902,4.0,164.826,arbres
c_05_10,2017-07,143.14,87.148,21.42,34.573,0.0,72.843,0.626,254.055,4.0,163.29,arbres
c_05_10,2017-08,130.028,74.973,26.219,28.837,0.0,79.098,0.631,226.605,4.0,129.857,arbres
c_05_10,2017-09,142.467,88.484,19.61,34.373,0.0,80.794,0.573,255.182,4.0,77.034,arbres
c_05_10,2017-10,128.716,82.922,17.511,28.283,0.0,72.545,0.549,266.349,4.0,73.406,arbres
c_05_10,2017-11,85.889,60.417,15.955,9.518,0.0,58.971,0.555,234.208,4.0,91.272,arbres
c_05_10,2017-12,67.718,52.522,13.712,1.484,0.0,40.193,0.714,221.144,4.0,107.305,arbres
c_05_10,2018-01,66.786,52.067,13.653,1.065,0.0,39.853,0.741,233.674,4.0,122.009,arbres
c_05_11,2017-01,71.767,41.374,27.177,3.216,0.0,36.937,0.92,231.157,3.795,178.812,arbres
c_05_11,2017-02,95.138,58.334,23.67,13.134,0.0,49.905,1.179,255.02,3.591,205.183,arbres
c_05_11,2017-03,122.817,76.25,21.879,24.688,0.0,52.334,1.203,286.843,3.567,229.887,arbres
c_05_11,2017-04,132.474,87.013,16.589,28.872,0.0,54.716,1.222,306.806,3.567,249.614,arbres
c_05_11,2017-05,155.409,103.619,13.302,38.487,0.0,70.133,1.04,294.192,3.567,264.717,arbres
c_05_11,2017-06,151.045,98.38,15.66,37.005,0.0,73.076,1.118,280.902,4.0,276.521,arbres
c_05_11,2017-07,146.222,83.624,27.733,34.866,0.0,73.506,0.932,254.055,4.0,278.736,arbres
c_05_11,2017-08,132.815,71.246,32.318,29.251,0.0,79.892,0.971,226.605,4.0,243.358,arbres
c_05_11,2017-09,145.542,82.594,28.37,34.579,0.0,81.474,0.819,255.182,4.0,179.411,arbres
c_05_11,2017-10,131.605,75.184,27.795,28.626,0.0,73.134,0.798,266.349,4.0,176.043,arbres
c_05_11,2017-11,87.28,51.658,25.811,9.811,0.0,59.294,0.77,234.208,3.564,205.227,arbres
c_05_11,2017-12,68.824,45.22,21.571,2.033,0.0,40.655,1.001,221.144,3.552,230.901,arbres
c_05_11,2018-01,67.925,45.671,20.576,1.678,0.0,40.29,1.052,233.674,3.507,253.51,arbres
c_06_00,2017-01,47.884,54.689,5.062,-11.564,0.302,36.403,4.226,231.157,4.222,12.885,arbres
c_06_00,2017-02,68.425,68.175,4.148,-3.595,0.302,50.02,5.192,255.02,4.011,17.616,arbres
c_06_00,2017-03,92.448,81.886,5.307,5.558,0.302,51.632,5.236,286.843,4.0,22.487,arbres
c_06_00,2017-04,99.971,86.497,5.255,8.521,0.302,54.598,5.299,306.806,4.0,28.327,arbres
c_06_00,2017-05,123.697,101.955,4.537,17.508,0.302,68.57,4.2,294.192,4.0,33.012,arbres
c_06_00,2017-06,119.893,98.623,5.558,16.014,0.302,71.499,3.988,280.902,4.0,36.265,arbres
c_06_00,2017-07,117.867,92.964,10.059,15.147,0.302,70.598,3.377,254.055,4.0,17.166,arbres
c_06_00,2017-08,107.479,82.691,13.953,11.138,0.302,77.067,3.538,226.605,4.0,0.406,arbres
c_06_00,2017-09,117.086,94.714,7.793,14.881,0.302,78.063,2.904,255.182,4.0,0.338,arbres
c_06_00,2017-10,102.285,87.303,6.075,9.209,0.302,70.515,2.871,266.349,4.0,2.826,arbres
c_06_00,2017-11,62.731,63.653,5.271,-5.89,0.302,57.647,3.348,234.208,4.0,8.531,arbres
c_06_00,2017-12,45.892,53.877,4.624,-12.307,0.302,40.442,4.491,221.144,4.0,13.868,arbres
c_06_00,2018-01,43.738,52.731,4.447,-13.138,0.302,40.352,4.713,233.674,4.0,18.82,arbres
c_06_01,2017-01,71.433,41.174,32.248,0.432,2.42,37.442,1.554,231.157,4.075,221.768,arbres
c_06_01,2017-02,94.681,62.661,25.868,8.572,2.42,50.155,1.985,255.02,3.863,252.838,arbres
c_06_01,2017-03,122.236,85.833,20.778,18.045,2.42,52.48,2.001,286.843,3.845,275.846,arbres
c_06_01,2017-04,131.849,93.008,19.826,21.436,2.42,54.906,2.029,306.806,3.845,298.056,arbres
c_06_01,2017-05,154.709,112.078,15.766,29.286,2.42,70.036,1.603,294.192,3.845,316.089,arbres
c_06_01,2017-06,149.852,106.357,18.192,27.724,2.42,73.082,1.563,280.902,4.0,332.047,arbres
c_06_01,2017-07,145.112,90.887,30.644,26.002,2.42,73.392,1.269,254.055,4.0,335.16,arbres
c_06_01,2017-08,131.817,76.973,35.827,21.437,2.42,79.801,1.333,226.605,4.0,295.859,arbres
c_06_01,2017-09,144.432,88.354,32.766,25.732,2.42,81.301,1.078,255.182,4.0,223.839,arbres
c_06_01,2017-10,130.512,79.399,32.65,20.884,2.42,73.223,1.085,266.349,4.0,220.565,arbres
c_06_01,2017-11,86.85,53.381,30.051,5.838,2.42,59.839,1.23,234.208,3.844,253.827,arbres
c_06_01,2017-12,68.459,46.51,24.881,-0.512,2.42,41.089,1.678,221.144,3.839,283.579,arbres
c_06_01,2018-01,67.529,47.201,23.562,-0.814,2.42,40.659,1.772,233.674,3.823,309.553,arbres
c_06_02,2017-01,76.101,35.972,42.846,1.418,4.134,37.902,0.531,231.157,3.798,345.813,arbres
c_06_02,2017-02,100.092,63.555,32.032,8.638,4.134,50.296,0.703,255.02,3.601,385.292,arbres
c_06_02,2017-03,128.541,83.192,32.499,16.984,4.134,52.755,0.712,286.843,3.582,418.172,arbres
c_06_02,2017-04,138.607,92.624,30.044,20.074,4.134,55.067,0.725,306.806,3.582,452.458,arbres
c_06_02,2017-05,161.551,117.259,21.609,26.817,4.134,69.857,0.586,294.192,3.582,478.694,arbres
c_06_02,2017-06,157.527,115.937,19.998,25.726,4.134,72.862,0.62,280.902,3.988,506.468,arbres
c_06_02,2017-07,152.176,102.07,30.174,24.066,4.134,73.221,0.497,254.055,3.988,508.012,arbres
c_06_02,2017-08,138.148,82.354,39.958,19.97,4.134,79.83,0.516,226.605,3.988,464.662,arbres
c_06_02,2017-09,151.509,92.158,39.68,23.806,4.134,81.184,0.424,255.182,3.988,386.621,arbres
c_06_02,2017-10,137.641,81.525,40.509,19.741,4.134,73.149,0.426,266.349,3.988,382.172,arbres
c_06_02,2017-11,91.835,53.56,36.198,6.21,4.134,60.263,0.437,234.208,3.58,417.128,arbres
c_06_02,2017-12,73.005,47.994,28.465,0.68,4.134,41.283,0.592,221.144,3.571,452.197,arbres
c_06_02,2018-01,72.319,52.889,23.056,0.509,4.134,40.734,0.632,233.674,3.537,480.337,arbres
c_06_03,2017-01,74.888,38.689,35.743,2.473,2.017,37.599,0.672,231.157,3.634,271.915,arbres
c_06_03,2017-02,98.658,60.63,29.246,10.799,2.017,50.17,0.875,255.02,3.442,306.316,arbres
c_06_03,2017-03,126.829,82.163,26.232,20.45,2.017,52.595,0.893,286.843,3.42,334.237,arbres
c_06_03,2017-04,136.768,90.141,24.692,23.952,2.017,54.906,0.906,306.806,3.42,362.127,arbres
c_06_03,2017-05,159.603,111.132,18.67,31.818,2.017,69.987,0.751,294.192,3.42,384.128,arbres
c_06_03,2017-06,155.987,108.685,18.25,31.068,2.017,72.93,0.782,280.902,4.0,410.048,arbres
c_06_03,2017-07,150.719,95.015,28.512,29.209,2.017,73.444,0.637,254.055,4.0,412.101,arbres
c_06_03,2017-08,136.833,78.055,36.391,24.403,2.017,79.881,0.663,226.605,4.0,373.768,arbres
c_06_03,2017-09,150.055,88.488,34.67,28.914,2.017,81.343,0.553,255.182,4.0,304.005,arbres
c_06_03,2017-10,136.258,79.276,34.923,24.076,2.017,73.244,0.548,266.349,4.0,299.699,arbres
c_06_03,2017-11,90.522,53.061,31.494,7.984,2.017,60.022,0.561,234.208,3.417,327.666,arbres
c_06_03,2017-12,71.855,46.948,25.362,1.562,2.017,41.086,0.746,221.144,3.404,358.489,arbres
c_06_03,2018-01,71.142,50.016,21.804,1.339,2.017,40.62,0.795,233.674,3.357,384.194,arbres
c_06_04,2017-01,82.192,43.88,38.589,5.773,6.05,36.713,3.404,231.157,3.323,369.25,arbres
c_06_04,2017-02,106.817,67.54,31.347,13.981,6.05,49.692,4.272,255.02,3.14,405.625,arbres
c_06_04,2017-03,136.046,86.691,31.903,23.502,6.05,52.133,4.228,286.843,3.111,438.454,arbres
c_06_04,2017-04,146.628,98.927,26.653,27.098,6.05,54.396,4.33,306.806,3.111,470.566,arbres
c_06_04,2017-05,169.078,123.886,16.78,34.463,6.05,69.628,3.357,294.192,3.111,492.318,arbres
c_06_04,2017-06,166.179,126.151,11.676,34.401,6.05,72.554,3.157,280.902,4.0,502.283,arbres
c_06_04,2017-07,159.938,110.876,22.831,32.282,6.05,72.95,2.526,254.055,4.0,499.29,arbres
c_06_04,2017-08,145.056,86.961,36.823,27.321,6.05,79.599,2.647,226.605,4.0,465.338,arbres
c_06_04,2017-09,159.315,97.187,36.182,31.996,6.05,81.001,2.141,255.182,4.0,408.314,arbres
c_06_04,2017-10,145.921,89.102,35.386,27.483,6.05,72.644,2.201,266.349,4.0,407.978,arbres
c_06_04,2017-11,98.042,64.065,28.875,11.153,6.05,58.958,2.633,234.208,3.107,451.814,arbres
c_06_04,2017-12,78.965,59.653,20.44,4.923,6.05,40.145,3.681,221.144,3.086,478.481,arbres
c_06_04,2018-01,78.726,64.443,15.481,4.853,6.05,39.691,3.866,233.674,3.012,497.671,arbres
c_06_05,2017-01,67.653,35.935,33.453,-1.734,0.0,37.629,0.698,231.157,4.057,210.24,arbres
c_06_05,2017-02,90.594,55.133,29.443,6.018,0.0,50.405,0.893,255.02,3.845,242.868,arbres
c_06_05,2017-03,117.72,81.037,21.629,15.054,0.0,52.768,0.929,286.843,3.827,269.343,arbres
c_06_05,2017-04,127.024,88.845,19.97,18.21,0.0,55.199,0.938,306.806,3.827,291.697,arbres
c_06_05,2017-05,150.226,108.191,16.086,25.949,0.0,70.586,0.8,294.192,3.827,309.97,arbres
c_06_05,2017-06,145.599,101.838,19.244,24.517,0.0,73.667,0.772,280.902,4.0,327.919,arbres
c_06_05,2017-07,141.314,85.277,33.105,22.932,0.0,74.112,0.634,254.055,4.0,330.964,arbres
c_06_05,2017-08,128.441,72.706,37.064,18.67,0.0,80.358,0.656,226.605,4.0,286.148,arbres
c_06_05,2017-09,140.61,84.167,33.767,22.676,0.0,82.088,0.559,255.182,4.0,205.501,arbres
c_06_05,2017-10,126.421,74.388,34.127,17.907,0.0,73.854,0.549,266.349,4.0,202.972,arbres
c_06_05,2017-11,83.097,47.688,31.923,3.487,0.0,60.277,0.588,234.208,3.826,236.492,arbres
c_06_05,2017-12,64.848,40.524,26.932,-2.608,0.0,41.349,0.751,221.144,3.821,268.386,arbres
c_06_05,2018-01,63.691,40.614,26.051,-2.974,0.0,40.904,0.791,233.674,3.803,296.781,arbres
c_06_06,2017-01,73.94,25.131,49.116,-0.308,0.0,38.69,0.444,231.157,3.481,364.347,arbres
c_06_06,2017-02,97.948,50.616,41.228,6.103,0.0,50.853,0.613,255.02,3.286,411.876,arbres
c_06_06,2017-03,126.277,73.809,39.0,13.469,0.0,53.173,0.638,286.843,3.255,452.763,arbres
c_06_06,2017-04,136.193,83.437,36.514,16.242,0.0,55.501,0.644,306.806,3.255,494.126,arbres
c_06_06,2017-05,159.423,110.66,26.472,22.291,0.0,70.231,0.509,294.192,3.255,526.234,arbres
c_06_06,2017-06,156.145,105.29,28.536,22.319,0.0,73.738,0.803,280.902,3.996,526.849,arbres
c_06_06,2017-07,150.969,92.09,38.062,20.817,0.0,74.214,0.64,254.055,3.996,530.999,arbres
c_06_06,2017-08,137.082,74.822,45.158,17.102,0.0,80.696,0.66,226.605,3.996,480.524,arbres
c_06_06,2017-09,150.291,84.323,45.395,20.574,0.0,82.033,0.545,255.182,3.996,386.712,arbres
c_06_06,2017-10,136.28,71.372,48.125,16.783,0.0,73.917,0.557,266.349,3.996,380.128,arbres
c_06_06,2017-11,89.906,43.57,42.344,3.993,0.0,60.993,0.379,234.208,3.251,451.392,arbres
c_06_06,2017-12,71.123,37.929,34.103,-0.908,0.0,41.885,0.522,221.144,3.23,492.947,arbres
c_06_06,2018-01,70.412,45.315,26.107,-1.01,0.0,41.181,0.578,233.674,3.153,525.679,arbres
c_06_07,2017-01,80.155,24.788,53.833,1.534,0.0,39.618,0.293,231.157,3.686,425.26,arbres
c_06_07,2017-02,104.814,51.19,45.996,7.628,0.0,51.351,0.403,255.02,3.492,477.264,arbres
c_06_07,2017-03,134.061,70.905,48.512,14.643,0.0,53.845,0.417,286.843,3.471,526.382,arbres
c_06_07,2017-04,144.524,84.821,42.371,17.332,0.0,55.896,0.421,306.806,3.471,576.02,arbres
c_06_07,2017-05,167.564,115.752,28.962,22.85,0.0,69.894,0.331,294.192,3.471,612.409,arbres
c_06_07,2017-06,163.983,118.864,23.045,22.074,0.0,72.682,0.441,280.902,4.0,646.865,arbres
c_06_07,2017-07,158.126,105.323,32.132,20.671,0.0,73.339,0.35,254.055,4.0,647.738,arbres
c_06_07,2017-08,143.482,81.619,44.693,17.17,0.0,80.453,0.359,226.605,4.0,595.896,arbres
c_06_07,2017-09,157.47,90.719,46.313,20.439,0.0,81.101,0.295,255.182,4.0,502.282,arbres
c_06_07,2017-10,143.628,78.013,48.423,17.192,0.0,73.384,0.303,266.349,4.0,495.277,arbres
c_06_07,2017-11,96.188,46.842,43.787,5.559,0.0,61.757,0.247,234.208,3.468,541.495,arbres
c_06_07,2017-12,76.965,41.778,34.257,0.93,0.0,42.489,0.343,221.144,3.456,583.933,arbres
c_06_07,2018-01,76.495,48.407,27.185,0.903,0.0,41.685,0.382,233.674,3.413,616.808,arbres
c_06_08,2017-01,61.373,38.26,27.853,-4.74,0.0,37.674,0.91,231.157,3.703,141.832,arbres
c_06_08,2017-02,83.65,56.14,24.632,2.879,0.0,50.52,1.16,255.02,3.502,169.049,arbres
c_06_08,2017-03,109.867,69.225,28.991,11.65,0.0,53.002,1.203,286.843,3.476,196.845,arbres
c_06_08,2017-04,118.62,86.025,17.878,14.717,0.0,55.393,1.217,306.806,3.476,223.555,arbres
c_06_08,2017-05,142.067,107.069,12.375,22.623,0.0,70.698,1.034,294.192,3.476,237.695,arbres
c_06_08,2017-06,138.267,100.793,16.028,21.445,0.0,73.727,1.162,280.902,4.0,253.731,arbres
c_06_08,2017-07,134.645,83.418,31.126,20.101,0.0,73.995,0.959,254.055,4.0,253.213,arbres
c_06_08,2017-08,122.484,72.467,33.987,16.029,0.0,80.133,1.003,226.605,4.0,202.674,arbres
c_06_08,2017-09,133.917,84.005,30.026,19.885,0.0,82.065,0.835,255.182,4.0,120.49,arbres
c_06_08,2017-10,119.513,74.932,29.625,14.956,0.0,73.921,0.825,266.349,4.0,119.911,arbres
c_06_08,2017-11,76.733,48.76,27.46,0.512,0.0,60.367,0.768,234.208,3.473,145.916,arbres
c_06_08,2017-12,58.895,41.055,23.381,-5.542,0.0,41.497,0.981,221.144,3.458,173.465,arbres
c_06_08,2018-01,57.453,40.559,22.911,-6.017,0.0,41.109,1.038,233.674,3.405,198.28,arbres
c_06_09,2017-01,63.799,59.071,5.975,-0.641,0.605,37.094,3.022,231.157,4.231,19.039,arbres
c_06_09,2017-02,86.001,71.789,5.006,9.81,0.605,50.093,3.87,255.02,4.014,24.689,arbres
c_06_09,2017-03,112.235,84.744,6.11,21.986,0.605,52.585,3.843,286.843,4.0,30.403,arbres
c_06_09,2017-04,121.136,89.309,6.188,26.244,0.605,55.104,3.902,306.806,4.0,37.155,arbres
c_06_09,2017-05,144.023,102.406,5.338,36.885,0.605,70.072,2.933,294.192,4.0,42.82,arbres
c_06_09,2017-06,139.303,98.49,6.76,34.658,0.605,73.085,2.731,280.902,4.0,47.459,arbres
c_06_09,2017-07,135.433,91.118,12.259,32.661,0.605,73.061,2.193,254.055,4.0,37.101,arbres
c_06_09,2017-08,123.149,79.11,17.678,26.966,0.605,79.53,2.294,226.605,4.0,12.805,arbres
c_06_09,2017-09,134.728,92.823,10.071,32.439,0.605,81.27,1.786,255.182,4.0,2.274,arbres
c_06_09,2017-10,120.676,88.464,6.965,25.852,0.605,72.809,1.853,266.349,4.0,3.885,arbres
c_06_09,2017-11,78.872,67.15,5.9,6.428,0.605,59.394,2.279,234.208,4.0,10.387,arbres
c_06_09,2017-12,61.118,58.342,5.26,-1.879,0.605,40.962,3.264,221.144,4.0,16.404,arbres
c_06_09,2018-01,59.821,57.763,5.158,-2.495,0.605,40.741,3.441,233.674,4.0,22.059,arbres
c_06_10,2017-01,71.416,57.583,8.727,5.106,0.0,36.052,1.005,231.157,3.597,39.332,arbres
c_06_10,2017-02,94.418,70.39,7.452,16.576,0.0,49.154,1.2,255.02,3.406,47.69,arbres
c_06_10,2017-03,121.704,82.701,8.947,30.056,0.0,51.712,1.224,286.843,3.383,56.147,arbres
c_06_10,2017-04,131.263,87.225,9.165,34.874,0.0,53.98,1.237,306.806,3.383,66.088,arbres
c_06_10,2017-05,153.729,99.85,7.834,46.046,0.0,69.285,1.13,294.192,3.383,74.562,arbres
c_06_10,2017-06,148.777,95.819,8.949,44.009,0.0,72.304,1.125,280.902,4.0,77.577,arbres
c_06_10,2017-07,143.996,87.86,14.668,41.469,0.0,72.88,0.982,254.055,4.0,73.217,arbres
c_06_10,2017-08,130.786,75.666,20.242,34.879,0.0,79.282,1.002,226.605,4.0,47.663,arbres
c_06_10,2017-09,143.33,89.699,12.403,41.229,0.0,80.92,0.92,255.182,4.0,22.274,arbres
c_06_10,2017-10,129.667,85.944,9.347,34.376,0.0,72.14,0.899,266.349,4.0,20.192,arbres
c_06_10,2017-11,86.607,65.278,8.62,12.709,0.0,58.391,0.861,234.208,3.38,31.88,arbres
c_06_10,2017-12,68.428,57.251,7.545,3.631,0.0,39.837,1.063,221.144,3.366,40.611,arbres
c_06_10,2018-01,67.56,56.992,7.369,3.199,0.0,39.497,1.104,233.674,3.316,48.669,arbres
c_06_11,2017-01,64.217,42.017,24.346,-2.145,0.0,37.321,1.006,231.157,3.741,125.33,arbres
c_06_11,2017-02,86.755,58.681,21.438,6.636,0.0,50.212,1.279,255.02,3.539,149.058,arbres
c_06_11,2017-03,113.335,71.216,25.319,16.8,0.0,52.729,1.321,286.843,3.514,173.295,arbres
c_06_11,2017-04,122.329,82.174,19.828,20.327,0.0,55.165,1.328,306.806,3.514,199.596,arbres
c_06_11,2017-05,145.59,105.325,10.948,29.316,0.0,70.455,1.144,294.192,3.514,213.474,arbres
c_06_11,2017-06,141.683,99.424,14.387,27.872,0.0,73.462,1.2,280.902,4.0,229.879,arbres
c_06_11,2017-07,137.726,83.128,28.385,26.214,0.0,73.74,1.004,254.055,4.0,229.15,arbres
c_06_11,2017-08,125.23,72.095,31.679,21.456,0.0,79.958,1.05,226.605,4.0,184.059,arbres
c_06_11,2017-09,137.013,83.82,27.208,25.985,0.0,81.8,0.881,255.182,4.0,110.701,arbres
c_06_11,2017-10,122.763,75.944,26.378,20.441,0.0,73.59,0.86,266.349,4.0,108.99,arbres
c_06_11,2017-11,79.58,51.653,24.086,3.842,0.0,59.861,0.85,234.208,3.511,129.55,arbres
c_06_11,2017-12,61.596,44.259,20.46,-3.123,0.0,41.131,1.084,221.144,3.497,153.677,arbres
c_06_11,2018-01,60.301,43.847,20.066,-3.612,0.0,40.77,1.144,233.674,3.448,175.412,arbres
c_07_00,2017-01,47.763,54.266,5.123,-11.626,0.0,36.357,4.193,231.157,,13.08,arbres
c_07_00,2017-02,68.292,67.745,4.218,-3.672,0.0,49.968,5.156,255.02,,17.878,arbres
c_07_00,2017-03,92.298,81.427,5.394,5.477,0.0,51.597,5.203,286.843,,22.833,arbres
c_07_00,2017-04,99.81,86.024,5.352,8.434,0.0,54.547,5.263,306.806,,28.772,arbres
c_07_00,2017-05,123.544,101.491,4.634,17.418,0.0,68.615,4.171,294.192,,33.559,arbres
c_07_00,2017-06,119.747,98.172,5.633,15.941,0.0,71.555,3.954,280.902,,36.912,arbres
c_07_00,2017-07,117.736,92.604,10.058,15.074,0.0,70.703,3.341,254.055,,17.761,arbres
c_07_00,2017-08,107.361,82.425,13.871,11.066,0.0,77.151,3.503,226.605,,0.384,arbres
c_07_00,2017-09,116.954,94.322,7.827,14.805,0.0,78.207,2.868,255.182,,0.362,arbres
c_07_00,2017-10,102.146,86.859,6.158,9.128,0.0,70.599,2.84,266.349,,2.891,arbres
c_07_00,2017-11,62.608,63.216,5.344,-5.952,0.0,57.632,3.32,234.208,,8.681,arbres
c_07_00,2017-12,45.776,53.461,4.685,-12.37,0.0,40.387,4.456,221.144,,14.089,arbres
c_07_00,2018-01,43.615,52.317,4.506,-13.208,0.0,40.287,4.676,233.674,,19.105,arbres
c_07_01,2017-01,67.439,44.686,26.02,-0.847,2.42,37.456,1.467,231.157,3.684,150.176,arbres
c_07_01,2017-02,90.254,62.104,22.866,7.705,2.42,49.929,1.839,255.02,3.483,175.523,arbres
c_07_01,2017-03,117.208,76.968,25.03,17.63,2.42,52.344,1.848,286.843,3.456,201.133,arbres
c_07_01,2017-04,126.467,92.938,14.774,21.175,2.42,54.727,1.88,306.806,3.456,221.982,arbres
c_07_01,2017-05,149.435,110.108,12.05,29.698,2.42,70.152,1.511,294.192,3.456,235.53,arbres
c_07_01,2017-06,145.41,104.279,15.227,28.325,2.42,73.174,1.58,280.902,4.0,249.851,arbres
c_07_01,2017-07,141.055,87.977,28.904,26.594,2.42,73.383,1.293,254.055,4.0,251.019,arbres
c_07_01,2017-08,128.188,75.865,32.886,21.856,2.42,79.728,1.363,226.605,4.0,210.773,arbres
c_07_01,2017-09,140.361,88.057,28.366,26.359,2.42,81.339,1.105,255.182,4.0,140.787,arbres
c_07_01,2017-10,126.349,80.163,27.507,21.099,2.42,73.07,1.101,266.349,4.0,138.234,arbres
c_07_01,2017-11,82.798,54.9,25.404,4.914,2.42,59.225,1.15,234.208,3.453,163.697,arbres
c_07_01,2017-12,64.696,47.491,21.456,-1.831,2.42,40.615,1.558,221.144,3.438,189.083,arbres
c_07_01,2018-01,63.608,47.449,20.801,-2.222,2.42,40.212,1.655,233.674,3.381,211.746,arbres
c_07_02,2017-01,81.479,33.532,49.027,2.954,4.033,37.661,3.343,231.157,3.557,445.27,arbres
c_07_02,2017-02,106.222,60.1,40.555,9.601,4.033,50.289,3.187,255.02,3.366,491.935,arbres
c_07_02,2017-03,135.573,81.198,41.157,17.251,4.033,53.223,0.27,286.843,3.342,534.264,arbres
c_07_02,2017-04,146.136,94.683,35.358,20.128,4.033,55.172,0.275,306.806,3.342,576.131,arbres
c_07_02,2017-05,168.966,124.262,22.68,26.057,4.033,68.861,0.216,294.192,3.342,605.592,arbres
c_07_02,2017-06,166.2,128.496,16.321,25.416,4.033,73.299,3.114,280.902,4.0,636.924,arbres
c_07_02,2017-07,160.085,113.052,27.255,23.812,4.033,73.772,2.47,254.055,4.0,634.663,arbres
c_07_02,2017-08,145.218,87.517,41.815,19.92,4.033,80.449,2.57,226.605,4.0,591.094,arbres
c_07_02,2017-09,159.444,96.791,43.151,23.536,4.033,81.943,2.085,255.182,4.0,515.89,arbres
c_07_02,2017-10,145.786,85.813,43.985,20.021,4.033,73.534,2.167,266.349,4.0,513.54,arbres
c_07_02,2017-11,97.49,57.637,36.554,7.333,4.033,60.856,0.161,234.208,3.339,548.797,arbres
c_07_02,2017-12,78.27,52.843,27.127,2.333,4.033,41.675,0.229,221.144,3.324,583.359,arbres
c_07_02,2018-01,77.921,58.533,21.163,2.258,4.033,41.029,0.261,233.674,3.269,609.195,arbres
c_07_03,2017-01,79.985,35.378,45.66,3.081,4.134,38.536,0.28,231.157,3.329,404.613,arbres
c_07_03,2017-02,104.556,60.31,38.221,10.16,4.134,50.482,0.399,255.02,3.146,448.293,arbres
c_07_03,2017-03,133.656,79.794,39.691,18.306,4.134,52.972,0.409,286.843,3.118,488.674,arbres
c_07_03,2017-04,144.082,92.039,34.844,21.333,4.134,55.039,0.417,306.806,3.118,529.601,arbres
c_07_03,2017-05,166.897,120.809,22.575,27.647,4.134,69.069,0.329,294.192,3.118,558.64,arbres
c_07_03,2017-06,164.961,125.136,16.144,27.815,4.134,71.752,0.43,280.902,4.0,586.133,arbres
c_07_03,2017-07,158.927,110.437,26.486,26.138,4.134,72.059,0.344,254.055,4.0,584.336,arbres
c_07_03,2017-08,144.177,86.139,40.232,21.94,4.134,79.222,0.356,226.605,4.0,542.85,arbres
c_07_03,2017-09,158.287,95.979,40.583,25.859,4.134,80.092,0.29,255.182,4.0,470.918,arbres
c_07_03,2017-10,144.656,86.199,40.582,22.009,4.134,72.398,0.293,266.349,4.0,467.796,arbres
c_07_03,2017-11,95.973,57.547,34.779,7.78,4.134,60.426,0.246,234.208,3.114,506.489,arbres
c_07_03,2017-12,76.893,52.543,26.041,2.443,4.134,41.34,0.348,221.144,3.094,539.492,arbres
c_07_03,2018-01,76.515,57.632,20.672,2.346,4.134,40.738,0.394,233.674,3.021,564.496,arbres
c_07_04,2017-01,76.183,35.851,39.908,2.441,2.017,37.691,0.414,231.157,3.38,317.506,arbres
c_07_04,2017-02,100.224,57.881,34.125,10.235,2.017,50.259,0.556,255.02,3.196,356.004,arbres
c_07_04,2017-03,128.683,79.517,31.909,19.274,2.017,52.711,0.565,286.843,3.169,390.273,arbres
c_07_04,2017-04,138.757,89.025,29.174,22.575,2.017,54.985,0.578,306.806,3.169,423.504,arbres
c_07_04,2017-05,161.64,112.543,21.23,29.884,2.017,69.982,0.476,294.192,3.169,449.101,arbres
c_07_04,2017-06,159.174,113.637,18.164,29.389,2.017,72.906,0.534,280.902,4.0,485.792,arbres
c_07_04,2017-07,153.646,100.118,27.955,27.591,2.017,73.307,0.428,254.055,4.0,486.454,arbres
c_07_04,2017-08,139.455,80.334,38.064,23.073,2.017,79.894,0.444,226.605,4.0,445.881,arbres
c_07_04,2017-09,152.989,90.184,37.506,27.316,2.017,81.307,0.368,255.182,4.0,373.402,arbres
c_07_04,2017-10,139.226,80.293,38.045,22.905,2.017,73.203,0.367,266.349,4.0,369.095,arbres
c_07_04,2017-11,91.979,52.791,33.564,7.641,2.017,60.121,0.352,234.208,3.166,394.327,arbres
c_07_04,2017-12,73.183,47.071,26.466,1.662,2.017,41.085,0.475,221.144,3.147,426.898,arbres
c_07_04,2018-01,72.577,51.184,21.914,1.496,2.017,40.589,0.512,233.674,3.08,453.183,arbres
c_07_05,2017-01,65.112,33.225,35.483,-3.596,0.0,37.83,0.695,231.157,3.854,216.408,arbres
c_07_05,2017-02,87.857,53.069,31.312,3.476,0.0,50.617,0.893,255.02,3.648,251.078,arbres
c_07_05,2017-03,114.681,79.73,23.271,11.68,0.0,52.932,0.935,286.843,3.626,279.571,arbres
c_07_05,2017-04,123.776,88.098,21.139,14.539,0.0,55.392,0.943,306.806,3.626,303.238,arbres
c_07_05,2017-05,147.16,108.383,17.066,21.71,0.0,70.792,0.798,294.192,3.626,322.617,arbres
c_07_05,2017-06,143.149,102.252,20.306,20.591,0.0,73.881,0.816,280.902,4.0,341.875,arbres
c_07_05,2017-07,139.112,84.978,34.94,19.193,0.0,74.351,0.662,254.055,4.0,345.098,arbres
c_07_05,2017-08,126.48,72.71,38.432,15.339,0.0,80.546,0.688,226.605,4.0,296.576,arbres
c_07_05,2017-09,138.396,83.979,35.456,18.96,0.0,82.308,0.581,255.182,4.0,209.858,arbres
c_07_05,2017-10,124.08,73.399,36.139,14.543,0.0,74.062,0.576,266.349,4.0,208.136,arbres
c_07_05,2017-11,80.595,45.444,33.935,1.216,0.0,60.565,0.589,234.208,3.624,242.902,arbres
c_07_05,2017-12,62.47,38.087,28.727,-4.344,0.0,41.583,0.753,221.144,3.613,276.878,arbres
c_07_05,2018-01,61.203,38.17,27.743,-4.71,0.0,41.133,0.797,233.674,3.575,307.137,arbres
c_07_06,2017-01,81.448,25.792,53.546,2.111,0.0,39.923,0.192,231.157,3.542,475.679,arbres
c_07_06,2017-02,106.32,53.208,44.928,8.184,0.0,51.398,0.277,255.02,3.352,526.998,arbres
c_07_06,2017-03,135.801,74.435,46.222,15.144,0.0,53.887,0.289,286.843,3.328,574.243,arbres
c_07_06,2017-04,146.388,88.144,40.487,17.757,0.0,55.873,0.292,306.806,3.328,621.709,arbres
c_07_06,2017-05,169.408,119.946,26.311,23.151,0.0,69.582,0.229,294.192,3.328,655.707,arbres
c_07_06,2017-06,167.107,123.927,20.124,23.056,0.0,72.233,0.349,280.902,4.0,687.812,arbres
c_07_06,2017-07,160.971,109.514,29.795,21.663,0.0,73.059,0.277,254.055,4.0,686.879,arbres
c_07_06,2017-08,146.026,83.729,44.21,18.087,0.0,80.376,0.284,226.605,4.0,640.263,arbres
c_07_06,2017-09,160.326,93.604,45.338,21.383,0.0,80.67,0.233,255.182,4.0,558.322,arbres
c_07_06,2017-10,146.567,82.003,46.444,18.12,0.0,73.067,0.24,266.349,4.0,554.379,arbres
c_07_06,2017-11,97.586,51.318,40.141,6.127,0.0,61.783,0.171,234.208,3.325,596.901,arbres
c_07_06,2017-12,78.268,46.57,30.116,1.582,0.0,42.482,0.24,221.144,3.31,635.075,arbres
c_07_06,2018-01,77.902,52.667,23.715,1.52,0.0,41.692,0.277,233.674,3.255,663.874,arbres
c_07_07,2017-01,77.801,32.357,42.986,3.063,0.605,37.921,0.508,231.157,3.834,360.093,arbres
c_07_07,2017-02,102.019,58.093,33.733,10.798,0.605,50.388,0.676,255.02,3.628,400.584,arbres
c_07_07,2017-03,130.749,78.278,33.252,19.825,0.605,52.829,0.687,286.843,3.605,434.659,arbres
c_07_07,2017-04,140.971,88.566,29.88,23.129,0.605,55.143,0.7,306.806,3.605,469.282,arbres
c_07_07,2017-05,163.879,113.648,20.542,30.293,0.605,70.07,0.566,294.192,3.605,494.825,arbres
c_07_07,2017-06,160.105,112.625,18.495,29.59,0.605,73.189,0.657,280.902,4.0,512.138,arbres
c_07_07,2017-07,154.526,99.161,28.166,27.804,0.605,73.582,0.525,254.055,4.0,512.598,arbres
c_07_07,2017-08,140.248,79.032,38.512,23.309,0.605,80.174,0.543,226.605,4.0,470.823,arbres
c_07_07,2017-09,153.867,88.335,38.621,27.516,0.605,81.605,0.448,255.182,4.0,396.492,arbres
c_07_07,2017-10,140.064,78.075,39.446,23.148,0.605,73.424,0.452,266.349,4.0,392.253,arbres
c_07_07,2017-11,93.611,50.836,35.18,8.2,0.605,60.324,0.421,234.208,3.603,434.417,arbres
c_07_07,2017-12,74.657,46.01,26.98,2.272,0.605,41.289,0.57,221.144,3.591,468.124,arbres
c_07_07,2018-01,74.069,51.042,21.524,2.108,0.605,40.723,0.612,233.674,3.55,494.453,arbres
c_07_08,2017-01,62.437,58.692,5.013,-1.268,0.0,36.457,2.326,231.157,2.758,14.88,arbres
c_07_08,2017-02,84.469,70.945,4.169,9.355,0.0,49.882,2.949,255.02,2.585,19.614,arbres
c_07_08,2017-03,110.481,83.593,5.112,21.776,0.0,52.367,2.923,286.843,2.537,24.374,arbres
c_07_08,2017-04,119.257,88.042,5.154,26.062,0.0,54.913,2.987,306.806,2.537,30.028,arbres
c_07_08,2017-05,142.166,100.914,4.206,37.047,0.0,70.229,2.412,294.192,2.537,34.546,arbres
c_07_08,2017-06,137.372,96.936,5.714,34.722,0.0,73.243,2.308,280.902,,40.342,arbres
c_07_08,2017-07,133.666,90.28,10.6,32.786,0.0,73.224,1.903,254.055,,28.877,arbres
c_07_08,2017-08,121.568,79.341,15.24,26.987,0.0,79.609,2.005,226.605,,7.948,arbres
c_07_08,2017-09,132.956,92.27,8.152,32.534,0.0,81.346,1.618,255.182,,2.91,arbres
c_07_08,2017-10,118.87,87.158,5.953,25.759,0.0,72.527,1.628,266.349,,4.274,arbres
c_07_08,2017-11,77.466,66.438,5.06,5.969,0.0,58.669,1.833,234.208,2.529,8.813,arbres
c_07_08,2017-12,59.817,57.695,4.642,-2.52,0.0,40.36,2.506,221.144,2.486,14.065,arbres
c_07_08,2018-01,58.458,57.174,4.466,-3.182,0.0,40.114,2.61,233.674,2.334,19.031,arbres
c_07_09,2017-01,65.598,54.052,11.288,0.258,0.0,36.796,1.252,231.157,4.231,44.962,arbres
c_07_09,2017-02,88.051,67.68,9.776,10.596,0.0,49.739,1.537,255.02,4.014,55.832,arbres
c_07_09,2017-03,114.606,80.094,11.841,22.672,0.0,52.347,1.559,286.843,4.0,67.02,arbres
c_07_09,2017-04,123.676,84.583,12.198,26.895,0.0,54.726,1.575,306.806,4.0,80.236,arbres
c_07_09,2017-05,146.577,98.799,10.411,37.367,0.0,70.037,1.411,294.192,4.0,91.565,arbres
c_07_09,2017-06,141.749,94.753,11.867,35.129,0.0,73.007,1.34,280.902,4.0,101.774,arbres
c_07_09,2017-07,137.685,87.18,17.39,33.114,0.0,73.218,1.15,254.055,4.0,96.453,arbres
c_07_09,2017-08,125.167,75.574,22.178,27.415,0.0,79.598,1.197,226.605,4.0,60.405,arbres
c_07_09,2017-09,136.984,88.791,15.327,32.867,0.0,81.419,1.054,255.182,4.0,22.808,arbres
c_07_09,2017-10,122.947,83.683,12.823,26.442,0.0,72.963,1.01,266.349,4.0,21.244,arbres
c_07_09,2017-11,80.755,62.115,11.396,7.243,0.0,59.25,1.071,234.208,4.0,34.021,arbres
c_07_09,2017-12,62.84,54.003,9.82,-0.983,0.0,40.55,1.331,221.144,4.0,45.478,arbres
c_07_09,2018-01,61.62,53.39,9.785,-1.555,0.0,40.284,1.371,233.674,4.0,56.032,arbres
c_07_10,2017-01,74.464,48.066,21.443,4.956,0.0,36.608,0.55,231.157,3.326,143.046,arbres
c_07_10,2017-02,97.943,64.23,18.586,15.127,0.0,49.488,0.693,255.02,3.143,163.809,arbres
c_07_10,2017-03,125.789,77.241,21.521,27.026,0.0,52.072,0.701,286.843,3.115,184.578,arbres
c_07_10,2017-04,135.64,87.645,16.675,31.32,0.0,54.215,0.717,306.806,3.115,206.366,arbres
c_07_10,2017-05,158.106,105.927,11.162,41.017,0.0,69.226,0.615,294.192,3.115,219.482,arbres
c_07_10,2017-06,154.012,101.281,13.141,39.59,0.0,72.091,0.621,280.902,4.0,235.98,arbres
c_07_10,2017-07,148.792,87.497,24.032,37.264,0.0,72.733,0.535,254.055,4.0,237.649,arbres
c_07_10,2017-08,135.078,74.15,29.54,31.388,0.0,79.1,0.545,226.605,4.0,209.133,arbres
c_07_10,2017-09,148.139,86.906,24.18,37.053,0.0,80.636,0.483,255.182,4.0,156.769,arbres
c_07_10,2017-10,134.556,80.708,22.74,31.108,0.0,72.451,0.466,266.349,4.0,152.662,arbres
c_07_10,2017-11,89.862,57.867,20.345,11.65,0.0,59.02,0.456,234.208,3.111,168.827,arbres
c_07_10,2017-12,71.427,50.617,17.118,3.693,0.0,40.253,0.6,221.144,3.091,189.12,arbres
c_07_10,2018-01,70.748,51.106,16.236,3.406,0.0,39.887,0.631,233.674,3.017,207.038,arbres
c_08_00,2017-01,46.599,53.455,5.474,-12.33,0.0,36.331,4.499,231.157,,14.263,arbres
c_08_00,2017-02,67.022,67.054,4.522,-4.553,0.0,49.987,5.476,255.02,,19.388,arbres
c_08_00,2017-03,90.884,80.558,5.818,4.508,0.0,51.667,5.507,286.843,,24.747,arbres
c_08_00,2017-04,98.299,85.197,5.764,7.338,0.0,54.601,5.59,306.806,,31.147,arbres
c_08_00,2017-05,122.12,100.556,5.263,16.301,0.0,68.198,4.417,294.192,,36.434,arbres
c_08_00,2017-06,118.388,97.38,6.149,14.86,0.0,71.139,4.262,280.902,,40.439,arbres
c_08_00,2017-07,116.515,92.151,10.239,14.125,0.0,70.309,3.709,254.055,,20.833,arbres
c_08_00,2017-08,106.275,82.281,13.771,10.223,0.0,76.647,3.874,226.605,,0.205,arbres
c_08_00,2017-09,115.727,93.699,8.184,13.845,0.0,77.707,3.287,255.182,,0.403,arbres
c_08_00,2017-10,100.848,85.914,6.724,8.209,0.0,70.221,3.156,266.349,,3.28,arbres
c_08_00,2017-11,61.442,62.312,5.834,-6.703,0.0,57.447,3.577,234.208,,9.639,arbres
c_08_00,2017-12,44.663,52.723,5.015,-13.075,0.0,40.354,4.767,221.144,,15.476,arbres
c_08_00,2018-01,42.435,51.519,4.817,-13.901,0.0,40.314,5.012,233.674,,20.835,arbres
c_08_01,2017-01,63.571,34.741,32.957,-4.127,0.0,37.857,0.884,231.157,3.803,189.087,arbres
c_08_01,2017-02,86.129,53.907,29.127,3.095,0.0,50.665,1.132,255.02,3.599,221.301,arbres
c_08_01,2017-03,112.708,75.566,25.74,11.403,0.0,53.001,1.177,286.843,3.575,251.3,arbres
c_08_01,2017-04,121.664,88.404,18.878,14.381,0.0,55.437,1.19,306.806,3.575,273.84,arbres
c_08_01,2017-05,145.081,107.975,15.373,21.733,0.0,70.774,0.99,294.192,3.575,291.192,arbres
c_08_01,2017-06,141.256,101.548,18.891,20.817,0.0,73.829,1.027,280.902,4.0,308.683,arbres
c_08_01,2017-07,137.382,83.985,33.967,19.429,0.0,74.227,0.838,254.055,4.0,310.823,arbres
c_08_01,2017-08,124.933,72.372,37.06,15.501,0.0,80.408,0.873,226.605,4.0,261.655,arbres
c_08_01,2017-09,136.661,83.712,33.774,19.175,0.0,82.221,0.729,255.182,4.0,176.051,arbres
c_08_01,2017-10,122.309,73.669,34.054,14.585,0.0,74.028,0.725,266.349,4.0,174.873,arbres
c_08_01,2017-11,79.009,46.262,31.936,0.811,0.0,60.575,0.74,234.208,3.573,207.167,arbres
c_08_01,2017-12,60.998,38.759,27.131,-4.891,0.0,41.645,0.958,221.144,3.561,239.186,arbres
c_08_01,2018-01,59.659,38.559,26.398,-5.298,0.0,41.223,1.016,233.674,3.518,267.872,arbres
c_08_02,2017-01,80.656,30.55,49.736,2.386,2.017,39.192,0.224,231.157,3.584,440.117,arbres
c_08_02,2017-02,105.329,56.804,41.649,8.892,2.017,50.913,0.317,255.02,3.393,487.714,arbres
c_08_02,2017-03,134.588,77.243,42.996,16.366,2.017,53.417,0.326,286.843,3.37,531.598,arbres
c_08_02,2017-04,145.084,91.393,36.614,19.094,2.017,55.414,0.331,306.806,3.37,575.219,arbres
c_08_02,2017-05,167.997,121.153,23.919,24.942,2.017,69.299,0.26,294.192,3.37,605.922,arbres
c_08_02,2017-06,164.894,124.162,18.448,24.3,2.017,72.048,0.33,280.902,4.0,632.786,arbres
c_08_02,2017-07,158.915,109.688,28.458,22.786,2.017,72.565,0.263,254.055,4.0,631.742,arbres
c_08_02,2017-08,144.178,84.978,42.211,19.006,2.017,79.793,0.27,226.605,4.0,586.807,arbres
c_08_02,2017-09,158.268,94.793,42.967,22.526,2.017,80.451,0.221,255.182,4.0,507.863,arbres
c_08_02,2017-10,144.535,83.811,43.687,19.053,2.017,72.791,0.225,266.349,4.0,503.816,arbres
c_08_02,2017-11,96.668,54.103,37.89,6.691,2.017,61.128,0.194,234.208,3.367,547.21,arbres
c_08_02,2017-12,77.472,49.238,28.462,1.789,2.017,41.913,0.273,221.144,3.353,583.233,arbres
c_08_02,2018-01,77.066,54.833,22.553,1.696,2.017,41.224,0.308,233.674,3.301,610.569,arbres
c_08_03,2017-01,81.135,35.396,46.197,3.576,4.033,38.486,0.232,231.157,3.519,418.413,arbres
c_08_03,2017-02,105.799,60.729,38.4,10.703,4.033,50.449,0.329,255.02,3.33,462.457,arbres
c_08_03,2017-03,135.057,80.735,39.428,18.927,4.033,52.935,0.337,286.843,3.305,502.817,arbres
c_08_03,2017-04,145.581,93.516,34.087,22.012,4.033,54.976,0.343,306.806,3.305,543.09,arbres
c_08_03,2017-05,168.363,121.96,22.019,28.417,4.033,69.02,0.271,294.192,3.305,571.517,arbres
c_08_03,2017-06,165.282,125.138,16.161,28.015,4.033,71.807,0.388,280.902,4.0,591.878,arbres
c_08_03,2017-07,159.226,110.389,26.544,26.326,4.033,72.129,0.31,254.055,4.0,590.049,arbres
c_08_03,2017-08,144.445,85.955,40.408,22.116,4.033,79.288,0.321,226.605,4.0,548.488,arbres
c_08_03,2017-09,158.586,95.795,40.776,26.048,4.033,80.177,0.261,255.182,4.0,476.474,arbres
c_08_03,2017-10,144.95,85.986,40.808,22.189,4.033,72.446,0.264,266.349,4.0,473.455,arbres
c_08_03,2017-11,97.102,58.0,34.858,8.277,4.033,60.398,0.201,234.208,3.302,517.982,arbres
c_08_03,2017-12,77.936,53.3,25.773,2.896,4.033,41.28,0.286,221.144,3.286,550.865,arbres
c_08_03,2018-01,77.578,58.616,20.182,2.814,4.033,40.686,0.321,233.674,3.228,575.453,arbres
c_08_04,2017-01,69.84,43.331,30.174,0.368,4.033,37.061,0.656,231.157,3.357,195.947,arbres
c_08_04,2017-02,93.04,61.856,26.346,8.87,4.033,49.918,0.847,255.02,3.174,225.28,arbres
c_08_04,2017-03,120.45,81.306,24.47,18.707,4.033,52.385,0.866,286.843,3.146,252.739,arbres
c_08_04,2017-04,129.941,92.589,19.108,22.278,4.033,54.696,0.881,306.806,3.146,275.22,arbres
c_08_04,2017-05,152.94,111.02,15.337,30.616,4.033,70.004,0.758,294.192,3.146,292.665,arbres
c_08_04,2017-06,149.586,106.056,17.748,29.816,4.033,72.917,0.858,280.902,4.0,316.673,arbres
c_08_04,2017-07,144.888,90.44,30.449,28.032,4.033,73.382,0.713,254.055,4.0,319.659,arbres
c_08_04,2017-08,131.621,76.904,35.54,23.21,4.033,79.744,0.742,226.605,4.0,280.813,arbres
c_08_04,2017-09,144.204,88.569,31.915,27.754,4.033,81.284,0.627,255.182,4.0,209.61,arbres
c_08_04,2017-10,130.239,80.067,31.612,22.593,4.033,73.096,0.612,266.349,4.0,206.221,arbres
c_08_04,2017-11,85.367,54.792,28.543,6.065,4.033,59.498,0.557,234.208,3.143,227.641,arbres
c_08_04,2017-12,67.047,47.758,23.902,-0.579,4.033,40.713,0.724,221.144,3.123,256.075,arbres
c_08_04,2018-01,66.096,48.378,22.651,-0.9,4.033,40.354,0.763,233.674,3.054,281.044,arbres
c_08_05,2017-01,70.577,33.023,37.453,0.101,0.0,37.648,0.723,231.157,3.572,263.83,arbres
c_08_05,2017-02,94.009,57.148,28.812,8.049,0.0,50.381,0.947,255.02,3.374,299.416,arbres
c_08_05,2017-03,121.677,78.515,25.896,17.267,0.0,52.761,0.977,286.843,3.345,326.441,arbres
c_08_05,2017-04,131.263,85.885,24.815,20.562,0.0,55.21,0.988,306.806,3.345,354.211,arbres
c_08_05,2017-05,154.439,106.829,19.251,28.359,0.0,70.555,0.821,294.192,3.345,376.582,arbres
c_08_05,2017-06,151.41,103.15,20.533,27.727,0.0,73.635,0.974,280.902,4.0,396.553,arbres
c_08_05,2017-07,146.616,88.343,32.292,25.981,0.0,74.132,0.786,254.055,4.0,400.226,arbres
c_08_05,2017-08,133.182,73.809,37.867,21.506,0.0,80.405,0.82,226.605,4.0,357.798,arbres
c_08_05,2017-09,145.929,84.211,36.028,25.69,0.0,82.017,0.681,255.182,4.0,279.868,arbres
c_08_05,2017-10,131.875,74.131,36.807,20.937,0.0,73.778,0.681,266.349,4.0,276.202,arbres
c_08_05,2017-11,86.264,46.793,34.022,5.45,0.0,60.243,0.611,234.208,3.342,312.04,arbres
c_08_05,2017-12,67.789,40.532,27.98,-0.723,0.0,41.323,0.801,221.144,3.323,345.682,arbres
c_08_05,2018-01,66.861,42.929,24.915,-0.983,0.0,40.84,0.858,233.674,3.256,374.427,arbres
c_08_06,2017-01,82.198,31.11,49.789,3.316,2.017,39.208,0.192,231.157,3.603,456.102,arbres
c_08_06,2017-02,107.046,57.761,41.299,10.002,2.017,50.874,0.274,255.02,3.411,503.546,arbres
c_08_06,2017-03,136.537,78.89,41.965,17.699,2.017,53.362,0.283,286.843,3.388,546.719,arbres
c_08_06,2017-04,147.169,92.69,35.902,20.594,2.017,55.331,0.287,306.806,3.388,589.335,arbres
c_08_06,2017-05,170.028,122.657,22.862,26.526,2.017,69.139,0.226,294.192,3.388,619.132,arbres
c_08_06,2017-06,167.005,125.842,17.369,25.811,2.017,71.848,0.308,280.902,4.0,646.989,arbres
c_08_06,2017-07,160.837,110.982,27.659,24.213,2.017,72.444,0.245,254.055,4.0,645.287,arbres
c_08_06,2017-08,145.895,85.3,42.303,20.309,2.017,79.777,0.251,226.605,4.0,601.517,arbres
c_08_06,2017-09,160.197,95.287,43.001,23.925,2.017,80.292,0.206,255.182,4.0,525.495,arbres
c_08_06,2017-10,146.522,84.747,43.391,20.4,2.017,72.664,0.209,266.349,4.0,522.42,arbres
c_08_06,2017-11,98.244,55.354,37.198,7.709,2.017,61.073,0.167,234.208,3.385,562.854,arbres
c_08_06,2017-12,78.946,50.817,27.463,2.683,2.017,41.837,0.237,221.144,3.371,597.947,arbres
c_08_06,2018-01,78.616,56.697,21.317,2.62,2.017,41.153,0.268,233.674,3.32,624.036,arbres
c_08_07,2017-01,70.837,45.952,27.63,0.986,3.731,37.27,0.957,231.157,3.713,178.153,arbres
c_08_07,2017-02,94.001,63.884,24.156,9.692,3.731,49.891,1.229,255.02,3.519,205.0,arbres
c_08_07,2017-03,121.429,82.78,22.579,19.8,3.731,52.359,1.239,286.843,3.498,230.417,arbres
c_08_07,2017-04,130.983,94.482,16.744,23.487,3.731,54.566,1.263,306.806,3.498,250.511,arbres
c_08_07,2017-05,153.786,111.955,13.58,31.982,3.731,69.468,1.039,294.192,3.498,265.855,arbres
c_08_07,2017-06,149.783,106.389,16.276,30.849,3.731,72.376,1.163,280.902,4.0,286.167,arbres
c_08_07,2017-07,145.018,90.861,28.9,28.987,3.731,72.917,0.958,254.055,4.0,288.669,arbres
c_08_07,2017-08,131.725,77.501,33.906,24.048,3.731,79.27,1.003,226.605,4.0,252.158,arbres
c_08_07,2017-09,144.341,89.576,29.757,28.738,3.731,80.801,0.831,255.182,4.0,185.523,arbres
c_08_07,2017-10,130.485,81.747,28.977,23.492,3.731,72.804,0.821,266.349,4.0,182.111,arbres
c_08_07,2017-11,86.235,56.81,26.37,6.786,3.731,59.604,0.782,234.208,3.496,203.173,arbres
c_08_07,2017-12,67.929,49.55,22.155,-0.045,3.731,40.843,1.049,221.144,3.484,229.454,arbres
c_08_07,2018-01,67.01,49.86,21.257,-0.376,3.731,40.514,1.106,233.674,3.443,252.745,arbres
c_08_08,2017-01,70.346,61.099,5.305,3.942,0.0,36.407,1.414,231.157,,23.704,arbres
c_08_08,2017-02,93.046,73.482,4.452,15.111,0.0,49.332,1.692,255.02,,28.736,arbres
c_08_08,2017-03,119.982,86.244,5.469,28.268,0.0,52.007,1.672,286.843,,33.835,arbres
c_08_08,2017-04,129.409,90.913,5.539,32.957,0.0,54.198,1.723,306.806,,39.897,arbres
c_08_08,2017-05,151.639,103.155,4.602,43.881,0.0,69.351,1.526,294.192,,44.817,arbres
c_08_08,2017-06,146.554,99.276,5.93,41.349,0.0,72.354,1.456,280.902,,48.915,arbres
c_08_08,2017-07,141.883,91.876,11.089,38.918,0.0,72.647,1.239,254.055,,42.162,arbres
c_08_08,2017-08,128.876,80.129,16.212,32.535,0.0,78.99,1.293,226.605,,21.867,arbres
c_08_08,2017-09,141.222,94.002,8.526,38.694,0.0,80.924,1.141,255.182,,11.334,arbres
c_08_08,2017-10,127.682,89.569,6.065,32.048,0.0,72.322,1.122,266.349,,11.52,arbres
c_08_08,2017-11,85.343,68.59,5.415,11.338,0.0,58.984,1.18,234.208,,17.324,arbres
c_08_08,2017-12,67.38,59.977,4.917,2.487,0.0,40.174,1.496,221.144,,22.913,arbres
c_08_08,2018-01,66.492,59.704,4.744,2.044,0.0,39.829,1.543,233.674,,28.173,arbres
c_08_09,2017-01,67.717,56.351,9.418,1.949,0.0,36.462,1.122,231.157,4.231,36.951,arbres
c_08_09,2017-02,90.34,69.553,8.1,12.688,0.0,49.486,1.348,255.02,4.014,45.99,arbres
c_08_09,2017-03,117.132,82.06,9.796,25.276,0.0,52.099,1.373,286.843,4.0,55.238,arbres
c_08_09,2017-04,126.375,86.595,10.064,29.716,0.0,54.391,1.386,306.806,4.0,66.147,arbres
c_08_09,2017-05,149.077,100.021,8.61,40.446,0.0,69.739,1.268,294.192,4.0,75.471,arbres
c_08_09,2017-06,144.13,95.975,10.086,38.069,0.0,72.711,1.204,280.902,4.0,83.797,arbres
c_08_09,2017-07,139.809,88.247,15.68,35.882,0.0,73.074,1.048,254.055,4.0,78.201,arbres
c_08_09,2017-08,127.055,76.277,20.898,29.88,0.0,79.453,1.079,226.605,4.0,46.558,arbres
c_08_09,2017-09,139.123,89.993,13.494,35.636,0.0,81.242,0.975,255.182,4.0,16.598,arbres
c_08_09,2017-10,125.241,85.474,10.689,29.078,0.0,72.661,0.937,266.349,4.0,15.137,arbres
c_08_09,2017-11,82.857,64.264,9.437,9.157,0.0,58.939,0.964,234.208,4.0,25.653,arbres
c_08_09,2017-12,64.866,56.027,8.224,0.616,0.0,40.23,1.183,221.144,4.0,35.186,arbres
c_08_09,2018-01,63.777,55.515,8.175,0.087,0.0,39.938,1.217,233.674,4.0,44.03,arbres
c_08_10,2017-01,74.129,43.363,26.682,4.084,0.0,36.953,0.661,231.157,3.643,185.136,arbres
c_08_10,2017-02,97.671,60.734,23.156,13.781,0.0,49.799,0.844,255.02,3.451,210.987,arbres
c_08_10,2017-03,125.59,77.733,22.772,25.085,0.0,52.293,0.858,286.843,3.429,235.796,arbres
c_08_10,2017-04,135.435,88.936,17.275,29.224,0.0,54.542,0.875,306.806,3.429,256.533,arbres
c_08_10,2017-05,158.11,105.904,13.716,38.49,0.0,69.814,0.748,294.192,3.429,272.207,arbres
c_08_10,2017-06,153.937,101.442,15.632,36.863,0.0,72.757,0.763,280.902,4.0,294.967,arbres
c_08_10,2017-07,148.795,87.534,26.55,34.711,0.0,73.286,0.641,254.055,4.0,297.332,arbres
c_08_10,2017-08,135.099,73.65,32.294,29.155,0.0,79.655,0.661,226.605,4.0,264.659,arbres
c_08_10,2017-09,148.132,85.342,28.339,34.452,0.0,81.227,0.567,255.182,4.0,204.314,arbres
c_08_10,2017-10,134.4,77.938,27.7,28.762,0.0,73.012,0.552,266.349,4.0,200.153,arbres
c_08_10,2017-11,89.607,54.216,24.909,10.481,0.0,59.368,0.552,234.208,3.426,218.371,arbres
c_08_10,2017-12,71.088,47.481,20.704,2.903,0.0,40.563,0.723,221.144,3.413,243.085,arbres
c_08_10,2018-01,70.344,48.23,19.499,2.615,0.0,40.212,0.756,233.674,3.367,264.658,arbres
c_09_00,2017-01,51.962,48.479,12.907,-9.424,0.0,38.245,1.552,231.157,3.567,45.509,arbres
c_09_00,2017-02,73.071,63.648,11.211,-1.788,0.0,51.237,1.94,255.02,3.376,57.953,arbres
c_09_00,2017-03,97.798,77.119,13.687,6.993,0.0,53.633,1.99,286.843,3.352,70.85,arbres
c_09_00,2017-04,105.701,81.694,14.103,9.904,0.0,56.365,2.003,306.806,3.352,86.154,arbres
c_09_00,2017-05,129.4,98.876,12.176,18.348,0.0,71.262,1.712,294.192,3.352,99.33,arbres
c_09_00,2017-06,125.693,94.785,13.856,17.052,0.0,74.39,1.786,280.902,4.0,113.719,arbres
c_09_00,2017-07,123.182,88.13,19.109,15.943,0.0,73.905,1.488,254.055,4.0,102.86,arbres
c_09_00,2017-08,112.236,77.436,22.744,12.057,0.0,79.931,1.586,226.605,4.0,47.268,arbres
c_09_00,2017-09,122.415,89.273,17.381,15.761,0.0,82.233,1.29,255.182,4.0,2.54,arbres
c_09_00,2017-10,107.702,81.817,15.403,10.482,0.0,74.272,1.271,266.349,4.0,9.128,arbres
c_09_00,2017-11,67.005,57.909,13.099,-4.003,0.0,61.118,1.315,234.208,3.349,23.724,arbres
c_09_00,2017-12,49.835,48.974,11.025,-10.164,0.0,42.249,1.668,221.144,3.334,36.756,arbres
c_09_00,2018-01,47.892,47.966,10.795,-10.868,0.0,41.513,2.752,233.674,3.28,48.492,arbres
c_09_01,2017-01,79.583,25.648,52.413,1.522,0.0,39.531,0.244,231.157,3.464,442.929,arbres
c_09_01,2017-02,104.247,52.177,44.397,7.673,0.0,51.246,0.348,255.02,3.277,493.376,arbres
c_09_01,2017-03,133.447,72.242,46.494,14.711,0.0,53.742,0.363,286.843,3.251,540.529,arbres
c_09_01,2017-04,143.868,86.087,40.404,17.376,0.0,55.802,0.367,306.806,3.251,588.056,arbres
c_09_01,2017-05,166.943,116.791,27.221,22.931,0.0,69.841,0.288,294.192,3.251,622.501,arbres
c_09_01,2017-06,164.199,121.396,20.152,22.651,0.0,72.586,0.426,280.902,4.0,652.776,arbres
c_09_01,2017-07,158.32,107.198,29.899,21.223,0.0,73.235,0.339,254.055,4.0,652.405,arbres
c_09_01,2017-08,143.655,82.928,43.088,17.639,0.0,80.358,0.347,226.605,4.0,605.125,arbres
c_09_01,2017-09,157.665,92.286,44.433,20.946,0.0,81.025,0.285,255.182,4.0,521.625,arbres
c_09_01,2017-10,143.835,80.412,45.815,17.608,0.0,73.26,0.293,266.349,4.0,517.25,arbres
c_09_01,2017-11,95.686,49.652,40.407,5.627,0.0,61.568,0.215,234.208,3.248,564.989,arbres
c_09_01,2017-12,76.5,44.651,30.844,1.005,0.0,42.297,0.301,221.144,3.231,603.705,arbres
c_09_01,2018-01,76.051,50.795,24.296,0.96,0.0,41.521,0.344,233.674,3.17,633.313,arbres
c_09_02,2017-01,76.47,40.026,38.209,2.269,4.033,37.692,0.381,231.157,3.809,307.771,arbres
c_09_02,2017-02,100.372,65.485,28.935,9.985,4.033,50.063,0.499,255.02,3.611,343.368,arbres
c_09_02,2017-03,128.739,85.404,28.361,19.008,4.033,52.561,0.506,286.843,3.592,372.294,arbres
c_09_02,2017-04,138.811,94.322,26.211,22.311,4.033,54.76,0.516,306.806,3.592,402.193,arbres
c_09_02,2017-05,161.543,116.918,19.142,29.516,4.033,69.533,0.432,294.192,3.592,425.206,arbres
c_09_02,2017-06,157.453,115.185,18.034,28.267,4.033,72.456,0.437,280.902,4.0,452.525,arbres
c_09_02,2017-07,152.041,101.446,28.11,26.519,4.033,72.921,0.356,254.055,4.0,453.654,arbres
c_09_02,2017-08,138.011,82.322,37.663,22.06,4.033,79.52,0.369,226.605,4.0,414.135,arbres
c_09_02,2017-09,151.384,92.832,36.333,26.252,4.033,80.824,0.309,255.182,4.0,343.239,arbres
c_09_02,2017-10,137.653,83.236,36.59,21.86,4.033,72.904,0.304,266.349,4.0,339.01,arbres
c_09_02,2017-11,92.089,56.152,32.588,7.382,4.033,60.061,0.319,234.208,3.59,368.161,arbres
c_09_02,2017-12,73.34,50.225,25.728,1.42,4.033,41.004,0.426,221.144,3.581,399.766,arbres
c_09_02,2018-01,72.697,54.437,21.049,1.245,4.033,40.528,0.452,233.674,3.547,425.343,arbres
c_09_03,2017-01,81.958,39.382,41.477,5.132,4.033,37.866,0.267,231.157,3.588,385.194,arbres
c_09_03,2017-02,106.583,63.44,34.133,13.044,4.033,50.154,0.364,255.02,3.397,424.531,arbres
c_09_03,2017-03,135.84,82.844,34.815,22.214,4.033,52.636,0.367,286.843,3.374,460.307,arbres
c_09_03,2017-04,146.412,95.264,29.51,25.672,4.033,54.709,0.377,306.806,3.374,495.553,arbres
c_09_03,2017-05,169.0,121.541,18.717,32.775,4.033,68.94,0.302,294.192,3.374,519.878,arbres
c_09_03,2017-06,165.707,123.515,13.861,32.365,4.033,71.743,0.351,280.902,4.0,537.978,arbres
c_09_03,2017-07,159.56,108.928,24.3,30.366,4.033,72.095,0.281,254.055,4.0,535.557,arbres
c_09_03,2017-08,144.731,85.029,38.075,25.66,4.033,79.145,0.292,226.605,4.0,498.309,arbres
c_09_03,2017-09,158.928,95.132,37.754,30.077,4.033,80.123,0.239,255.182,4.0,434.862,arbres
c_09_03,2017-10,145.415,86.418,37.254,25.777,4.033,72.33,0.238,266.349,4.0,433.023,arbres
c_09_03,2017-11,97.812,60.13,31.404,10.312,4.033,59.957,0.223,234.208,3.371,470.893,arbres
c_09_03,2017-12,78.677,55.51,22.89,4.31,4.033,40.898,0.314,221.144,3.356,500.3,arbres
c_09_03,2018-01,78.36,60.432,17.747,4.214,4.033,40.4,0.341,233.674,3.304,522.04,arbres
c_09_04,2017-01,68.155,35.794,35.979,-1.601,2.017,37.493,0.591,231.157,3.605,238.105,arbres
c_09_04,2017-02,91.264,58.767,28.559,5.955,2.017,50.237,0.774,255.02,3.407,272.752,arbres
c_09_04,2017-03,118.528,82.334,23.51,14.701,2.017,52.648,0.799,286.843,3.379,298.351,arbres
c_09_04,2017-04,127.89,89.507,22.632,17.768,2.017,55.06,0.809,306.806,3.379,323.592,arbres
c_09_04,2017-05,151.103,109.852,17.983,25.285,2.017,70.422,0.687,294.192,3.379,344.204,arbres
c_09_04,2017-06,148.112,105.171,20.348,24.61,2.017,73.488,0.75,280.902,4.0,366.889,arbres
c_09_04,2017-07,143.601,89.182,33.41,23.025,2.017,73.943,0.611,254.055,4.0,370.631,arbres
c_09_04,2017-08,130.484,75.397,38.293,18.811,2.017,80.229,0.636,226.605,4.0,326.77,arbres
c_09_04,2017-09,142.905,86.608,35.547,22.767,2.017,81.854,0.536,255.182,4.0,246.416,arbres
c_09_04,2017-10,128.787,76.537,36.103,18.164,2.017,73.652,0.527,266.349,4.0,243.375,arbres
c_09_04,2017-11,83.739,48.72,33.541,3.495,2.017,60.087,0.505,234.208,3.376,274.593,arbres
c_09_04,2017-12,65.45,41.858,27.993,-2.384,2.017,41.169,0.653,221.144,3.358,307.972,arbres
c_09_04,2018-01,64.395,42.768,26.341,-2.697,2.017,40.728,0.695,233.674,3.294,337.097,arbres
c_09_05,2017-01,71.535,27.354,45.339,-1.158,0.0,38.277,0.579,231.157,3.643,316.92,arbres
c_09_05,2017-02,95.164,53.945,35.752,5.468,0.0,50.764,0.771,255.02,3.443,360.191,arbres
c_09_05,2017-03,123.063,76.196,33.742,13.124,0.0,53.115,0.796,286.843,3.416,394.964,arbres
c_09_05,2017-04,132.75,84.549,32.232,15.97,0.0,55.53,0.807,306.806,3.416,431.094,arbres
c_09_05,2017-05,156.011,109.261,24.382,22.368,0.0,70.547,0.649,294.192,3.416,459.936,arbres
c_09_05,2017-06,152.764,105.316,25.649,21.799,0.0,73.804,0.813,280.902,4.0,478.648,arbres
c_09_05,2017-07,147.886,90.803,36.754,20.329,0.0,74.304,0.649,254.055,4.0,483.336,arbres
c_09_05,2017-08,134.326,74.822,42.911,16.592,0.0,80.679,0.671,226.605,4.0,433.209,arbres
c_09_05,2017-09,147.198,84.749,42.383,20.066,0.0,82.152,0.555,255.182,4.0,339.609,arbres
c_09_05,2017-10,133.103,72.531,44.438,16.134,0.0,73.96,0.565,266.349,4.0,333.754,arbres
c_09_05,2017-11,87.33,43.223,40.81,3.297,0.0,60.915,0.484,234.208,3.413,382.836,arbres
c_09_05,2017-12,68.729,36.951,33.605,-1.826,0.0,41.844,0.65,221.144,3.396,423.255,arbres
c_09_05,2018-01,67.844,42.952,26.884,-1.992,0.0,41.203,0.706,233.674,3.336,456.671,arbres
c_09_06,2017-01,74.955,38.198,39.277,1.311,3.832,37.909,0.483,231.157,3.496,307.228,arbres
c_09_06,2017-02,98.792,62.267,31.59,8.768,3.832,50.269,0.642,255.02,3.308,344.819,arbres
c_09_06,2017-03,127.014,83.825,29.601,17.419,3.832,52.725,0.655,286.843,3.283,375.625,arbres
c_09_06,2017-04,136.967,92.496,27.72,20.583,3.832,54.966,0.666,306.806,3.283,407.02,arbres
c_09_06,2017-05,159.833,115.463,20.602,27.599,3.832,69.736,0.549,294.192,3.283,431.576,arbres
c_09_06,2017-06,156.867,114.857,18.906,26.935,3.832,72.621,0.612,280.902,4.0,464.819,arbres
c_09_06,2017-07,151.529,101.044,29.082,25.235,3.832,73.067,0.495,254.055,4.0,466.305,arbres
c_09_06,2017-08,137.559,82.089,38.36,20.942,3.832,79.662,0.514,226.605,4.0,425.292,arbres
c_09_06,2017-09,150.867,92.32,37.401,24.978,3.832,80.982,0.427,255.182,4.0,351.566,arbres
c_09_06,2017-10,137.076,82.321,37.881,20.706,3.832,73.062,0.425,266.349,4.0,347.316,arbres
c_09_06,2017-11,90.656,54.424,33.779,6.285,3.832,60.299,0.409,234.208,3.28,374.075,arbres
c_09_06,2017-12,71.972,48.283,26.968,0.553,3.832,41.262,0.55,221.144,3.264,407.025,arbres
c_09_06,2018-01,71.291,52.557,22.186,0.38,3.832,40.729,0.593,233.674,3.205,433.923,arbres
c_09_07,2017-01,62.15,58.615,6.839,-2.296,1.008,37.21,3.167,231.157,4.231,22.432,arbres
c_09_07,2017-02,84.162,71.863,5.786,7.521,1.008,50.069,4.069,255.02,4.014,28.929,arbres
c_09_07,2017-03,110.146,85.127,7.084,18.944,1.008,52.557,4.019,286.843,4.0,35.562,arbres
c_09_07,2017-04,118.9,89.797,7.197,22.915,1.008,55.067,4.095,306.806,4.0,43.408,arbres
c_09_07,2017-05,141.845,103.597,6.238,33.018,1.008,70.075,3.081,294.192,4.0,50.045,arbres
c_09_07,2017-06,137.221,99.627,7.653,30.949,1.008,73.06,2.877,280.902,4.0,55.613,arbres
c_09_07,2017-07,133.538,92.269,13.15,29.127,1.008,73.002,2.311,254.055,4.0,45.096,arbres
c_09_07,2017-08,121.456,80.213,18.426,23.826,1.008,79.379,2.437,226.605,4.0,15.748,arbres
c_09_07,2017-09,132.827,93.89,11.025,28.92,1.008,81.275,1.882,255.182,4.0,2.21,arbres
c_09_07,2017-10,118.716,89.037,8.031,22.657,1.008,72.984,1.937,266.349,4.0,4.5,arbres
c_09_07,2017-11,77.183,66.986,6.822,4.384,1.008,59.562,2.395,234.208,4.0,12.097,arbres
c_09_07,2017-12,59.54,58.005,5.982,-3.439,1.008,41.055,3.423,221.144,4.0,18.998,arbres
c_09_07,2018-01,58.159,57.325,5.899,-4.056,1.008,40.8,3.602,233.674,4.0,25.431,arbres
c_09_08,2017-01,74.819,49.947,19.867,5.408,0.403,36.637,0.804,231.157,3.872,131.403,arbres
c_09_08,2017-02,98.253,65.566,17.268,15.822,0.403,49.412,1.009,255.02,3.672,150.638,arbres
c_09_08,2017-03,126.091,78.331,20.143,28.021,0.403,51.987,1.011,286.843,3.654,170.028,arbres
c_09_08,2017-04,135.961,88.589,15.357,32.418,0.403,54.105,1.035,306.806,3.654,190.392,arbres
c_09_08,2017-05,158.361,106.511,9.917,42.336,0.403,68.859,0.863,294.192,3.654,202.138,arbres
c_09_08,2017-06,153.135,101.262,12.195,40.082,0.403,71.775,0.868,280.902,4.0,211.132,arbres
c_09_08,2017-07,147.981,87.388,23.269,37.728,0.403,72.488,0.736,254.055,4.0,212.289,arbres
c_09_08,2017-08,134.351,74.513,28.477,31.764,0.403,78.837,0.755,226.605,4.0,184.132,arbres
c_09_08,2017-09,147.327,87.541,22.675,37.515,0.403,80.35,0.654,255.182,4.0,133.327,arbres
c_09_08,2017-10,133.746,81.764,20.932,31.453,0.403,72.227,0.638,266.349,4.0,129.291,arbres
c_09_08,2017-11,90.131,59.173,19.128,12.234,0.403,58.921,0.649,234.208,3.653,151.217,arbres
c_09_08,2017-12,71.697,51.847,16.182,4.071,0.403,40.259,0.869,221.144,3.645,170.322,arbres
c_09_08,2018-01,71.0,51.996,15.647,3.761,0.403,39.933,0.907,233.674,3.616,187.422,arbres
c_09_09,2017-01,65.97,56.116,9.66,0.194,0.0,36.422,0.759,231.157,4.231,36.099,arbres
c_09_09,2017-02,88.388,69.725,8.33,10.332,0.0,49.456,0.887,255.02,4.014,45.384,arbres
c_09_09,2017-03,114.911,82.623,10.067,22.221,0.0,52.133,0.932,286.843,4.0,54.894,arbres
c_09_09,2017-04,123.998,87.264,10.357,26.377,0.0,54.379,0.926,306.806,4.0,66.11,arbres
c_09_09,2017-05,146.753,101.221,8.881,36.652,0.0,69.823,0.907,294.192,4.0,75.725,arbres
c_09_09,2017-06,141.909,97.135,10.345,34.429,0.0,72.765,0.858,280.902,4.0,84.286,arbres
c_09_09,2017-07,137.785,89.473,15.9,32.413,0.0,73.083,0.785,254.055,4.0,77.936,arbres
c_09_09,2017-08,125.246,77.366,21.097,26.783,0.0,79.382,0.79,226.605,4.0,43.972,arbres
c_09_09,2017-09,137.091,91.191,13.69,32.21,0.0,81.279,0.75,255.182,4.0,13.207,arbres
c_09_09,2017-10,123.153,86.303,10.932,25.918,0.0,72.812,0.707,266.349,4.0,12.106,arbres
c_09_09,2017-11,81.064,64.342,9.676,7.046,0.0,59.045,0.682,234.208,4.0,22.88,arbres
c_09_09,2017-12,63.194,55.803,8.437,-1.046,0.0,40.175,0.787,221.144,4.0,32.657,arbres
c_09_09,2018-01,62.017,55.211,8.395,-1.589,0.0,39.829,0.81,233.674,4.0,41.732,arbres
c_09_10,2017-01,75.397,44.084,24.626,6.687,0.0,36.565,0.925,231.157,3.577,174.95,arbres
c_09_10,2017-02,99.135,60.219,21.283,17.633,0.0,49.647,1.178,255.02,3.386,198.758,arbres
c_09_10,2017-03,127.3,74.32,22.559,30.421,0.0,52.097,1.191,286.843,3.363,222.229,arbres
c_09_10,2017-04,137.269,85.963,16.232,35.074,0.0,54.44,1.214,306.806,3.363,242.596,arbres
c_09_10,2017-05,159.982,101.699,12.819,45.465,0.0,69.862,1.039,294.192,3.363,257.262,arbres
c_09_10,2017-06,155.483,97.218,14.205,44.061,0.0,72.73,1.097,280.902,4.0,268.991,arbres
c_09_10,2017-07,150.227,83.996,24.68,41.55,0.0,73.264,0.923,254.055,4.0,271.023,arbres
c_09_10,2017-08,136.384,70.949,30.213,35.222,0.0,79.738,0.953,226.605,4.0,241.442,arbres
c_09_10,2017-09,149.566,82.239,26.079,41.248,0.0,81.215,0.814,255.182,4.0,187.265,arbres
c_09_10,2017-10,135.826,75.849,25.145,34.832,0.0,72.691,0.793,266.349,4.0,183.675,arbres
c_09_10,2017-11,90.952,54.077,22.995,13.879,0.0,58.806,0.77,234.208,3.36,208.988,arbres
c_09_10,2017-12,72.303,47.948,19.018,5.337,0.0,40.27,1.007,221.144,3.346,231.753,arbres
c_09_10,2018-01,71.61,48.739,17.829,5.041,0.0,39.94,1.052,233.674,3.294,251.532,arbres
c_10_00,2017-01,52.725,47.612,14.1,-8.986,0.0,38.098,1.539,231.157,3.407,50.239,arbres
c_10_00,2017-02,73.934,63.003,12.262,-1.331,0.0,51.011,1.933,255.02,3.216,63.856,arbres
c_10_00,2017-03,98.78,76.426,14.874,7.48,0.0,53.439,1.996,286.843,3.184,77.908,arbres
c_10_00,2017-04,106.751,80.998,15.35,10.403,0.0,56.112,2.0,306.806,3.184,94.548,arbres
c_10_00,2017-05,130.414,98.373,13.213,18.828,0.0,71.098,1.688,294.192,3.184,108.901,arbres
c_10_00,2017-06,126.913,94.554,14.745,17.614,0.0,74.221,1.832,280.902,4.0,122.491,arbres
c_10_00,2017-07,124.287,87.777,20.026,16.484,0.0,73.834,1.522,254.055,4.0,112.859,arbres
c_10_00,2017-08,113.222,77.08,23.592,12.549,0.0,79.868,1.619,226.605,4.0,57.266,arbres
c_10_00,2017-09,123.524,88.926,18.293,16.305,0.0,82.176,1.309,255.182,4.0,6.152,arbres
c_10_00,2017-10,108.856,81.421,16.397,11.038,0.0,74.198,1.298,266.349,4.0,9.818,arbres
c_10_00,2017-11,67.804,57.138,14.222,-3.556,0.0,60.953,1.298,234.208,3.18,25.766,arbres
c_10_00,2017-12,50.589,48.352,11.961,-9.724,0.0,42.078,1.663,221.144,3.157,39.92,arbres
c_10_00,2018-01,48.704,47.474,11.635,-10.405,0.0,41.804,1.757,233.674,3.077,52.606,arbres
c_10_01,2017-01,78.231,37.828,38.173,3.34,1.109,38.716,1.171,231.157,3.638,318.436,arbres
c_10_01,2017-02,102.344,60.05,32.175,11.229,1.109,50.66,1.532,255.02,3.446,355.093,arbres
c_10_01,2017-03,130.965,81.942,29.775,20.356,1.109,53.043,1.55,286.843,3.424,386.951,arbres
c_10_01,2017-04,141.191,91.663,26.904,23.733,1.109,55.19,1.576,306.806,3.424,417.988,arbres
c_10_01,2017-05,163.818,114.765,19.14,31.021,1.109,69.396,1.24,294.192,3.424,441.36,arbres
c_10_01,2017-06,160.286,115.053,16.439,29.904,1.109,72.11,1.422,280.902,4.0,470.988,arbres
c_10_01,2017-07,154.602,101.626,26.027,28.058,1.109,72.734,1.137,254.055,4.0,470.835,arbres
c_10_01,2017-08,140.294,81.371,36.518,23.513,1.109,79.503,1.189,226.605,4.0,432.604,arbres
c_10_01,2017-09,153.956,91.168,36.121,27.776,1.109,80.657,0.963,255.182,4.0,365.281,arbres
c_10_01,2017-10,140.342,81.94,36.107,23.404,1.109,72.945,0.983,266.349,4.0,361.665,arbres
c_10_01,2017-11,93.911,55.032,31.45,8.538,1.109,60.846,0.954,234.208,3.421,388.623,arbres
c_10_01,2017-12,75.071,49.316,24.374,2.489,1.109,41.811,1.313,221.144,3.408,418.877,arbres
c_10_01,2018-01,74.555,53.782,19.531,2.351,1.109,41.225,1.416,233.674,3.36,442.77,arbres
c_10_02,2017-01,77.717,35.223,40.938,2.463,0.908,38.6,0.771,231.157,3.813,314.533,arbres
c_10_02,2017-02,101.781,57.627,35.101,9.961,0.908,50.718,1.006,255.02,3.615,354.061,arbres
c_10_02,2017-03,130.355,80.388,32.215,18.659,0.908,53.111,1.023,286.843,3.596,388.764,arbres
c_10_02,2017-04,140.541,89.902,29.689,21.858,0.908,55.307,1.038,306.806,3.596,422.662,arbres
c_10_02,2017-05,163.254,113.833,21.525,28.803,0.908,69.727,0.831,294.192,3.596,448.712,arbres
c_10_02,2017-06,158.697,112.251,19.774,27.579,0.908,72.635,0.925,280.902,4.0,471.521,arbres
c_10_02,2017-07,153.18,98.892,29.354,25.842,0.908,73.17,0.743,254.055,4.0,473.116,arbres
c_10_02,2017-08,139.03,79.697,38.719,21.521,0.908,79.853,0.772,226.605,4.0,430.023,arbres
c_10_02,2017-09,152.525,89.497,38.374,25.562,0.908,81.099,0.633,255.182,4.0,351.612,arbres
c_10_02,2017-10,138.815,79.192,39.192,21.339,0.908,73.255,0.642,266.349,4.0,345.752,arbres
c_10_02,2017-11,93.385,51.545,35.352,7.395,0.908,60.96,0.631,234.208,3.595,384.533,arbres
c_10_02,2017-12,74.54,45.659,28.152,1.637,0.908,41.873,0.856,221.144,3.585,418.979,arbres
c_10_02,2018-01,73.96,50.968,22.405,1.495,0.908,41.268,0.919,233.674,3.552,446.583,arbres
c_10_03,2017-01,72.12,41.322,30.983,0.824,1.008,37.983,1.06,231.157,3.665,214.047,arbres
c_10_03,2017-02,95.447,60.48,27.016,8.959,1.008,50.303,1.374,255.02,3.472,244.14,arbres
c_10_03,2017-03,123.074,83.688,21.945,18.449,1.008,52.71,1.392,286.843,3.45,269.724,arbres
c_10_03,2017-04,132.743,92.078,19.809,21.864,1.008,54.923,1.414,306.806,3.45,292.048,arbres
c_10_03,2017-05,155.498,110.989,15.807,29.711,1.008,69.595,1.134,294.192,3.45,310.114,arbres
c_10_03,2017-06,151.144,106.058,17.564,28.531,1.008,72.979,1.308,280.902,4.0,327.458,arbres
c_10_03,2017-07,146.253,91.068,29.419,26.774,1.008,73.338,1.061,254.055,4.0,330.362,arbres
c_10_03,2017-08,132.828,76.787,34.921,22.129,1.008,79.732,1.113,226.605,4.0,292.94,arbres
c_10_03,2017-09,145.581,88.368,31.706,26.516,1.008,81.267,0.906,255.182,4.0,224.336,arbres
c_10_03,2017-10,131.77,79.606,31.504,21.668,1.008,73.234,0.908,266.349,4.0,220.871,arbres
c_10_03,2017-11,87.567,53.582,28.757,6.237,1.008,60.411,0.864,234.208,3.447,250.459,arbres
c_10_03,2017-12,69.179,46.373,23.929,-0.115,1.008,41.475,1.173,221.144,3.435,279.008,arbres
c_10_03,2018-01,68.339,47.216,22.519,-0.387,1.008,41.069,1.252,233.674,3.39,303.926,arbres
c_10_04,2017-01,79.819,34.976,42.527,3.223,0.908,38.704,0.511,231.157,3.708,368.398,arbres
c_10_04,2017-02,104.178,58.779,35.724,10.583,0.908,50.715,0.678,255.02,3.513,409.095,arbres
c_10_04,2017-03,133.107,80.034,34.904,19.077,0.908,53.172,0.689,286.843,3.492,445.912,arbres
c_10_04,2017-04,143.488,91.977,30.18,22.239,0.908,55.263,0.702,306.806,3.492,481.262,arbres
c_10_04,2017-05,166.164,117.754,20.408,28.91,0.908,69.45,0.563,294.192,3.492,506.926,arbres
c_10_04,2017-06,162.28,118.633,16.691,27.864,0.908,72.262,0.669,280.902,4.0,531.709,arbres
c_10_04,2017-07,156.451,104.831,26.389,26.139,0.908,72.72,0.535,254.055,4.0,530.83,arbres
c_10_04,2017-08,141.955,82.679,38.323,21.861,0.908,79.686,0.553,226.605,4.0,490.312,arbres
c_10_04,2017-09,155.807,92.345,38.49,25.879,0.908,80.668,0.455,255.182,4.0,419.43,arbres
c_10_04,2017-10,142.177,82.412,38.79,21.882,0.908,72.93,0.462,266.349,4.0,415.81,arbres
c_10_04,2017-11,95.595,54.734,33.699,8.069,0.908,60.915,0.425,234.208,3.49,451.798,arbres
c_10_04,2017-12,76.592,49.477,25.557,2.466,0.908,41.767,0.579,221.144,3.479,483.925,arbres
c_10_04,2018-01,76.14,54.637,20.074,2.337,0.908,41.171,0.627,233.674,3.437,508.594,arbres
c_10_05,2017-01,78.853,24.468,53.212,1.174,0.0,39.57,0.289,231.157,3.427,410.475,arbres
c_10_05,2017-02,103.444,50.476,45.695,7.272,0.0,51.326,0.408,255.02,3.241,462.014,arbres
c_10_05,2017-03,132.539,69.382,48.9,14.256,0.0,53.834,0.424,286.843,3.215,511.025,arbres
c_10_05,2017-04,142.896,82.641,43.371,16.884,0.0,55.928,0.429,306.806,3.215,561.653,arbres
c_10_05,2017-05,166.0,113.316,30.159,22.525,0.0,70.021,0.337,294.192,3.215,599.109,arbres
c_10_05,2017-06,163.345,118.121,23.157,22.067,0.0,72.758,0.513,280.902,4.0,638.107,arbres
c_10_05,2017-07,157.544,104.6,32.275,20.669,0.0,73.373,0.408,254.055,4.0,639.154,arbres
c_10_05,2017-08,142.962,81.323,44.487,17.153,0.0,80.451,0.418,226.605,4.0,587.329,arbres
c_10_05,2017-09,156.887,90.319,46.139,20.43,0.0,81.163,0.344,255.182,4.0,493.68,arbres
c_10_05,2017-10,143.03,77.616,48.258,17.156,0.0,73.419,0.353,266.349,4.0,486.703,arbres
c_10_05,2017-11,94.95,46.141,43.577,5.232,0.0,61.709,0.252,234.208,3.212,531.744,arbres
c_10_05,2017-12,75.812,40.776,34.434,0.602,0.0,42.449,0.351,221.144,3.194,574.174,arbres
c_10_05,2018-01,75.333,47.228,27.545,0.561,0.0,41.642,0.399,233.674,3.13,607.374,arbres
c_10_06,2017-01,70.907,41.1,31.085,0.335,1.613,37.85,1.182,231.157,3.539,208.242,arbres
c_10_06,2017-02,94.158,60.129,27.154,8.488,1.613,50.306,1.542,255.02,3.35,238.463,arbres
c_10_06,2017-03,121.662,82.197,23.119,17.959,1.613,52.714,1.565,286.843,3.326,265.162,arbres
c_10_06,2017-04,131.234,91.644,19.819,21.386,1.613,54.982,1.589,306.806,3.326,287.72,arbres
c_10_06,2017-05,154.11,110.537,15.884,29.303,1.613,69.798,1.272,294.192,3.326,305.824,arbres
c_10_06,2017-06,150.628,105.919,18.133,28.19,1.613,73.098,1.43,280.902,4.0,336.37,arbres
c_10_06,2017-07,145.812,90.762,30.231,26.432,1.613,73.427,1.16,254.055,4.0,339.434,arbres
c_10_06,2017-08,132.44,76.589,35.632,21.832,1.613,79.837,1.217,226.605,4.0,300.702,arbres
c_10_06,2017-09,145.134,87.962,32.622,26.164,1.613,81.353,0.988,255.182,4.0,229.64,arbres
c_10_06,2017-10,131.251,78.998,32.549,21.317,1.613,73.275,0.993,266.349,4.0,226.17,arbres
c_10_06,2017-11,86.388,53.106,29.117,5.778,1.613,60.299,0.971,234.208,3.323,243.163,arbres
c_10_06,2017-12,68.04,45.926,24.319,-0.591,1.613,41.431,1.32,221.144,3.307,272.125,arbres
c_10_06,2018-01,67.14,46.636,22.995,-0.879,1.613,41.026,1.42,233.674,3.253,297.504,arbres
c_10_07,2017-01,68.911,48.538,23.479,0.222,3.327,36.734,1.808,231.157,3.563,137.049,arbres
c_10_07,2017-02,91.816,65.485,20.578,9.08,3.327,49.761,2.316,255.02,3.374,159.876,arbres
c_10_07,2017-03,118.909,78.694,24.178,19.365,3.327,52.228,2.316,286.843,3.35,183.076,arbres
c_10_07,2017-04,128.283,92.418,16.153,23.039,3.327,54.602,2.357,306.806,3.35,206.068,arbres
c_10_07,2017-05,151.084,111.494,11.157,31.76,3.327,69.923,1.862,294.192,3.35,218.86,arbres
c_10_07,2017-06,146.845,105.62,14.253,30.3,3.327,72.886,1.889,280.902,4.0,235.613,arbres
c_10_07,2017-07,142.322,89.734,27.481,28.434,3.327,73.127,1.544,254.055,4.0,236.639,arbres
c_10_07,2017-08,129.31,77.36,31.778,23.5,3.327,79.521,1.626,226.605,4.0,199.284,arbres
c_10_07,2017-09,141.638,89.859,26.899,28.208,3.327,81.064,1.31,255.182,4.0,134.142,arbres
c_10_07,2017-10,127.747,82.543,25.699,22.833,3.327,72.812,1.312,266.349,4.0,131.338,arbres
c_10_07,2017-11,84.229,58.391,23.013,6.152,3.327,59.038,1.432,234.208,3.347,150.205,arbres
c_10_07,2017-12,66.09,50.801,19.434,-0.818,3.327,40.486,1.97,221.144,3.332,173.19,arbres
c_10_07,2018-01,65.088,50.737,18.877,-1.199,3.328,40.121,2.081,233.674,3.28,193.746,arbres
c_10_08,2017-01,74.966,31.707,42.45,1.313,0.504,38.165,0.588,231.157,3.6,339.058,arbres
c_10_08,2017-02,98.909,58.511,32.196,8.706,0.504,50.517,0.786,255.02,3.401,378.553,arbres
c_10_08,2017-03,127.23,78.434,32.061,17.239,0.504,52.958,0.804,286.843,3.373,411.131,arbres
c_10_08,2017-04,137.204,87.696,29.638,20.374,0.504,55.29,0.816,306.806,3.373,444.953,arbres
c_10_08,2017-05,160.197,112.062,21.311,27.328,0.504,70.139,0.659,294.192,3.373,470.831,arbres
c_10_08,2017-06,157.046,106.895,23.67,26.985,0.504,73.387,0.858,280.902,4.0,481.753,arbres
c_10_08,2017-07,151.728,93.904,33.072,25.257,0.504,73.868,0.687,254.055,4.0,484.08,arbres
c_10_08,2017-08,137.746,76.315,40.956,20.98,0.504,80.35,0.712,226.605,4.0,441.536,arbres
c_10_08,2017-09,151.062,86.158,40.429,24.979,0.504,81.769,0.588,255.182,4.0,364.239,arbres
c_10_08,2017-10,137.2,75.066,41.95,20.687,0.504,73.654,0.596,266.349,4.0,359.66,arbres
c_10_08,2017-11,90.771,49.286,35.728,6.262,0.504,60.625,0.494,234.208,3.369,409.423,arbres
c_10_08,2017-12,72.02,43.814,28.101,0.609,0.504,41.567,0.668,221.144,3.351,444.059,arbres
c_10_08,2018-01,71.341,48.9,22.498,0.448,0.504,40.979,0.726,233.674,3.286,471.706,arbres
c_10_09,2017-01,68.664,40.826,28.862,-1.024,0.0,37.105,0.38,231.157,4.015,165.672,arbres
c_10_09,2017-02,91.568,59.184,25.38,7.004,0.0,49.931,0.482,255.02,3.805,193.804,arbres
c_10_09,2017-03,118.674,75.874,26.479,16.321,0.0,52.539,0.495,286.843,3.786,221.89,arbres
c_10_09,2017-04,128.035,91.204,17.12,19.711,0.0,54.695,0.507,306.806,3.786,244.37,arbres
c_10_09,2017-05,150.941,109.4,13.865,27.675,0.0,70.145,0.452,294.192,3.786,260.054,arbres
c_10_09,2017-06,146.387,103.276,17.025,26.087,0.0,73.178,0.431,280.902,4.0,276.641,arbres
c_10_09,2017-07,141.941,86.963,30.498,24.48,0.0,73.677,0.366,254.055,4.0,278.521,arbres
c_10_09,2017-08,128.979,74.21,34.777,19.992,0.0,79.859,0.373,226.605,4.0,235.661,arbres
c_10_09,2017-09,141.252,86.713,30.251,24.287,0.0,81.665,0.331,255.182,4.0,158.796,arbres
c_10_09,2017-10,127.272,77.926,29.987,19.359,0.0,73.463,0.317,266.349,4.0,154.468,arbres
c_10_09,2017-11,83.993,51.569,28.065,4.359,0.0,59.809,0.325,234.208,3.785,182.472,arbres
c_10_09,2017-12,65.816,43.871,23.919,-1.974,0.0,40.721,0.411,221.144,3.778,210.632,arbres
c_10_09,2018-01,64.759,43.709,23.385,-2.335,0.0,40.354,0.427,233.674,3.756,235.993,arbres
c_10_10,2017-01,66.303,40.013,27.425,-1.136,0.0,37.233,0.849,231.157,3.663,155.848,arbres
c_10_10,2017-02,89.104,57.431,24.099,7.574,0.0,50.147,1.087,255.02,3.463,182.574,arbres
c_10_10,2017-03,116.012,71.965,26.381,17.665,0.0,52.646,1.119,286.843,3.436,209.547,arbres
c_10_10,2017-04,125.194,88.22,15.697,21.276,0.0,55.003,1.136,306.806,3.436,231.613,arbres
c_10_10,2017-05,148.386,105.623,12.765,29.998,0.0,70.407,0.973,294.192,3.436,245.999,arbres
c_10_10,2017-06,144.558,99.853,16.067,28.638,0.0,73.417,1.035,280.902,4.0,262.622,arbres
c_10_10,2017-07,140.342,83.483,29.923,26.937,0.0,73.765,0.86,254.055,4.0,263.834,arbres
c_10_10,2017-08,127.567,71.926,33.491,22.15,0.0,80.018,0.898,226.605,4.0,221.043,arbres
c_10_10,2017-09,139.638,83.598,29.355,26.685,0.0,81.76,0.756,255.182,4.0,147.135,arbres
c_10_10,2017-10,125.471,75.303,28.896,21.271,0.0,73.532,0.738,266.349,4.0,144.777,arbres
c_10_10,2017-11,81.743,50.286,26.698,4.759,0.0,59.758,0.718,234.208,3.433,169.864,arbres
c_10_10,2017-12,63.619,43.108,22.626,-2.114,0.0,41.014,0.92,221.144,3.417,196.595,arbres
c_10_10,2018-01,62.446,43.029,21.956,-2.539,0.0,40.626,0.971,233.674,3.359,220.503,arbres
c_11_00,2017-01,49.078,55.4,4.82,-10.839,0.302,36.512,4.077,231.157,3.001,12.154,arbres
c_11_00,2017-02,69.771,68.978,3.966,-2.87,0.302,49.987,5.038,255.02,2.827,16.672,arbres
c_11_00,2017-03,93.982,83.061,4.996,6.228,0.302,51.651,5.094,286.843,2.791,21.275,arbres
c_11_00,2017-04,101.613,87.718,4.969,9.229,0.302,54.604,5.141,306.806,2.791,26.777,arbres
c_11_00,2017-05,125.302,103.312,4.162,18.13,0.302,68.765,4.074,294.192,2.791,31.15,arbres
c_11_00,2017-06,121.508,99.763,5.361,16.686,0.302,71.658,3.865,280.902,4.0,34.221,arbres
c_11_00,2017-07,119.337,93.696,10.234,15.709,0.302,70.759,3.249,254.055,4.0,15.449,arbres
c_11_00,2017-08,108.792,82.809,14.612,11.673,0.302,77.278,3.411,226.605,4.0,0.765,arbres
c_11_00,2017-09,118.561,95.575,7.829,15.459,0.302,78.279,2.776,255.182,4.0,0.318,arbres
c_11_00,2017-10,103.805,88.522,5.731,9.854,0.302,70.738,2.762,266.349,4.0,2.589,arbres
c_11_00,2017-11,63.97,64.534,4.935,-5.196,0.302,57.877,3.229,234.208,2.786,7.854,arbres
c_11_00,2017-12,47.05,54.538,4.413,-11.597,0.302,40.573,4.341,221.144,2.756,12.901,arbres
c_11_00,2018-01,44.966,53.421,4.247,-12.4,0.302,40.411,4.558,233.674,2.65,17.63,arbres
c_11_01,2017-01,69.327,43.831,26.599,-0.196,0.908,37.222,1.992,231.157,3.956,163.508,arbres
c_11_01,2017-02,92.266,61.618,23.331,8.225,0.908,50.072,2.543,255.02,3.747,189.381,arbres
c_11_01,2017-03,119.423,79.607,22.723,18.001,0.908,52.475,2.552,286.843,3.727,214.622,arbres
c_11_01,2017-04,128.833,92.972,15.226,21.542,0.908,54.841,2.591,306.806,3.727,233.812,arbres
c_11_01,2017-05,151.638,110.315,12.417,29.813,0.908,70.065,2.023,294.192,3.727,247.78,arbres
c_11_01,2017-06,147.291,104.294,15.668,28.236,0.908,73.086,1.981,280.902,4.0,265.655,arbres
c_11_01,2017-07,142.737,88.302,28.874,26.469,0.908,73.34,1.607,254.055,4.0,267.498,arbres
c_11_01,2017-08,129.683,75.709,33.106,21.776,0.908,79.677,1.695,226.605,4.0,229.093,arbres
c_11_01,2017-09,142.054,87.792,28.936,26.233,0.908,81.274,1.357,255.182,4.0,160.82,arbres
c_11_01,2017-10,128.155,79.69,28.218,21.154,0.908,73.186,1.369,266.349,4.0,158.056,arbres
c_11_01,2017-11,84.636,54.353,25.757,5.432,0.908,59.634,1.565,234.208,3.726,180.902,arbres
c_11_01,2017-12,66.456,46.859,21.7,-1.197,0.908,40.954,2.153,221.144,3.718,206.599,arbres
c_11_01,2018-01,65.451,46.824,21.084,-1.55,0.908,40.549,2.277,233.674,3.689,229.542,arbres
c_11_02,2017-01,68.585,48.433,21.24,0.121,1.21,36.847,2.323,231.157,4.075,119.477,arbres
c_11_02,2017-02,91.365,64.792,18.676,9.108,1.21,49.844,2.953,255.02,3.87,140.131,arbres
c_11_02,2017-03,118.345,77.834,22.15,19.571,1.21,52.294,2.949,286.843,3.856,161.314,arbres
c_11_02,2017-04,127.676,87.066,18.561,23.258,1.21,54.741,2.996,306.806,3.856,184.935,arbres
c_11_02,2017-05,150.425,109.767,9.722,32.146,1.21,69.972,2.336,294.192,3.856,197.799,arbres
c_11_02,2017-06,145.648,103.594,12.92,30.344,1.21,72.96,2.205,280.902,4.0,209.528,arbres
c_11_02,2017-07,141.216,88.044,25.884,28.498,1.21,73.18,1.792,254.055,4.0,209.284,arbres
c_11_02,2017-08,128.318,76.041,29.961,23.525,1.21,79.519,1.896,226.605,4.0,171.451,arbres
c_11_02,2017-09,140.531,88.695,24.766,28.28,1.21,81.134,1.514,255.182,4.0,108.241,arbres
c_11_02,2017-10,126.64,81.69,23.343,22.817,1.21,72.928,1.523,266.349,4.0,105.547,arbres
c_11_02,2017-11,83.802,57.757,21.122,6.133,1.21,59.168,1.812,234.208,3.855,126.525,arbres
c_11_02,2017-12,65.712,49.981,17.911,-0.97,1.21,40.631,2.502,221.144,3.852,147.639,arbres
c_11_02,2018-01,64.662,49.536,17.717,-1.381,1.21,40.261,2.633,233.674,3.84,166.753,arbres
c_11_03,2017-01,70.866,38.611,32.616,0.345,0.706,37.927,1.256,231.157,3.682,222.252,arbres
c_11_03,2017-02,94.141,59.154,27.185,8.509,0.706,50.386,1.636,255.02,3.481,253.862,arbres
c_11_03,2017-03,121.669,82.83,21.545,18.0,0.706,52.73,1.663,286.843,3.455,278.261,arbres
c_11_03,2017-04,131.243,90.043,20.523,21.383,0.706,55.075,1.686,306.806,3.455,301.26,arbres
c_11_03,2017-05,154.161,109.245,16.325,29.297,0.706,69.954,1.342,294.192,3.455,319.949,arbres
c_11_03,2017-06,149.981,104.393,18.244,28.05,0.706,73.248,1.532,280.902,4.0,332.411,arbres
c_11_03,2017-07,145.234,89.064,30.572,26.304,0.706,73.559,1.241,254.055,4.0,335.515,arbres
c_11_03,2017-08,131.927,75.291,35.634,21.708,0.706,79.958,1.302,226.605,4.0,296.139,arbres
c_11_03,2017-09,144.553,86.596,32.627,26.036,0.706,81.493,1.055,255.182,4.0,223.977,arbres
c_11_03,2017-10,130.627,77.554,32.625,21.154,0.706,73.387,1.063,266.349,4.0,220.566,arbres
c_11_03,2017-11,86.375,51.077,30.207,5.797,0.706,60.393,1.027,234.208,3.451,257.581,arbres
c_11_03,2017-12,68.009,44.206,25.074,-0.565,0.706,41.458,1.395,221.144,3.436,287.544,arbres
c_11_03,2018-01,67.104,45.145,23.515,-0.849,0.706,40.707,1.472,233.674,3.379,313.608,arbres
c_11_04,2017-01,75.637,25.076,50.356,0.205,0.0,38.783,0.329,231.157,3.635,382.518,arbres
c_11_04,2017-02,99.8,50.894,42.336,6.57,0.0,50.894,0.46,255.02,3.436,431.178,arbres
c_11_04,2017-03,128.366,74.02,40.495,13.851,0.0,53.265,0.478,286.843,3.408,473.536,arbres
c_11_04,2017-04,138.429,84.293,37.49,16.646,0.0,55.527,0.482,306.806,3.408,516.253,arbres
c_11_04,2017-05,161.599,112.401,26.654,22.544,0.0,70.111,0.38,294.192,3.408,548.945,arbres
c_11_04,2017-06,159.19,111.091,25.9,22.199,0.0,73.305,0.538,280.902,4.0,576.013,arbres
c_11_04,2017-07,153.75,97.877,35.121,20.752,0.0,73.767,0.428,254.055,4.0,578.783,arbres
c_11_04,2017-08,139.569,77.866,44.59,17.112,0.0,80.491,0.44,226.605,4.0,527.652,arbres
c_11_04,2017-09,153.081,87.142,45.437,20.502,0.0,81.671,0.361,255.182,4.0,433.913,arbres
c_11_04,2017-10,139.134,74.245,47.946,16.943,0.0,73.663,0.369,266.349,4.0,426.975,arbres
c_11_04,2017-11,91.596,44.324,42.823,4.449,0.0,61.143,0.281,234.208,3.405,473.645,arbres
c_11_04,2017-12,72.695,38.903,34.197,-0.404,0.0,41.929,0.391,221.144,3.388,515.505,arbres
c_11_04,2018-01,72.035,46.408,26.114,-0.487,0.0,41.103,0.44,233.674,3.326,548.119,arbres
c_11_05,2017-01,75.885,24.959,50.641,0.285,0.0,38.873,0.346,231.157,3.637,386.33,arbres
c_11_05,2017-02,100.079,50.683,42.775,6.622,0.0,50.952,0.482,255.02,3.438,435.279,arbres
c_11_05,2017-03,128.685,73.89,40.888,13.907,0.0,53.312,0.5,286.843,3.41,478.157,arbres
c_11_05,2017-04,138.77,84.326,37.763,16.681,0.0,55.565,0.505,306.806,3.41,521.239,arbres
c_11_05,2017-05,161.935,112.642,26.742,22.551,0.0,70.093,0.398,294.192,3.41,554.115,arbres
c_11_05,2017-06,159.182,112.471,24.646,22.065,0.0,73.237,0.554,280.902,4.0,577.556,arbres
c_11_05,2017-07,153.744,99.032,34.085,20.627,0.0,73.694,0.441,254.055,4.0,580.136,arbres
c_11_05,2017-08,139.564,78.664,43.891,17.01,0.0,80.443,0.454,226.605,4.0,528.891,arbres
c_11_05,2017-09,153.075,87.845,44.85,20.379,0.0,81.61,0.373,255.182,4.0,435.179,arbres
c_11_05,2017-10,139.125,75.132,47.147,16.846,0.0,73.615,0.38,266.349,4.0,428.283,arbres
c_11_05,2017-11,91.853,44.426,42.912,4.515,0.0,61.209,0.296,234.208,3.407,478.887,arbres
c_11_05,2017-12,72.934,39.061,34.195,-0.322,0.0,42.015,0.41,221.144,3.39,520.795,arbres
c_11_05,2018-01,72.287,46.579,26.108,-0.4,0.0,41.18,0.461,233.674,3.328,553.363,arbres
c_11_06,2017-01,63.415,49.052,19.282,-2.902,2.017,36.764,2.162,231.157,3.551,89.578,arbres
c_11_06,2017-02,85.711,65.169,16.921,5.638,2.017,49.876,2.771,255.02,3.354,108.316,arbres
c_11_06,2017-03,112.001,78.285,20.189,15.544,2.017,52.313,2.782,286.843,3.325,127.547,arbres
c_11_06,2017-04,120.891,83.094,20.821,18.992,2.017,54.868,2.82,306.806,3.325,150.103,arbres
c_11_06,2017-05,143.922,103.394,14.799,27.744,2.017,70.26,2.21,294.192,3.325,169.106,arbres
c_11_06,2017-06,139.59,103.359,12.059,26.189,2.017,73.197,2.226,280.902,4.0,178.866,arbres
c_11_06,2017-07,135.731,88.973,24.179,24.596,2.017,73.255,1.815,254.055,4.0,175.232,arbres
c_11_06,2017-08,123.425,77.495,28.01,19.937,2.017,79.528,1.922,226.605,4.0,130.37,arbres
c_11_06,2017-09,135.023,90.115,22.537,24.387,2.017,81.349,1.528,255.182,4.0,64.311,arbres
c_11_06,2017-10,120.902,83.13,20.814,18.975,2.017,73.054,1.539,266.349,4.0,62.896,arbres
c_11_06,2017-11,78.623,58.454,19.258,2.928,2.017,59.134,1.713,234.208,3.321,85.347,arbres
c_11_06,2017-12,60.832,50.416,16.291,-3.858,2.017,40.609,2.358,221.144,3.301,104.587,arbres
c_11_06,2018-01,59.545,49.996,15.907,-4.34,2.017,40.244,2.501,233.674,3.231,121.87,arbres
c_11_07,2017-01,71.583,39.444,35.049,0.115,3.025,37.82,0.869,231.157,3.593,247.191,arbres
c_11_07,2017-02,94.975,61.36,28.781,7.86,3.025,50.301,1.128,255.02,3.402,281.077,arbres
c_11_07,2017-03,122.649,84.6,24.249,16.825,3.025,52.69,1.151,286.843,3.379,307.573,arbres
c_11_07,2017-04,132.294,92.144,23.153,20.023,3.025,55.019,1.166,306.806,3.379,333.505,arbres
c_11_07,2017-05,155.244,112.546,18.195,27.528,3.025,69.97,0.951,294.192,3.379,354.498,arbres
c_11_07,2017-06,151.111,108.124,19.501,26.511,3.025,72.916,1.153,280.902,4.0,374.525,arbres
c_11_07,2017-07,146.281,93.091,31.412,24.803,3.025,73.427,0.936,254.055,4.0,377.953,arbres
c_11_07,2017-08,132.867,78.112,37.348,20.432,3.025,79.801,0.979,226.605,4.0,337.323,arbres
c_11_07,2017-09,145.602,89.166,34.925,24.536,3.025,81.291,0.802,255.182,4.0,262.606,arbres
c_11_07,2017-10,131.669,79.621,35.143,19.93,3.025,73.319,0.803,266.349,4.0,259.06,arbres
c_11_07,2017-11,87.14,52.78,32.105,5.281,3.025,60.283,0.717,234.208,3.376,292.38,arbres
c_11_07,2017-12,68.696,45.955,26.5,-0.734,3.025,41.369,0.96,221.144,3.363,324.152,arbres
c_11_07,2018-01,67.818,47.415,24.413,-0.984,3.025,40.929,1.024,233.674,3.312,351.569,arbres
c_11_08,2017-01,68.957,30.159,40.942,-2.144,0.0,38.015,0.592,231.157,3.896,263.152,arbres
c_11_08,2017-02,92.173,54.562,32.888,4.724,0.0,50.652,0.774,255.02,3.69,302.684,arbres
c_11_08,2017-03,119.606,78.778,28.159,12.668,0.0,52.993,0.803,286.843,3.668,332.915,arbres
c_11_08,2017-04,129.048,86.372,27.146,15.529,0.0,55.433,0.812,306.806,3.668,363.174,arbres
c_11_08,2017-05,152.338,108.65,21.325,22.363,0.0,70.711,0.675,294.192,3.668,387.829,arbres
c_11_08,2017-06,160.588,50.189,81.418,28.98,0.0,75.598,0.656,280.902,3.99,474.967,arbres
c_11_08,2017-07,154.953,46.369,81.365,27.218,0.0,76.351,0.526,254.055,3.99,484.755,arbres
c_11_08,2017-08,140.627,41.224,76.776,22.627,0.0,82.236,0.548,226.605,3.99,438.016,arbres
c_11_08,2017-09,154.298,53.013,74.256,27.029,0.0,83.496,0.468,255.182,3.99,342.669,arbres
c_11_08,2017-10,140.534,33.914,83.984,22.636,0.0,75.411,0.459,266.349,3.99,333.177,arbres
c_11_08,2017-11,84.56,43.713,38.364,2.483,0.0,60.733,0.498,234.208,3.666,307.063,arbres
c_11_08,2017-12,66.156,36.799,32.238,-2.881,0.0,41.68,0.649,221.144,3.657,345.371,arbres
c_11_08,2018-01,65.081,38.832,29.413,-3.164,0.0,41.136,0.692,233.674,3.623,378.946,arbres
c_11_09,2017-01,62.602,34.464,32.725,-4.587,0.0,37.861,0.883,231.157,3.628,170.809,arbres
c_11_09,2017-02,85.084,53.572,28.949,2.563,0.0,50.681,1.136,255.02,3.429,202.821,arbres
c_11_09,2017-03,111.537,69.884,30.883,10.77,0.0,53.099,1.178,286.843,3.401,235.044,arbres
c_11_09,2017-04,120.411,87.509,19.197,13.705,0.0,55.477,1.194,306.806,3.401,261.063,arbres
c_11_09,2017-05,143.873,107.268,15.56,21.044,0.0,70.806,0.994,294.192,3.401,278.681,arbres
c_11_09,2017-06,151.499,56.561,67.677,27.26,0.0,75.101,1.044,280.902,3.977,336.228,arbres
c_11_09,2017-07,146.664,49.51,71.554,25.601,0.0,75.974,0.838,254.055,3.977,339.92,arbres
c_11_09,2017-08,133.217,44.67,67.564,20.983,0.0,81.69,0.885,226.605,3.977,288.494,arbres
c_11_09,2017-09,145.982,56.232,64.348,25.402,0.0,83.061,0.748,255.182,3.977,194.973,arbres
c_11_09,2017-10,131.997,39.706,71.728,20.563,0.0,75.033,0.738,266.349,3.977,187.44,arbres
c_11_09,2017-11,78.058,45.768,31.962,0.327,0.0,60.6,0.743,234.208,3.398,183.725,arbres
c_11_09,2017-12,60.109,38.177,27.258,-5.326,0.0,41.671,0.962,221.144,3.381,215.837,arbres
c_11_09,2018-01,58.744,37.947,26.535,-5.738,0.0,41.258,1.024,233.674,3.321,244.667,arbres
c_01_00,2017-01,47.056,53.834,5.267,-12.045,0.0,36.379,4.365,231.157,,13.564,sans_arbres
c_01_00,2017-02,67.521,67.404,4.322,-4.205,0.0,50.049,5.335,255.02,,18.486,sans_arbres
c_01_00,2017-03,91.44,80.968,5.567,4.905,0.0,51.694,5.369,286.843,,23.597,sans_arbres
c_01_00,2017-04,98.893,85.59,5.506,7.796,0.0,54.643,5.447,306.806,,29.721,sans_arbres
c_01_00,2017-05,122.679,101.037,4.902,16.741,0.0,68.417,4.307,294.192,,34.699,sans_arbres
c_01_00,2017-06,118.922,97.803,5.846,15.274,0.0,71.349,4.122,280.902,,38.323,sans_arbres
c_01_00,2017-07,116.995,92.365,10.128,14.502,0.0,70.459,3.526,254.055,,18.875,sans_arbres
c_01_00,2017-08,106.702,82.35,13.803,10.549,0.0,76.86,3.692,226.605,,0.271,sans_arbres
c_01_00,2017-09,116.209,93.983,7.993,14.233,0.0,77.877,3.075,255.182,,0.378,sans_arbres
c_01_00,2017-10,101.358,86.367,6.434,8.557,0.0,70.364,3.002,266.349,,3.076,sans_arbres
c_01_00,2017-11,61.9,62.753,5.559,-6.412,0.0,57.562,3.46,234.208,,9.134,sans_arbres
c_01_00,2017-12,45.1,53.091,4.811,-12.801,0.0,40.415,4.634,221.144,,14.719,sans_arbres
c_01_00,2018-01,42.898,51.897,4.624,-13.623,0.0,40.359,4.867,233.674,,19.866,sans_arbres
c_01_01,2017-01,51.626,57.18,5.143,-9.386,1.311,36.765,2.995,231.157,,13.482,sans_arbres
c_01_01,2017-02,72.508,70.599,4.267,-1.048,1.311,50.331,3.683,255.02,,18.317,sans_arbres
c_01_01,2017-03,96.995,84.337,5.4,8.568,1.311,52.574,3.709,286.843,,23.297,sans_arbres
c_01_01,2017-04,104.83,89.002,5.383,11.756,1.311,55.356,3.698,306.806,,29.25,sans_arbres
c_01_01,2017-05,128.275,104.059,4.589,20.937,1.311,70.556,2.783,294.192,,34.049,sans_arbres
c_01_01,2017-06,124.259,100.549,5.674,19.347,1.311,73.594,2.572,280.902,,37.487,sans_arbres
c_01_01,2017-07,121.788,94.556,10.309,18.233,1.311,73.168,2.018,254.055,,20.311,sans_arbres
c_01_01,2017-08,110.969,83.901,14.445,13.934,1.311,79.489,2.067,226.605,,1.331,sans_arbres
c_01_01,2017-09,121.028,96.376,7.977,17.986,1.311,81.349,1.68,255.182,,0.557,sans_arbres
c_01_01,2017-10,106.458,89.441,6.11,12.218,1.311,72.921,1.841,266.349,,2.946,sans_arbres
c_01_01,2017-11,66.481,65.976,5.332,-3.516,1.311,58.972,2.304,234.208,,8.706,sans_arbres
c_01_01,2017-12,49.472,56.292,4.719,-10.228,1.311,40.781,3.192,221.144,,14.132,sans_arbres
c_01_01,2018-01,47.534,55.308,4.54,-11.003,1.311,40.52,3.366,233.674,,19.181,sans_arbres
c_01_02,2017-01,48.718,55.971,5.128,-11.07,1.311,36.226,4.117,231.157,,13.17,sans_arbres
c_01_02,2017-02,69.334,69.423,4.241,-3.02,1.311,49.762,5.09,255.02,,17.983,sans_arbres
c_01_02,2017-03,93.46,83.147,5.391,6.232,1.311,51.428,5.138,286.843,,22.946,sans_arbres
c_01_02,2017-04,101.052,87.754,5.362,9.247,1.311,54.363,5.185,306.806,,28.884,sans_arbres
c_01_02,2017-05,124.714,103.131,4.601,18.294,1.311,68.584,4.118,294.192,,33.67,sans_arbres
c_01_02,2017-06,122.699,94.068,11.929,18.013,1.311,71.725,3.886,280.902,,36.819,sans_arbres
c_01_02,2017-07,120.403,88.987,15.702,17.024,1.311,71.03,3.27,254.055,,18.172,sans_arbres
c_01_02,2017-08,109.739,79.472,18.764,12.814,1.311,77.452,3.427,226.605,,0.59,sans_arbres
c_01_02,2017-09,119.633,91.292,12.875,16.777,1.311,78.553,2.794,255.182,,0.381,sans_arbres
c_01_02,2017-10,104.95,83.4,11.854,11.007,1.311,70.816,2.781,266.349,,2.844,sans_arbres
c_01_02,2017-11,63.566,64.898,5.33,-5.351,1.311,57.513,3.264,234.208,,8.639,sans_arbres
c_01_02,2017-12,46.69,55.144,4.7,-11.843,1.311,40.244,4.377,221.144,,14.051,sans_arbres
c_01_02,2018-01,44.584,54.04,4.519,-12.665,1.311,40.107,4.591,233.674,,19.079,sans_arbres
c_01_03,2017-01,64.531,62.002,5.264,-0.315,2.42,36.353,3.084,231.157,,17.816,sans_arbres
c_01_03,2017-02,86.691,74.582,4.398,10.131,2.42,49.771,3.892,255.02,,22.791,sans_arbres
c_01_03,2017-03,112.894,87.51,5.452,22.352,2.42,52.166,3.912,286.843,,27.856,sans_arbres
c_01_03,2017-04,121.833,92.131,5.489,26.632,2.42,54.739,3.915,306.806,,33.887,sans_arbres
c_01_03,2017-05,144.482,105.112,4.583,37.207,2.42,69.99,2.899,294.192,,38.76,sans_arbres
c_01_03,2017-06,139.727,101.323,5.867,34.957,2.42,73.011,2.69,280.902,,42.639,sans_arbres
c_01_03,2017-07,135.746,94.268,10.962,32.935,2.42,72.952,2.107,254.055,,32.599,sans_arbres
c_01_03,2017-08,123.41,82.791,15.867,27.172,2.42,79.393,2.18,226.605,,11.475,sans_arbres
c_01_03,2017-09,135.052,96.294,8.468,32.71,2.42,81.035,1.704,255.182,,4.563,sans_arbres
c_01_03,2017-10,121.165,91.289,6.118,26.178,2.42,72.295,1.854,266.349,,5.641,sans_arbres
c_01_03,2017-11,79.507,69.799,5.409,6.719,2.42,58.438,2.301,234.208,,11.466,sans_arbres
c_01_03,2017-12,61.818,60.958,4.865,-1.586,2.42,40.266,3.318,221.144,,17.02,sans_arbres
c_01_03,2018-01,60.596,60.496,4.686,-2.166,2.42,40.023,3.505,233.674,,22.223,sans_arbres
c_01_04,2017-01,58.979,58.704,5.174,-4.899,0.0,37.106,3.08,231.157,,15.697,sans_arbres
c_01_04,2017-02,80.532,72.018,4.329,4.185,0.0,50.327,3.891,255.02,,20.582,sans_arbres
c_01_04,2017-03,105.932,85.754,5.413,14.765,0.0,52.74,3.955,286.843,,25.597,sans_arbres
c_01_04,2017-04,114.384,90.551,5.438,18.395,0.0,55.395,3.929,306.806,,31.583,sans_arbres
c_01_04,2017-05,137.278,104.782,4.562,27.935,0.0,70.511,2.906,294.192,,36.416,sans_arbres
c_01_04,2017-06,132.845,101.031,5.751,26.063,0.0,73.513,2.682,280.902,,40.079,sans_arbres
c_01_04,2017-07,129.501,94.382,10.612,24.507,0.0,73.106,2.158,254.055,,26.831,sans_arbres
c_01_04,2017-08,117.835,83.057,15.14,19.638,0.0,79.429,2.245,226.605,,5.476,sans_arbres
c_01_04,2017-09,128.782,96.339,8.151,24.292,0.0,81.31,1.737,255.182,,2.276,sans_arbres
c_01_04,2017-10,114.664,90.231,6.063,18.37,0.0,73.046,1.846,266.349,,4.009,sans_arbres
c_01_04,2017-11,73.85,67.181,5.325,1.344,0.0,59.431,2.31,234.208,,9.747,sans_arbres
c_01_04,2017-12,56.506,57.673,4.765,-5.932,0.0,41.064,3.299,221.144,,15.2,sans_arbres
c_01_04,2018-01,54.994,56.978,4.59,-6.574,0.0,40.769,3.509,233.674,,20.295,sans_arbres
c_01_05,2017-01,63.328,61.736,5.255,-1.244,2.42,36.421,3.054,231.157,,17.082,sans_arbres
c_01_05,2017-02,85.368,74.407,4.39,8.992,2.42,49.825,3.855,255.02,,22.047,sans_arbres
c_01_05,2017-03,111.41,87.427,5.449,20.954,2.42,52.225,3.883,286.843,,27.107,sans_arbres
c_01_05,2017-04,120.246,92.057,5.483,25.126,2.42,54.813,3.872,306.806,,33.135,sans_arbres
c_01_05,2017-05,142.968,105.236,4.584,35.568,2.42,70.036,2.873,294.192,,38.004,sans_arbres
c_01_05,2017-06,139.201,98.743,8.769,34.109,2.42,73.072,2.672,280.902,,41.311,sans_arbres
c_01_05,2017-07,135.274,92.059,13.49,32.145,2.42,72.99,2.093,254.055,,30.698,sans_arbres
c_01_05,2017-08,122.991,81.044,17.917,26.45,2.42,79.415,2.163,226.605,,9.829,sans_arbres
c_01_05,2017-09,134.578,94.359,10.719,31.92,2.42,81.066,1.694,255.182,,3.799,sans_arbres
c_01_05,2017-10,120.66,88.881,8.77,25.429,2.42,72.384,1.841,266.349,,4.992,sans_arbres
c_01_05,2017-11,78.292,69.63,5.404,5.677,2.42,58.517,2.288,234.208,,10.847,sans_arbres
c_01_05,2017-12,60.667,60.703,4.854,-2.471,2.42,40.343,3.285,221.144,,16.392,sans_arbres
c_01_05,2018-01,59.378,60.197,4.675,-3.074,2.42,40.095,3.471,233.674,,21.583,sans_arbres
c_01_06,2017-01,46.599,53.455,5.474,-12.33,0.0,36.331,4.499,231.157,,14.263,sans_arbres
c_01_06,2017-02,67.022,67.054,4.522,-4.553,0.0,49.987,5.476,255.02,,19.388,sans_arbres
c_01_06,2017-03,90.884,80.558,5.818,4.508,0.0,51.667,5.507,286.843,,24.747,sans_arbres
c_01_06,2017-04,98.299,85.197,5.764,7.338,0.0,54.601,5.59,306.806,,31.147,sans_arbres
c_01_06,2017-05,122.12,100.556,5.263,16.301,0.0,68.198,4.417,294.192,,36.434,sans_arbres
c_01_06,2017-06,135.276,51.769,56.539,26.969,0.0,73.569,4.242,280.902,,38.861,sans_arbres
c_01_06,2017-07,131.823,50.698,55.614,25.51,0.0,73.385,3.614,254.055,,18.908,sans_arbres
c_01_06,2017-08,119.937,47.782,51.76,20.395,0.0,79.241,3.833,226.605,,0.188,sans_arbres
c_01_06,2017-09,131.098,56.214,49.573,25.311,0.0,80.478,3.308,255.182,,0.36,sans_arbres
c_01_06,2017-10,116.821,44.405,53.26,19.155,0.0,72.681,3.187,266.349,,2.978,sans_arbres
c_01_06,2017-11,61.442,62.312,5.834,-6.703,0.0,57.447,3.577,234.208,,9.639,sans_arbres
c_01_06,2017-12,44.663,52.723,5.015,-13.075,0.0,40.354,4.767,221.144,,15.476,sans_arbres
c_01_06,2018-01,42.435,51.519,4.817,-13.901,0.0,40.314,5.012,233.674,,20.835,sans_arbres
c_01_07,2017-01,46.599,53.455,5.474,-12.33,0.0,36.331,4.499,231.157,,14.263,sans_arbres
c_01_07,2017-02,67.022,67.054,4.522,-4.553,0.0,49.987,5.476,255.02,,19.388,sans_arbres
c_01_07,2017-03,90.884,80.558,5.818,4.508,0.0,51.667,5.507,286.843,,24.747,sans_arbres
c_01_07,2017-04,98.299,85.197,5.764,7.338,0.0,54.601,5.59,306.806,,31.147,sans_arbres
c_01_07,2017-05,122.12,100.556,5.263,16.301,0.0,68.198,4.417,294.192,,36.434,sans_arbres
c_01_07,2017-06,127.929,70.764,35.631,21.534,0.0,72.46,4.256,280.902,,39.515,sans_arbres
c_01_07,2017-07,125.163,68.057,36.731,20.376,0.0,71.988,3.661,254.055,,19.717,sans_arbres
c_01_07,2017-08,113.993,62.221,35.958,15.814,0.0,78.071,3.867,226.605,,0.196,sans_arbres
c_01_07,2017-09,124.411,71.932,32.352,20.127,0.0,79.248,3.307,255.182,,0.38,sans_arbres
c_01_07,2017-10,109.872,61.811,33.859,14.202,0.0,71.566,3.172,266.349,,3.115,sans_arbres
c_01_07,2017-11,61.442,62.312,5.834,-6.703,0.0,57.447,3.577,234.208,,9.639,sans_arbres
c_01_07,2017-12,44.663,52.723,5.015,-13.075,0.0,40.354,4.767,221.144,,15.476,sans_arbres
c_01_07,2018-01,42.435,51.519,4.817,-13.901,0.0,40.314,5.012,233.674,,20.835,sans_arbres
c_01_08,2017-01,46.599,53.455,5.474,-12.33,0.0,36.331,4.499,231.157,,14.263,sans_arbres
c_01_08,2017-02,67.022,67.054,4.522,-4.553,0.0,49.987,5.476,255.02,,19.388,sans_arbres
c_01_08,2017-03,90.884,80.558,5.818,4.508,0.0,51.667,5.507,286.843,,24.747,sans_arbres
c_01_08,2017-04,98.299,85.197,5.764,7.338,0.0,54.601,5.59,306.806,,31.147,sans_arbres
c_01_08,2017-05,122.12,100.556,5.263,16.301,0.0,68.198,4.417,294.192,,36.434,sans_arbres
c_01_08,2017-06,169.409,-11.797,124.249,56.958,0.0,84.521,3.863,280.902,,0.0,sans_arbres
c_01_08,2017-07,162.761,-12.402,121.703,53.46,0.0,84.646,3.121,254.055,,0.0,sans_arbres
c_01_08,2017-08,147.549,-4.352,106.57,45.33,0.0,87.377,3.452,226.605,,0.0,sans_arbres
c_01_08,2017-09,162.164,-1.147,110.065,53.246,0.0,87.964,3.074,255.182,,0.0,sans_arbres
c_01_08,2017-10,149.104,-18.503,121.351,46.257,0.0,82.631,2.966,266.349,,0.0,sans_arbres
c_01_08,2017-11,61.442,62.312,5.834,-6.703,0.0,57.447,3.577,234.208,,9.639,sans_arbres
c_01_08,2017-12,44.663,52.723,5.015,-13.075,0.0,40.354,4.767,221.144,,15.476,sans_arbres
c_01_08,2018-01,42.435,51.519,4.817,-13.901,0.0,40.314,5.012,233.674,,20.835,sans_arbres
c_01_09,2017-01,46.599,53.455,5.474,-12.33,0.0,36.331,4.499,231.157,,14.263,sans_arbres
c_01_09,2017-02,67.022,67.054,4.522,-4.553,0.0,49.987,5.476,255.02,,19.388,sans_arbres
c_01_09,2017-03,90.884,80.558,5.818,4.508,0.0,51.667,5.507,286.843,,24.747,sans_arbres
c_01_09,2017-04,98.299,85.197,5.764,7.338,0.0,54.601,5.59,306.806,,31.147,sans_arbres
c_01_09,2017-05,122.12,100.556,5.263,16.301,0.0,68.198,4.417,294.192,,36.434,sans_arbres
c_01_09,2017-06,169.409,-11.797,124.249,56.958,0.0,84.521,3.863,280.902,,0.0,sans_arbres
c_01_09,2017-07,162.761,-12.402,121.703,53.46,0.0,84.646,3.121,254.055,,0.0,sans_arbres
c_01_09,2017-08,147.549,-4.352,106.57,45.33,0.0,87.377,3.452,226.605,,0.0,sans_arbres
c_01_09,2017-09,162.164,-1.147,110.065,53.246,0.0,87.964,3.074,255.182,,0.0,sans_arbres
c_01_09,2017-10,149.104,-18.503,121.351,46.257,0.0,82.631,2.966,266.349,,0.0,sans_arbres
c_01_09,2017-11,61.442,62.312,5.834,-6.703,0.0,57.447,3.577,234.208,,9.639,sans_arbres
c_01_09,2017-12,44.663,52.723,5.015,-13.075,0.0,40.354,4.767,221.144,,15.476,sans_arbres
c_01_09,2018-01,42.435,51.519,4.817,-13.901,0.0,40.314,5.012,233.674,,20.835,sans_arbres
c_01_10,2017-01,46.599,53.455,5.474,-12.33,0.0,36.331,4.499,231.157,,14.263,sans_arbres
c_01_10,2017-02,67.022,67.054,4.522,-4.553,0.0,49.987,5.476,255.02,,19.388,sans_arbres
c_01_10,2017-03,90.884,80.558,5.818,4.508,0.0,51.667,5.507,286.843,,24.747,sans_arbres
c_01_10,2017-04,98.299,85.197,5.764,7.338,0.0,54.601,5.59,306.806,,31.147,sans_arbres
c_01_10,2017-05,122.12,100.556,5.263,16.301,0.0,68.198,4.417,294.192,,36.434,sans_arbres
c_01_10,2017-06,150.889,16.872,94.336,39.681,0.0,76.433,4.174,280.902,,38.069,sans_arbres
c_01_10,2017-07,145.974,17.978,90.599,37.397,0.0,76.724,3.509,254.055,,17.731,sans_arbres
c_01_10,2017-08,132.566,20.523,81.067,30.976,0.0,82.062,3.69,226.605,,0.17,sans_arbres
c_01_10,2017-09,145.307,26.424,81.646,37.237,0.0,83.281,3.263,255.182,,0.315,sans_arbres
c_01_10,2017-10,131.587,11.905,89.003,30.679,0.0,75.561,3.198,266.349,,2.682,sans_arbres
c_01_10,2017-11,61.442,62.312,5.834,-6.703,0.0,57.447,3.577,234.208,,9.639,sans_arbres
c_01_10,2017-12,44.663,52.723,5.015,-13.075,0.0,40.354,4.767,221.144,,15.476,sans_arbres
c_01_10,2018-01,42.435,51.519,4.817,-13.901,0.0,40.314,5.012,233.674,,20.835,sans_arbres
c_01_11,2017-01,63.663,59.639,5.219,-1.195,0.0,36.752,2.968,231.157,,17.287,sans_arbres
c_01_11,2017-02,85.715,72.406,4.374,8.935,0.0,49.966,3.766,255.02,,22.226,sans_arbres
c_01_11,2017-03,111.778,85.575,5.417,20.787,0.0,52.483,3.763,286.843,,27.261,sans_arbres
c_01_11,2017-04,120.638,90.26,5.464,24.914,0.0,54.989,3.804,306.806,,33.258,sans_arbres
c_01_11,2017-05,143.304,103.505,4.55,35.249,0.0,70.208,2.831,294.192,,38.106,sans_arbres
c_01_11,2017-06,138.601,99.709,5.808,33.084,0.0,73.201,2.63,280.902,,41.918,sans_arbres
c_01_11,2017-07,134.716,92.758,10.798,31.16,0.0,73.044,2.1,254.055,,31.306,sans_arbres
c_01_11,2017-08,122.489,81.337,15.579,25.572,0.0,79.428,2.193,226.605,,10.218,sans_arbres
c_01_11,2017-09,134.019,94.803,8.296,30.92,0.0,81.228,1.709,255.182,,4.072,sans_arbres
c_01_11,2017-10,120.11,89.516,6.036,24.558,0.0,72.745,1.793,266.349,,5.239,sans_arbres
c_01_11,2017-11,78.611,67.602,5.347,5.662,0.0,59.097,2.219,234.208,,10.978,sans_arbres
c_01_11,2017-12,60.987,58.579,4.824,-2.416,0.0,40.624,3.195,221.144,,16.477,sans_arbres
c_01_11,2018-01,59.724,58.076,4.648,-3.0,0.0,40.366,3.378,233.674,,21.635,sans_arbres
c_01_12,2017-01,56.221,56.909,5.147,-5.835,0.0,35.871,4.09,231.157,,13.917,sans_arbres
c_01_12,2017-02,77.634,69.569,4.269,3.797,0.0,49.315,5.101,255.02,,18.759,sans_arbres
c_01_12,2017-03,102.818,82.493,5.362,14.963,0.0,51.117,5.118,286.843,,23.716,sans_arbres
c_01_12,2017-04,111.063,86.969,5.355,18.738,0.0,53.916,5.174,306.806,,29.628,sans_arbres
c_01_12,2017-05,134.354,100.79,4.526,29.038,0.0,68.428,4.118,294.192,,34.386,sans_arbres
c_01_12,2017-06,130.07,97.291,5.653,27.126,0.0,71.351,3.897,280.902,,37.91,sans_arbres
c_01_12,2017-07,127.079,91.056,10.376,25.647,0.0,70.839,3.259,254.055,,23.066,sans_arbres
c_01_12,2017-08,115.697,80.488,14.663,20.546,0.0,77.366,3.397,226.605,,2.754,sans_arbres
c_01_12,2017-09,126.338,92.953,8.014,25.37,0.0,78.391,2.777,255.182,,0.922,sans_arbres
c_01_12,2017-10,111.926,86.95,6.036,18.94,0.0,70.446,2.776,266.349,,3.077,sans_arbres
c_01_12,2017-11,71.188,65.038,5.309,0.841,0.0,57.112,3.257,234.208,,8.792,sans_arbres
c_01_12,2017-12,53.868,56.008,4.733,-6.873,0.0,39.844,4.361,221.144,,14.218,sans_arbres
c_01_12,2018-01,52.162,55.249,4.557,-7.644,0.0,39.638,4.566,233.674,,19.283,sans_arbres
c_02_00,2017-01,47.472,54.076,5.201,-11.805,0.0,36.378,4.301,231.157,,13.352,sans_arbres
c_02_00,2017-02,67.974,67.611,4.268,-3.904,0.0,50.036,5.268,255.02,,18.214,sans_arbres
c_02_00,2017-03,91.945,81.221,5.486,5.238,0.0,51.67,5.305,286.843,,23.249,sans_arbres
c_02_00,2017-04,99.433,85.836,5.433,8.164,0.0,54.62,5.377,306.806,,29.287,sans_arbres
c_02_00,2017-05,123.188,101.28,4.779,17.129,0.0,68.5,4.257,294.192,,34.173,sans_arbres
c_02_00,2017-06,119.407,98.011,5.749,15.647,0.0,71.433,4.059,280.902,,37.677,sans_arbres
c_02_00,2017-07,117.431,92.489,10.106,14.835,0.0,70.546,3.452,254.055,,18.414,sans_arbres
c_02_00,2017-08,107.09,82.397,13.844,10.849,0.0,76.97,3.617,226.605,,0.341,sans_arbres
c_02_00,2017-09,116.647,94.15,7.928,14.569,0.0,77.991,2.991,255.182,,0.374,sans_arbres
c_02_00,2017-10,101.821,86.616,6.32,8.886,0.0,70.446,2.937,266.349,,3.001,sans_arbres
c_02_00,2017-11,62.317,63.005,5.464,-6.152,0.0,57.594,3.407,234.208,,8.946,sans_arbres
c_02_00,2017-12,45.498,53.304,4.749,-12.556,0.0,40.414,4.568,221.144,,14.449,sans_arbres
c_02_00,2018-01,43.32,52.138,4.567,-13.385,0.0,40.343,4.796,233.674,,19.533,sans_arbres
c_02_01,2017-01,58.552,60.029,5.21,-4.569,2.118,36.565,2.913,231.157,,14.756,sans_arbres
c_02_01,2017-02,80.143,72.884,4.335,5.042,2.118,49.991,3.643,255.02,,19.665,sans_arbres
c_02_01,2017-03,105.576,86.046,5.427,16.221,2.118,52.333,3.671,286.843,,24.69,sans_arbres
c_02_01,2017-04,114.009,90.643,5.435,20.049,2.118,55.009,3.643,306.806,,30.682,sans_arbres
c_02_01,2017-05,137.065,104.442,4.583,30.157,2.118,70.154,2.706,294.192,,35.514,sans_arbres
c_02_01,2017-06,132.651,100.79,5.774,28.205,2.118,73.138,2.505,280.902,,39.185,sans_arbres
c_02_01,2017-07,129.375,94.217,10.669,26.606,2.118,72.891,1.921,254.055,,25.733,sans_arbres
c_02_01,2017-08,117.735,83.18,15.221,21.451,2.118,79.319,1.96,226.605,,4.434,sans_arbres
c_02_01,2017-09,128.649,96.17,8.255,26.341,2.118,80.961,1.588,255.182,,1.468,sans_arbres
c_02_01,2017-10,114.42,90.357,6.122,20.059,2.118,72.421,1.747,266.349,,3.426,sans_arbres
c_02_01,2017-11,73.493,68.195,5.38,2.035,2.118,58.605,2.225,234.208,,9.229,sans_arbres
c_02_01,2017-12,56.098,59.066,4.798,-5.649,2.118,40.533,3.124,221.144,,14.729,sans_arbres
c_02_01,2018-01,54.538,58.385,4.62,-6.349,2.118,40.281,3.29,233.674,,19.861,sans_arbres
c_02_02,2017-01,55.104,58.426,5.179,-6.787,1.714,35.87,4.088,231.157,,13.897,sans_arbres
c_02_02,2017-02,76.381,71.322,4.297,2.476,1.714,49.308,5.098,255.02,,18.769,sans_arbres
c_02_02,2017-03,101.388,84.499,5.405,13.198,1.714,51.106,5.114,286.843,,23.765,sans_arbres
c_02_02,2017-04,109.532,89.041,5.398,16.807,1.714,53.912,5.17,306.806,,29.726,sans_arbres
c_02_02,2017-05,132.848,103.209,4.577,26.777,1.714,68.384,4.117,294.192,,34.529,sans_arbres
c_02_02,2017-06,130.517,93.962,11.939,26.33,1.714,71.508,3.894,280.902,,37.551,sans_arbres
c_02_02,2017-07,127.474,88.347,15.948,24.893,1.714,71.031,3.253,254.055,,22.309,sans_arbres
c_02_02,2017-08,116.047,78.505,19.384,19.872,1.714,77.513,3.393,226.605,,2.397,sans_arbres
c_02_02,2017-09,126.736,90.803,13.012,24.636,1.714,78.552,2.776,255.182,,0.76,sans_arbres
c_02_02,2017-10,112.361,83.958,11.777,18.341,1.714,70.605,2.775,266.349,,2.982,sans_arbres
c_02_02,2017-11,70.038,66.738,5.358,-0.344,1.714,57.1,3.255,234.208,,8.82,sans_arbres
c_02_02,2017-12,52.8,57.522,4.762,-7.771,1.714,39.842,4.358,221.144,,14.286,sans_arbres
c_02_02,2018-01,51.039,56.711,4.583,-8.54,1.714,39.644,4.562,233.674,,19.382,sans_arbres
c_02_03,2017-01,69.417,63.698,5.322,4.43,4.033,35.714,2.785,231.157,,22.011,sans_arbres
c_02_03,2017-02,92.135,75.422,4.44,16.306,4.033,49.399,3.447,255.02,,27.044,sans_arbres
c_02_03,2017-03,119.071,87.379,5.45,30.275,4.033,51.67,3.421,286.843,,32.125,sans_arbres
c_02_03,2017-04,128.443,91.746,5.504,35.226,4.033,54.221,3.48,306.806,,38.158,sans_arbres
c_02_03,2017-05,150.917,103.477,4.562,46.912,4.033,69.781,2.627,294.192,,43.034,sans_arbres
c_02_03,2017-06,145.878,99.731,5.911,44.27,4.033,72.855,2.446,280.902,,47.057,sans_arbres
c_02_03,2017-07,141.341,92.492,11.127,41.756,4.033,73.016,1.921,254.055,,39.792,sans_arbres
c_02_03,2017-08,128.41,81.131,16.279,35.032,4.033,79.466,2.0,226.605,,19.396,sans_arbres
c_02_03,2017-09,140.668,94.583,8.63,41.489,4.033,81.043,1.598,255.182,,9.398,sans_arbres
c_02_03,2017-10,126.957,90.563,6.09,34.338,4.033,71.986,1.718,266.349,,9.713,sans_arbres
c_02_03,2017-11,84.506,70.777,5.447,12.315,4.033,57.594,2.095,234.208,,15.553,sans_arbres
c_02_03,2017-12,66.492,62.677,4.936,2.912,4.033,39.637,2.989,221.144,,21.171,sans_arbres
c_02_03,2018-01,65.518,62.399,4.755,2.399,4.033,39.346,3.141,233.674,,26.451,sans_arbres
c_02_04,2017-01,53.442,56.106,5.147,-7.811,0.0,36.031,4.158,231.157,,13.626,sans_arbres
c_02_04,2017-02,74.572,69.003,4.251,1.318,0.0,49.54,5.155,255.02,,18.457,sans_arbres
c_02_04,2017-03,99.377,82.13,5.385,11.861,0.0,51.246,5.193,286.843,,23.421,sans_arbres
c_02_04,2017-04,107.383,86.653,5.358,15.371,0.0,54.13,5.241,306.806,,29.352,sans_arbres
c_02_04,2017-05,130.831,100.952,4.578,25.301,0.0,68.427,4.171,294.192,,34.127,sans_arbres
c_02_04,2017-06,126.707,97.522,5.657,23.528,0.0,71.365,3.948,280.902,,37.612,sans_arbres
c_02_04,2017-07,124.039,91.494,10.284,22.262,0.0,70.713,3.327,254.055,,21.329,sans_arbres
c_02_04,2017-08,112.986,81.084,14.405,17.497,0.0,77.226,3.47,226.605,,1.795,sans_arbres
c_02_04,2017-09,123.284,93.337,7.972,21.975,0.0,78.226,2.839,255.182,,0.633,sans_arbres
c_02_04,2017-10,108.734,86.876,6.105,15.754,0.0,70.417,2.826,266.349,,2.982,sans_arbres
c_02_04,2017-11,68.376,64.478,5.339,-1.441,0.0,57.251,3.31,234.208,,8.749,sans_arbres
c_02_04,2017-12,51.209,55.238,4.722,-8.751,0.0,40.033,4.422,221.144,,14.179,sans_arbres
c_02_04,2018-01,49.352,54.362,4.545,-9.555,0.0,39.877,4.635,233.674,,19.234,sans_arbres
c_02_05,2017-01,60.656,58.59,5.198,-2.325,0.807,35.61,4.152,231.157,,15.768,sans_arbres
c_02_05,2017-02,82.541,70.75,4.304,8.293,0.807,49.045,5.188,255.02,,20.658,sans_arbres
c_02_05,2017-03,108.35,83.131,5.385,20.64,0.807,50.891,5.177,286.843,,25.644,sans_arbres
c_02_05,2017-04,116.98,87.51,5.382,24.895,0.807,53.625,5.246,306.806,,31.583,sans_arbres
c_02_05,2017-05,140.052,100.407,4.538,35.913,0.807,68.205,4.195,294.192,,36.362,sans_arbres
c_02_05,2017-06,135.512,96.878,5.718,33.722,0.807,71.138,3.979,280.902,,40.051,sans_arbres
c_02_05,2017-07,132.008,90.333,10.589,31.893,0.807,70.745,3.315,254.055,,27.694,sans_arbres
c_02_05,2017-08,120.096,79.675,15.095,26.132,0.807,77.314,3.433,226.605,,6.47,sans_arbres
c_02_05,2017-09,131.288,92.283,8.2,31.611,0.807,78.247,2.832,255.182,,2.398,sans_arbres
c_02_05,2017-10,117.076,87.054,6.074,24.755,0.807,70.164,2.866,266.349,,4.029,sans_arbres
c_02_05,2017-11,75.694,66.237,5.361,4.903,0.807,56.766,3.308,234.208,,9.804,sans_arbres
c_02_05,2017-12,58.111,57.672,4.789,-3.543,0.807,39.553,4.434,221.144,,15.288,sans_arbres
c_02_05,2018-01,56.641,57.093,4.611,-4.255,0.807,39.334,4.631,233.674,,20.414,sans_arbres
c_02_06,2017-01,53.611,56.679,5.158,-7.823,0.403,36.046,4.154,231.157,,13.684,sans_arbres
c_02_06,2017-02,74.737,69.694,4.261,1.185,0.403,49.555,5.148,255.02,,18.526,sans_arbres
c_02_06,2017-03,99.542,82.953,5.403,11.589,0.403,51.255,5.188,286.843,,23.504,sans_arbres
c_02_06,2017-04,107.557,87.527,5.375,15.058,0.403,54.144,5.235,306.806,,29.455,sans_arbres
c_02_06,2017-05,130.961,101.93,4.598,24.836,0.403,68.427,4.166,294.192,,34.248,sans_arbres
c_02_06,2017-06,129.073,91.717,13.065,24.694,0.403,71.618,3.94,280.902,,37.229,sans_arbres
c_02_06,2017-07,126.171,86.372,16.839,23.363,0.403,71.033,3.313,254.055,,21.173,sans_arbres
c_02_06,2017-08,114.885,76.843,19.954,18.492,0.403,77.492,3.461,226.605,,1.884,sans_arbres
c_02_06,2017-09,125.426,88.884,13.844,23.102,0.403,78.516,2.833,255.182,,0.617,sans_arbres
c_02_06,2017-10,110.988,81.654,12.84,16.897,0.403,70.681,2.822,266.349,,2.932,sans_arbres
c_02_06,2017-11,68.528,65.12,5.356,-1.545,0.403,57.268,3.305,234.208,,8.79,sans_arbres
c_02_06,2017-12,51.371,55.796,4.731,-8.753,0.403,40.049,4.417,221.144,,14.234,sans_arbres
c_02_06,2018-01,49.529,54.92,4.553,-9.541,0.403,39.895,4.63,233.674,,19.298,sans_arbres
c_02_07,2017-01,52.783,58.38,5.166,-8.444,2.319,35.903,3.989,231.157,,13.601,sans_arbres
c_02_07,2017-02,73.813,71.519,4.306,0.308,2.319,49.306,4.985,255.02,,18.469,sans_arbres
c_02_07,2017-03,98.492,84.981,5.396,10.434,2.319,51.156,4.996,286.843,,23.464,sans_arbres
c_02_07,2017-04,106.434,89.54,5.404,13.809,2.319,53.931,5.056,306.806,,29.421,sans_arbres
c_02_07,2017-05,129.865,104.207,4.562,23.415,2.319,68.514,4.016,294.192,,34.227,sans_arbres
c_02_07,2017-06,129.045,90.701,16.651,24.012,2.319,71.763,3.788,280.902,,37.002,sans_arbres
c_02_07,2017-07,126.141,85.696,20.057,22.708,2.319,71.358,3.152,254.055,,20.566,sans_arbres
c_02_07,2017-08,114.858,76.512,22.753,17.913,2.319,77.764,3.296,226.605,,1.647,sans_arbres
c_02_07,2017-09,125.397,88.547,16.704,22.466,2.319,78.918,2.686,255.182,,0.543,sans_arbres
c_02_07,2017-10,110.967,80.857,16.084,16.345,2.319,70.933,2.69,266.349,,2.833,sans_arbres
c_02_07,2017-11,67.679,66.959,5.332,-2.293,2.319,57.206,3.167,234.208,,8.648,sans_arbres
c_02_07,2017-12,50.579,57.491,4.756,-9.349,2.319,39.865,4.258,221.144,,14.099,sans_arbres
c_02_07,2018-01,48.695,56.577,4.576,-10.138,2.319,39.64,4.46,233.674,,19.184,sans_arbres
c_02_08,2017-01,46.599,53.455,5.474,-12.33,0.0,36.331,4.499,231.157,,14.263,sans_arbres
c_02_08,2017-02,67.022,67.054,4.522,-4.553,0.0,49.987,5.476,255.02,,19.388,sans_arbres
c_02_08,2017-03,90.884,80.558,5.818,4.508,0.0,51.667,5.507,286.843,,24.747,sans_arbres
c_02_08,2017-04,98.299,85.197,5.764,7.338,0.0,54.601,5.59,306.806,,31.147,sans_arbres
c_02_08,2017-05,122.12,100.556,5.263,16.301,0.0,68.198,4.417,294.192,,36.434,sans_arbres
c_02_08,2017-06,159.001,2.643,109.17,47.188,0.0,78.699,4.106,280.902,,37.898,sans_arbres
c_02_08,2017-07,153.327,3.587,105.472,44.268,0.0,78.893,3.432,254.055,,17.349,sans_arbres
c_02_08,2017-08,139.129,8.545,93.506,37.077,0.0,83.849,3.612,226.605,,0.161,sans_arbres
c_02_08,2017-09,152.691,13.19,95.511,43.99,0.0,84.924,3.203,255.182,,0.29,sans_arbres
c_02_08,2017-10,139.26,-2.239,104.277,37.222,0.0,77.945,3.14,266.349,,2.532,sans_arbres
c_02_08,2017-11,61.442,62.312,5.834,-6.703,0.0,57.447,3.577,234.208,,9.639,sans_arbres
c_02_08,2017-12,44.663,52.723,5.015,-13.075,0.0,40.354,4.767,221.144,,15.476,sans_arbres
c_02_08,2018-01,42.435,51.519,4.817,-13.901,0.0,40.314,5.012,233.674,,20.835,sans_arbres
c_02_09,2017-01,46.599,53.455,5.474,-12.33,0.0,36.331,4.499,231.157,,14.263,sans_arbres
c_02_09,2017-02,67.022,67.054,4.522,-4.553,0.0,49.987,5.476,255.02,,19.388,sans_arbres
c_02_09,2017-03,90.884,80.558,5.818,4.508,0.0,51.667,5.507,286.843,,24.747,sans_arbres
c_02_09,2017-04,98.299,85.197,5.764,7.338,0.0,54.601,5.59,306.806,,31.147,sans_arbres
c_02_09,2017-05,122.12,100.556,5.263,16.301,0.0,68.198,4.417,294.192,,36.434,sans_arbres
c_02_09,2017-06,168.185,-10.224,122.671,55.738,0.0,83.742,3.898,280.902,,36.787,sans_arbres
c_02_09,2017-07,161.651,-10.67,119.966,52.355,0.0,83.753,3.168,254.055,,16.047,sans_arbres
c_02_09,2017-08,146.558,-2.928,105.145,44.341,0.0,86.812,3.478,226.605,,0.152,sans_arbres
c_02_09,2017-09,161.049,0.389,108.539,52.121,0.0,87.469,3.103,255.182,,0.263,sans_arbres
c_02_09,2017-10,147.946,-16.711,119.495,45.162,0.0,82.078,2.984,266.349,,2.311,sans_arbres
c_02_09,2017-11,61.442,62.312,5.834,-6.703,0.0,57.447,3.577,234.208,,9.639,sans_arbres
c_02_09,2017-12,44.663,52.723,5.015,-13.075,0.0,40.354,4.767,221.144,,15.476,sans_arbres
c_02_09,2018-01,42.435,51.519,4.817,-13.901,0.0,40.314,5.012,233.674,,20.835,sans_arbres
c_02_10,2017-01,51.531,55.11,5.502,-9.08,0.0,36.059,4.501,231.157,,14.781,sans_arbres
c_02_10,2017-02,72.483,68.187,4.54,-0.243,0.0,49.663,5.495,255.02,,19.933,sans_arbres
c_02_10,2017-03,97.046,81.141,5.816,10.089,0.0,51.363,5.527,286.843,,25.298,sans_arbres
c_02_10,2017-04,104.891,85.723,5.765,13.404,0.0,54.263,5.604,306.806,,31.694,sans_arbres
c_02_10,2017-05,128.476,100.024,5.224,23.228,0.0,67.981,4.455,294.192,,36.968,sans_arbres
c_02_10,2017-06,137.623,61.44,44.574,31.609,0.0,72.775,4.301,280.902,,37.802,sans_arbres
c_02_10,2017-07,133.95,59.136,44.899,29.914,0.0,72.534,3.684,254.055,,21.289,sans_arbres
c_02_10,2017-08,121.835,54.442,43.06,24.334,0.0,78.583,3.877,226.605,,1.841,sans_arbres
c_02_10,2017-09,133.234,63.942,39.608,29.683,0.0,79.721,3.336,255.182,,0.634,sans_arbres
c_02_10,2017-10,119.041,53.863,42.036,23.142,0.0,71.863,3.226,266.349,,2.988,sans_arbres
c_02_10,2017-11,66.457,63.425,5.846,-2.814,0.0,57.098,3.597,234.208,,9.761,sans_arbres
c_02_10,2017-12,49.382,54.328,5.048,-9.993,0.0,40.061,4.77,221.144,,15.624,sans_arbres
c_02_10,2018-01,47.415,53.362,4.851,-10.799,0.0,39.993,5.012,233.674,,21.021,sans_arbres
c_02_11,2017-01,68.085,59.287,5.235,3.563,0.0,36.005,1.955,231.157,,20.251,sans_arbres
c_02_11,2017-02,90.696,70.928,4.374,15.394,0.0,49.61,2.433,255.02,,25.206,sans_arbres
c_02_11,2017-03,117.483,82.825,5.361,29.298,0.0,52.043,2.357,286.843,,30.206,sans_arbres
c_02_11,2017-04,126.747,87.134,5.42,34.194,0.0,54.529,2.473,306.806,,36.141,sans_arbres
c_02_11,2017-05,149.345,98.899,4.473,45.973,0.0,70.011,2.135,294.192,,40.933,sans_arbres
c_02_11,2017-06,144.381,95.271,5.763,43.347,0.0,73.093,2.036,280.902,,44.81,sans_arbres
c_02_11,2017-07,140.006,88.294,10.78,40.931,0.0,73.276,1.727,254.055,,36.62,sans_arbres
c_02_11,2017-08,127.223,77.277,15.672,34.274,0.0,79.675,1.821,226.605,,16.374,sans_arbres
c_02_11,2017-09,139.324,90.371,8.299,40.654,0.0,81.356,1.527,255.182,,7.539,sans_arbres
c_02_11,2017-10,125.515,86.126,5.927,33.462,0.0,72.322,1.506,266.349,,8.021,sans_arbres
c_02_11,2017-11,83.185,66.385,5.328,11.471,0.0,58.159,1.588,234.208,,13.702,sans_arbres
c_02_11,2017-12,65.218,58.29,4.856,2.072,0.0,39.928,2.094,221.144,,19.213,sans_arbres
c_02_11,2018-01,64.163,57.968,4.679,1.516,0.0,39.628,2.159,233.674,,24.408,sans_arbres
c_02_12,2017-01,59.82,57.007,5.525,-2.711,0.0,35.613,4.526,231.157,,17.916,sans_arbres
c_02_12,2017-02,81.661,69.112,4.551,7.998,0.0,49.137,5.571,255.02,,23.093,sans_arbres
c_02_12,2017-03,107.403,81.033,5.782,20.588,0.0,50.875,5.595,286.843,,28.439,sans_arbres
c_02_12,2017-04,115.97,85.417,5.738,24.816,0.0,53.708,5.651,306.806,,34.797,sans_arbres
c_02_12,2017-05,139.159,97.975,5.128,36.056,0.0,67.684,4.553,294.192,,40.018,sans_arbres
c_02_12,2017-06,134.664,94.657,6.173,33.834,0.0,70.682,4.389,280.902,,44.324,sans_arbres
c_02_12,2017-07,131.268,88.437,10.688,32.143,0.0,70.244,3.81,254.055,,31.845,sans_arbres
c_02_12,2017-08,119.441,78.279,14.835,26.328,0.0,76.731,3.893,226.605,,8.357,sans_arbres
c_02_12,2017-09,130.54,90.211,8.507,31.822,0.0,77.583,3.369,255.182,,3.363,sans_arbres
c_02_12,2017-10,116.242,84.784,6.634,24.824,0.0,69.668,3.33,266.349,,5.218,sans_arbres
c_02_12,2017-11,74.886,64.412,5.835,4.639,0.0,56.541,3.662,234.208,,11.557,sans_arbres
c_02_12,2017-12,57.312,56.181,5.082,-3.951,0.0,39.577,4.792,221.144,,17.438,sans_arbres
c_02_12,2018-01,55.784,55.571,4.889,-4.676,0.0,39.459,5.019,233.674,,22.876,sans_arbres
c_03_00,2017-01,47.513,54.293,5.204,-11.782,0.202,36.365,4.299,231.157,,13.368,sans_arbres
c_03_00,2017-02,68.02,67.827,4.27,-3.876,0.202,50.019,5.267,255.02,,18.232,sans_arbres
c_03_00,2017-03,91.995,81.438,5.489,5.27,0.202,51.654,5.304,286.843,,23.27,sans_arbres
c_03_00,2017-04,99.487,86.054,5.435,8.199,0.202,54.602,5.376,306.806,,29.311,sans_arbres
c_03_00,2017-05,123.239,101.493,4.78,17.167,0.202,68.486,4.257,294.192,,34.199,sans_arbres
c_03_00,2017-06,119.456,98.222,5.753,15.682,0.202,71.42,4.058,280.902,,37.706,sans_arbres
c_03_00,2017-07,117.474,92.688,10.119,14.869,0.202,70.536,3.452,254.055,,18.469,sans_arbres
c_03_00,2017-08,107.129,82.582,13.869,10.879,0.202,76.963,3.616,226.605,,0.349,sans_arbres
c_03_00,2017-09,116.691,94.351,7.939,14.603,0.202,77.98,2.989,255.182,,0.375,sans_arbres
c_03_00,2017-10,101.868,86.826,6.323,8.92,0.202,70.432,2.936,266.349,,3.004,sans_arbres
c_03_00,2017-11,62.358,63.219,5.467,-6.126,0.202,57.577,3.406,234.208,,8.953,sans_arbres
c_03_00,2017-12,45.538,53.519,4.752,-12.532,0.202,40.4,4.566,221.144,,14.459,sans_arbres
c_03_00,2018-01,43.362,52.355,4.57,-13.361,0.202,40.328,4.794,233.674,,19.546,sans_arbres
c_03_01,2017-01,60.545,60.699,5.226,-3.162,2.218,36.496,2.963,231.157,,15.549,sans_arbres
c_03_01,2017-02,82.328,73.449,4.353,6.744,2.218,49.92,3.72,255.02,,20.477,sans_arbres
c_03_01,2017-03,108.021,86.519,5.434,18.286,2.218,52.28,3.756,286.843,,25.513,sans_arbres
c_03_01,2017-04,116.622,91.122,5.449,22.27,2.218,54.931,3.72,306.806,,31.515,sans_arbres
c_03_01,2017-05,139.547,104.631,4.58,32.555,2.218,70.103,2.766,294.192,,36.358,sans_arbres
c_03_01,2017-06,135.02,100.932,5.802,30.504,2.218,73.098,2.562,280.902,,40.095,sans_arbres
c_03_01,2017-07,131.509,94.197,10.767,28.763,2.218,72.911,1.974,254.055,,27.777,sans_arbres
c_03_01,2017-08,119.637,83.009,15.434,23.412,2.218,79.346,2.024,226.605,,6.377,sans_arbres
c_03_01,2017-09,130.794,96.173,8.326,28.513,2.218,80.978,1.62,255.182,,2.189,sans_arbres
c_03_01,2017-10,116.676,90.641,6.121,22.132,2.218,72.367,1.779,266.349,,3.881,sans_arbres
c_03_01,2017-11,75.499,68.739,5.389,3.59,2.218,58.533,2.252,234.208,,9.691,sans_arbres
c_03_01,2017-12,58.004,59.713,4.818,-4.308,2.218,40.45,3.179,221.144,,15.207,sans_arbres
c_03_01,2018-01,56.556,59.107,4.639,-4.971,2.218,40.198,3.351,233.674,,20.36,sans_arbres
c_03_02,2017-01,53.894,55.763,5.511,-7.38,0.0,35.93,4.504,231.157,,15.259,sans_arbres
c_03_02,2017-02,75.099,68.576,4.545,1.978,0.0,49.51,5.51,255.02,,20.421,sans_arbres
c_03_02,2017-03,99.998,81.254,5.81,12.933,0.0,51.221,5.541,286.843,,25.784,sans_arbres
c_03_02,2017-04,108.049,85.788,5.761,16.5,0.0,54.103,5.613,306.806,,32.174,sans_arbres
c_03_02,2017-05,131.521,99.583,5.201,26.737,0.0,67.886,4.48,294.192,,37.436,sans_arbres
c_03_02,2017-06,131.858,83.921,19.583,28.354,0.0,71.454,4.331,280.902,,40.164,sans_arbres
c_03_02,2017-07,128.724,79.314,22.507,26.903,0.0,70.974,3.758,254.055,,24.583,sans_arbres
c_03_02,2017-08,117.171,71.08,24.445,21.646,0.0,77.303,3.891,226.605,,2.489,sans_arbres
c_03_02,2017-09,127.986,82.12,19.25,26.616,0.0,78.301,3.336,255.182,,0.973,sans_arbres
c_03_02,2017-10,113.588,74.54,18.963,20.085,0.0,70.506,3.228,266.349,,3.395,sans_arbres
c_03_02,2017-11,68.86,63.82,5.847,-0.807,0.0,56.933,3.618,234.208,,9.945,sans_arbres
c_03_02,2017-12,51.642,54.963,5.06,-8.381,0.0,39.922,4.774,221.144,,15.817,sans_arbres
c_03_02,2018-01,49.8,54.107,4.864,-9.171,0.0,39.84,5.012,233.674,,21.228,sans_arbres
c_03_03,2017-01,55.854,61.035,5.248,-6.396,4.033,36.502,2.065,231.157,,14.172,sans_arbres
c_03_03,2017-02,77.187,73.99,4.398,2.833,4.033,49.944,2.636,255.02,,19.134,sans_arbres
c_03_03,2017-03,102.274,87.284,5.447,13.576,4.033,52.413,2.615,286.843,,24.198,sans_arbres
c_03_03,2017-04,110.478,91.838,5.492,17.181,4.033,55.015,2.683,306.806,,30.227,sans_arbres
c_03_03,2017-05,133.718,105.996,4.597,27.158,4.033,70.313,2.251,294.192,,35.108,sans_arbres
c_03_03,2017-06,129.458,102.388,5.795,25.308,4.033,73.326,2.135,280.902,,38.711,sans_arbres
c_03_03,2017-07,126.5,96.048,10.589,23.895,4.033,73.22,1.825,254.055,,23.79,sans_arbres
c_03_03,2017-08,115.174,85.079,15.114,19.014,4.033,79.584,1.949,226.605,,2.608,sans_arbres
c_03_03,2017-09,125.759,97.957,8.196,23.64,4.033,81.39,1.564,255.182,,0.849,sans_arbres
c_03_03,2017-10,111.376,91.874,6.084,17.451,4.033,72.68,1.498,266.349,,3.062,sans_arbres
c_03_03,2017-11,70.778,69.37,5.395,0.046,4.033,58.723,1.664,234.208,,8.842,sans_arbres
c_03_03,2017-12,53.517,60.099,4.853,-7.402,4.033,40.428,2.219,221.144,,14.382,sans_arbres
c_03_03,2018-01,51.803,59.312,4.669,-8.144,4.033,40.176,2.302,233.674,,19.569,sans_arbres
c_03_04,2017-01,53.662,62.608,5.293,-8.189,6.05,36.868,1.895,231.157,,14.201,sans_arbres
c_03_04,2017-02,74.729,76.001,4.448,0.33,6.05,50.109,2.416,255.02,,19.211,sans_arbres
c_03_04,2017-03,99.469,89.777,5.511,10.231,6.05,52.765,2.365,286.843,,24.337,sans_arbres
c_03_04,2017-04,107.475,94.446,5.564,13.515,6.05,55.252,2.46,306.806,,30.441,sans_arbres
c_03_04,2017-05,130.767,109.27,4.674,22.873,6.05,70.389,2.088,294.192,,35.398,sans_arbres
c_03_04,2017-06,126.636,105.632,5.865,21.189,6.05,73.384,1.987,280.902,,39.016,sans_arbres
c_03_04,2017-07,123.923,99.37,10.63,19.973,6.05,73.209,1.706,254.055,,23.034,sans_arbres
c_03_04,2017-08,112.87,88.279,15.124,15.517,6.05,79.55,1.831,226.605,,2.063,sans_arbres
c_03_04,2017-09,123.175,101.257,8.244,19.724,6.05,81.436,1.487,255.182,,0.806,sans_arbres
c_03_04,2017-10,108.73,94.688,6.161,13.931,6.05,72.921,1.403,266.349,,3.098,sans_arbres
c_03_04,2017-11,68.521,71.3,5.456,-2.185,6.05,59.332,1.54,234.208,,8.948,sans_arbres
c_03_04,2017-12,51.419,61.662,4.897,-9.09,6.05,40.732,2.047,221.144,,14.544,sans_arbres
c_03_04,2018-01,49.6,60.767,4.71,-9.827,6.05,40.519,2.109,233.674,,19.775,sans_arbres
c_03_05,2017-01,55.279,63.099,5.309,-7.078,6.05,36.751,1.876,231.157,,14.417,sans_arbres
c_03_05,2017-02,76.514,76.351,4.46,1.753,6.05,50.033,2.38,255.02,,19.443,sans_arbres
c_03_05,2017-03,101.477,89.978,5.518,12.031,6.05,52.688,2.32,286.843,,24.577,sans_arbres
c_03_05,2017-04,109.623,94.634,5.573,15.466,6.05,55.141,2.422,306.806,,30.689,sans_arbres
c_03_05,2017-05,132.827,109.144,4.677,25.057,6.05,70.303,2.069,294.192,,35.653,sans_arbres
c_03_05,2017-06,128.603,105.477,5.893,23.283,6.05,73.308,1.972,280.902,,39.329,sans_arbres
c_03_05,2017-07,125.703,99.067,10.726,21.96,6.05,73.189,1.692,254.055,,24.193,sans_arbres
c_03_05,2017-08,114.457,87.887,15.323,17.297,6.05,79.548,1.811,226.605,,2.567,sans_arbres
c_03_05,2017-09,124.962,100.988,8.32,21.705,6.05,81.405,1.482,255.182,,0.926,sans_arbres
c_03_05,2017-10,110.595,94.699,6.169,15.777,6.05,72.799,1.404,266.349,,3.161,sans_arbres
c_03_05,2017-11,70.16,71.632,5.469,-0.891,6.05,59.22,1.526,234.208,,9.024,sans_arbres
c_03_05,2017-12,52.967,62.136,4.914,-8.033,6.05,40.618,2.024,221.144,,14.637,sans_arbres
c_03_05,2018-01,51.234,61.313,4.727,-8.755,6.05,40.407,2.08,233.674,,19.886,sans_arbres
c_03_06,2017-01,67.718,61.285,5.25,2.797,1.613,36.036,3.07,231.157,,19.864,sans_arbres
c_03_06,2017-02,90.248,73.269,4.369,14.224,1.613,49.606,3.847,255.02,,24.819,sans_arbres
c_03_06,2017-03,116.936,85.525,5.409,27.616,1.613,51.915,3.874,286.843,,29.845,sans_arbres
c_03_06,2017-04,126.159,89.975,5.438,32.359,1.613,54.506,3.855,306.806,,35.824,sans_arbres
c_03_06,2017-05,148.704,102.113,4.53,43.674,1.613,69.875,2.839,294.192,,40.643,sans_arbres
c_03_06,2017-06,145.396,93.737,10.728,42.545,1.613,72.963,2.634,280.902,,43.255,sans_arbres
c_03_06,2017-07,140.901,87.099,15.287,40.129,1.613,73.017,2.016,254.055,,35.21,sans_arbres
c_03_06,2017-08,128.016,76.506,19.538,33.585,1.613,79.465,2.083,226.605,,15.821,sans_arbres
c_03_06,2017-09,140.227,89.67,12.288,39.882,1.613,81.013,1.64,255.182,,7.289,sans_arbres
c_03_06,2017-10,126.506,84.753,10.498,32.869,1.613,72.13,1.816,266.349,,7.717,sans_arbres
c_03_06,2017-11,82.773,68.607,5.385,10.395,1.613,57.932,2.297,234.208,,13.437,sans_arbres
c_03_06,2017-12,64.867,60.267,4.853,1.36,1.613,39.965,3.299,221.144,,18.974,sans_arbres
c_03_06,2018-01,63.805,59.927,4.675,0.817,1.613,39.726,3.469,233.674,,24.166,sans_arbres
c_03_07,2017-01,58.803,62.742,5.283,-4.482,4.739,36.467,2.674,231.157,,15.152,sans_arbres
c_03_07,2017-02,80.407,75.651,4.422,5.074,4.739,49.859,3.367,255.02,,20.146,sans_arbres
c_03_07,2017-03,105.861,88.899,5.481,16.221,4.739,52.336,3.366,286.843,,25.24,sans_arbres
c_03_07,2017-04,114.313,93.507,5.523,20.021,4.739,54.888,3.385,306.806,,31.306,sans_arbres
c_03_07,2017-05,137.335,107.322,4.626,30.126,4.739,70.074,2.582,294.192,,36.216,sans_arbres
c_03_07,2017-06,132.907,103.628,5.867,28.15,4.739,73.082,2.411,280.902,,39.951,sans_arbres
c_03_07,2017-07,129.599,96.977,10.813,26.548,4.739,72.964,1.911,254.055,,26.731,sans_arbres
c_03_07,2017-08,117.933,85.72,15.532,21.42,4.739,79.388,1.984,226.605,,5.019,sans_arbres
c_03_07,2017-09,128.875,98.928,8.38,26.306,4.739,81.067,1.589,255.182,,1.659,sans_arbres
c_03_07,2017-10,114.672,93.208,6.149,20.053,4.739,72.389,1.685,266.349,,3.557,sans_arbres
c_03_07,2017-11,73.735,70.929,5.44,2.106,4.739,58.638,2.041,234.208,,9.404,sans_arbres
c_03_07,2017-12,56.338,61.76,4.885,-5.568,4.739,40.368,2.877,221.144,,14.985,sans_arbres
c_03_07,2018-01,54.795,61.086,4.7,-6.252,4.739,40.144,3.017,233.674,,20.205,sans_arbres
c_03_08,2017-01,46.599,53.455,5.474,-12.33,0.0,36.331,4.499,231.157,,14.263,sans_arbres
c_03_08,2017-02,67.022,67.054,4.522,-4.553,0.0,49.987,5.476,255.02,,19.388,sans_arbres
c_03_08,2017-03,90.884,80.558,5.818,4.508,0.0,51.667,5.507,286.843,,24.747,sans_arbres
c_03_08,2017-04,98.299,85.197,5.764,7.338,0.0,54.601,5.59,306.806,,31.147,sans_arbres
c_03_08,2017-05,122.12,100.556,5.263,16.301,0.0,68.198,4.417,294.192,,36.434,sans_arbres
c_03_08,2017-06,158.287,3.759,108.02,46.508,0.0,78.454,4.113,280.902,,37.942,sans_arbres
c_03_08,2017-07,152.679,4.778,104.25,43.651,0.0,78.675,3.442,254.055,,17.409,sans_arbres
c_03_08,2017-08,138.551,9.526,92.501,36.524,0.0,83.677,3.619,226.605,,0.162,sans_arbres
c_03_08,2017-09,152.04,14.286,94.375,43.38,0.0,84.771,3.207,255.182,,0.292,sans_arbres
c_03_08,2017-10,138.584,-1.066,103.025,36.625,0.0,77.707,3.145,266.349,,2.545,sans_arbres
c_03_08,2017-11,61.442,62.312,5.834,-6.703,0.0,57.447,3.577,234.208,,9.639,sans_arbres
c_03_08,2017-12,44.663,52.723,5.015,-13.075,0.0,40.354,4.767,221.144,,15.476,sans_arbres
c_03_08,2018-01,42.435,51.519,4.817,-13.901,0.0,40.314,5.012,233.674,,20.835,sans_arbres
c_03_09,2017-01,48.423,54.208,5.383,-11.168,0.0,36.263,4.44,231.157,,14.085,sans_arbres
c_03_09,2017-02,69.04,67.62,4.427,-3.006,0.0,49.912,5.421,255.02,,19.117,sans_arbres
c_03_09,2017-03,93.16,80.957,5.695,6.509,0.0,51.582,5.453,286.843,,24.356,sans_arbres
c_03_09,2017-04,100.734,85.578,5.635,9.521,0.0,54.514,5.532,306.806,,30.619,sans_arbres
c_03_09,2017-05,124.465,100.623,5.077,18.765,0.0,68.219,4.381,294.192,,35.75,sans_arbres
c_03_09,2017-06,155.017,12.454,97.956,44.607,0.0,76.944,4.06,280.902,,33.56,sans_arbres
c_03_09,2017-07,149.714,14.108,93.648,41.958,0.0,77.248,3.378,254.055,,15.998,sans_arbres
c_03_09,2017-08,135.904,17.003,83.91,34.991,0.0,82.523,3.559,226.605,,1.014,sans_arbres
c_03_09,2017-09,149.063,23.254,84.156,41.653,0.0,83.622,3.11,255.182,,0.288,sans_arbres
c_03_09,2017-10,135.492,8.622,91.981,34.889,0.0,76.078,3.081,266.349,,2.32,sans_arbres
c_03_09,2017-11,63.296,62.907,5.707,-5.319,0.0,57.381,3.529,234.208,,9.429,sans_arbres
c_03_09,2017-12,46.408,53.46,4.925,-11.976,0.0,40.287,4.71,221.144,,15.152,sans_arbres
c_03_09,2018-01,44.277,52.336,4.733,-12.792,0.0,40.231,4.949,233.674,,20.419,sans_arbres
c_03_10,2017-01,66.557,60.713,5.257,1.797,1.21,36.15,2.517,231.157,,18.858,sans_arbres
c_03_10,2017-02,88.969,72.794,4.397,12.989,1.21,49.653,3.147,255.02,,23.833,sans_arbres
c_03_10,2017-03,115.499,85.183,5.409,26.118,1.21,52.09,3.109,286.843,,28.871,sans_arbres
c_03_10,2017-04,124.622,89.641,5.463,30.728,1.21,54.575,3.179,306.806,,34.859,sans_arbres
c_03_10,2017-05,147.234,101.958,4.529,41.957,1.21,69.933,2.468,294.192,,39.699,sans_arbres
c_03_10,2017-06,142.36,98.242,5.822,39.506,1.21,72.979,2.313,280.902,,43.587,sans_arbres
c_03_10,2017-07,138.153,91.215,10.879,37.269,1.21,73.052,1.859,254.055,,34.609,sans_arbres
c_03_10,2017-08,125.564,79.963,15.796,31.015,1.21,79.485,1.943,226.605,,13.985,sans_arbres
c_03_10,2017-09,137.467,93.281,8.386,37.01,1.21,81.128,1.564,255.182,,5.91,sans_arbres
c_03_10,2017-10,123.629,88.698,6.013,30.128,1.21,72.24,1.639,266.349,,6.641,sans_arbres
c_03_10,2017-11,81.599,68.131,5.371,9.307,1.21,58.32,1.922,234.208,,12.389,sans_arbres
c_03_10,2017-12,63.756,59.685,4.871,0.41,1.21,40.066,2.703,221.144,,17.93,sans_arbres
c_03_10,2018-01,62.631,59.308,4.692,-0.159,1.21,39.79,2.832,233.674,,23.139,sans_arbres
c_03_11,2017-01,62.494,58.899,5.227,-1.632,0.0,36.691,1.747,231.157,,16.194,sans_arbres
c_03_11,2017-02,84.48,71.426,4.387,8.668,0.0,49.971,2.19,255.02,,21.146,sans_arbres
c_03_11,2017-03,110.444,84.311,5.403,20.73,0.0,52.634,2.123,286.843,,26.179,sans_arbres
c_03_11,2017-04,119.215,88.863,5.464,24.888,0.0,55.015,2.228,306.806,,32.164,sans_arbres
c_03_11,2017-05,142.038,101.956,4.539,35.543,0.0,70.284,1.931,294.192,,37.01,sans_arbres
c_03_11,2017-06,137.398,98.279,5.777,33.341,0.0,73.295,1.846,280.902,,40.77,sans_arbres
c_03_11,2017-07,133.661,91.533,10.66,31.469,0.0,73.255,1.571,254.055,,29.449,sans_arbres
c_03_11,2017-08,121.557,80.386,15.362,25.809,0.0,79.609,1.673,226.605,,8.325,sans_arbres
c_03_11,2017-09,132.955,93.553,8.193,31.209,0.0,81.472,1.402,255.182,,3.01,sans_arbres
c_03_11,2017-10,118.929,88.279,5.979,24.671,0.0,72.86,1.334,266.349,,4.353,sans_arbres
c_03_11,2017-11,77.476,66.744,5.339,5.393,0.0,59.27,1.437,234.208,,10.053,sans_arbres
c_03_11,2017-12,59.869,57.885,4.842,-2.859,0.0,40.566,1.88,221.144,,15.559,sans_arbres
c_03_11,2018-01,58.525,57.353,4.664,-3.492,0.0,40.294,1.925,233.674,,20.736,sans_arbres
c_04_00,2017-01,47.763,54.523,5.18,-11.638,0.302,36.352,4.267,231.157,,13.298,sans_arbres
c_04_00,2017-02,68.292,68.041,4.254,-3.7,0.302,49.992,5.234,255.02,,18.143,sans_arbres
c_04_00,2017-03,92.298,81.675,5.46,5.466,0.302,51.624,5.274,286.843,,23.155,sans_arbres
c_04_00,2017-04,99.81,86.289,5.41,8.413,0.302,54.572,5.342,306.806,,29.165,sans_arbres
c_04_00,2017-05,123.544,101.713,4.733,17.401,0.302,68.514,4.233,294.192,,34.021,sans_arbres
c_04_00,2017-06,119.747,98.421,5.719,15.91,0.302,71.45,4.028,280.902,,37.484,sans_arbres
c_04_00,2017-07,117.736,92.848,10.118,15.071,0.302,70.576,3.419,254.055,,18.364,sans_arbres
c_04_00,2017-08,107.361,82.697,13.906,11.061,0.302,77.014,3.581,226.605,,0.394,sans_arbres
c_04_00,2017-09,116.954,94.537,7.919,14.801,0.302,78.034,2.951,255.182,,0.376,sans_arbres
c_04_00,2017-10,102.146,87.054,6.275,9.119,0.302,70.466,2.907,266.349,,2.974,sans_arbres
c_04_00,2017-11,62.608,63.45,5.431,-5.97,0.302,57.579,3.38,234.208,,8.877,sans_arbres
c_04_00,2017-12,45.776,53.735,4.732,-12.388,0.302,40.385,4.533,221.144,,14.354,sans_arbres
c_04_00,2018-01,43.615,52.584,4.551,-13.218,0.302,40.305,4.758,233.674,,19.42,sans_arbres
c_04_01,2017-01,53.579,58.748,5.173,-8.225,2.118,36.922,2.895,231.157,,13.825,sans_arbres
c_04_01,2017-02,74.638,72.144,4.305,0.306,2.118,50.318,3.601,255.02,,18.695,sans_arbres
c_04_01,2017-03,99.368,85.892,5.423,10.171,2.118,52.634,3.646,286.843,,23.705,sans_arbres
c_04_01,2017-04,107.367,90.582,5.42,13.483,2.118,55.372,3.609,306.806,,29.689,sans_arbres
c_04_01,2017-05,130.665,105.428,4.597,22.758,2.118,70.413,2.697,294.192,,34.517,sans_arbres
c_04_01,2017-06,126.539,101.836,5.723,21.097,2.118,73.414,2.486,280.902,,38.034,sans_arbres
c_04_01,2017-07,123.836,95.632,10.456,19.866,2.118,72.954,1.939,254.055,,21.91,sans_arbres
c_04_01,2017-08,112.792,84.746,14.748,15.415,2.118,79.32,1.98,226.605,,1.985,sans_arbres
c_04_01,2017-09,123.087,97.502,8.084,19.618,2.118,81.093,1.59,255.182,,0.771,sans_arbres
c_04_01,2017-10,108.637,90.811,6.122,13.821,2.118,72.789,1.752,266.349,,3.06,sans_arbres
c_04_01,2017-11,68.437,67.457,5.355,-2.256,2.118,59.107,2.215,234.208,,8.842,sans_arbres
c_04_01,2017-12,51.34,57.822,4.754,-9.118,2.118,40.92,3.095,221.144,,14.301,sans_arbres
c_04_01,2018-01,49.515,56.919,4.575,-9.861,2.118,40.67,3.265,233.674,,19.385,sans_arbres
c_04_02,2017-01,51.697,55.158,5.503,-8.964,0.0,36.05,4.501,231.157,,14.801,sans_arbres
c_04_02,2017-02,72.667,68.217,4.54,-0.091,0.0,49.653,5.496,255.02,,19.955,sans_arbres
c_04_02,2017-03,97.254,81.153,5.815,10.286,0.0,51.352,5.528,286.843,,25.319,sans_arbres
c_04_02,2017-04,105.113,85.732,5.765,13.616,0.0,54.252,5.605,306.806,,31.716,sans_arbres
c_04_02,2017-05,128.69,99.996,5.223,23.47,0.0,67.974,4.456,294.192,,36.988,sans_arbres
c_04_02,2017-06,138.95,58.639,47.541,32.77,0.0,72.936,4.3,280.902,,37.41,sans_arbres
c_04_02,2017-07,135.152,56.564,47.577,31.011,0.0,72.74,3.674,254.055,,21.087,sans_arbres
c_04_02,2017-08,122.908,52.291,45.31,25.307,0.0,78.755,3.871,226.605,,1.962,sans_arbres
c_04_02,2017-09,134.441,61.627,42.031,30.783,0.0,79.899,3.338,255.182,,0.651,sans_arbres
c_04_02,2017-10,120.295,51.319,44.782,24.194,0.0,72.024,3.234,266.349,,2.949,sans_arbres
c_04_02,2017-11,66.626,63.456,5.846,-2.676,0.0,57.086,3.598,234.208,,9.768,sans_arbres
c_04_02,2017-12,49.54,54.375,5.049,-9.883,0.0,40.051,4.771,221.144,,15.632,sans_arbres
c_04_02,2018-01,47.582,53.417,4.852,-10.687,0.0,39.982,5.012,233.674,,21.03,sans_arbres
c_04_03,2017-01,58.804,64.053,5.34,-4.539,6.05,36.449,1.832,231.157,,15.392,sans_arbres
c_04_03,2017-02,80.403,76.994,4.482,4.977,6.05,49.853,2.292,255.02,,20.448,sans_arbres
c_04_03,2017-03,105.851,90.285,5.529,16.087,6.05,52.451,2.22,286.843,,25.598,sans_arbres
c_04_03,2017-04,114.302,94.905,5.59,19.857,6.05,54.876,2.33,306.806,,31.724,sans_arbres
c_04_03,2017-05,137.314,108.738,4.679,29.947,6.05,70.111,2.022,294.192,,36.699,sans_arbres
c_04_03,2017-06,134.469,100.187,11.177,29.155,6.05,73.184,1.923,280.902,,39.836,sans_arbres
c_04_03,2017-07,131.011,93.998,15.548,27.515,6.05,73.206,1.643,254.055,,26.814,sans_arbres
c_04_03,2017-08,119.193,83.414,19.58,22.249,6.05,79.574,1.752,226.605,,5.255,sans_arbres
c_04_03,2017-09,130.294,96.463,12.618,27.263,6.05,81.361,1.465,255.182,,1.744,sans_arbres
c_04_03,2017-10,116.153,90.212,10.993,20.998,6.05,72.59,1.41,266.349,,3.564,sans_arbres
c_04_03,2017-11,73.731,72.246,5.494,2.041,6.05,58.862,1.5,234.208,,9.518,sans_arbres
c_04_03,2017-12,56.339,63.06,4.948,-5.619,6.05,40.345,1.968,221.144,,15.163,sans_arbres
c_04_03,2018-01,54.797,62.386,4.761,-6.299,6.05,40.097,2.017,233.674,,20.45,sans_arbres
c_04_04,2017-01,52.457,62.136,5.273,-8.903,6.05,36.771,1.991,231.157,,13.977,sans_arbres
c_04_04,2017-02,73.414,75.543,4.428,-0.506,6.05,50.094,2.545,255.02,,18.965,sans_arbres
c_04_04,2017-03,98.004,89.322,5.494,9.238,6.05,52.65,2.518,286.843,,24.072,sans_arbres
c_04_04,2017-04,105.91,93.961,5.541,12.457,6.05,55.225,2.595,306.806,,30.154,sans_arbres
c_04_04,2017-05,129.292,108.935,4.659,21.749,6.05,70.411,2.179,294.192,,35.09,sans_arbres
c_04_04,2017-06,125.229,105.332,5.833,20.114,6.05,73.413,2.068,280.902,,38.65,sans_arbres
c_04_04,2017-07,122.659,99.189,10.561,18.96,6.05,73.219,1.775,254.055,,22.03,sans_arbres
c_04_04,2017-08,111.745,88.205,14.982,14.608,6.05,79.559,1.906,226.605,,1.637,sans_arbres
c_04_04,2017-09,121.904,101.046,8.192,18.716,6.05,81.428,1.529,255.182,,0.655,sans_arbres
c_04_04,2017-10,107.385,94.348,6.15,12.938,6.05,72.88,1.45,266.349,,3.011,sans_arbres
c_04_04,2017-11,67.313,70.888,5.438,-2.963,6.05,59.117,1.609,234.208,,8.845,sans_arbres
c_04_04,2017-12,50.267,61.216,4.875,-9.775,6.05,40.675,2.142,221.144,,14.419,sans_arbres
c_04_04,2018-01,48.377,60.27,4.688,-10.531,6.05,40.437,2.22,233.674,,19.627,sans_arbres
c_04_05,2017-01,59.046,63.748,5.316,-3.968,6.05,36.124,2.1,231.157,,15.271,sans_arbres
c_04_05,2017-02,80.718,76.366,4.45,5.952,6.05,49.708,2.655,255.02,,20.298,sans_arbres
c_04_05,2017-03,106.253,89.278,5.491,17.534,6.05,52.117,2.612,286.843,,25.41,sans_arbres
c_04_05,2017-04,114.735,93.772,5.542,21.471,6.05,54.688,2.695,306.806,,31.489,sans_arbres
c_04_05,2017-05,137.816,107.268,4.631,31.966,6.05,70.09,2.293,294.192,,36.413,sans_arbres
c_04_05,2017-06,133.575,102.982,6.561,30.082,6.05,73.151,2.18,280.902,,40.078,sans_arbres
c_04_05,2017-07,130.229,96.432,11.434,28.413,6.05,73.2,1.853,254.055,,27.025,sans_arbres
c_04_05,2017-08,118.502,85.4,16.095,23.057,6.05,79.58,1.96,226.605,,5.263,sans_arbres
c_04_05,2017-09,129.505,98.448,8.951,28.155,6.05,81.294,1.599,255.182,,1.709,sans_arbres
c_04_05,2017-10,115.274,92.902,6.768,21.654,6.05,72.335,1.576,266.349,,3.572,sans_arbres
c_04_05,2017-11,74.02,71.727,5.468,2.875,6.05,58.199,1.694,234.208,,9.443,sans_arbres
c_04_05,2017-12,56.57,62.791,4.925,-5.095,6.05,40.05,2.252,221.144,,15.062,sans_arbres
c_04_05,2018-01,55.027,62.145,4.737,-5.804,6.05,39.815,2.324,233.674,,20.325,sans_arbres
c_04_06,2017-01,66.883,60.291,5.23,2.472,1.109,35.988,2.966,231.157,,19.274,sans_arbres
c_04_06,2017-02,89.366,72.102,4.342,14.03,1.109,49.591,3.701,255.02,,24.205,sans_arbres
c_04_06,2017-03,115.982,84.158,5.385,27.548,1.109,51.884,3.707,286.843,,29.205,sans_arbres
c_04_06,2017-04,125.141,88.52,5.405,32.325,1.109,54.484,3.7,306.806,,35.152,sans_arbres
c_04_06,2017-05,147.796,100.566,4.509,43.831,1.109,69.864,2.71,294.192,,39.939,sans_arbres
c_04_06,2017-06,143.309,95.742,7.009,41.668,1.109,72.916,2.496,280.902,,43.509,sans_arbres
c_04_06,2017-07,139.035,88.873,11.943,39.328,1.109,72.935,1.878,254.055,,34.76,sans_arbres
c_04_06,2017-08,126.356,78.001,16.613,32.851,1.109,79.391,1.934,226.605,,14.5,sans_arbres
c_04_06,2017-09,138.349,91.046,9.354,39.058,1.109,80.91,1.552,255.182,,6.368,sans_arbres
c_04_06,2017-10,124.502,86.503,7.157,31.951,1.109,72.017,1.73,266.349,,7.048,sans_arbres
c_04_06,2017-11,81.962,67.534,5.366,10.172,1.109,57.83,2.234,234.208,,12.814,sans_arbres
c_04_06,2017-12,64.068,59.309,4.831,1.037,1.109,39.923,3.197,221.144,,18.328,sans_arbres
c_04_06,2018-01,62.95,58.946,4.654,0.458,1.109,39.685,3.349,233.674,,23.499,sans_arbres
c_04_07,2017-01,56.395,61.565,5.252,-6.086,4.336,36.514,2.5,231.157,,14.294,sans_arbres
c_04_07,2017-02,77.772,74.545,4.396,3.168,4.336,49.943,3.155,255.02,,19.257,sans_arbres
c_04_07,2017-03,102.92,87.87,5.456,13.93,4.336,52.399,3.144,286.843,,24.325,sans_arbres
c_04_07,2017-04,111.168,92.449,5.494,17.561,4.336,55.005,3.185,306.806,,30.362,sans_arbres
c_04_07,2017-05,134.359,106.58,4.606,27.509,4.336,70.265,2.526,294.192,,35.246,sans_arbres
c_04_07,2017-06,130.068,102.957,5.812,25.635,4.336,73.276,2.372,280.902,,38.877,sans_arbres
c_04_07,2017-07,127.045,96.534,10.655,24.192,4.336,73.153,1.94,254.055,,24.268,sans_arbres
c_04_07,2017-08,115.658,85.474,15.22,19.301,4.336,79.533,2.037,226.605,,2.849,sans_arbres
c_04_07,2017-09,126.308,98.441,8.253,23.949,4.336,81.301,1.641,255.182,,0.941,sans_arbres
c_04_07,2017-10,111.964,92.41,6.116,17.774,4.336,72.613,1.667,266.349,,3.129,sans_arbres
c_04_07,2017-11,71.315,69.893,5.408,0.35,4.336,58.697,1.96,234.208,,8.936,sans_arbres
c_04_07,2017-12,54.034,60.616,4.853,-7.1,4.336,40.443,2.684,221.144,,14.482,sans_arbres
c_04_07,2018-01,52.354,59.849,4.67,-7.829,4.336,40.194,2.806,233.674,,19.669,sans_arbres
c_04_08,2017-01,46.599,53.455,5.474,-12.33,0.0,36.331,4.499,231.157,,14.263,sans_arbres
c_04_08,2017-02,67.022,67.054,4.522,-4.553,0.0,49.987,5.476,255.02,,19.388,sans_arbres
c_04_08,2017-03,90.884,80.558,5.818,4.508,0.0,51.667,5.507,286.843,,24.747,sans_arbres
c_04_08,2017-04,98.299,85.197,5.764,7.338,0.0,54.601,5.59,306.806,,31.147,sans_arbres
c_04_08,2017-05,122.12,100.556,5.263,16.301,0.0,68.198,4.417,294.192,,36.434,sans_arbres
c_04_08,2017-06,135.123,52.149,56.121,26.853,0.0,73.545,4.242,280.902,,38.873,sans_arbres
c_04_08,2017-07,131.684,51.048,55.235,25.401,0.0,73.355,3.614,254.055,,18.924,sans_arbres
c_04_08,2017-08,119.813,48.074,51.443,20.295,0.0,79.215,3.835,226.605,,0.188,sans_arbres
c_04_08,2017-09,130.958,56.531,49.227,25.2,0.0,80.452,3.309,255.182,,0.361,sans_arbres
c_04_08,2017-10,116.676,44.756,52.871,19.049,0.0,72.657,3.187,266.349,,2.981,sans_arbres
c_04_08,2017-11,61.442,62.312,5.834,-6.703,0.0,57.447,3.577,234.208,,9.639,sans_arbres
c_04_08,2017-12,44.663,52.723,5.015,-13.075,0.0,40.354,4.767,221.144,,15.476,sans_arbres
c_04_08,2018-01,42.435,51.519,4.817,-13.901,0.0,40.314,5.012,233.674,,20.835,sans_arbres
c_04_09,2017-01,54.773,57.295,5.145,-7.061,0.605,35.929,4.021,231.157,,13.713,sans_arbres
c_04_09,2017-02,76.01,70.256,4.28,2.079,0.605,49.353,5.018,255.02,,18.558,sans_arbres
c_04_09,2017-03,100.963,83.527,5.37,12.67,0.605,51.175,5.036,286.843,,23.525,sans_arbres
c_04_09,2017-04,109.077,88.076,5.372,16.234,0.605,53.968,5.093,306.806,,29.451,sans_arbres
c_04_09,2017-05,132.4,102.358,4.533,26.115,0.605,68.528,4.045,294.192,,34.226,sans_arbres
c_04_09,2017-06,138.15,69.779,37.272,31.705,0.605,72.544,3.803,280.902,,34.795,sans_arbres
c_04_09,2017-07,134.39,66.694,38.257,30.044,0.605,72.342,3.142,254.055,,19.981,sans_arbres
c_04_09,2017-08,122.219,60.375,38.018,24.43,0.605,78.589,3.304,226.605,,2.595,sans_arbres
c_04_09,2017-09,133.681,71.496,32.962,29.828,0.605,79.767,2.705,255.182,,0.683,sans_arbres
c_04_09,2017-10,119.584,61.978,34.885,23.326,0.605,71.698,2.708,266.349,,2.649,sans_arbres
c_04_09,2017-11,69.697,65.683,5.305,-0.687,0.605,57.224,3.194,234.208,,8.674,sans_arbres
c_04_09,2017-12,52.483,56.389,4.733,-8.034,0.605,39.901,4.289,221.144,,14.097,sans_arbres
c_04_09,2018-01,50.707,55.559,4.555,-8.802,0.605,39.681,4.493,233.674,,19.16,sans_arbres
c_04_10,2017-01,64.9,60.002,5.247,0.256,0.605,36.413,2.121,231.157,,17.657,sans_arbres
c_04_10,2017-02,87.127,72.34,4.397,10.995,0.605,49.786,2.666,255.02,,22.626,sans_arbres
c_04_10,2017-03,113.414,85.022,5.414,23.584,0.605,52.329,2.615,286.843,,27.669,sans_arbres
c_04_10,2017-04,122.391,89.553,5.472,27.971,0.605,54.754,2.704,306.806,,33.664,sans_arbres
c_04_10,2017-05,145.069,102.25,4.541,38.883,0.605,70.041,2.185,294.192,,38.515,sans_arbres
c_04_10,2017-06,140.292,98.536,5.813,36.547,0.605,73.067,2.063,280.902,,42.361,sans_arbres
c_04_10,2017-07,136.274,91.601,10.8,34.479,0.605,73.079,1.704,254.055,,32.434,sans_arbres
c_04_10,2017-08,123.886,80.34,15.637,28.514,0.605,79.487,1.795,226.605,,11.575,sans_arbres
c_04_10,2017-09,135.58,93.654,8.312,34.219,0.605,81.219,1.464,255.182,,4.594,sans_arbres
c_04_10,2017-10,121.678,88.741,6.006,27.536,0.605,72.476,1.466,266.349,,5.57,sans_arbres
c_04_10,2017-11,79.907,67.639,5.361,7.511,0.605,58.79,1.656,234.208,,11.303,sans_arbres
c_04_10,2017-12,62.171,58.968,4.862,-1.054,0.605,40.307,2.281,221.144,,16.833,sans_arbres
c_04_10,2018-01,60.96,58.527,4.683,-1.646,0.605,40.03,2.372,233.674,,22.031,sans_arbres
c_04_11,2017-01,60.949,57.996,5.178,-2.225,0.0,35.528,3.923,231.157,,15.507,sans_arbres
c_04_11,2017-02,82.848,70.208,4.326,8.314,0.0,48.944,4.904,255.02,,20.401,sans_arbres
c_04_11,2017-03,108.68,82.716,5.343,20.621,0.0,50.934,4.859,286.843,,25.37,sans_arbres
c_04_11,2017-04,117.333,87.099,5.385,24.848,0.0,53.567,4.955,306.806,,31.281,sans_arbres
c_04_11,2017-05,140.362,100.041,4.471,35.85,0.0,68.48,3.937,294.192,,36.047,sans_arbres
c_04_11,2017-06,135.806,96.486,5.681,33.639,0.0,71.402,3.718,280.902,,39.677,sans_arbres
c_04_11,2017-07,132.265,89.963,10.512,31.791,0.0,71.191,3.064,254.055,,27.412,sans_arbres
c_04_11,2017-08,120.322,79.167,15.068,26.087,0.0,77.669,3.185,226.605,,6.419,sans_arbres
c_04_11,2017-09,131.547,91.923,8.087,31.538,0.0,78.829,2.611,255.182,,2.317,sans_arbres
c_04_11,2017-10,117.367,86.695,5.935,24.736,0.0,70.579,2.652,266.349,,3.864,sans_arbres
c_04_11,2017-11,75.976,65.695,5.291,4.99,0.0,56.864,3.086,234.208,,9.517,sans_arbres
c_04_11,2017-12,58.391,57.049,4.789,-3.447,0.0,39.43,4.208,221.144,,14.969,sans_arbres
c_04_11,2018-01,56.942,56.478,4.612,-4.148,0.0,39.157,4.39,233.674,,20.091,sans_arbres
c_05_00,2017-01,47.887,54.584,5.173,-11.567,0.302,36.348,4.257,231.157,,13.282,sans_arbres
c_05_00,2017-02,68.428,68.091,4.25,-3.61,0.302,49.983,5.223,255.02,,18.121,sans_arbres
c_05_00,2017-03,92.45,81.735,5.452,5.566,0.302,51.615,5.265,286.843,,23.125,sans_arbres
c_05_00,2017-04,99.972,86.35,5.403,8.522,0.302,54.563,5.332,306.806,,29.127,sans_arbres
c_05_00,2017-05,123.697,101.765,4.719,17.515,0.302,68.523,4.225,294.192,,33.973,sans_arbres
c_05_00,2017-06,119.892,98.463,5.709,16.023,0.302,71.46,4.018,280.902,,37.425,sans_arbres
c_05_00,2017-07,117.866,92.878,10.119,15.172,0.302,70.59,3.409,254.055,,18.365,sans_arbres
c_05_00,2017-08,107.478,82.709,13.92,11.152,0.302,77.031,3.57,226.605,,0.417,sans_arbres
c_05_00,2017-09,117.085,94.574,7.913,14.901,0.302,78.054,2.939,255.182,,0.377,sans_arbres
c_05_00,2017-10,102.285,87.11,6.261,9.217,0.302,70.479,2.898,266.349,,2.965,sans_arbres
c_05_00,2017-11,62.733,63.509,5.42,-5.893,0.302,57.58,3.372,234.208,,8.855,sans_arbres
c_05_00,2017-12,45.895,53.788,4.726,-12.316,0.302,40.381,4.523,221.144,,14.323,sans_arbres
c_05_00,2018-01,43.741,52.644,4.545,-13.145,0.302,40.298,4.747,233.674,,19.383,sans_arbres
c_05_01,2017-01,58.925,60.294,5.217,-4.266,2.319,36.508,2.913,231.157,,14.899,sans_arbres
c_05_01,2017-02,80.557,73.098,4.34,5.438,2.319,49.95,3.644,255.02,,19.814,sans_arbres
c_05_01,2017-03,106.045,86.202,5.431,16.731,2.319,52.287,3.668,286.843,,24.843,sans_arbres
c_05_01,2017-04,114.51,90.787,5.439,20.604,2.319,54.959,3.642,306.806,,30.839,sans_arbres
c_05_01,2017-05,137.551,104.498,4.586,30.786,2.319,70.118,2.702,294.192,,35.675,sans_arbres
c_05_01,2017-06,133.115,100.844,5.782,28.808,2.319,73.105,2.501,280.902,,39.362,sans_arbres
c_05_01,2017-07,129.796,94.245,10.693,27.178,2.319,72.88,1.913,254.055,,26.128,sans_arbres
c_05_01,2017-08,118.111,83.201,15.269,21.961,2.319,79.315,1.951,226.605,,4.783,sans_arbres
c_05_01,2017-09,129.072,96.2,8.278,26.913,2.319,80.941,1.583,255.182,,1.58,sans_arbres
c_05_01,2017-10,114.858,90.463,6.128,20.586,2.319,72.365,1.745,266.349,,3.496,sans_arbres
c_05_01,2017-11,73.873,68.412,5.387,2.392,2.319,58.527,2.224,234.208,,9.308,sans_arbres
c_05_01,2017-12,56.455,59.331,4.806,-5.363,2.319,40.474,3.126,221.144,,14.816,sans_arbres
c_05_01,2018-01,54.914,58.666,4.627,-6.059,2.319,40.223,3.29,233.674,,19.956,sans_arbres
c_05_02,2017-01,53.813,56.15,5.134,-7.471,0.0,35.963,4.113,231.157,,13.614,sans_arbres
c_05_02,2017-02,74.994,68.929,4.251,1.813,0.0,49.435,5.114,255.02,,18.44,sans_arbres
c_05_02,2017-03,99.864,81.962,5.359,12.542,0.0,51.19,5.144,286.843,,23.388,sans_arbres
c_05_02,2017-04,107.904,86.437,5.344,16.123,0.0,54.033,5.194,306.806,,29.293,sans_arbres
c_05_02,2017-05,131.353,100.606,4.536,26.211,0.0,68.446,4.134,294.192,,34.047,sans_arbres
c_05_02,2017-06,129.859,89.221,14.292,26.346,0.0,71.668,3.909,280.902,,36.856,sans_arbres
c_05_02,2017-07,126.903,84.067,17.887,24.949,0.0,71.172,3.272,254.055,,20.879,sans_arbres
c_05_02,2017-08,115.543,74.838,20.804,19.901,0.0,77.622,3.418,226.605,,2.036,sans_arbres
c_05_02,2017-09,126.159,86.708,14.76,24.691,0.0,78.68,2.796,255.182,,0.689,sans_arbres
c_05_02,2017-10,111.708,79.497,13.928,18.283,0.0,70.763,2.791,266.349,,2.892,sans_arbres
c_05_02,2017-11,68.763,64.448,5.306,-0.991,0.0,57.202,3.274,234.208,,8.684,sans_arbres
c_05_02,2017-12,51.565,55.283,4.716,-8.434,0.0,39.952,4.379,221.144,,14.097,sans_arbres
c_05_02,2018-01,49.723,54.425,4.539,-9.241,0.0,39.77,4.587,233.674,,19.145,sans_arbres
c_05_03,2017-01,60.132,66.396,5.398,-3.596,8.067,36.193,1.819,231.157,,16.163,sans_arbres
c_05_03,2017-02,81.861,79.272,4.528,6.127,8.067,49.689,2.249,255.02,,21.275,sans_arbres
c_05_03,2017-03,107.484,92.478,5.579,17.493,8.067,52.211,2.173,286.843,,26.474,sans_arbres
c_05_03,2017-04,116.047,97.1,5.643,21.372,8.067,54.646,2.281,306.806,,32.656,sans_arbres
c_05_03,2017-05,138.975,110.727,4.728,31.587,8.067,69.946,2.003,294.192,,37.682,sans_arbres
c_05_03,2017-06,134.574,106.649,6.361,29.63,8.067,73.016,1.914,280.902,,41.534,sans_arbres
c_05_03,2017-07,131.099,99.843,11.369,27.954,8.067,73.116,1.639,254.055,,29.216,sans_arbres
c_05_03,2017-08,119.269,88.408,16.264,22.663,8.067,79.502,1.738,226.605,,6.956,sans_arbres
c_05_03,2017-09,130.383,101.867,8.89,27.692,8.067,81.256,1.469,255.182,,2.348,sans_arbres
c_05_03,2017-10,116.261,96.354,6.566,21.407,8.067,72.338,1.432,266.349,,4.068,sans_arbres
c_05_03,2017-11,75.07,74.48,5.562,3.095,8.067,58.497,1.5,234.208,,10.042,sans_arbres
c_05_03,2017-12,57.609,65.393,5.005,-4.722,8.067,40.103,1.948,221.144,,15.755,sans_arbres
c_05_03,2018-01,56.142,64.77,4.816,-5.378,8.067,39.824,1.994,233.674,,21.103,sans_arbres
c_05_04,2017-01,53.371,62.595,5.288,-8.361,6.151,36.828,1.996,231.157,,14.147,sans_arbres
c_05_04,2017-02,74.412,75.993,4.442,0.128,6.151,50.097,2.548,255.02,,19.151,sans_arbres
c_05_04,2017-03,99.115,89.768,5.507,9.991,6.151,52.714,2.508,286.843,,24.271,sans_arbres
c_05_04,2017-04,107.097,94.429,5.557,13.261,6.151,55.234,2.592,306.806,,30.37,sans_arbres
c_05_04,2017-05,130.411,109.293,4.67,22.598,6.151,70.384,2.17,294.192,,35.32,sans_arbres
c_05_04,2017-06,126.296,105.66,5.858,20.929,6.151,73.382,2.06,280.902,,38.925,sans_arbres
c_05_04,2017-07,123.618,99.42,10.62,19.728,6.151,73.2,1.758,254.055,,22.792,sans_arbres
c_05_04,2017-08,112.598,88.35,15.1,15.299,6.151,79.546,1.881,226.605,,1.956,sans_arbres
c_05_04,2017-09,122.868,101.299,8.238,19.482,6.151,81.416,1.519,255.182,,0.766,sans_arbres
c_05_04,2017-10,108.405,94.705,6.163,13.688,6.151,72.885,1.448,266.349,,3.078,sans_arbres
c_05_04,2017-11,68.229,71.3,5.453,-2.373,6.151,59.233,1.609,234.208,,8.927,sans_arbres
c_05_04,2017-12,51.141,61.656,4.891,-9.255,6.151,40.705,2.155,221.144,,14.518,sans_arbres
c_05_04,2018-01,49.305,60.748,4.704,-9.996,6.151,40.486,2.228,233.674,,19.742,sans_arbres
c_05_05,2017-01,66.896,62.079,5.292,1.542,2.017,36.26,2.757,231.157,,19.543,sans_arbres
c_05_05,2017-02,89.291,74.474,4.433,12.401,2.017,49.643,3.463,255.02,,24.554,sans_arbres
c_05_05,2017-03,115.81,87.223,5.461,25.143,2.017,52.109,3.418,286.843,,29.639,sans_arbres
c_05_05,2017-04,124.95,91.821,5.518,29.628,2.017,54.55,3.492,306.806,,35.687,sans_arbres
c_05_05,2017-05,147.455,104.398,4.586,40.487,2.017,69.857,2.656,294.192,,40.584,sans_arbres
c_05_05,2017-06,142.565,100.59,5.899,38.092,2.017,72.898,2.479,280.902,,44.549,sans_arbres
c_05_05,2017-07,138.307,93.408,11.017,35.899,2.017,72.968,1.975,254.055,,35.843,sans_arbres
c_05_05,2017-08,125.693,81.87,16.034,29.806,2.017,79.394,2.061,226.605,,14.976,sans_arbres
c_05_05,2017-09,137.626,95.494,8.503,35.645,2.017,81.095,1.642,255.182,,6.474,sans_arbres
c_05_05,2017-10,123.862,90.79,6.086,29.003,2.017,72.289,1.732,266.349,,7.184,sans_arbres
c_05_05,2017-11,81.895,69.675,5.418,8.818,2.017,58.524,2.077,234.208,,12.996,sans_arbres
c_05_05,2017-12,64.08,61.006,4.903,0.188,2.017,40.154,2.967,221.144,,18.579,sans_arbres
c_05_05,2018-01,62.99,60.632,4.723,-0.349,2.017,39.872,3.115,233.674,,23.821,sans_arbres
c_05_06,2017-01,47.719,53.924,5.415,-11.621,0.0,36.291,4.463,231.157,,14.146,sans_arbres
c_05_06,2017-02,68.261,67.407,4.46,-3.606,0.0,49.943,5.442,255.02,,19.211,sans_arbres
c_05_06,2017-03,92.281,80.808,5.739,5.735,0.0,51.616,5.473,286.843,,24.493,sans_arbres
c_05_06,2017-04,99.793,85.437,5.68,8.676,0.0,54.55,5.554,306.806,,30.804,sans_arbres
c_05_06,2017-05,123.559,100.609,5.145,17.805,0.0,68.212,4.394,294.192,,35.99,sans_arbres
c_05_06,2017-06,119.764,97.398,6.059,16.306,0.0,71.154,4.23,280.902,,39.902,sans_arbres
c_05_06,2017-07,117.761,92.006,10.243,15.512,0.0,70.327,3.668,254.055,,20.839,sans_arbres
c_05_06,2017-08,107.387,82.068,13.869,11.45,0.0,76.698,3.824,226.605,,0.419,sans_arbres
c_05_06,2017-09,116.978,93.596,8.159,15.224,0.0,77.722,3.227,255.182,,0.418,sans_arbres
c_05_06,2017-10,102.149,86.056,6.639,9.453,0.0,70.203,3.118,266.349,,3.233,sans_arbres
c_05_06,2017-11,62.58,62.685,5.753,-5.858,0.0,57.408,3.547,234.208,,9.506,sans_arbres
c_05_06,2017-12,45.734,53.184,4.957,-12.407,0.0,40.314,4.732,221.144,,15.269,sans_arbres
c_05_06,2018-01,43.565,52.029,4.762,-13.226,0.0,40.265,4.973,233.674,,20.569,sans_arbres
c_05_07,2017-01,52.609,55.419,5.506,-8.317,0.0,36.0,4.502,231.157,,14.923,sans_arbres
c_05_07,2017-02,73.676,68.377,4.543,0.757,0.0,49.594,5.501,255.02,,20.08,sans_arbres
c_05_07,2017-03,98.393,81.207,5.813,11.373,0.0,51.298,5.533,286.843,,25.444,sans_arbres
c_05_07,2017-04,106.332,85.768,5.764,14.8,0.0,54.19,5.608,306.806,,31.838,sans_arbres
c_05_07,2017-05,129.865,99.836,5.214,24.815,0.0,67.937,4.465,294.192,,37.107,sans_arbres
c_05_07,2017-06,129.409,86.483,17.151,25.775,0.0,71.384,4.312,280.902,,40.319,sans_arbres
c_05_07,2017-07,126.504,81.746,20.294,24.465,0.0,70.842,3.753,254.055,,23.972,sans_arbres
c_05_07,2017-08,115.19,73.198,22.525,19.467,0.0,77.175,3.888,226.605,,1.92,sans_arbres
c_05_07,2017-09,125.757,84.32,17.266,24.171,0.0,78.182,3.325,255.182,,0.777,sans_arbres
c_05_07,2017-10,111.271,76.718,16.753,17.801,0.0,70.442,3.212,266.349,,3.339,sans_arbres
c_05_07,2017-11,67.553,63.617,5.847,-1.91,0.0,57.022,3.605,234.208,,9.816,sans_arbres
c_05_07,2017-12,50.413,54.629,5.054,-9.27,0.0,39.997,4.772,221.144,,15.684,sans_arbres
c_05_07,2018-01,48.503,53.712,4.857,-10.067,0.0,39.923,5.012,233.674,,21.087,sans_arbres
c_05_08,2017-01,50.827,54.898,5.498,-9.569,0.0,36.098,4.5,231.157,,14.697,sans_arbres
c_05_08,2017-02,71.703,68.052,4.538,-0.887,0.0,49.709,5.491,255.02,,19.846,sans_arbres
c_05_08,2017-03,96.166,81.087,5.817,9.262,0.0,51.405,5.524,286.843,,25.211,sans_arbres
c_05_08,2017-04,103.95,85.68,5.766,12.504,0.0,54.311,5.602,306.806,,31.609,sans_arbres
c_05_08,2017-05,127.568,100.132,5.231,22.206,0.0,68.01,4.449,294.192,,36.885,sans_arbres
c_05_08,2017-06,126.96,87.429,16.53,23.001,0.0,71.418,4.29,280.902,,40.304,sans_arbres
c_05_08,2017-07,124.285,82.761,19.685,21.839,0.0,70.819,3.744,254.055,,22.958,sans_arbres
c_05_08,2017-08,113.209,74.17,21.921,17.119,0.0,77.135,3.886,226.605,,1.29,sans_arbres
c_05_08,2017-09,123.528,85.239,16.741,21.549,0.0,78.168,3.313,255.182,,0.59,sans_arbres
c_05_08,2017-10,108.955,77.386,16.207,15.362,0.0,70.486,3.193,266.349,,3.277,sans_arbres
c_05_08,2017-11,65.741,63.29,5.845,-3.394,0.0,57.148,3.593,234.208,,9.733,sans_arbres
c_05_08,2017-12,48.708,54.121,5.044,-10.457,0.0,40.102,4.77,221.144,,15.593,sans_arbres
c_05_08,2018-01,46.703,53.123,4.847,-11.266,0.0,40.038,5.012,233.674,,20.985,sans_arbres
c_05_09,2017-01,58.5,57.655,5.174,-4.026,0.302,35.737,4.134,231.157,,14.762,sans_arbres
c_05_09,2017-02,80.161,70.028,4.284,6.151,0.302,49.178,5.161,255.02,,19.628,sans_arbres
c_05_09,2017-03,105.672,82.633,5.375,17.967,0.302,50.997,5.165,286.843,,24.599,sans_arbres
c_05_09,2017-04,114.117,87.051,5.368,22.001,0.302,53.768,5.226,306.806,,30.525,sans_arbres
c_05_09,2017-05,137.305,100.357,4.535,32.716,0.302,68.294,4.169,294.192,,35.294,sans_arbres
c_05_09,2017-06,132.889,96.849,5.685,30.657,0.302,71.222,3.954,280.902,,38.906,sans_arbres
c_05_09,2017-07,129.636,90.463,10.478,28.997,0.302,70.766,3.306,254.055,,25.311,sans_arbres
c_05_09,2017-08,117.979,79.877,14.864,23.54,0.302,77.319,3.431,226.605,,4.291,sans_arbres
c_05_09,2017-09,128.905,92.379,8.106,28.722,0.302,78.283,2.822,255.182,,1.539,sans_arbres
c_05_09,2017-10,114.59,86.796,6.06,22.036,0.302,70.273,2.828,266.349,,3.45,sans_arbres
c_05_09,2017-11,73.509,65.515,5.339,2.957,0.302,56.923,3.296,234.208,,9.202,sans_arbres
c_05_09,2017-12,56.048,56.75,4.761,-5.161,0.302,39.696,4.41,221.144,,14.658,sans_arbres
c_05_09,2018-01,54.462,56.085,4.584,-5.905,0.302,39.487,4.612,233.674,,19.755,sans_arbres
c_05_10,2017-01,70.537,59.902,5.264,5.372,0.0,35.98,1.682,231.157,,22.939,sans_arbres
c_05_10,2017-02,93.366,71.524,4.402,17.44,0.0,49.482,2.046,255.02,,27.925,sans_arbres
c_05_10,2017-03,120.45,83.411,5.386,31.652,0.0,51.93,1.974,286.843,,32.952,sans_arbres
c_05_10,2017-04,129.918,87.76,5.451,36.707,0.0,54.379,2.069,306.806,,38.917,sans_arbres
c_05_10,2017-05,152.321,99.3,4.502,48.52,0.0,69.842,1.86,294.192,,43.742,sans_arbres
c_05_10,2017-06,147.218,95.607,5.818,45.793,0.0,72.934,1.783,280.902,,47.734,sans_arbres
c_05_10,2017-07,142.55,88.443,10.912,43.195,0.0,73.197,1.522,254.055,,40.982,sans_arbres
c_05_10,2017-08,129.487,77.229,15.935,36.323,0.0,79.608,1.599,226.605,,21.211,sans_arbres
c_05_10,2017-09,141.883,90.544,8.402,42.936,0.0,81.308,1.394,255.182,,10.867,sans_arbres
c_05_10,2017-10,128.232,86.534,5.953,35.744,0.0,72.27,1.369,266.349,,10.942,sans_arbres
c_05_10,2017-11,85.636,66.91,5.356,13.369,0.0,58.164,1.416,234.208,,16.657,sans_arbres
c_05_10,2017-12,67.564,58.874,4.884,3.806,0.0,39.879,1.795,221.144,,22.199,sans_arbres
c_05_10,2018-01,66.653,58.621,4.71,3.321,0.0,39.558,1.835,233.674,,27.426,sans_arbres
c_05_11,2017-01,59.573,57.296,5.207,-2.931,0.0,35.663,4.248,231.157,,15.918,sans_arbres
c_05_11,2017-02,81.379,69.358,4.29,7.731,0.0,49.138,5.293,255.02,,20.805,sans_arbres
c_05_11,2017-03,107.076,81.562,5.404,20.11,0.0,50.917,5.298,286.843,,25.797,sans_arbres
c_05_11,2017-04,115.621,85.892,5.382,24.347,0.0,53.708,5.355,306.806,,31.748,sans_arbres
c_05_11,2017-05,138.808,98.753,4.582,35.473,0.0,68.12,4.288,294.192,,36.538,sans_arbres
c_05_11,2017-06,134.328,95.321,5.717,33.29,0.0,71.068,4.079,280.902,,40.237,sans_arbres
c_05_11,2017-07,130.958,88.932,10.491,31.534,0.0,70.607,3.424,254.055,,27.264,sans_arbres
c_05_11,2017-08,119.164,78.536,14.842,25.786,0.0,77.177,3.54,226.605,,5.907,sans_arbres
c_05_11,2017-09,130.23,90.846,8.155,31.23,0.0,78.052,2.939,255.182,,2.403,sans_arbres
c_05_11,2017-10,115.929,85.508,6.127,24.294,0.0,70.043,2.958,266.349,,4.128,sans_arbres
c_05_11,2017-11,74.627,64.889,5.394,4.344,0.0,56.762,3.398,234.208,,9.953,sans_arbres
c_05_11,2017-12,57.075,56.415,4.787,-4.127,0.0,39.627,4.527,221.144,,15.45,sans_arbres
c_05_11,2018-01,55.536,55.803,4.61,-4.877,0.0,39.445,4.728,233.674,,20.577,sans_arbres
c_06_00,2017-01,47.846,54.583,5.151,-11.586,0.302,36.345,4.227,231.157,,13.197,sans_arbres
c_06_00,2017-02,68.382,68.074,4.236,-3.625,0.302,49.968,5.193,255.02,,18.018,sans_arbres
c_06_00,2017-03,92.399,81.74,5.427,5.536,0.302,51.599,5.237,286.843,,23.001,sans_arbres
c_06_00,2017-04,99.918,86.347,5.381,8.493,0.302,54.547,5.301,306.806,,28.976,sans_arbres
c_06_00,2017-05,123.646,101.783,4.68,17.485,0.302,68.561,4.201,294.192,,33.795,sans_arbres
c_06_00,2017-06,119.844,98.473,5.676,15.997,0.302,71.5,3.989,280.902,,37.203,sans_arbres
c_06_00,2017-07,117.823,92.887,10.099,15.139,0.302,70.64,3.379,254.055,,18.112,sans_arbres
c_06_00,2017-08,107.439,82.707,13.913,11.122,0.302,77.086,3.54,226.605,,0.405,sans_arbres
c_06_00,2017-09,117.041,94.594,7.881,14.869,0.302,78.123,2.906,255.182,,0.371,sans_arbres
c_06_00,2017-10,102.239,87.137,6.216,9.188,0.302,70.528,2.872,266.349,,2.933,sans_arbres
c_06_00,2017-11,62.691,63.519,5.387,-5.912,0.302,57.594,3.349,234.208,,8.78,sans_arbres
c_06_00,2017-12,45.856,53.78,4.709,-12.331,0.302,40.376,4.492,221.144,,14.223,sans_arbres
c_06_00,2018-01,43.699,52.638,4.529,-13.165,0.302,40.285,4.714,233.674,,19.264,sans_arbres
c_06_01,2017-01,57.1,59.906,5.205,-5.591,2.42,36.553,2.865,231.157,,14.278,sans_arbres
c_06_01,2017-02,78.547,72.849,4.335,3.783,2.42,49.996,3.578,255.02,,19.184,sans_arbres
c_06_01,2017-03,103.788,86.107,5.424,14.677,2.42,52.333,3.6,286.843,,24.207,sans_arbres
c_06_01,2017-04,112.097,90.701,5.435,18.381,2.42,55.016,3.581,306.806,,30.197,sans_arbres
c_06_01,2017-05,135.244,104.73,4.581,28.353,2.42,70.181,2.671,294.192,,35.03,sans_arbres
c_06_01,2017-06,130.913,101.104,5.76,26.469,2.42,73.163,2.474,280.902,,38.65,sans_arbres
c_06_01,2017-07,127.807,94.648,10.609,24.97,2.42,72.898,1.907,254.055,,24.38,sans_arbres
c_06_01,2017-08,116.338,83.662,15.105,19.991,2.42,79.319,1.949,226.605,,3.126,sans_arbres
c_06_01,2017-09,127.074,96.573,8.208,24.713,2.42,80.977,1.581,255.182,,1.039,sans_arbres
c_06_01,2017-10,112.767,90.57,6.11,18.507,2.42,72.453,1.732,266.349,,3.181,sans_arbres
c_06_01,2017-11,72.027,68.187,5.373,0.888,2.42,58.612,2.195,234.208,,8.97,sans_arbres
c_06_01,2017-12,54.709,58.959,4.795,-6.625,2.42,40.523,3.071,221.144,,14.464,sans_arbres
c_06_01,2018-01,53.068,58.222,4.615,-7.349,2.42,40.265,3.234,233.674,,19.592,sans_arbres
c_06_02,2017-01,57.051,61.185,5.24,-5.24,4.134,35.535,4.0,231.157,,14.425,sans_arbres
c_06_02,2017-02,78.547,73.798,4.37,4.512,4.134,48.939,5.001,255.02,,19.37,sans_arbres
c_06_02,2017-03,103.841,86.686,5.429,15.86,4.134,50.88,4.967,286.843,,24.41,sans_arbres
c_06_02,2017-04,112.157,91.133,5.456,19.702,4.134,53.553,5.052,306.806,,30.411,sans_arbres
c_06_02,2017-05,135.397,104.832,4.575,30.124,4.134,68.297,4.031,294.192,,35.255,sans_arbres
c_06_02,2017-06,133.004,95.36,12.159,29.619,4.134,71.409,3.808,280.902,,38.174,sans_arbres
c_06_02,2017-07,129.734,89.591,16.27,28.008,4.134,71.138,3.147,254.055,,24.035,sans_arbres
c_06_02,2017-08,118.066,79.632,19.893,22.675,4.134,77.602,3.267,226.605,,3.262,sans_arbres
c_06_02,2017-09,129.005,92.103,13.274,27.762,4.134,78.7,2.685,255.182,,1.08,sans_arbres
c_06_02,2017-10,114.706,85.698,11.931,21.211,4.134,70.53,2.731,266.349,,3.124,sans_arbres
c_06_02,2017-11,72.026,69.246,5.396,1.519,4.134,56.784,3.164,234.208,,8.999,sans_arbres
c_06_02,2017-12,54.662,60.271,4.841,-6.316,4.134,39.449,4.284,221.144,,14.532,sans_arbres
c_06_02,2018-01,53.002,59.551,4.657,-7.072,4.134,39.203,4.469,233.674,,19.707,sans_arbres
c_06_03,2017-01,59.292,59.768,5.21,-3.669,2.017,36.245,2.609,231.157,,14.93,sans_arbres
c_06_03,2017-02,81.003,72.27,4.347,6.402,2.017,49.804,3.269,255.02,,19.849,sans_arbres
c_06_03,2017-03,106.587,85.064,5.394,18.145,2.017,52.148,3.259,286.843,,24.858,sans_arbres
c_06_03,2017-04,115.093,89.524,5.424,22.161,2.017,54.798,3.298,306.806,,30.821,sans_arbres
c_06_03,2017-05,138.182,102.907,4.532,32.76,2.017,70.189,2.591,294.192,,35.632,sans_arbres
c_06_03,2017-06,134.947,95.646,9.687,31.63,2.017,73.237,2.429,280.902,,38.746,sans_arbres
c_06_03,2017-07,131.48,89.517,14.095,29.885,2.017,73.191,1.961,254.055,,25.76,sans_arbres
c_06_03,2017-08,119.62,79.16,18.098,24.379,2.017,79.569,2.05,226.605,,4.94,sans_arbres
c_06_03,2017-09,130.76,91.84,11.296,29.641,2.017,81.281,1.659,255.182,,1.665,sans_arbres
c_06_03,2017-10,116.562,85.926,9.635,23.019,2.017,72.467,1.717,266.349,,3.435,sans_arbres
c_06_03,2017-11,74.282,67.693,5.349,3.257,2.017,58.275,2.042,234.208,,9.233,sans_arbres
c_06_03,2017-12,56.806,58.824,4.813,-4.813,2.017,40.202,2.796,221.144,,14.727,sans_arbres
c_06_03,2018-01,55.273,58.186,4.633,-5.529,2.017,39.933,2.926,233.674,,19.873,sans_arbres
c_06_04,2017-01,62.995,65.102,5.374,-1.431,6.05,36.169,1.803,231.157,,17.3,sans_arbres
c_06_04,2017-02,85.011,77.75,4.506,8.805,6.05,49.631,2.217,255.02,,22.39,sans_arbres
c_06_04,2017-03,111.019,90.725,5.545,20.799,6.05,52.146,2.145,286.843,,27.559,sans_arbres
c_06_04,2017-04,119.828,95.325,5.61,24.944,6.05,54.565,2.243,306.806,,33.703,sans_arbres
c_06_04,2017-05,142.587,108.459,4.686,35.492,6.05,69.884,1.967,294.192,,38.694,sans_arbres
c_06_04,2017-06,137.92,104.684,5.992,33.293,6.05,72.956,1.879,280.902,,42.642,sans_arbres
c_06_04,2017-07,134.12,97.691,11.074,31.405,6.05,73.092,1.599,254.055,,31.856,sans_arbres
c_06_04,2017-08,121.963,86.173,16.082,25.758,6.05,79.486,1.689,226.605,,10.041,sans_arbres
c_06_04,2017-09,133.418,99.72,8.601,31.147,6.05,81.238,1.44,255.182,,3.712,sans_arbres
c_06_04,2017-10,119.44,94.611,6.197,24.682,6.05,72.323,1.412,266.349,,5.019,sans_arbres
c_06_04,2017-11,77.964,72.953,5.523,5.538,6.05,58.487,1.488,234.208,,10.941,sans_arbres
c_06_04,2017-12,60.348,64.074,4.983,-2.659,6.05,40.071,1.93,221.144,,16.622,sans_arbres
c_06_04,2018-01,59.038,63.559,4.798,-3.269,6.05,39.774,1.977,233.674,,21.948,sans_arbres
c_06_05,2017-01,62.973,57.828,5.237,-0.092,0.0,35.503,4.299,231.157,,17.963,sans_arbres
c_06_05,2017-02,85.135,69.511,4.308,11.316,0.0,48.976,5.359,255.02,,22.878,sans_arbres
c_06_05,2017-03,111.307,81.298,5.415,24.594,0.0,50.779,5.348,286.843,,27.884,sans_arbres
c_06_05,2017-04,120.146,85.553,5.395,29.199,0.0,53.527,5.415,306.806,,33.848,sans_arbres
c_06_05,2017-05,143.157,97.742,4.587,40.828,0.0,68.005,4.35,294.192,,38.647,sans_arbres
c_06_05,2017-06,138.482,94.304,5.753,38.424,0.0,70.967,4.139,280.902,,42.468,sans_arbres
c_06_05,2017-07,134.718,87.724,10.61,36.384,0.0,70.589,3.459,254.055,,31.429,sans_arbres
c_06_05,2017-08,122.519,77.302,15.087,30.129,0.0,77.178,3.568,226.605,,10.096,sans_arbres
c_06_05,2017-09,134.007,89.673,8.261,36.073,0.0,78.006,2.981,255.182,,4.436,sans_arbres
c_06_05,2017-10,119.864,84.874,6.142,28.848,0.0,69.909,3.03,266.349,,5.714,sans_arbres
c_06_05,2017-11,78.077,65.06,5.421,7.596,0.0,56.553,3.448,234.208,,11.57,sans_arbres
c_06_05,2017-12,60.328,56.937,4.819,-1.428,0.0,39.449,4.584,221.144,,17.099,sans_arbres
c_06_05,2018-01,58.971,56.454,4.642,-2.125,0.0,39.252,4.78,233.674,,22.262,sans_arbres
c_06_06,2017-01,46.599,53.455,5.474,-12.33,0.0,36.331,4.499,231.157,,14.263,sans_arbres
c_06_06,2017-02,67.022,67.054,4.522,-4.553,0.0,49.987,5.476,255.02,,19.388,sans_arbres
c_06_06,2017-03,90.884,80.558,5.818,4.508,0.0,51.667,5.507,286.843,,24.747,sans_arbres
c_06_06,2017-04,98.299,85.197,5.764,7.338,0.0,54.601,5.59,306.806,,31.147,sans_arbres
c_06_06,2017-05,122.12,100.556,5.263,16.301,0.0,68.198,4.417,294.192,,36.434,sans_arbres
c_06_06,2017-06,121.858,87.476,17.154,17.229,0.0,71.606,4.26,280.902,,40.1,sans_arbres
c_06_06,2017-07,119.66,83.198,20.114,16.348,0.0,70.903,3.693,254.055,,20.42,sans_arbres
c_06_06,2017-08,109.082,74.831,22.046,12.205,0.0,77.155,3.873,226.605,,0.202,sans_arbres
c_06_06,2017-09,118.885,85.621,17.196,16.068,0.0,78.261,3.296,255.182,,0.395,sans_arbres
c_06_06,2017-10,104.129,76.974,16.83,10.325,0.0,70.697,3.162,266.349,,3.222,sans_arbres
c_06_06,2017-11,61.442,62.312,5.834,-6.703,0.0,57.447,3.577,234.208,,9.639,sans_arbres
c_06_06,2017-12,44.663,52.723,5.015,-13.075,0.0,40.354,4.767,221.144,,15.476,sans_arbres
c_06_06,2018-01,42.435,51.519,4.817,-13.901,0.0,40.314,5.012,233.674,,20.835,sans_arbres
c_06_07,2017-01,46.599,53.455,5.474,-12.33,0.0,36.331,4.499,231.157,,14.263,sans_arbres
c_06_07,2017-02,67.022,67.054,4.522,-4.553,0.0,49.987,5.476,255.02,,19.388,sans_arbres
c_06_07,2017-03,90.884,80.558,5.818,4.508,0.0,51.667,5.507,286.843,,24.747,sans_arbres
c_06_07,2017-04,98.299,85.197,5.764,7.338,0.0,54.601,5.59,306.806,,31.147,sans_arbres
c_06_07,2017-05,122.12,100.556,5.263,16.301,0.0,68.198,4.417,294.192,,36.434,sans_arbres
c_06_07,2017-06,118.899,95.907,7.787,15.205,0.0,71.207,4.261,280.902,,40.389,sans_arbres
c_06_07,2017-07,116.978,90.821,11.708,14.449,0.0,70.395,3.707,254.055,,20.773,sans_arbres
c_06_07,2017-08,106.688,81.174,15.002,10.512,0.0,76.721,3.874,226.605,,0.205,sans_arbres
c_06_07,2017-09,116.192,92.501,9.524,14.166,0.0,77.788,3.289,255.182,,0.402,sans_arbres
c_06_07,2017-10,101.33,84.591,8.227,8.512,0.0,70.29,3.158,266.349,,3.272,sans_arbres
c_06_07,2017-11,61.442,62.312,5.834,-6.703,0.0,57.447,3.577,234.208,,9.639,sans_arbres
c_06_07,2017-12,44.663,52.723,5.015,-13.075,0.0,40.354,4.767,221.144,,15.476,sans_arbres
c_06_07,2018-01,42.435,51.519,4.817,-13.901,0.0,40.314,5.012,233.674,,20.835,sans_arbres
c_06_08,2017-01,48.091,53.995,5.484,-11.387,0.0,36.249,4.499,231.157,,14.411,sans_arbres
c_06_08,2017-02,68.674,67.443,4.528,-3.296,0.0,49.888,5.48,255.02,,19.545,sans_arbres
c_06_08,2017-03,92.749,80.783,5.818,6.147,0.0,51.574,5.512,286.843,,24.907,sans_arbres
c_06_08,2017-04,100.293,85.41,5.765,9.118,0.0,54.498,5.594,306.806,,31.308,sans_arbres
c_06_08,2017-05,124.043,100.456,5.253,18.333,0.0,68.129,4.428,294.192,,36.592,sans_arbres
c_06_08,2017-06,120.531,96.37,7.131,17.03,0.0,71.117,4.271,280.902,,40.596,sans_arbres
c_06_08,2017-07,118.458,91.093,11.172,16.193,0.0,70.339,3.726,254.055,,21.759,sans_arbres
c_06_08,2017-08,108.009,81.302,14.639,12.067,0.0,76.691,3.88,226.605,,0.512,sans_arbres
c_06_08,2017-09,117.678,92.747,9.023,15.907,0.0,77.73,3.292,255.182,,0.44,sans_arbres
c_06_08,2017-10,102.875,85.177,7.615,10.083,0.0,70.192,3.169,266.349,,3.294,sans_arbres
c_06_08,2017-11,62.96,62.689,5.839,-5.568,0.0,57.342,3.58,234.208,,9.664,sans_arbres
c_06_08,2017-12,46.091,53.246,5.026,-12.181,0.0,40.265,4.768,221.144,,15.509,sans_arbres
c_06_08,2018-01,43.941,52.116,4.828,-13.002,0.0,40.217,5.012,233.674,,20.881,sans_arbres
c_06_09,2017-01,63.813,59.27,5.202,-0.054,0.605,36.141,2.97,231.157,,17.025,sans_arbres
c_06_09,2017-02,85.988,71.338,4.327,10.928,0.605,49.721,3.703,255.02,,21.932,sans_arbres
c_06_09,2017-03,112.192,83.667,5.369,23.761,0.605,52.047,3.696,286.843,,26.916,sans_arbres
c_06_09,2017-04,121.088,88.062,5.392,28.24,0.605,54.674,3.712,306.806,,32.848,sans_arbres
c_06_09,2017-05,143.928,100.613,4.498,39.422,0.605,70.088,2.789,294.192,,37.624,sans_arbres
c_06_09,2017-06,139.209,96.992,5.734,37.087,0.605,73.128,2.588,280.902,,41.38,sans_arbres
c_06_09,2017-07,135.331,90.209,10.708,35.019,0.605,73.134,2.003,254.055,,30.796,sans_arbres
c_06_09,2017-08,123.054,79.256,15.406,28.996,0.605,79.541,2.069,226.605,,9.977,sans_arbres
c_06_09,2017-09,134.628,92.213,8.262,34.758,0.605,81.189,1.678,255.182,,3.906,sans_arbres
c_06_09,2017-10,120.607,87.356,6.013,27.843,0.605,72.287,1.828,266.349,,5.065,sans_arbres
c_06_09,2017-11,78.861,66.776,5.335,7.355,0.605,58.093,2.274,234.208,,10.795,sans_arbres
c_06_09,2017-12,61.131,58.304,4.804,-1.372,0.605,40.093,3.19,221.144,,16.277,sans_arbres
c_06_09,2018-01,59.843,57.837,4.627,-2.015,0.605,39.833,3.345,233.674,,21.417,sans_arbres
c_06_10,2017-01,70.038,59.749,5.257,5.032,0.0,35.979,1.759,231.157,,22.296,sans_arbres
c_06_10,2017-02,92.825,71.359,4.395,17.071,0.0,49.516,2.155,255.02,,27.274,sans_arbres
c_06_10,2017-03,119.852,83.227,5.379,31.245,0.0,51.96,2.077,286.843,,32.293,sans_arbres
c_06_10,2017-04,129.278,87.56,5.443,36.275,0.0,54.42,2.181,306.806,,38.251,sans_arbres
c_06_10,2017-05,151.726,99.129,4.493,48.104,0.0,69.893,1.939,294.192,,43.066,sans_arbres
c_06_10,2017-06,146.651,95.458,5.804,45.389,0.0,72.984,1.854,280.902,,47.032,sans_arbres
c_06_10,2017-07,142.043,88.333,10.881,42.829,0.0,73.228,1.579,254.055,,39.984,sans_arbres
c_06_10,2017-08,129.036,77.173,15.873,35.99,0.0,79.635,1.662,226.605,,20.073,sans_arbres
c_06_10,2017-09,141.373,90.432,8.378,42.564,0.0,81.328,1.434,255.182,,10.048,sans_arbres
c_06_10,2017-10,127.687,86.383,5.945,35.359,0.0,72.285,1.409,266.349,,10.213,sans_arbres
c_06_10,2017-11,85.14,66.766,5.349,13.025,0.0,58.154,1.466,234.208,,15.919,sans_arbres
c_06_10,2017-12,67.086,58.731,4.878,3.478,0.0,39.885,1.88,221.144,,21.453,sans_arbres
c_06_10,2018-01,66.145,58.464,4.703,2.978,0.0,39.569,1.924,233.674,,26.672,sans_arbres
c_06_11,2017-01,53.355,55.622,5.509,-7.776,0.0,35.959,4.503,231.157,,15.089,sans_arbres
c_06_11,2017-02,74.502,68.496,4.544,1.462,0.0,49.545,5.506,255.02,,20.25,sans_arbres
c_06_11,2017-03,99.325,81.238,5.811,12.275,0.0,51.253,5.538,286.843,,25.613,sans_arbres
c_06_11,2017-04,107.329,85.784,5.762,15.783,0.0,54.14,5.611,306.806,,32.005,sans_arbres
c_06_11,2017-05,130.826,99.693,5.206,25.927,0.0,67.907,4.473,294.192,,37.27,sans_arbres
c_06_11,2017-06,126.705,96.418,6.176,24.111,0.0,70.874,4.316,280.902,,41.442,sans_arbres
c_06_11,2017-07,124.053,90.635,10.494,22.924,0.0,70.242,3.762,254.055,,25.362,sans_arbres
c_06_11,2017-08,113.003,80.556,14.357,18.091,0.0,76.666,3.886,226.605,,2.134,sans_arbres
c_06_11,2017-09,123.296,92.309,8.368,22.619,0.0,77.609,3.319,255.182,,0.896,sans_arbres
c_06_11,2017-10,108.714,85.742,6.696,16.276,0.0,69.916,3.21,266.349,,3.511,sans_arbres
c_06_11,2017-11,68.312,63.738,5.847,-1.273,0.0,56.97,3.613,234.208,,9.876,sans_arbres
c_06_11,2017-12,51.126,54.826,5.057,-8.757,0.0,39.953,4.773,221.144,,15.746,sans_arbres
c_06_11,2018-01,49.256,53.945,4.861,-9.55,0.0,39.874,5.012,233.674,,21.154,sans_arbres
c_07_00,2017-01,47.763,54.266,5.123,-11.626,0.0,36.357,4.193,231.157,,13.08,sans_arbres
c_07_00,2017-02,68.292,67.745,4.218,-3.672,0.0,49.968,5.156,255.02,,17.878,sans_arbres
c_07_00,2017-03,92.298,81.427,5.394,5.477,0.0,51.597,5.203,286.843,,22.833,sans_arbres
c_07_00,2017-04,99.81,86.024,5.352,8.434,0.0,54.547,5.263,306.806,,28.772,sans_arbres
c_07_00,2017-05,123.544,101.491,4.634,17.418,0.0,68.615,4.171,294.192,,33.559,sans_arbres
c_07_00,2017-06,119.747,98.172,5.633,15.941,0.0,71.555,3.954,280.902,,36.912,sans_arbres
c_07_00,2017-07,117.736,92.604,10.058,15.074,0.0,70.703,3.341,254.055,,17.761,sans_arbres
c_07_00,2017-08,107.361,82.425,13.871,11.066,0.0,77.151,3.503,226.605,,0.384,sans_arbres
c_07_00,2017-09,116.954,94.322,7.827,14.805,0.0,78.207,2.868,255.182,,0.362,sans_arbres
c_07_00,2017-10,102.146,86.859,6.158,9.128,0.0,70.599,2.84,266.349,,2.891,sans_arbres
c_07_00,2017-11,62.608,63.216,5.344,-5.952,0.0,57.632,3.32,234.208,,8.681,sans_arbres
c_07_00,2017-12,45.776,53.461,4.685,-12.37,0.0,40.387,4.456,221.144,,14.089,sans_arbres
c_07_00,2018-01,43.615,52.317,4.506,-13.208,0.0,40.287,4.676,233.674,,19.105,sans_arbres
c_07_01,2017-01,59.254,60.327,5.219,-3.872,2.42,36.383,2.891,231.157,,14.941,sans_arbres
c_07_01,2017-02,80.939,72.978,4.353,6.028,2.42,49.878,3.615,255.02,,19.866,sans_arbres
c_07_01,2017-03,106.493,85.93,5.415,17.568,2.42,52.253,3.615,286.843,,24.891,sans_arbres
c_07_01,2017-04,114.99,90.451,5.439,21.52,2.42,54.893,3.629,306.806,,30.876,sans_arbres
c_07_01,2017-05,138.044,103.985,4.558,31.922,2.42,70.203,2.758,294.192,,35.704,sans_arbres
c_07_01,2017-06,133.589,100.349,5.768,29.892,2.42,73.22,2.569,280.902,,39.374,sans_arbres
c_07_01,2017-07,130.236,93.775,10.67,28.211,2.42,73.123,2.016,254.055,,26.296,sans_arbres
c_07_01,2017-08,118.506,82.753,15.265,22.907,2.42,79.518,2.086,226.605,,5.004,sans_arbres
c_07_01,2017-09,129.512,95.723,8.247,27.963,2.42,81.229,1.69,255.182,,1.651,sans_arbres
c_07_01,2017-10,115.293,90.133,6.077,21.504,2.42,72.476,1.809,266.349,,3.503,sans_arbres
c_07_01,2017-11,74.223,68.345,5.37,2.928,2.42,58.448,2.228,234.208,,9.276,sans_arbres
c_07_01,2017-12,56.77,59.37,4.817,-4.997,2.42,40.335,3.102,221.144,,14.783,sans_arbres
c_07_01,2018-01,55.241,58.723,4.637,-5.699,2.42,40.076,3.256,233.674,,19.934,sans_arbres
c_07_02,2017-01,55.726,60.861,5.235,-6.337,4.033,35.586,3.92,231.157,,14.121,sans_arbres
c_07_02,2017-02,77.068,73.696,4.378,3.028,4.033,48.979,4.907,255.02,,19.067,sans_arbres
c_07_02,2017-03,102.161,86.846,5.432,13.916,4.033,50.95,4.871,286.843,,24.113,sans_arbres
c_07_02,2017-04,110.358,91.347,5.468,17.577,4.033,53.612,4.958,306.806,,30.121,sans_arbres
c_07_02,2017-05,133.642,105.402,4.58,27.693,4.033,68.413,3.943,294.192,,34.978,sans_arbres
c_07_02,2017-06,130.459,98.532,9.355,26.605,4.033,71.424,3.724,280.902,,38.242,sans_arbres
c_07_02,2017-07,127.42,92.568,13.744,25.141,4.033,71.149,3.076,254.055,,23.319,sans_arbres
c_07_02,2017-08,115.999,82.193,17.721,20.118,4.033,77.591,3.2,226.605,,2.614,sans_arbres
c_07_02,2017-09,126.682,94.8,11.022,24.893,4.033,78.76,2.621,255.182,,0.838,sans_arbres
c_07_02,2017-10,112.307,88.41,9.364,18.566,4.033,70.602,2.65,266.349,,3.022,sans_arbres
c_07_02,2017-11,70.668,69.121,5.386,0.195,4.033,56.902,3.093,234.208,,8.83,sans_arbres
c_07_02,2017-12,53.395,59.942,4.838,-7.353,4.033,39.496,4.203,221.144,,14.357,sans_arbres
c_07_02,2018-01,51.668,59.159,4.654,-8.112,4.033,39.237,4.387,233.674,,19.528,sans_arbres
c_07_03,2017-01,55.604,61.047,5.244,-6.552,4.134,36.461,2.153,231.157,,14.132,sans_arbres
c_07_03,2017-02,76.915,74.004,4.392,2.653,4.134,49.93,2.745,255.02,,19.089,sans_arbres
c_07_03,2017-03,101.971,87.302,5.445,13.358,4.134,52.365,2.732,286.843,,24.149,sans_arbres
c_07_03,2017-04,110.154,91.85,5.487,16.951,4.134,54.99,2.79,306.806,,30.174,sans_arbres
c_07_03,2017-05,133.413,106.036,4.595,26.916,4.134,70.301,2.316,294.192,,35.05,sans_arbres
c_07_03,2017-06,129.167,102.441,5.79,25.069,4.134,73.315,2.191,280.902,,38.642,sans_arbres
c_07_03,2017-07,126.238,96.12,10.585,23.668,4.134,73.204,1.859,254.055,,23.593,sans_arbres
c_07_03,2017-08,114.941,85.163,15.094,18.818,4.134,79.57,1.977,226.605,,2.514,sans_arbres
c_07_03,2017-09,125.497,98.017,8.194,23.419,4.134,81.363,1.585,255.182,,0.819,sans_arbres
c_07_03,2017-10,111.098,91.908,6.089,17.235,4.134,72.643,1.535,266.349,,3.05,sans_arbres
c_07_03,2017-11,70.528,69.393,5.394,-0.125,4.134,58.64,1.727,234.208,,8.833,sans_arbres
c_07_03,2017-12,53.278,60.116,4.848,-7.552,4.134,40.397,2.313,221.144,,14.369,sans_arbres
c_07_03,2018-01,51.55,59.319,4.664,-8.298,4.134,40.14,2.405,233.674,,19.55,sans_arbres
c_07_04,2017-01,58.255,59.491,5.206,-4.426,2.017,35.575,3.928,231.157,,14.549,sans_arbres
c_07_04,2017-02,79.863,72.053,4.351,5.476,2.017,48.976,4.915,255.02,,19.468,sans_arbres
c_07_04,2017-03,105.31,84.922,5.39,17.015,2.017,50.95,4.878,286.843,,24.477,sans_arbres
c_07_04,2017-04,113.728,89.381,5.427,20.936,2.017,53.604,4.967,306.806,,30.439,sans_arbres
c_07_04,2017-05,136.882,102.918,4.529,31.451,2.017,68.444,3.948,294.192,,35.252,sans_arbres
c_07_04,2017-06,133.349,96.732,8.549,30.085,2.017,71.44,3.729,280.902,,38.517,sans_arbres
c_07_04,2017-07,130.037,90.578,13.045,28.431,2.017,71.19,3.079,254.055,,24.896,sans_arbres
c_07_04,2017-08,118.334,80.117,17.163,23.07,2.017,77.649,3.202,226.605,,3.983,sans_arbres
c_07_04,2017-09,129.31,92.772,10.365,28.19,2.017,78.807,2.623,255.182,,1.329,sans_arbres
c_07_04,2017-10,115.045,86.838,8.593,21.63,2.017,70.615,2.655,266.349,,3.244,sans_arbres
c_07_04,2017-11,73.236,67.495,5.341,2.416,2.017,56.897,3.097,234.208,,9.007,sans_arbres
c_07_04,2017-12,55.814,58.555,4.812,-5.536,2.017,39.484,4.211,221.144,,14.496,sans_arbres
c_07_04,2018-01,54.223,57.876,4.632,-6.268,2.017,39.219,4.396,233.674,,19.641,sans_arbres
c_07_05,2017-01,51.158,54.998,5.5,-9.34,0.0,36.08,4.501,231.157,,14.736,sans_arbres
c_07_05,2017-02,72.07,68.117,4.539,-0.585,0.0,49.688,5.493,255.02,,19.887,sans_arbres
c_07_05,2017-03,96.58,81.114,5.816,9.65,0.0,51.385,5.526,286.843,,25.251,sans_arbres
c_07_05,2017-04,104.393,85.702,5.766,12.925,0.0,54.288,5.603,306.806,,31.649,sans_arbres
c_07_05,2017-05,127.995,100.082,5.228,22.686,0.0,67.996,4.452,294.192,,36.923,sans_arbres
c_07_05,2017-06,124.001,96.835,6.17,20.996,0.0,70.955,4.29,280.902,,41.044,sans_arbres
c_07_05,2017-07,121.602,91.214,10.417,19.971,0.0,70.256,3.754,254.055,,23.801,sans_arbres
c_07_05,2017-08,110.815,81.191,14.176,15.448,0.0,76.655,3.884,226.605,,1.323,sans_arbres
c_07_05,2017-09,120.835,92.85,8.312,19.673,0.0,77.635,3.306,255.182,,0.626,sans_arbres
c_07_05,2017-10,106.156,85.897,6.709,13.55,0.0,70.012,3.187,266.349,,3.379,sans_arbres
c_07_05,2017-11,66.078,63.354,5.845,-3.122,0.0,57.124,3.595,234.208,,9.745,sans_arbres
c_07_05,2017-12,49.025,54.219,5.046,-10.24,0.0,40.083,4.77,221.144,,15.607,sans_arbres
c_07_05,2018-01,47.038,53.236,4.849,-11.047,0.0,40.017,5.012,233.674,,21.001,sans_arbres
c_07_06,2017-01,55.054,56.05,5.515,-6.511,0.0,35.867,4.507,231.157,,15.659,sans_arbres
c_07_06,2017-02,76.384,68.73,4.547,3.106,0.0,49.436,5.519,255.02,,20.825,sans_arbres
c_07_06,2017-03,101.448,81.267,5.806,14.375,0.0,51.151,5.55,286.843,,26.186,sans_arbres
c_07_06,2017-04,109.6,85.776,5.758,18.066,0.0,54.025,5.619,306.806,,32.571,sans_arbres
c_07_06,2017-05,133.016,99.325,5.188,28.503,0.0,67.841,4.495,294.192,,37.827,sans_arbres
c_07_06,2017-06,130.991,89.959,12.736,28.296,0.0,71.106,4.345,280.902,,41.267,sans_arbres
c_07_06,2017-07,127.938,84.651,16.413,26.874,0.0,70.59,3.771,254.055,,26.241,sans_arbres
c_07_06,2017-08,116.47,75.453,19.4,21.617,0.0,76.984,3.893,226.605,,3.419,sans_arbres
c_07_06,2017-09,127.197,86.909,13.715,26.573,0.0,77.933,3.34,255.182,,1.313,sans_arbres
c_07_06,2017-10,112.767,80.104,12.676,19.987,0.0,70.141,3.233,266.349,,3.665,sans_arbres
c_07_06,2017-11,70.04,63.981,5.846,0.213,0.0,56.853,3.628,234.208,,10.12,sans_arbres
c_07_06,2017-12,52.752,55.244,5.066,-7.558,0.0,39.853,4.776,221.144,,15.996,sans_arbres
c_07_06,2018-01,50.972,54.439,4.87,-8.337,0.0,39.765,5.013,233.674,,21.413,sans_arbres
c_07_07,2017-01,58.705,57.887,5.199,-3.775,0.605,35.704,4.199,231.157,,15.128,sans_arbres
c_07_07,2017-02,80.4,70.163,4.292,6.55,0.605,49.164,5.236,255.02,,20.011,sans_arbres
c_07_07,2017-03,105.954,82.634,5.402,18.524,0.605,50.954,5.241,286.843,,25.002,sans_arbres
c_07_07,2017-04,114.419,87.03,5.385,22.61,0.605,53.742,5.299,306.806,,30.954,sans_arbres
c_07_07,2017-05,137.618,100.194,4.573,33.455,0.605,68.185,4.236,294.192,,35.744,sans_arbres
c_07_07,2017-06,133.189,96.723,5.716,31.355,0.605,71.122,4.025,280.902,,39.404,sans_arbres
c_07_07,2017-07,129.915,90.329,10.509,29.682,0.605,70.648,3.372,254.055,,25.958,sans_arbres
c_07_07,2017-08,118.23,79.818,14.885,24.132,0.605,77.212,3.493,226.605,,4.754,sans_arbres
c_07_07,2017-09,129.184,92.243,8.157,29.39,0.605,78.119,2.887,255.182,,1.771,sans_arbres
c_07_07,2017-10,114.865,86.727,6.118,22.625,0.605,70.126,2.896,266.349,,3.648,sans_arbres
c_07_07,2017-11,73.728,65.664,5.381,3.289,0.605,56.837,3.354,234.208,,9.457,sans_arbres
c_07_07,2017-12,56.245,56.992,4.781,-4.923,0.605,39.667,4.476,221.144,,14.944,sans_arbres
c_07_07,2018-01,54.666,56.34,4.604,-5.673,0.605,39.477,4.678,233.674,,20.063,sans_arbres
c_07_08,2017-01,62.321,58.473,5.191,-1.344,0.0,36.345,2.377,231.157,,16.045,sans_arbres
c_07_08,2017-02,84.336,70.717,4.34,9.279,0.0,49.829,3.006,255.02,,20.953,sans_arbres
c_07_08,2017-03,110.328,83.27,5.358,21.7,0.0,52.268,2.984,286.843,,25.937,sans_arbres
c_07_08,2017-04,119.094,87.7,5.403,25.991,0.0,54.844,3.041,306.806,,31.867,sans_arbres
c_07_08,2017-05,142.005,100.549,4.484,36.972,0.0,70.214,2.447,294.192,,36.649,sans_arbres
c_07_08,2017-06,137.372,96.936,5.714,34.722,0.0,73.243,2.308,280.902,,40.342,sans_arbres
c_07_08,2017-07,133.666,90.28,10.6,32.786,0.0,73.224,1.903,254.055,,28.877,sans_arbres
c_07_08,2017-08,121.568,79.341,15.24,26.987,0.0,79.609,2.005,226.605,,7.948,sans_arbres
c_07_08,2017-09,132.956,92.27,8.152,32.534,0.0,81.346,1.618,255.182,,2.91,sans_arbres
c_07_08,2017-10,118.87,87.158,5.953,25.759,0.0,72.527,1.628,266.349,,4.274,sans_arbres
c_07_08,2017-11,77.343,66.147,5.305,5.891,0.0,58.503,1.869,234.208,,9.946,sans_arbres
c_07_08,2017-12,59.704,57.5,4.803,-2.599,0.0,40.267,2.555,221.144,,15.413,sans_arbres
c_07_08,2018-01,58.337,56.975,4.626,-3.264,0.0,40.013,2.662,233.674,,20.55,sans_arbres
c_07_09,2017-01,65.633,58.658,5.198,1.778,0.0,35.935,2.361,231.157,,18.505,sans_arbres
c_07_09,2017-02,88.026,70.331,4.333,13.362,0.0,49.598,2.974,255.02,,23.417,sans_arbres
c_07_09,2017-03,114.514,82.241,5.332,26.941,0.0,51.91,2.945,286.843,,28.381,sans_arbres
c_07_09,2017-04,123.574,86.512,5.376,31.686,0.0,54.514,3.009,306.806,,34.279,sans_arbres
c_07_09,2017-05,146.365,98.516,4.445,43.403,0.0,70.066,2.471,294.192,,39.029,sans_arbres
c_07_09,2017-06,141.539,94.954,5.702,40.883,0.0,73.133,2.332,280.902,,42.79,sans_arbres
c_07_09,2017-07,137.456,88.171,10.658,38.626,0.0,73.233,1.923,254.055,,33.173,sans_arbres
c_07_09,2017-08,124.954,77.34,15.406,32.208,0.0,79.628,2.017,226.605,,12.635,sans_arbres
c_07_09,2017-09,136.76,90.188,8.209,38.364,0.0,81.287,1.645,255.182,,5.487,sans_arbres
c_07_09,2017-10,122.795,85.717,5.921,31.157,0.0,72.255,1.672,266.349,,6.318,sans_arbres
c_07_09,2017-11,80.732,65.861,5.3,9.57,0.0,57.863,1.876,234.208,,11.979,sans_arbres
c_07_09,2017-12,62.873,57.699,4.814,0.359,0.0,39.876,2.533,221.144,,17.451,sans_arbres
c_07_09,2018-01,61.674,57.302,4.636,-0.263,0.0,39.611,2.629,233.674,,22.601,sans_arbres
c_07_10,2017-01,65.938,59.627,5.256,1.055,0.0,36.452,1.6,231.157,,18.376,sans_arbres
c_07_10,2017-02,88.266,71.906,4.408,11.952,0.0,49.772,1.958,255.02,,23.358,sans_arbres
c_07_10,2017-03,114.688,84.526,5.416,24.746,0.0,52.398,1.896,286.843,,28.406,sans_arbres
c_07_10,2017-04,123.753,89.052,5.481,29.22,0.0,54.742,1.985,306.806,,34.406,sans_arbres
c_07_10,2017-05,146.364,101.591,4.546,40.227,0.0,70.046,1.778,294.192,,39.266,sans_arbres
c_07_10,2017-06,141.527,97.868,5.821,37.838,0.0,73.088,1.708,280.902,,43.153,sans_arbres
c_07_10,2017-07,137.387,90.89,10.806,35.691,0.0,73.177,1.458,254.055,,33.803,sans_arbres
c_07_10,2017-08,124.878,79.605,15.671,29.601,0.0,79.553,1.541,226.605,,13.067,sans_arbres
c_07_10,2017-09,136.699,92.951,8.309,35.439,0.0,81.383,1.332,255.182,,5.395,sans_arbres
c_07_10,2017-10,122.854,88.157,5.991,28.707,0.0,72.617,1.283,266.349,,6.204,sans_arbres
c_07_10,2017-11,80.953,67.195,5.362,8.396,0.0,59.009,1.344,234.208,,11.93,sans_arbres
c_07_10,2017-12,63.164,58.586,4.872,-0.295,0.0,40.335,1.711,221.144,,17.466,sans_arbres
c_07_10,2018-01,62.011,58.177,4.696,-0.861,0.0,40.007,1.747,233.674,,22.677,sans_arbres
c_08_00,2017-01,46.599,53.455,5.474,-12.33,0.0,36.331,4.499,231.157,,14.263,sans_arbres
c_08_00,2017-02,67.022,67.054,4.522,-4.553,0.0,49.987,5.476,255.02,,19.388,sans_arbres
c_08_00,2017-03,90.884,80.558,5.818,4.508,0.0,51.667,5.507,286.843,,24.747,sans_arbres
c_08_00,2017-04,98.299,85.197,5.764,7.338,0.0,54.601,5.59,306.806,,31.147,sans_arbres
c_08_00,2017-05,122.12,100.556,5.263,16.301,0.0,68.198,4.417,294.192,,36.434,sans_arbres
c_08_00,2017-06,118.388,97.38,6.149,14.86,0.0,71.139,4.262,280.902,,40.439,sans_arbres
c_08_00,2017-07,116.515,92.151,10.239,14.125,0.0,70.309,3.709,254.055,,20.833,sans_arbres
c_08_00,2017-08,106.275,82.281,13.771,10.223,0.0,76.647,3.874,226.605,,0.205,sans_arbres
c_08_00,2017-09,115.727,93.699,8.184,13.845,0.0,77.707,3.287,255.182,,0.403,sans_arbres
c_08_00,2017-10,100.848,85.914,6.724,8.209,0.0,70.221,3.156,266.349,,3.28,sans_arbres
c_08_00,2017-11,61.442,62.312,5.834,-6.703,0.0,57.447,3.577,234.208,,9.639,sans_arbres
c_08_00,2017-12,44.663,52.723,5.015,-13.075,0.0,40.354,4.767,221.144,,15.476,sans_arbres
c_08_00,2018-01,42.435,51.519,4.817,-13.901,0.0,40.314,5.012,233.674,,20.835,sans_arbres
c_08_01,2017-01,50.454,54.782,5.497,-9.825,0.0,36.118,4.5,231.157,,14.655,sans_arbres
c_08_01,2017-02,71.29,67.977,4.537,-1.224,0.0,49.733,5.49,255.02,,19.802,sans_arbres
c_08_01,2017-03,95.7,81.055,5.817,8.828,0.0,51.428,5.522,286.843,,25.167,sans_arbres
c_08_01,2017-04,103.451,85.653,5.766,12.032,0.0,54.336,5.6,306.806,,31.565,sans_arbres
c_08_01,2017-05,127.087,100.185,5.234,21.668,0.0,68.026,4.446,294.192,,36.843,sans_arbres
c_08_01,2017-06,123.133,96.946,6.168,20.019,0.0,70.982,4.285,280.902,,40.947,sans_arbres
c_08_01,2017-07,120.816,91.386,10.391,19.04,0.0,70.261,3.75,254.055,,23.337,sans_arbres
c_08_01,2017-08,110.114,81.381,14.116,14.616,0.0,76.652,3.884,226.605,,1.114,sans_arbres
c_08_01,2017-09,120.046,93.006,8.293,18.746,0.0,77.645,3.302,255.182,,0.569,sans_arbres
c_08_01,2017-10,105.336,85.928,6.713,12.695,0.0,70.044,3.181,266.349,,3.353,sans_arbres
c_08_01,2017-11,65.362,63.215,5.844,-3.698,0.0,57.174,3.591,234.208,,9.72,sans_arbres
c_08_01,2017-12,48.351,54.008,5.041,-10.699,0.0,40.125,4.769,221.144,,15.579,sans_arbres
c_08_01,2018-01,46.327,52.993,4.844,-11.511,0.0,40.063,5.012,233.674,,20.968,sans_arbres
c_08_02,2017-01,50.459,57.28,5.138,-9.942,2.017,35.987,3.951,231.157,,13.294,sans_arbres
c_08_02,2017-02,71.258,70.563,4.288,-1.576,2.017,49.389,4.936,255.02,,18.137,sans_arbres
c_08_02,2017-03,95.626,84.177,5.374,8.091,2.017,51.238,4.953,286.843,,23.111,sans_arbres
c_08_02,2017-04,103.369,88.726,5.385,11.274,2.017,54.024,5.011,306.806,,29.045,sans_arbres
c_08_02,2017-05,126.94,103.789,4.543,20.624,2.017,68.621,3.974,294.192,,33.834,sans_arbres
c_08_02,2017-06,122.988,100.329,5.64,19.036,2.017,71.526,3.744,280.902,,37.186,sans_arbres
c_08_02,2017-07,120.661,94.497,10.223,17.958,2.017,70.995,3.127,254.055,,19.387,sans_arbres
c_08_02,2017-08,109.97,83.935,14.347,13.705,2.017,77.447,3.27,226.605,,0.939,sans_arbres
c_08_02,2017-09,119.893,96.297,7.897,17.716,2.017,78.634,2.652,255.182,,0.423,sans_arbres
c_08_02,2017-10,105.226,89.363,6.024,11.856,2.017,70.727,2.655,266.349,,2.829,sans_arbres
c_08_02,2017-11,65.332,66.052,5.298,-4.001,2.017,57.337,3.133,234.208,,8.517,sans_arbres
c_08_02,2017-12,48.356,56.423,4.729,-10.779,2.017,39.956,4.217,221.144,,13.935,sans_arbres
c_08_02,2018-01,46.344,55.401,4.549,-11.59,2.017,39.728,4.419,233.674,,18.991,sans_arbres
c_08_03,2017-01,55.52,60.871,5.239,-6.556,4.033,36.404,2.251,231.157,,14.099,sans_arbres
c_08_03,2017-02,76.831,73.785,4.385,2.694,4.033,49.922,2.864,255.02,,19.05,sans_arbres
c_08_03,2017-03,101.884,87.03,5.437,13.45,4.033,52.332,2.845,286.843,,24.102,sans_arbres
c_08_03,2017-04,110.062,91.559,5.478,17.058,4.033,54.978,2.919,306.806,,30.119,sans_arbres
c_08_03,2017-05,133.339,105.707,4.587,27.078,4.033,70.362,2.459,294.192,,34.986,sans_arbres
c_08_03,2017-06,129.097,102.132,5.779,25.22,4.033,73.393,2.334,280.902,,38.566,sans_arbres
c_08_03,2017-07,126.18,95.828,10.567,23.818,4.033,73.328,2.002,254.055,,23.465,sans_arbres
c_08_03,2017-08,114.891,84.913,15.059,18.953,4.033,79.67,2.139,226.605,,2.479,sans_arbres
c_08_03,2017-09,125.438,97.72,8.179,23.572,4.033,81.507,1.716,255.182,,0.806,sans_arbres
c_08_03,2017-10,111.026,91.627,6.082,17.35,4.033,72.701,1.643,266.349,,3.039,sans_arbres
c_08_03,2017-11,70.451,69.191,5.388,-0.095,4.033,58.564,1.824,234.208,,8.815,sans_arbres
c_08_03,2017-12,53.198,59.946,4.842,-7.557,4.033,40.352,2.413,221.144,,14.345,sans_arbres
c_08_03,2018-01,51.463,59.149,4.658,-8.311,4.033,40.088,2.506,233.674,,19.52,sans_arbres
c_08_04,2017-01,58.545,61.498,5.255,-4.175,4.033,35.449,3.948,231.157,,14.9,sans_arbres
c_08_04,2017-02,80.187,74.02,4.391,5.809,4.033,48.864,4.927,255.02,,19.865,sans_arbres
c_08_04,2017-03,105.678,86.825,5.432,17.454,4.033,50.847,4.878,286.843,,24.916,sans_arbres
c_08_04,2017-04,114.121,91.268,5.473,21.414,4.033,53.48,4.975,306.806,,30.925,sans_arbres
c_08_04,2017-05,137.266,104.722,4.57,32.008,4.033,68.341,3.963,294.192,,35.781,sans_arbres
c_08_04,2017-06,132.849,101.138,5.793,29.952,4.033,71.255,3.742,280.902,,39.445,sans_arbres
c_08_04,2017-07,129.586,94.64,10.674,28.305,4.033,71.022,3.081,254.055,,25.995,sans_arbres
c_08_04,2017-08,117.931,83.702,15.298,22.965,4.033,77.499,3.199,226.605,,4.569,sans_arbres
c_08_04,2017-09,128.857,96.564,8.267,28.059,4.033,78.634,2.628,255.182,,1.528,sans_arbres
c_08_04,2017-10,114.57,91.038,6.077,21.488,4.033,70.401,2.688,266.349,,3.433,sans_arbres
c_08_04,2017-11,73.533,69.448,5.398,2.72,4.033,56.734,3.109,234.208,,9.218,sans_arbres
c_08_04,2017-12,56.091,60.563,4.862,-5.301,4.033,39.343,4.234,221.144,,14.766,sans_arbres
c_08_04,2018-01,54.514,59.901,4.678,-6.031,4.033,39.083,4.411,233.674,,19.963,sans_arbres
c_08_05,2017-01,54.308,55.868,5.513,-7.073,0.0,35.908,4.505,231.157,,15.396,sans_arbres
c_08_05,2017-02,75.558,68.633,4.546,2.378,0.0,49.484,5.513,255.02,,20.56,sans_arbres
c_08_05,2017-03,100.516,81.261,5.809,13.446,0.0,51.196,5.544,286.843,,25.922,sans_arbres
c_08_05,2017-04,108.603,85.786,5.76,17.056,0.0,54.075,5.615,306.806,,32.31,sans_arbres
c_08_05,2017-05,132.055,99.495,5.196,27.364,0.0,67.87,4.485,294.192,,37.571,sans_arbres
c_08_05,2017-06,128.899,93.358,9.263,26.277,0.0,70.975,4.33,280.902,,41.433,sans_arbres
c_08_05,2017-07,126.042,87.79,13.286,24.966,0.0,70.402,3.767,254.055,,25.926,sans_arbres
c_08_05,2017-08,114.777,78.118,16.744,19.915,0.0,76.815,3.89,226.605,,2.852,sans_arbres
c_08_05,2017-09,125.293,89.742,10.892,24.66,0.0,77.758,3.33,255.182,,1.117,sans_arbres
c_08_05,2017-10,110.789,83.086,9.509,18.194,0.0,70.013,3.221,266.349,,3.597,sans_arbres
c_08_05,2017-11,69.281,63.88,5.846,-0.445,0.0,56.904,3.621,234.208,,10.003,sans_arbres
c_08_05,2017-12,52.038,55.066,5.062,-8.089,0.0,39.897,4.775,221.144,,15.876,sans_arbres
c_08_05,2018-01,50.218,54.228,4.866,-8.876,0.0,39.813,5.012,233.674,,21.29,sans_arbres
c_08_06,2017-01,56.344,58.874,5.185,-5.698,2.017,35.681,4.007,231.157,,14.071,sans_arbres
c_08_06,2017-02,77.776,71.489,4.32,3.984,2.017,49.082,5.017,255.02,,18.961,sans_arbres
c_08_06,2017-03,102.984,84.379,5.381,15.24,2.017,50.99,5.001,286.843,,23.951,sans_arbres
c_08_06,2017-04,111.241,88.819,5.4,19.038,2.017,53.7,5.074,306.806,,29.896,sans_arbres
c_08_06,2017-05,134.535,102.59,4.53,29.431,2.017,68.393,4.04,294.192,,34.688,sans_arbres
c_08_06,2017-06,131.723,94.591,10.545,28.603,2.017,71.456,3.821,280.902,,37.757,sans_arbres
c_08_06,2017-07,128.58,88.801,14.743,27.053,2.017,71.116,3.171,254.055,,23.128,sans_arbres
c_08_06,2017-08,117.037,78.781,18.448,21.825,2.017,77.592,3.298,226.605,,2.926,sans_arbres
c_08_06,2017-09,127.845,91.158,11.907,26.797,2.017,78.689,2.703,255.182,,0.974,sans_arbres
c_08_06,2017-10,113.485,84.769,10.458,20.275,2.017,70.591,2.721,266.349,,3.048,sans_arbres
c_08_06,2017-11,71.319,66.976,5.334,1.025,2.017,56.947,3.179,234.208,,8.819,sans_arbres
c_08_06,2017-12,53.986,57.975,4.783,-6.755,2.017,39.615,4.287,221.144,,14.288,sans_arbres
c_08_06,2018-01,52.285,57.227,4.603,-7.528,2.017,39.374,4.48,233.674,,19.403,sans_arbres
c_08_07,2017-01,59.838,61.893,5.263,-3.587,3.731,36.43,2.773,231.157,,15.337,sans_arbres
c_08_07,2017-02,81.563,74.612,4.401,6.281,3.731,49.863,3.482,255.02,,20.31,sans_arbres
c_08_07,2017-03,107.175,87.657,5.452,17.796,3.731,52.336,3.47,286.843,,25.378,sans_arbres
c_08_07,2017-04,115.719,92.216,5.493,21.741,3.731,54.895,3.503,306.806,,31.411,sans_arbres
c_08_07,2017-05,138.708,105.747,4.592,32.099,3.731,70.162,2.7,294.192,,36.289,sans_arbres
c_08_07,2017-06,134.22,102.077,5.833,30.041,3.731,73.19,2.526,280.902,,40.021,sans_arbres
c_08_07,2017-07,130.795,95.401,10.779,28.346,3.731,73.139,2.012,254.055,,27.332,sans_arbres
c_08_07,2017-08,119.002,84.212,15.493,23.028,3.731,79.533,2.095,226.605,,5.758,sans_arbres
c_08_07,2017-09,130.075,97.356,8.343,28.107,3.731,81.26,1.689,255.182,,1.908,sans_arbres
c_08_07,2017-10,115.907,91.833,6.11,21.695,3.731,72.483,1.78,266.349,,3.683,sans_arbres
c_08_07,2017-11,74.797,69.928,5.411,3.189,3.731,58.596,2.134,234.208,,9.495,sans_arbres
c_08_07,2017-12,57.328,60.914,4.866,-4.721,3.731,40.339,2.981,221.144,,15.051,sans_arbres
c_08_07,2018-01,55.837,60.285,4.683,-5.401,3.731,40.11,3.12,233.674,,20.253,sans_arbres
c_08_08,2017-01,70.346,61.099,5.305,3.942,0.0,36.407,1.414,231.157,,23.704,sans_arbres
c_08_08,2017-02,93.046,73.482,4.452,15.111,0.0,49.332,1.692,255.02,,28.736,sans_arbres
c_08_08,2017-03,119.982,86.244,5.469,28.268,0.0,52.007,1.672,286.843,,33.835,sans_arbres
c_08_08,2017-04,129.409,90.913,5.539,32.957,0.0,54.198,1.723,306.806,,39.897,sans_arbres
c_08_08,2017-05,151.639,103.155,4.602,43.881,0.0,69.351,1.526,294.192,,44.817,sans_arbres
c_08_08,2017-06,146.554,99.276,5.93,41.349,0.0,72.354,1.456,280.902,,48.915,sans_arbres
c_08_08,2017-07,141.883,91.876,11.089,38.918,0.0,72.647,1.239,254.055,,42.162,sans_arbres
c_08_08,2017-08,128.876,80.129,16.212,32.535,0.0,78.99,1.293,226.605,,21.867,sans_arbres
c_08_08,2017-09,141.222,94.002,8.526,38.694,0.0,80.924,1.141,255.182,,11.334,sans_arbres
c_08_08,2017-10,127.682,89.569,6.065,32.048,0.0,72.322,1.122,266.349,,11.52,sans_arbres
c_08_08,2017-11,85.343,68.59,5.415,11.338,0.0,58.984,1.18,234.208,,17.324,sans_arbres
c_08_08,2017-12,67.38,59.977,4.917,2.487,0.0,40.174,1.496,221.144,,22.913,sans_arbres
c_08_08,2018-01,66.492,59.704,4.744,2.044,0.0,39.829,1.543,233.674,,28.173,sans_arbres
c_08_09,2017-01,67.588,59.254,5.232,3.101,0.0,36.046,1.996,231.157,,19.764,sans_arbres
c_08_09,2017-02,90.146,70.962,4.373,14.811,0.0,49.636,2.491,255.02,,24.717,sans_arbres
c_08_09,2017-03,116.862,82.933,5.362,28.567,0.0,52.079,2.418,286.843,,29.717,sans_arbres
c_08_09,2017-04,126.082,87.259,5.421,33.403,0.0,54.563,2.532,306.806,,35.654,sans_arbres
c_08_09,2017-05,148.704,99.129,4.475,45.1,0.0,70.025,2.166,294.192,,40.447,sans_arbres
c_08_09,2017-06,143.769,95.498,5.761,42.509,0.0,73.103,2.062,280.902,,44.311,sans_arbres
c_08_09,2017-07,139.451,88.542,10.768,40.141,0.0,73.27,1.745,254.055,,35.839,sans_arbres
c_08_09,2017-08,126.728,77.52,15.642,33.565,0.0,79.668,1.839,226.605,,15.518,sans_arbres
c_08_09,2017-09,138.767,90.612,8.289,39.865,0.0,81.353,1.534,255.182,,6.97,sans_arbres
c_08_09,2017-10,124.936,86.288,5.931,32.717,0.0,72.339,1.516,266.349,,7.526,sans_arbres
c_08_09,2017-11,82.679,66.41,5.327,10.942,0.0,58.22,1.612,234.208,,13.208,sans_arbres
c_08_09,2017-12,64.742,58.257,4.852,1.633,0.0,39.969,2.14,221.144,,18.716,sans_arbres
c_08_09,2018-01,63.661,57.918,4.675,1.068,0.0,39.671,2.21,233.674,,23.907,sans_arbres
c_08_10,2017-01,61.741,58.421,5.201,-1.881,0.0,36.469,1.984,231.157,,15.748,sans_arbres
c_08_10,2017-02,83.69,70.762,4.356,8.571,0.0,49.893,2.522,255.02,,20.671,sans_arbres
c_08_10,2017-03,109.594,83.432,5.37,20.793,0.0,52.411,2.475,286.843,,25.669,sans_arbres
c_08_10,2017-04,118.308,87.891,5.422,24.995,0.0,54.932,2.57,306.806,,31.614,sans_arbres
c_08_10,2017-05,141.239,100.889,4.499,35.851,0.0,70.276,2.167,294.192,,36.416,sans_arbres
c_08_10,2017-06,136.64,97.267,5.726,33.647,0.0,73.299,2.061,280.902,,40.107,sans_arbres
c_08_10,2017-07,133.0,90.636,10.581,31.782,0.0,73.275,1.758,254.055,,28.32,sans_arbres
c_08_10,2017-08,120.973,79.687,15.209,26.076,0.0,79.644,1.87,226.605,,7.297,sans_arbres
c_08_10,2017-09,132.288,92.636,8.134,31.518,0.0,81.436,1.522,255.182,,2.597,sans_arbres
c_08_10,2017-10,118.181,87.399,5.948,24.834,0.0,72.672,1.461,266.349,,4.045,sans_arbres
c_08_10,2017-11,76.75,66.176,5.311,5.263,0.0,58.771,1.599,234.208,,9.714,sans_arbres
c_08_10,2017-12,59.149,57.439,4.816,-3.106,0.0,40.373,2.138,221.144,,15.192,sans_arbres
c_08_10,2018-01,57.753,56.891,4.638,-3.776,0.0,40.124,2.208,233.674,,20.341,sans_arbres
c_09_00,2017-01,46.599,53.455,5.474,-12.33,0.0,36.331,4.499,231.157,,14.263,sans_arbres
c_09_00,2017-02,67.022,67.054,4.522,-4.553,0.0,49.987,5.476,255.02,,19.388,sans_arbres
c_09_00,2017-03,90.884,80.558,5.818,4.508,0.0,51.667,5.507,286.843,,24.747,sans_arbres
c_09_00,2017-04,98.299,85.197,5.764,7.338,0.0,54.601,5.59,306.806,,31.147,sans_arbres
c_09_00,2017-05,122.12,100.556,5.263,16.301,0.0,68.198,4.417,294.192,,36.434,sans_arbres
c_09_00,2017-06,118.388,97.38,6.149,14.86,0.0,71.139,4.262,280.902,,40.439,sans_arbres
c_09_00,2017-07,116.515,92.151,10.239,14.125,0.0,70.309,3.709,254.055,,20.833,sans_arbres
c_09_00,2017-08,106.275,82.281,13.771,10.223,0.0,76.647,3.874,226.605,,0.205,sans_arbres
c_09_00,2017-09,115.727,93.699,8.184,13.845,0.0,77.707,3.287,255.182,,0.403,sans_arbres
c_09_00,2017-10,100.848,85.914,6.724,8.209,0.0,70.221,3.156,266.349,,3.28,sans_arbres
c_09_00,2017-11,61.442,62.312,5.834,-6.703,0.0,57.447,3.577,234.208,,9.639,sans_arbres
c_09_00,2017-12,44.663,52.723,5.015,-13.075,0.0,40.354,4.767,221.144,,15.476,sans_arbres
c_09_00,2018-01,42.435,51.519,4.817,-13.901,0.0,40.314,5.012,233.674,,20.835,sans_arbres
c_09_01,2017-01,50.329,54.743,5.496,-9.909,0.0,36.125,4.5,231.157,,14.641,sans_arbres
c_09_01,2017-02,71.152,67.951,4.536,-1.335,0.0,49.742,5.489,255.02,,19.788,sans_arbres
c_09_01,2017-03,95.545,81.044,5.817,8.684,0.0,51.436,5.522,286.843,,25.152,sans_arbres
c_09_01,2017-04,103.285,85.643,5.766,11.876,0.0,54.345,5.6,306.806,,31.551,sans_arbres
c_09_01,2017-05,126.927,100.202,5.235,21.49,0.0,68.031,4.445,294.192,,36.829,sans_arbres
c_09_01,2017-06,122.98,96.965,6.167,19.848,0.0,70.987,4.284,280.902,,40.93,sans_arbres
c_09_01,2017-07,120.678,91.414,10.386,18.877,0.0,70.262,3.75,254.055,,23.255,sans_arbres
c_09_01,2017-08,109.99,81.414,14.105,14.47,0.0,76.651,3.884,226.605,,1.079,sans_arbres
c_09_01,2017-09,119.906,93.032,8.29,18.584,0.0,77.647,3.301,255.182,,0.56,sans_arbres
c_09_01,2017-10,105.191,85.932,6.714,12.545,0.0,70.049,3.18,266.349,,3.35,sans_arbres
c_09_01,2017-11,65.235,63.19,5.844,-3.798,0.0,57.183,3.59,234.208,,9.716,sans_arbres
c_09_01,2017-12,48.232,53.97,5.041,-10.779,0.0,40.132,4.769,221.144,,15.574,sans_arbres
c_09_01,2018-01,46.201,52.949,4.843,-11.592,0.0,40.071,5.012,233.674,,20.962,sans_arbres
c_09_02,2017-01,59.837,62.154,5.288,-3.571,4.033,36.418,1.998,231.157,,15.391,sans_arbres
c_09_02,2017-02,81.566,74.848,4.433,6.318,4.033,49.853,2.523,255.02,,20.397,sans_arbres
c_09_02,2017-03,107.182,87.874,5.469,17.872,4.033,52.402,2.464,286.843,,25.489,sans_arbres
c_09_02,2017-04,115.726,92.423,5.525,21.812,4.033,54.88,2.565,306.806,,31.546,sans_arbres
c_09_02,2017-05,138.721,105.928,4.61,32.217,4.033,70.164,2.169,294.192,,36.453,sans_arbres
c_09_02,2017-06,134.233,102.247,5.858,30.161,4.033,73.202,2.064,280.902,,40.207,sans_arbres
c_09_02,2017-07,130.808,95.589,10.777,28.475,4.033,73.197,1.756,254.055,,27.525,sans_arbres
c_09_02,2017-08,119.014,84.41,15.514,23.123,4.033,79.581,1.863,226.605,,5.833,sans_arbres
c_09_02,2017-09,130.089,97.566,8.341,28.215,4.033,81.349,1.527,255.182,,1.921,sans_arbres
c_09_02,2017-10,115.916,92.051,6.098,21.8,4.033,72.533,1.484,266.349,,3.682,sans_arbres
c_09_02,2017-11,74.799,70.168,5.428,3.237,4.033,58.739,1.608,234.208,,9.494,sans_arbres
c_09_02,2017-12,57.327,61.169,4.899,-4.707,4.033,40.32,2.151,221.144,,15.078,sans_arbres
c_09_02,2018-01,55.835,60.543,4.714,-5.389,4.033,40.083,2.218,233.674,,20.313,sans_arbres
c_09_03,2017-01,61.495,62.428,5.296,-2.196,4.033,36.235,2.027,231.157,,16.082,sans_arbres
c_09_03,2017-02,83.404,74.9,4.435,8.102,4.033,49.754,2.551,255.02,,21.094,sans_arbres
c_09_03,2017-03,109.259,87.684,5.464,20.145,4.033,52.246,2.489,286.843,,26.183,sans_arbres
c_09_03,2017-04,117.949,92.18,5.52,24.282,4.033,54.74,2.591,306.806,,32.234,sans_arbres
c_09_03,2017-05,140.87,105.307,4.598,34.998,4.033,70.091,2.198,294.192,,37.134,sans_arbres
c_09_03,2017-06,136.286,101.629,5.864,32.827,4.033,73.143,2.092,280.902,,40.931,sans_arbres
c_09_03,2017-07,132.671,94.875,10.833,30.997,4.033,73.204,1.776,254.055,,29.174,sans_arbres
c_09_03,2017-08,120.678,83.696,15.637,25.378,4.033,79.592,1.88,226.605,,7.622,sans_arbres
c_09_03,2017-09,131.959,96.872,8.386,30.735,4.033,81.319,1.546,255.182,,2.647,sans_arbres
c_09_03,2017-10,117.856,91.657,6.092,24.14,4.033,72.403,1.519,266.349,,4.164,sans_arbres
c_09_03,2017-11,76.487,70.24,5.431,4.849,4.033,58.466,1.631,234.208,,9.977,sans_arbres
c_09_03,2017-12,58.913,61.438,4.908,-3.4,4.033,40.151,2.18,221.144,,15.569,sans_arbres
c_09_03,2018-01,57.508,60.883,4.724,-4.066,4.033,39.9,2.248,233.674,,20.815,sans_arbres
c_09_04,2017-01,54.644,58.406,5.174,-6.92,2.017,35.786,4.047,231.157,,13.83,sans_arbres
c_09_04,2017-02,75.903,71.161,4.302,2.456,2.017,49.199,5.059,255.02,,18.702,sans_arbres
c_09_04,2017-03,100.879,84.185,5.385,13.325,2.017,51.052,5.061,286.843,,23.688,sans_arbres
c_09_04,2017-04,108.989,88.643,5.39,16.973,2.017,53.811,5.124,306.806,,29.631,sans_arbres
c_09_04,2017-05,132.38,102.72,4.546,27.13,2.017,68.393,4.081,294.192,,34.421,sans_arbres
c_09_04,2017-06,128.186,99.231,5.681,25.291,2.017,71.303,3.862,280.902,,37.918,sans_arbres
c_09_04,2017-07,125.38,93.079,10.4,23.918,2.017,70.838,3.219,254.055,,22.289,sans_arbres
c_09_04,2017-08,114.183,82.497,14.703,18.999,2.017,77.351,3.351,226.605,,2.218,sans_arbres
c_09_04,2017-09,124.631,94.956,8.048,23.643,2.017,78.407,2.742,255.182,,0.762,sans_arbres
c_09_04,2017-10,110.134,88.79,6.056,17.305,2.017,70.419,2.746,266.349,,3.006,sans_arbres
c_09_04,2017-11,69.598,66.652,5.338,-0.374,2.017,57.031,3.219,234.208,,8.744,sans_arbres
c_09_04,2017-12,52.359,57.524,4.766,-7.914,2.017,39.739,4.321,221.144,,14.203,sans_arbres
c_09_04,2018-01,50.565,56.705,4.585,-8.709,2.017,39.519,4.52,233.674,,19.3,sans_arbres
c_09_05,2017-01,46.599,53.455,5.474,-12.33,0.0,36.331,4.499,231.157,,14.263,sans_arbres
c_09_05,2017-02,67.022,67.054,4.522,-4.553,0.0,49.987,5.476,255.02,,19.388,sans_arbres
c_09_05,2017-03,90.884,80.558,5.818,4.508,0.0,51.667,5.507,286.843,,24.747,sans_arbres
c_09_05,2017-04,98.299,85.197,5.764,7.338,0.0,54.601,5.59,306.806,,31.147,sans_arbres
c_09_05,2017-05,122.12,100.556,5.263,16.301,0.0,68.198,4.417,294.192,,36.434,sans_arbres
c_09_05,2017-06,120.735,90.654,13.628,16.454,0.0,71.453,4.26,280.902,,40.21,sans_arbres
c_09_05,2017-07,118.643,86.073,16.949,15.621,0.0,70.709,3.697,254.055,,20.554,sans_arbres
c_09_05,2017-08,108.174,77.222,19.394,11.558,0.0,76.99,3.873,226.605,,0.203,sans_arbres
c_09_05,2017-09,117.863,88.214,14.307,15.342,0.0,78.081,3.293,255.182,,0.398,sans_arbres
c_09_05,2017-10,103.068,79.848,13.589,9.63,0.0,70.541,3.161,266.349,,3.241,sans_arbres
c_09_05,2017-11,61.442,62.312,5.834,-6.703,0.0,57.447,3.577,234.208,,9.639,sans_arbres
c_09_05,2017-12,44.663,52.723,5.015,-13.075,0.0,40.354,4.767,221.144,,15.476,sans_arbres
c_09_05,2018-01,42.435,51.519,4.817,-13.901,0.0,40.314,5.012,233.674,,20.835,sans_arbres
c_09_06,2017-01,56.85,61.177,5.244,-5.739,3.832,36.509,2.495,231.157,,14.32,sans_arbres
c_09_06,2017-02,78.278,74.099,4.388,3.622,3.832,49.941,3.149,255.02,,19.275,sans_arbres
c_09_06,2017-03,103.491,87.364,5.445,14.513,3.832,52.394,3.138,286.843,,24.334,sans_arbres
c_09_06,2017-04,111.779,91.932,5.484,18.194,3.832,55.0,3.179,306.806,,30.359,sans_arbres
c_09_06,2017-05,134.949,105.96,4.593,28.228,3.832,70.269,2.522,294.192,,35.231,sans_arbres
c_09_06,2017-06,130.632,102.339,5.8,26.325,3.832,73.28,2.369,280.902,,38.862,sans_arbres
c_09_06,2017-07,127.556,95.902,10.641,24.845,3.832,73.159,1.939,254.055,,24.485,sans_arbres
c_09_06,2017-08,116.115,84.855,15.207,19.884,3.832,79.539,2.036,226.605,,3.062,sans_arbres
c_09_06,2017-09,126.821,97.814,8.237,24.602,3.832,81.308,1.64,255.182,,1.009,sans_arbres
c_09_06,2017-10,112.496,91.853,6.098,18.376,3.832,72.617,1.664,266.349,,3.153,sans_arbres
c_09_06,2017-11,71.779,69.453,5.395,0.762,3.832,58.692,1.956,234.208,,8.944,sans_arbres
c_09_06,2017-12,54.47,60.226,4.846,-6.77,3.832,40.439,2.679,221.144,,14.479,sans_arbres
c_09_06,2018-01,52.814,59.478,4.663,-7.495,3.832,40.187,2.8,233.674,,19.659,sans_arbres
c_09_07,2017-01,62.241,59.611,5.206,-1.568,1.008,36.34,2.917,231.157,,16.111,sans_arbres
c_09_07,2017-02,84.229,72.001,4.331,8.905,1.008,49.818,3.653,255.02,,21.019,sans_arbres
c_09_07,2017-03,110.189,84.68,5.394,21.123,1.008,52.164,3.669,286.843,,26.022,sans_arbres
c_09_07,2017-04,118.943,89.174,5.411,25.367,1.008,54.798,3.651,306.806,,31.98,sans_arbres
c_09_07,2017-05,141.827,102.175,4.533,36.127,1.008,70.035,2.706,294.192,,36.78,sans_arbres
c_09_07,2017-06,137.199,98.521,5.756,33.931,1.008,73.038,2.505,280.902,,40.52,sans_arbres
c_09_07,2017-07,133.499,91.764,10.72,32.022,1.008,72.913,1.912,254.055,,29.089,sans_arbres
c_09_07,2017-08,121.416,80.727,15.384,26.313,1.008,79.355,1.96,226.605,,8.012,sans_arbres
c_09_07,2017-09,132.79,93.759,8.275,31.764,1.008,80.948,1.583,255.182,,2.887,sans_arbres
c_09_07,2017-10,118.721,88.571,6.06,25.098,1.008,72.246,1.75,266.349,,4.32,sans_arbres
c_09_07,2017-11,77.245,67.371,5.354,5.529,1.008,58.327,2.218,234.208,,10.082,sans_arbres
c_09_07,2017-12,59.627,58.635,4.802,-2.802,1.008,40.294,3.134,221.144,,15.571,sans_arbres
c_09_07,2018-01,58.261,58.102,4.625,-3.457,1.008,40.039,3.296,233.674,,20.708,sans_arbres
c_09_08,2017-01,69.669,60.429,5.266,4.377,0.403,36.046,2.136,231.157,,21.805,sans_arbres
c_09_08,2017-02,92.389,72.272,4.405,16.115,0.403,49.53,2.657,255.02,,26.792,sans_arbres
c_09_08,2017-03,119.333,84.409,5.403,29.924,0.403,51.969,2.592,286.843,,31.83,sans_arbres
c_09_08,2017-04,128.722,88.835,5.465,34.826,0.403,54.41,2.685,306.806,,37.814,sans_arbres
c_09_08,2017-05,151.141,100.656,4.519,46.37,0.403,69.804,2.187,294.192,,42.652,sans_arbres
c_09_08,2017-06,146.089,96.927,5.836,43.729,0.403,72.874,2.063,280.902,,46.635,sans_arbres
c_09_08,2017-07,141.517,89.737,10.945,41.239,0.403,73.056,1.695,254.055,,39.417,sans_arbres
c_09_08,2017-08,128.563,78.419,15.967,34.58,0.403,79.486,1.778,226.605,,19.355,sans_arbres
c_09_08,2017-09,140.847,91.842,8.429,40.98,0.403,81.147,1.471,255.182,,9.453,sans_arbres
c_09_08,2017-10,127.175,87.646,5.987,33.945,0.403,72.208,1.494,266.349,,9.691,sans_arbres
c_09_08,2017-11,84.74,67.602,5.368,12.173,0.403,58.246,1.675,234.208,,15.429,sans_arbres
c_09_08,2017-12,66.733,59.387,4.884,2.866,0.403,39.948,2.294,221.144,,20.976,sans_arbres
c_09_08,2018-01,65.781,59.107,4.708,2.37,0.403,39.635,2.384,233.674,,26.201,sans_arbres
c_09_09,2017-01,65.435,59.238,5.248,0.949,0.0,36.109,1.534,231.157,,17.962,sans_arbres
c_09_09,2017-02,87.743,71.36,4.398,11.986,0.0,49.624,1.889,255.02,,22.935,sans_arbres
c_09_09,2017-03,114.132,83.794,5.398,24.941,0.0,52.159,1.812,286.843,,27.968,sans_arbres
c_09_09,2017-04,123.161,88.24,5.463,29.457,0.0,54.578,1.916,306.806,,33.948,sans_arbres
c_09_09,2017-05,145.853,100.67,4.527,40.656,0.0,70.092,1.765,294.192,,38.789,sans_arbres
c_09_09,2017-06,141.043,97.002,5.791,38.25,0.0,73.148,1.7,280.902,,42.636,sans_arbres
c_09_09,2017-07,136.969,90.122,10.742,36.104,0.0,73.269,1.469,254.055,,32.971,sans_arbres
c_09_09,2017-08,124.509,78.997,15.556,29.957,0.0,79.637,1.557,226.605,,12.238,sans_arbres
c_09_09,2017-09,136.276,92.168,8.259,35.849,0.0,81.431,1.351,255.182,,4.964,sans_arbres
c_09_09,2017-10,122.372,87.418,5.963,28.991,0.0,72.497,1.283,266.349,,5.839,sans_arbres
c_09_09,2017-11,80.473,66.722,5.349,8.402,0.0,58.518,1.308,234.208,,11.542,sans_arbres
c_09_09,2017-12,62.683,58.225,4.866,-0.408,0.0,40.017,1.645,221.144,,17.068,sans_arbres
c_09_09,2018-01,61.494,57.805,4.69,-1.001,0.0,39.668,1.667,233.674,,22.274,sans_arbres
c_09_10,2017-01,65.253,58.166,5.184,1.904,0.0,35.322,4.127,231.157,,19.145,sans_arbres
c_09_10,2017-02,87.653,69.58,4.303,13.77,0.0,48.781,5.13,255.02,,24.034,sans_arbres
c_09_10,2017-03,114.14,81.176,5.313,27.651,0.0,50.718,5.078,286.843,,28.973,sans_arbres
c_09_10,2017-04,123.176,85.335,5.339,32.503,0.0,53.35,5.183,306.806,,34.842,sans_arbres
c_09_10,2017-05,146.065,97.135,4.429,44.501,0.0,68.219,4.144,294.192,,39.558,sans_arbres
c_09_10,2017-06,141.258,93.637,5.663,41.958,0.0,71.162,3.917,280.902,,43.286,sans_arbres
c_09_10,2017-07,137.23,86.958,10.594,39.677,0.0,70.968,3.219,254.055,,33.427,sans_arbres
c_09_10,2017-08,124.759,76.366,15.255,33.138,0.0,77.531,3.333,226.605,,12.759,sans_arbres
c_09_10,2017-09,136.529,88.956,8.178,39.395,0.0,78.519,2.762,255.182,,5.977,sans_arbres
c_09_10,2017-10,122.495,84.584,5.923,31.988,0.0,70.205,2.838,266.349,,6.847,sans_arbres
c_09_10,2017-11,80.389,65.214,5.295,9.88,0.0,56.506,3.266,234.208,,12.511,sans_arbres
c_09_10,2017-12,62.509,57.252,4.795,0.462,0.0,39.223,4.418,221.144,,17.97,sans_arbres
c_09_10,2018-01,61.277,56.854,4.618,-0.196,0.0,38.967,4.595,233.674,,23.101,sans_arbres
c_10_00,2017-01,47.098,53.86,5.258,-12.02,0.0,36.38,4.357,231.157,,13.533,sans_arbres
c_10_00,2017-02,67.566,67.428,4.314,-4.176,0.0,50.049,5.327,255.02,,18.445,sans_arbres
c_10_00,2017-03,91.49,80.996,5.555,4.939,0.0,51.693,5.361,286.843,,23.546,sans_arbres
c_10_00,2017-04,98.947,85.615,5.495,7.836,0.0,54.642,5.438,306.806,,29.657,sans_arbres
c_10_00,2017-05,122.73,101.065,4.884,16.78,0.0,68.428,4.301,294.192,,34.622,sans_arbres
c_10_00,2017-06,118.971,97.829,5.832,15.31,0.0,71.36,4.114,280.902,,38.228,sans_arbres
c_10_00,2017-07,117.038,92.378,10.125,14.535,0.0,70.47,3.516,254.055,,18.798,sans_arbres
c_10_00,2017-08,106.741,82.355,13.806,10.58,0.0,76.874,3.682,226.605,,0.278,sans_arbres
c_10_00,2017-09,116.253,94.001,7.984,14.268,0.0,77.891,3.064,255.182,,0.377,sans_arbres
c_10_00,2017-10,101.404,86.397,6.419,8.589,0.0,70.374,2.993,266.349,,3.066,sans_arbres
c_10_00,2017-11,61.942,62.783,5.546,-6.387,0.0,57.567,3.453,234.208,,9.109,sans_arbres
c_10_00,2017-12,45.14,53.114,4.802,-12.775,0.0,40.416,4.626,221.144,,14.682,sans_arbres
c_10_00,2018-01,42.941,51.923,4.616,-13.599,0.0,40.358,4.858,233.674,,19.82,sans_arbres
c_10_01,2017-01,61.996,59.892,5.209,-1.996,1.109,36.469,2.973,231.157,,16.039,sans_arbres
c_10_01,2017-02,83.932,72.474,4.338,8.229,1.109,49.899,3.733,255.02,,20.951,sans_arbres
c_10_01,2017-03,109.829,85.373,5.409,20.157,1.109,52.259,3.769,286.843,,25.965,sans_arbres
c_10_01,2017-04,118.557,89.941,5.426,24.299,1.109,54.902,3.733,306.806,,31.94,sans_arbres
c_10_01,2017-05,141.409,103.155,4.549,34.815,1.109,70.101,2.774,294.192,,36.757,sans_arbres
c_10_01,2017-06,136.798,99.461,5.776,32.67,1.109,73.097,2.57,280.902,,40.508,sans_arbres
c_10_01,2017-07,133.12,92.668,10.749,30.811,1.109,72.934,1.982,254.055,,28.962,sans_arbres
c_10_01,2017-08,121.074,81.503,15.433,25.246,1.109,79.368,2.037,226.605,,7.807,sans_arbres
c_10_01,2017-09,132.411,94.661,8.298,30.562,1.109,80.998,1.626,255.182,,2.789,sans_arbres
c_10_01,2017-10,118.359,89.344,6.079,24.045,1.109,72.363,1.785,266.349,,4.263,sans_arbres
c_10_01,2017-11,76.973,67.781,5.361,4.94,1.109,58.506,2.256,234.208,,10.038,sans_arbres
c_10_01,2017-12,59.392,58.897,4.803,-3.199,1.109,40.423,3.189,221.144,,15.532,sans_arbres
c_10_01,2018-01,58.022,58.348,4.626,-3.844,1.109,40.165,3.362,233.674,,20.67,sans_arbres
c_10_02,2017-01,62.863,59.636,5.207,-1.073,0.908,36.323,2.925,231.157,,16.418,sans_arbres
c_10_02,2017-02,84.914,71.969,4.332,9.521,0.908,49.801,3.665,255.02,,21.329,sans_arbres
c_10_02,2017-03,110.959,84.589,5.392,21.886,0.908,52.155,3.682,286.843,,26.33,sans_arbres
c_10_02,2017-04,119.767,89.074,5.41,26.191,0.908,54.777,3.663,306.806,,32.285,sans_arbres
c_10_02,2017-05,142.615,101.965,4.527,37.03,0.908,70.022,2.716,294.192,,37.083,sans_arbres
c_10_02,2017-06,137.952,98.306,5.758,34.796,0.908,73.028,2.514,280.902,,40.839,sans_arbres
c_10_02,2017-07,134.179,91.513,10.737,32.836,0.908,72.92,1.92,254.055,,29.755,sans_arbres
c_10_02,2017-08,122.022,80.456,15.426,27.049,0.908,79.365,1.97,226.605,,8.745,sans_arbres
c_10_02,2017-09,133.473,93.515,8.286,32.58,0.908,80.953,1.588,255.182,,3.225,sans_arbres
c_10_02,2017-10,119.435,88.421,6.053,25.869,0.908,72.232,1.755,266.349,,4.56,sans_arbres
c_10_02,2017-11,77.875,67.341,5.352,6.09,0.908,58.311,2.22,234.208,,10.319,sans_arbres
c_10_02,2017-12,60.222,58.656,4.804,-2.331,0.908,40.272,3.144,221.144,,15.809,sans_arbres
c_10_02,2018-01,58.891,58.146,4.627,-2.975,0.908,40.019,3.305,233.674,,20.948,sans_arbres
c_10_03,2017-01,60.588,59.602,5.203,-3.209,1.008,36.658,2.917,231.157,,15.456,sans_arbres
c_10_03,2017-02,82.366,72.398,4.348,6.629,1.008,49.998,3.676,255.02,,20.371,sans_arbres
c_10_03,2017-03,108.055,85.545,5.407,18.111,1.008,52.433,3.711,286.843,,25.388,sans_arbres
c_10_03,2017-04,116.658,90.163,5.438,22.066,1.008,55.042,3.689,306.806,,31.368,sans_arbres
c_10_03,2017-05,139.565,103.719,4.547,32.308,1.008,70.219,2.76,294.192,,36.194,sans_arbres
c_10_03,2017-06,135.036,100.018,5.769,30.258,1.008,73.206,2.565,280.902,,39.897,sans_arbres
c_10_03,2017-07,131.518,93.314,10.69,28.522,1.008,72.994,2.018,254.055,,27.548,sans_arbres
c_10_03,2017-08,119.643,82.115,15.33,23.206,1.008,79.402,2.086,226.605,,6.268,sans_arbres
c_10_03,2017-09,130.804,95.285,8.236,28.291,1.008,81.11,1.651,255.182,,2.172,sans_arbres
c_10_03,2017-10,116.698,89.71,6.053,21.943,1.008,72.591,1.773,266.349,,3.83,sans_arbres
c_10_03,2017-11,75.534,67.681,5.345,3.516,1.008,58.84,2.21,234.208,,9.576,sans_arbres
c_10_03,2017-12,58.045,58.602,4.802,-4.35,1.008,40.593,3.129,221.144,,15.061,sans_arbres
c_10_03,2018-01,56.602,57.992,4.624,-5.006,1.008,40.327,3.303,233.674,,20.196,sans_arbres
c_10_04,2017-01,59.299,59.004,5.186,-3.984,0.908,36.608,2.898,231.157,,14.842,sans_arbres
c_10_04,2017-02,80.969,71.764,4.32,5.793,0.908,50.011,3.63,255.02,,19.731,sans_arbres
c_10_04,2017-03,106.508,84.841,5.396,17.179,0.908,52.376,3.659,286.843,,24.731,sans_arbres
c_10_04,2017-04,115.006,89.418,5.41,21.085,0.908,55.038,3.633,306.806,,30.691,sans_arbres
c_10_04,2017-05,138.026,103.058,4.544,31.332,0.908,70.201,2.71,294.192,,35.495,sans_arbres
c_10_04,2017-06,133.569,99.41,5.736,29.33,0.908,73.183,2.511,280.902,,39.148,sans_arbres
c_10_04,2017-07,130.207,92.833,10.614,27.667,0.908,72.938,1.941,254.055,,26.057,sans_arbres
c_10_04,2017-08,118.478,81.809,15.155,22.422,0.908,79.355,1.99,226.605,,4.917,sans_arbres
c_10_04,2017-09,129.485,94.788,8.189,27.416,0.908,81.022,1.601,255.182,,1.637,sans_arbres
c_10_04,2017-10,115.289,89.084,6.062,21.05,0.908,72.502,1.751,266.349,,3.487,sans_arbres
c_10_04,2017-11,74.251,67.101,5.34,2.717,0.908,58.694,2.214,234.208,,9.236,sans_arbres
c_10_04,2017-12,56.812,58.037,4.779,-5.096,0.908,40.571,3.108,221.144,,14.705,sans_arbres
c_10_04,2018-01,55.291,57.385,4.601,-5.787,0.908,40.309,3.274,233.674,,19.816,sans_arbres
c_10_05,2017-01,46.599,53.455,5.474,-12.33,0.0,36.331,4.499,231.157,,14.263,sans_arbres
c_10_05,2017-02,67.022,67.054,4.522,-4.553,0.0,49.987,5.476,255.02,,19.388,sans_arbres
c_10_05,2017-03,90.884,80.558,5.818,4.508,0.0,51.667,5.507,286.843,,24.747,sans_arbres
c_10_05,2017-04,98.299,85.197,5.764,7.338,0.0,54.601,5.59,306.806,,31.147,sans_arbres
c_10_05,2017-05,122.12,100.556,5.263,16.301,0.0,68.198,4.417,294.192,,36.434,sans_arbres
c_10_05,2017-06,120.48,91.38,12.821,16.279,0.0,71.419,4.261,280.902,,40.235,sans_arbres
c_10_05,2017-07,118.412,86.729,16.225,15.457,0.0,70.665,3.699,254.055,,20.585,sans_arbres
c_10_05,2017-08,107.967,77.768,18.787,11.412,0.0,76.953,3.873,226.605,,0.203,sans_arbres
c_10_05,2017-09,117.631,88.807,13.647,15.177,0.0,78.04,3.292,255.182,,0.398,sans_arbres
c_10_05,2017-10,102.826,80.504,12.849,9.473,0.0,70.506,3.161,266.349,,3.245,sans_arbres
c_10_05,2017-11,61.442,62.312,5.834,-6.703,0.0,57.447,3.577,234.208,,9.639,sans_arbres
c_10_05,2017-12,44.663,52.723,5.015,-13.075,0.0,40.354,4.767,221.144,,15.476,sans_arbres
c_10_05,2018-01,42.435,51.519,4.817,-13.901,0.0,40.314,5.012,233.674,,20.835,sans_arbres
c_10_06,2017-01,57.723,59.324,5.192,-5.18,1.613,36.636,2.897,231.157,,14.414,sans_arbres
c_10_06,2017-02,79.228,72.247,4.322,4.273,1.613,50.052,3.62,255.02,,19.306,sans_arbres
c_10_06,2017-03,104.548,85.488,5.413,15.261,1.613,52.393,3.65,286.843,,24.317,sans_arbres
c_10_06,2017-04,112.909,90.094,5.421,19.008,1.613,55.079,3.622,306.806,,30.294,sans_arbres
c_10_06,2017-05,136.012,104.044,4.569,29.012,1.613,70.219,2.698,294.192,,35.113,sans_arbres
c_10_06,2017-06,131.646,100.408,5.747,27.103,1.613,73.201,2.498,280.902,,38.74,sans_arbres
c_10_06,2017-07,128.466,93.913,10.6,25.566,1.613,72.914,1.925,254.055,,24.796,sans_arbres
c_10_06,2017-08,116.924,82.922,15.093,20.523,1.613,79.329,1.968,226.605,,3.611,sans_arbres
c_10_06,2017-09,127.736,95.852,8.192,25.305,1.613,81.002,1.59,255.182,,1.203,sans_arbres
c_10_06,2017-10,113.466,89.9,6.097,19.083,1.613,72.516,1.747,266.349,,3.26,sans_arbres
c_10_06,2017-11,72.653,67.572,5.358,1.336,1.613,58.714,2.217,234.208,,9.036,sans_arbres
c_10_06,2017-12,55.305,58.369,4.781,-6.231,1.613,40.609,3.104,221.144,,14.514,sans_arbres
c_10_06,2018-01,53.699,57.652,4.602,-6.941,1.613,40.35,3.271,233.674,,19.627,sans_arbres
c_10_07,2017-01,61.374,61.945,5.262,-2.505,3.327,36.368,2.876,231.157,,15.985,sans_arbres
c_10_07,2017-02,83.245,74.6,4.396,7.576,3.327,49.805,3.617,255.02,,20.956,sans_arbres
c_10_07,2017-03,109.054,87.586,5.451,19.345,3.327,52.225,3.633,286.843,,26.02,sans_arbres
c_10_07,2017-04,117.728,92.158,5.487,23.41,3.327,54.801,3.629,306.806,,32.05,sans_arbres
c_10_07,2017-05,140.611,105.497,4.588,33.853,3.327,70.026,2.718,294.192,,36.923,sans_arbres
c_10_07,2017-06,136.035,101.783,5.842,31.737,3.327,73.039,2.526,280.902,,40.701,sans_arbres
c_10_07,2017-07,132.429,94.984,10.839,29.933,3.327,72.95,1.968,254.055,,28.877,sans_arbres
c_10_07,2017-08,120.457,83.712,15.614,24.458,3.327,79.384,2.033,226.605,,7.416,sans_arbres
c_10_07,2017-09,131.717,96.957,8.388,29.7,3.327,81.021,1.618,255.182,,2.589,sans_arbres
c_10_07,2017-10,117.637,91.619,6.116,23.229,3.327,72.296,1.758,266.349,,4.144,sans_arbres
c_10_07,2017-11,76.341,69.89,5.411,4.367,3.327,58.458,2.172,234.208,,9.963,sans_arbres
c_10_07,2017-12,58.798,60.947,4.863,-3.685,3.327,40.285,3.09,221.144,,15.517,sans_arbres
c_10_07,2018-01,57.394,60.376,4.681,-4.336,3.328,40.051,3.25,233.674,,20.716,sans_arbres
c_10_08,2017-01,51.745,56.237,5.128,-9.116,0.504,36.114,4.092,231.157,,13.4,sans_arbres
c_10_08,2017-02,72.674,69.437,4.249,-0.508,0.504,49.608,5.075,255.02,,18.219,sans_arbres
c_10_08,2017-03,97.215,82.924,5.377,9.419,0.504,51.323,5.116,286.843,,23.177,sans_arbres
c_10_08,2017-04,105.069,87.512,5.357,12.705,0.504,54.21,5.163,306.806,,29.102,sans_arbres
c_10_08,2017-05,128.565,102.322,4.566,22.181,0.504,68.556,4.102,294.192,,33.874,sans_arbres
c_10_08,2017-06,135.866,65.663,42.02,28.688,0.504,72.808,3.851,280.902,,35.035,sans_arbres
c_10_08,2017-07,132.329,63.292,42.342,27.199,0.504,72.553,3.187,254.055,,18.4,sans_arbres
c_10_08,2017-08,120.382,57.725,41.266,21.895,0.504,78.727,3.368,226.605,,1.503,sans_arbres
c_10_08,2017-09,131.61,68.349,36.753,27.012,0.504,79.905,2.764,255.182,,0.441,sans_arbres
c_10_08,2017-10,117.412,57.959,39.286,20.671,0.504,71.943,2.757,266.349,,2.616,sans_arbres
c_10_08,2017-11,66.633,64.889,5.313,-3.065,0.504,57.398,3.247,234.208,,8.634,sans_arbres
c_10_08,2017-12,49.586,55.371,4.706,-9.986,0.504,40.12,4.352,221.144,,14.043,sans_arbres
c_10_08,2018-01,47.645,54.406,4.528,-10.785,0.504,39.953,4.564,233.674,,19.078,sans_arbres
c_10_09,2017-01,54.119,56.856,5.186,-7.922,0.0,36.826,1.436,231.157,,13.819,sans_arbres
c_10_09,2017-02,75.228,70.222,4.372,0.634,0.0,50.033,1.805,255.02,,18.738,sans_arbres
c_10_09,2017-03,100.024,84.019,5.408,10.598,0.0,52.753,1.737,286.843,,23.769,sans_arbres
c_10_09,2017-04,108.069,88.698,5.471,13.9,0.0,55.159,1.838,306.806,,29.761,sans_arbres
c_10_09,2017-05,131.327,103.452,4.574,23.301,0.0,70.72,1.716,294.192,,34.626,sans_arbres
c_10_09,2017-06,128.7,95.235,10.803,22.662,0.0,73.721,1.645,280.902,,37.772,sans_arbres
c_10_09,2017-07,125.79,89.587,14.834,21.369,0.0,73.572,1.409,254.055,,21.916,sans_arbres
c_10_09,2017-08,114.535,79.415,18.369,16.751,0.0,79.762,1.525,226.605,,2.234,sans_arbres
c_10_09,2017-09,125.05,91.947,11.967,21.136,0.0,81.873,1.31,255.182,,0.828,sans_arbres
c_10_09,2017-10,110.687,84.769,10.647,15.271,0.0,73.482,1.197,266.349,,2.949,sans_arbres
c_10_09,2017-11,68.979,65.563,5.308,-1.892,0.0,59.615,1.267,234.208,,8.643,sans_arbres
c_10_09,2017-12,51.857,55.899,4.797,-8.84,0.0,40.651,1.553,221.144,,14.105,sans_arbres
c_10_09,2018-01,50.063,55.013,4.619,-9.57,0.0,40.339,1.555,233.674,,19.231,sans_arbres
c_10_10,2017-01,53.232,55.952,5.134,-7.855,0.0,35.991,4.131,231.157,,13.569,sans_arbres
c_10_10,2017-02,74.357,68.761,4.247,1.349,0.0,49.479,5.132,255.02,,18.392,sans_arbres
c_10_10,2017-03,99.151,81.808,5.363,11.98,0.0,51.215,5.165,286.843,,23.341,sans_arbres
c_10_10,2017-04,107.143,86.283,5.344,15.516,0.0,54.075,5.214,306.806,,29.25,sans_arbres
c_10_10,2017-05,130.63,100.527,4.547,25.557,0.0,68.447,4.15,294.192,,34.006,sans_arbres
c_10_10,2017-06,126.517,97.112,5.628,23.777,0.0,71.379,3.926,280.902,,37.45,sans_arbres
c_10_10,2017-07,123.877,91.134,10.238,22.506,0.0,70.767,3.301,254.055,,21.033,sans_arbres
c_10_10,2017-08,112.844,80.78,14.349,17.715,0.0,77.279,3.443,226.605,,1.783,sans_arbres
c_10_10,2017-09,123.12,92.967,7.926,22.228,0.0,78.302,2.813,255.182,,0.659,sans_arbres
c_10_10,2017-10,108.542,86.555,6.059,15.929,0.0,70.451,2.806,266.349,,2.963,sans_arbres
c_10_10,2017-11,68.178,64.286,5.313,-1.421,0.0,57.224,3.289,234.208,,8.689,sans_arbres
c_10_10,2017-12,51.009,55.095,4.715,-8.801,0.0,39.986,4.397,221.144,,14.103,sans_arbres
c_10_10,2018-01,49.134,54.214,4.537,-9.617,0.0,39.814,4.607,233.674,,19.15,sans_arbres
c_11_00,2017-01,48.095,54.684,5.16,-11.447,0.302,36.341,4.237,231.157,,13.251,sans_arbres
c_11_00,2017-02,68.654,68.176,4.242,-3.461,0.302,49.967,5.203,255.02,,18.08,sans_arbres
c_11_00,2017-03,92.702,81.837,5.437,5.731,0.302,51.597,5.247,286.843,,23.072,sans_arbres
c_11_00,2017-04,100.242,86.452,5.39,8.703,0.302,54.544,5.311,306.806,,29.058,sans_arbres
c_11_00,2017-05,123.951,101.855,4.694,17.705,0.302,68.538,4.209,294.192,,33.888,sans_arbres
c_11_00,2017-06,120.135,98.54,5.691,16.206,0.302,71.476,3.999,280.902,,37.319,sans_arbres
c_11_00,2017-07,118.084,92.927,10.12,15.339,0.302,70.614,3.389,254.055,,18.357,sans_arbres
c_11_00,2017-08,107.672,82.728,13.943,11.303,0.302,77.061,3.55,226.605,,0.457,sans_arbres
c_11_00,2017-09,117.304,94.636,7.902,15.068,0.302,78.087,2.916,255.182,,0.38,sans_arbres
c_11_00,2017-10,102.517,87.205,6.234,9.381,0.302,70.5,2.881,266.349,,2.949,sans_arbres
c_11_00,2017-11,62.941,63.607,5.4,-5.763,0.302,57.582,3.356,234.208,,8.814,sans_arbres
c_11_00,2017-12,46.094,53.879,4.716,-12.198,0.302,40.372,4.502,221.144,,14.267,sans_arbres
c_11_00,2018-01,43.952,52.746,4.536,-13.027,0.302,40.284,4.725,233.674,,19.316,sans_arbres
c_11_01,2017-01,62.37,59.796,5.207,-1.727,0.908,36.473,2.985,231.157,,16.206,sans_arbres
c_11_01,2017-02,84.341,72.362,4.337,8.55,0.908,49.899,3.75,255.02,,21.118,sans_arbres
c_11_01,2017-03,110.286,85.247,5.405,20.541,0.908,52.262,3.789,286.843,,26.129,sans_arbres
c_11_01,2017-04,119.046,89.817,5.424,24.712,0.908,54.901,3.75,306.806,,32.101,sans_arbres
c_11_01,2017-05,141.872,102.981,4.544,35.255,0.908,70.105,2.788,294.192,,36.915,sans_arbres
c_11_01,2017-06,137.24,99.28,5.775,33.092,0.908,73.102,2.584,280.902,,40.673,sans_arbres
c_11_01,2017-07,133.517,92.465,10.754,31.206,0.908,72.944,1.996,254.055,,29.333,sans_arbres
c_11_01,2017-08,121.428,81.282,15.45,25.603,0.908,79.376,2.053,226.605,,8.22,sans_arbres
c_11_01,2017-09,132.811,94.465,8.298,30.956,0.908,81.01,1.634,255.182,,2.975,sans_arbres
c_11_01,2017-10,118.78,89.189,6.072,24.426,0.908,72.375,1.792,266.349,,4.391,sans_arbres
c_11_01,2017-11,77.349,67.664,5.356,5.236,0.908,58.517,2.262,234.208,,10.16,sans_arbres
c_11_01,2017-12,59.75,58.798,4.802,-2.943,0.908,40.426,3.201,221.144,,15.651,sans_arbres
c_11_01,2018-01,58.4,58.262,4.625,-3.579,0.908,40.166,3.376,233.674,,20.788,sans_arbres
c_11_02,2017-01,62.495,60.188,5.216,-1.699,1.21,36.475,3.006,231.157,,16.343,sans_arbres
c_11_02,2017-02,84.472,72.795,4.347,8.54,1.21,49.895,3.78,255.02,,21.264,sans_arbres
c_11_02,2017-03,110.425,85.727,5.415,20.493,1.21,52.263,3.822,286.843,,26.286,sans_arbres
c_11_02,2017-04,119.193,90.317,5.435,24.651,1.21,54.897,3.783,306.806,,32.269,sans_arbres
c_11_02,2017-05,141.999,103.51,4.553,35.146,1.21,70.101,2.81,294.192,,37.094,sans_arbres
c_11_02,2017-06,137.36,99.79,5.791,32.99,1.21,73.099,2.606,280.902,,40.867,sans_arbres
c_11_02,2017-07,133.621,92.944,10.786,31.101,1.21,72.946,2.018,254.055,,29.615,sans_arbres
c_11_02,2017-08,121.519,81.703,15.511,25.515,1.21,79.379,2.078,226.605,,8.453,sans_arbres
c_11_02,2017-09,132.916,94.947,8.326,30.854,1.21,81.017,1.648,255.182,,3.082,sans_arbres
c_11_02,2017-10,118.9,89.671,6.085,24.355,1.21,72.379,1.804,266.349,,4.479,sans_arbres
c_11_02,2017-11,77.468,68.077,5.366,5.236,1.21,58.528,2.273,234.208,,10.261,sans_arbres
c_11_02,2017-12,59.87,59.184,4.811,-2.915,1.21,40.425,3.222,221.144,,15.762,sans_arbres
c_11_02,2018-01,58.53,58.649,4.634,-3.543,1.21,40.166,3.401,233.674,,20.908,sans_arbres
c_11_03,2017-01,57.099,58.172,5.169,-5.536,0.706,36.564,2.885,231.157,,14.123,sans_arbres
c_11_03,2017-02,78.554,71.062,4.294,3.904,0.706,50.059,3.579,255.02,,18.988,sans_arbres
c_11_03,2017-03,103.804,84.254,5.395,14.861,0.706,52.334,3.604,286.843,,23.976,sans_arbres
c_11_03,2017-04,112.114,88.837,5.392,18.591,0.706,55.059,3.579,306.806,,29.927,sans_arbres
c_11_03,2017-05,135.274,102.812,4.557,28.611,0.706,70.23,2.655,294.192,,34.722,sans_arbres
c_11_03,2017-06,130.943,99.223,5.711,26.715,0.706,73.217,2.454,280.902,,38.312,sans_arbres
c_11_03,2017-07,127.839,92.817,10.512,25.215,0.706,72.9,1.88,254.055,,23.982,sans_arbres
c_11_03,2017-08,116.367,81.968,14.917,20.189,0.706,79.308,1.913,226.605,,3.058,sans_arbres
c_11_03,2017-09,127.105,94.738,8.123,24.95,0.706,80.98,1.56,255.182,,1.002,sans_arbres
c_11_03,2017-10,112.79,88.709,6.082,18.705,0.706,72.498,1.731,266.349,,3.146,sans_arbres
c_11_03,2017-11,72.033,66.418,5.338,0.983,0.706,58.616,2.21,234.208,,8.903,sans_arbres
c_11_03,2017-12,54.708,57.232,4.754,-6.573,0.706,40.555,3.086,221.144,,14.355,sans_arbres
c_11_03,2018-01,53.064,56.492,4.577,-7.299,0.706,40.294,3.251,233.674,,19.442,sans_arbres
c_11_04,2017-01,46.599,53.455,5.474,-12.33,0.0,36.331,4.499,231.157,,14.263,sans_arbres
c_11_04,2017-02,67.022,67.054,4.522,-4.553,0.0,49.987,5.476,255.02,,19.388,sans_arbres
c_11_04,2017-03,90.884,80.558,5.818,4.508,0.0,51.667,5.507,286.843,,24.747,sans_arbres
c_11_04,2017-04,98.299,85.197,5.764,7.338,0.0,54.601,5.59,306.806,,31.147,sans_arbres
c_11_04,2017-05,122.12,100.556,5.263,16.301,0.0,68.198,4.417,294.192,,36.434,sans_arbres
c_11_04,2017-06,120.94,90.074,14.271,16.594,0.0,71.481,4.26,280.902,,40.19,sans_arbres
c_11_04,2017-07,118.828,85.548,17.527,15.753,0.0,70.744,3.696,254.055,,20.53,sans_arbres
c_11_04,2017-08,108.339,76.785,19.877,11.676,0.0,77.02,3.873,226.605,,0.203,sans_arbres
c_11_04,2017-09,118.049,87.741,14.835,15.474,0.0,78.114,3.294,255.182,,0.397,sans_arbres
c_11_04,2017-10,103.261,79.325,14.18,9.755,0.0,70.569,3.162,266.349,,3.238,sans_arbres
c_11_04,2017-11,61.442,62.312,5.834,-6.703,0.0,57.447,3.577,234.208,,9.639,sans_arbres
c_11_04,2017-12,44.663,52.723,5.015,-13.075,0.0,40.354,4.767,221.144,,15.476,sans_arbres
c_11_04,2018-01,42.435,51.519,4.817,-13.901,0.0,40.314,5.012,233.674,,20.835,sans_arbres
c_11_05,2017-01,46.599,53.455,5.474,-12.33,0.0,36.331,4.499,231.157,,14.263,sans_arbres
c_11_05,2017-02,67.022,67.054,4.522,-4.553,0.0,49.987,5.476,255.02,,19.388,sans_arbres
c_11_05,2017-03,90.884,80.558,5.818,4.508,0.0,51.667,5.507,286.843,,24.747,sans_arbres
c_11_05,2017-04,98.299,85.197,5.764,7.338,0.0,54.601,5.59,306.806,,31.147,sans_arbres
c_11_05,2017-05,122.12,100.556,5.263,16.301,0.0,68.198,4.417,294.192,,36.434,sans_arbres
c_11_05,2017-06,119.103,95.321,8.44,15.342,0.0,71.234,4.261,280.902,,40.369,sans_arbres
c_11_05,2017-07,117.163,90.29,12.294,14.578,0.0,70.43,3.706,254.055,,20.749,sans_arbres
c_11_05,2017-08,106.853,80.733,15.494,10.627,0.0,76.751,3.874,226.605,,0.205,sans_arbres
c_11_05,2017-09,116.377,92.022,10.059,14.296,0.0,77.82,3.29,255.182,,0.402,sans_arbres
c_11_05,2017-10,101.523,84.061,8.826,8.636,0.0,70.317,3.158,266.349,,3.268,sans_arbres
c_11_05,2017-11,61.442,62.312,5.834,-6.703,0.0,57.447,3.577,234.208,,9.639,sans_arbres
c_11_05,2017-12,44.663,52.723,5.015,-13.075,0.0,40.354,4.767,221.144,,15.476,sans_arbres
c_11_05,2018-01,42.435,51.519,4.817,-13.901,0.0,40.314,5.012,233.674,,20.835,sans_arbres
c_11_06,2017-01,57.185,59.642,5.199,-5.638,2.017,36.7,2.911,231.157,,14.352,sans_arbres
c_11_06,2017-02,78.626,72.668,4.327,3.648,2.017,50.097,3.64,255.02,,19.249,sans_arbres
c_11_06,2017-03,103.863,86.023,5.426,14.431,2.017,52.442,3.675,286.843,,24.27,sans_arbres
c_11_06,2017-04,112.175,90.659,5.431,18.102,2.017,55.133,3.642,306.806,,30.26,sans_arbres
c_11_06,2017-05,135.292,104.764,4.586,27.959,2.017,70.241,2.713,294.192,,35.092,sans_arbres
c_11_06,2017-06,130.957,101.121,5.761,26.092,2.017,73.223,2.51,280.902,,38.719,sans_arbres
c_11_06,2017-07,127.838,94.635,10.617,24.603,2.017,72.913,1.937,254.055,,24.498,sans_arbres
c_11_06,2017-08,116.363,83.618,15.104,19.658,2.017,79.323,1.979,226.605,,3.244,sans_arbres
c_11_06,2017-09,127.106,96.569,8.21,24.343,2.017,81.009,1.595,255.182,,1.104,sans_arbres
c_11_06,2017-10,112.82,90.507,6.12,18.209,2.017,72.554,1.754,266.349,,3.225,sans_arbres
c_11_06,2017-11,72.1,67.973,5.371,0.773,2.017,58.791,2.227,234.208,,9.02,sans_arbres
c_11_06,2017-12,54.79,58.685,4.785,-6.663,2.017,40.676,3.119,221.144,,14.506,sans_arbres
c_11_06,2018-01,53.158,57.943,4.606,-7.374,2.017,40.421,3.288,233.674,,19.624,sans_arbres
c_11_07,2017-01,54.901,59.845,5.202,-7.121,3.025,36.591,2.802,231.157,,13.942,sans_arbres
c_11_07,2017-02,76.128,72.937,4.344,1.873,3.025,50.054,3.498,255.02,,18.85,sans_arbres
c_11_07,2017-03,101.074,86.367,5.423,12.308,3.025,52.423,3.506,286.843,,23.877,sans_arbres
c_11_07,2017-04,109.194,90.962,5.444,15.813,3.025,55.105,3.521,306.806,,29.87,sans_arbres
c_11_07,2017-05,132.471,105.366,4.581,25.55,3.025,70.363,2.698,294.192,,34.71,sans_arbres
c_11_07,2017-06,128.267,101.774,5.747,23.771,3.025,73.364,2.515,280.902,,38.258,sans_arbres
c_11_07,2017-07,125.417,95.496,10.526,22.421,3.025,73.143,1.999,254.055,,22.823,sans_arbres
c_11_07,2017-08,114.207,84.575,14.944,17.714,3.025,79.508,2.074,226.605,,2.27,sans_arbres
c_11_07,2017-09,124.673,97.382,8.141,22.175,3.025,81.296,1.678,255.182,,0.754,sans_arbres
c_11_07,2017-10,110.253,91.079,6.091,16.107,3.025,72.709,1.773,266.349,,3.022,sans_arbres
c_11_07,2017-11,69.805,68.31,5.364,-0.845,3.025,58.738,2.175,234.208,,8.791,sans_arbres
c_11_07,2017-12,52.605,58.918,4.796,-8.084,3.025,40.56,3.0,221.144,,14.282,sans_arbres
c_11_07,2018-01,50.843,58.088,4.614,-8.834,3.025,40.293,3.152,233.674,,19.408,sans_arbres
c_11_08,2017-01,46.599,53.455,5.474,-12.33,0.0,36.331,4.499,231.157,,14.263,sans_arbres
c_11_08,2017-02,67.022,67.054,4.522,-4.553,0.0,49.987,5.476,255.02,,19.388,sans_arbres
c_11_08,2017-03,90.884,80.558,5.818,4.508,0.0,51.667,5.507,286.843,,24.747,sans_arbres
c_11_08,2017-04,98.299,85.197,5.764,7.338,0.0,54.601,5.59,306.806,,31.147,sans_arbres
c_11_08,2017-05,122.12,100.556,5.263,16.301,0.0,68.198,4.417,294.192,,36.434,sans_arbres
c_11_08,2017-06,146.858,25.051,85.633,36.174,0.0,75.588,4.199,280.902,,38.191,sans_arbres
c_11_08,2017-07,142.32,25.827,82.316,34.177,0.0,75.802,3.531,254.055,,17.96,sans_arbres
c_11_08,2017-08,129.306,27.081,74.121,28.103,0.0,81.268,3.751,226.605,,0.175,sans_arbres
c_11_08,2017-09,141.639,33.596,73.995,34.048,0.0,82.531,3.279,255.182,,0.327,sans_arbres
c_11_08,2017-10,127.775,19.63,80.585,27.56,0.0,74.672,3.207,266.349,,2.758,sans_arbres
c_11_08,2017-11,61.442,62.312,5.834,-6.703,0.0,57.447,3.577,234.208,,9.639,sans_arbres
c_11_08,2017-12,44.663,52.723,5.015,-13.075,0.0,40.354,4.767,221.144,,15.476,sans_arbres
c_11_08,2018-01,42.435,51.519,4.817,-13.901,0.0,40.314,5.012,233.674,,20.835,sans_arbres
c_11_09,2017-01,46.599,53.455,5.474,-12.33,0.0,36.331,4.499,231.157,,14.263,sans_arbres
c_11_09,2017-02,67.022,67.054,4.522,-4.553,0.0,49.987,5.476,255.02,,19.388,sans_arbres
c_11_09,2017-03,90.884,80.558,5.818,4.508,0.0,51.667,5.507,286.843,,24.747,sans_arbres
c_11_09,2017-04,98.299,85.197,5.764,7.338,0.0,54.601,5.59,306.806,,31.147,sans_arbres
c_11_09,2017-05,122.12,100.556,5.263,16.301,0.0,68.198,4.417,294.192,,36.434,sans_arbres
c_11_09,2017-06,141.654,36.515,73.224,31.915,0.0,74.626,4.223,280.902,,38.422,sans_arbres
c_11_09,2017-07,137.603,36.597,70.814,30.192,0.0,74.677,3.574,254.055,,18.322,sans_arbres
c_11_09,2017-08,125.096,36.051,64.482,24.563,0.0,80.321,3.793,226.605,,0.181,sans_arbres
c_11_09,2017-09,136.902,43.41,63.456,30.037,0.0,81.588,3.299,255.182,,0.342,sans_arbres
c_11_09,2017-10,122.853,30.318,68.861,23.673,0.0,73.724,3.199,266.349,,2.857,sans_arbres
c_11_09,2017-11,61.442,62.312,5.834,-6.703,0.0,57.447,3.577,234.208,,9.639,sans_arbres
c_11_09,2017-12,44.663,52.723,5.015,-13.075,0.0,40.354,4.767,221.144,,15.476,sans_arbres
c_11_09,2018-01,42.435,51.519,4.817,-13.901,0.0,40.314,5.012,233.674,,20.835,sans_arbres
c_01_00,2017-01,0.0,0.0,0.0,0.0,0.0,0.0,0.0,0.0,,0.0,difference_arbres_moins_sans
c_01_00,2017-02,0.0,0.0,0.0,0.0,0.0,0.0,0.0,0.0,,0.0,difference_arbres_moins_sans
c_01_00,2017-03,0.0,0.0,0.0,0.0,0.0,0.0,0.0,0.0,,0.0,difference_arbres_moins_sans
c_01_00,2017-04,0.0,0.0,0.0,0.0,0.0,0.0,0.0,0.0,,0.0,difference_arbres_moins_sans
c_01_00,2017-05,0.0,0.0,0.0,0.0,0.0,0.0,0.0,0.0,,0.0,difference_arbres_moins_sans
c_01_00,2017-06,0.0,0.0,0.0,0.0,0.0,0.0,0.0,0.0,,0.0,difference_arbres_moins_sans
c_01_00,2017-07,0.0,0.0,0.0,0.0,0.0,0.0,0.0,0.0,,0.0,difference_arbres_moins_sans
c_01_00,2017-08,0.0,0.0,0.0,0.0,0.0,0.0,0.0,0.0,,0.0,difference_arbres_moins_sans
c_01_00,2017-09,0.0,0.0,0.0,0.0,0.0,0.0,0.0,0.0,,0.0,difference_arbres_moins_sans
c_01_00,2017-10,0.0,0.0,0.0,0.0,0.0,0.0,0.0,0.0,,0.0,difference_arbres_moins_sans
c_01_00,2017-11,0.0,0.0,0.0,0.0,0.0,0.0,0.0,0.0,,0.0,difference_arbres_moins_sans
c_01_00,2017-12,0.0,0.0,0.0,0.0,0.0,0.0,0.0,0.0,,0.0,difference_arbres_moins_sans
c_01_00,2018-01,0.0,0.0,0.0,0.0,0.0,0.0,0.0,0.0,,0.0,difference_arbres_moins_sans
c_01_01,2017-01,17.821,-19.474,29.011,8.283,0.0,0.979,-1.477,0.0,,198.493,difference_arbres_moins_sans
c_01_01,2017-02,20.031,-13.281,25.747,7.565,0.0,0.13,-1.741,0.0,,226.949,difference_arbres_moins_sans
c_01_01,2017-03,22.867,-2.067,18.119,6.816,0.0,0.159,-1.737,0.0,,249.925,difference_arbres_moins_sans
c_01_01,2017-04,24.482,1.708,15.97,6.804,0.0,-0.188,-1.702,0.0,,267.961,difference_arbres_moins_sans
c_01_01,2017-05,24.053,6.472,12.52,5.062,0.0,-0.264,-1.21,0.0,,282.678,difference_arbres_moins_sans
c_01_01,2017-06,23.875,4.247,14.246,5.383,0.0,-0.242,-0.999,0.0,,302.185,difference_arbres_moins_sans
c_01_01,2017-07,21.789,-5.956,22.878,4.868,0.0,0.507,-0.746,0.0,,322.916,difference_arbres_moins_sans
c_01_01,2017-08,19.484,-8.651,23.196,4.938,0.0,0.564,-0.734,0.0,,297.243,difference_arbres_moins_sans
c_01_01,2017-09,21.859,-9.899,26.905,4.853,0.0,0.247,-0.6,0.0,,215.348,difference_arbres_moins_sans
c_01_01,2017-10,22.402,-12.771,29.145,6.028,0.0,0.614,-0.749,0.0,,208.577,difference_arbres_moins_sans
c_01_01,2017-11,18.408,-16.377,27.271,7.513,0.0,1.286,-1.095,0.0,,232.802,difference_arbres_moins_sans
c_01_01,2017-12,17.114,-13.847,22.707,8.254,0.0,0.647,-1.548,0.0,,259.91,difference_arbres_moins_sans
c_01_01,2018-01,18.025,-12.523,21.825,8.722,0.0,0.467,-1.621,0.0,,283.692,difference_arbres_moins_sans
c_01_02,2017-01,21.056,-24.116,35.506,9.666,0.0,1.826,-3.431,0.0,,257.141,difference_arbres_moins_sans
c_01_02,2017-02,23.808,-13.851,28.987,8.673,0.0,0.844,-4.184,0.0,,291.649,difference_arbres_moins_sans
c_01_02,2017-03,27.242,-3.789,23.47,7.561,0.0,1.523,-4.203,0.0,,317.691,difference_arbres_moins_sans
c_01_02,2017-04,29.167,-0.63,22.319,7.478,0.0,0.991,-4.24,0.0,,342.691,difference_arbres_moins_sans
c_01_02,2017-05,28.709,6.441,16.93,5.336,0.0,1.835,-3.346,0.0,,362.945,difference_arbres_moins_sans
c_01_02,2017-06,27.836,10.407,12.31,5.12,0.0,1.83,-2.878,0.0,,376.958,difference_arbres_moins_sans
c_01_02,2017-07,25.413,0.242,20.603,4.569,0.0,3.077,-2.46,0.0,,400.117,difference_arbres_moins_sans
c_01_02,2017-08,22.727,-4.716,22.63,4.813,0.0,2.951,-2.582,0.0,,370.162,difference_arbres_moins_sans
c_01_02,2017-09,25.493,-5.917,26.862,4.548,0.0,3.362,-2.097,0.0,,281.362,difference_arbres_moins_sans
c_01_02,2017-10,26.106,-9.279,29.321,6.064,0.0,3.003,-2.078,0.0,,273.675,difference_arbres_moins_sans
c_01_02,2017-11,21.91,-18.859,32.07,8.699,0.0,3.163,-2.686,0.0,,312.332,difference_arbres_moins_sans
c_01_02,2017-12,20.368,-15.757,26.397,9.728,0.0,1.429,-3.608,0.0,,344.106,difference_arbres_moins_sans
c_01_02,2018-01,21.53,-10.851,22.046,10.336,0.0,1.022,-3.759,0.0,,370.842,difference_arbres_moins_sans
c_01_03,2017-01,2.009,-9.401,12.26,-0.85,0.0,0.429,-0.436,0.0,,70.911,difference_arbres_moins_sans
c_01_03,2017-02,2.331,-6.215,11.015,-2.468,0.0,-0.031,-0.534,0.0,,82.951,difference_arbres_moins_sans
c_01_03,2017-03,2.737,-5.906,13.063,-4.42,0.0,0.029,-0.569,0.0,,95.495,difference_arbres_moins_sans
c_01_03,2017-04,2.935,-5.514,13.514,-5.064,0.0,-0.047,-0.516,0.0,,110.095,difference_arbres_moins_sans
c_01_03,2017-05,3.02,-1.696,11.504,-6.787,0.0,-0.124,-0.246,0.0,,122.948,difference_arbres_moins_sans
c_01_03,2017-06,2.898,3.93,5.468,-6.501,0.0,-0.277,-0.209,0.0,,131.353,difference_arbres_moins_sans
c_01_03,2017-07,2.69,-3.365,12.275,-6.22,0.0,-0.047,-0.096,0.0,,138.591,difference_arbres_moins_sans
c_01_03,2017-08,2.417,-3.844,11.587,-5.326,0.0,-0.209,-0.044,0.0,,119.606,difference_arbres_moins_sans
c_01_03,2017-09,2.693,-4.24,13.141,-6.208,0.0,-0.137,-0.008,0.0,,65.968,difference_arbres_moins_sans
c_01_03,2017-10,2.662,-5.778,13.54,-5.1,0.0,0.442,-0.145,0.0,,62.892,difference_arbres_moins_sans
c_01_03,2017-11,2.14,-8.19,12.284,-1.953,0.0,0.61,-0.239,0.0,,77.072,difference_arbres_moins_sans
c_01_03,2017-12,1.922,-7.605,10.18,-0.652,0.0,0.298,-0.47,0.0,,89.208,difference_arbres_moins_sans
c_01_03,2018-01,1.996,-7.811,10.327,-0.52,0.0,0.195,-0.515,0.0,,100.14,difference_arbres_moins_sans
c_01_04,2017-01,0.0,0.0,0.0,0.0,0.0,0.0,0.0,0.0,,0.0,difference_arbres_moins_sans
c_01_04,2017-02,0.0,0.0,0.0,0.0,0.0,0.0,0.0,0.0,,0.0,difference_arbres_moins_sans
c_01_04,2017-03,0.0,0.0,0.0,0.0,0.0,0.0,0.0,0.0,,0.0,difference_arbres_moins_sans
c_01_04,2017-04,0.0,0.0,0.0,0.0,0.0,0.0,0.0,0.0,,0.0,difference_arbres_moins_sans
c_01_04,2017-05,0.0,0.0,0.0,0.0,0.0,0.0,0.0,0.0,,0.0,difference_arbres_moins_sans
c_01_04,2017-06,0.0,0.0,0.0,0.0,0.0,0.0,0.0,0.0,,0.0,difference_arbres_moins_sans
c_01_04,2017-07,0.0,0.0,0.0,0.0,0.0,0.0,0.0,0.0,,0.0,difference_arbres_moins_sans
c_01_04,2017-08,0.0,0.0,0.0,0.0,0.0,0.0,0.0,0.0,,0.0,difference_arbres_moins_sans
c_01_04,2017-09,0.0,0.0,0.0,0.0,0.0,0.0,0.0,0.0,,0.0,difference_arbres_moins_sans
c_01_04,2017-10,0.0,0.0,0.0,0.0,0.0,0.0,0.0,0.0,,0.0,difference_arbres_moins_sans
c_01_04,2017-11,0.0,0.0,0.0,0.0,0.0,0.0,0.0,0.0,,0.0,difference_arbres_moins_sans
c_01_04,2017-12,0.0,0.0,0.0,0.0,0.0,0.0,0.0,0.0,,0.0,difference_arbres_moins_sans
c_01_04,2018-01,0.0,0.0,0.0,0.0,0.0,0.0,0.0,0.0,,0.0,difference_arbres_moins_sans
c_01_05,2017-01,3.903,-10.266,13.701,0.47,0.0,0.38,-0.473,0.0,,83.152,difference_arbres_moins_sans
c_01_05,2017-02,4.448,-6.922,12.289,-0.921,0.0,-0.054,-0.58,0.0,,96.607,difference_arbres_moins_sans
c_01_05,2017-03,5.139,-6.758,14.488,-2.591,0.0,-0.006,-0.619,0.0,,110.55,difference_arbres_moins_sans
c_01_05,2017-04,5.506,-6.348,14.965,-3.112,0.0,-0.092,-0.554,0.0,,126.728,difference_arbres_moins_sans
c_01_05,2017-05,5.521,3.445,6.848,-4.772,0.0,-0.193,-0.286,0.0,,138.864,difference_arbres_moins_sans
c_01_05,2017-06,5.301,3.49,6.397,-4.586,0.0,-0.234,-0.246,0.0,,146.278,difference_arbres_moins_sans
c_01_05,2017-07,4.876,-4.288,13.6,-4.436,0.0,0.057,-0.126,0.0,,155.239,difference_arbres_moins_sans
c_01_05,2017-08,4.369,-4.816,12.854,-3.669,0.0,-0.057,-0.076,0.0,,137.172,difference_arbres_moins_sans
c_01_05,2017-09,4.886,-5.128,14.429,-4.415,0.0,-0.08,-0.032,0.0,,81.674,difference_arbres_moins_sans
c_01_05,2017-10,4.928,-6.815,15.121,-3.378,0.0,0.432,-0.167,0.0,,78.04,difference_arbres_moins_sans
c_01_05,2017-11,4.085,-9.04,13.644,-0.518,0.0,0.555,-0.277,0.0,,91.013,difference_arbres_moins_sans
c_01_05,2017-12,3.743,-8.205,11.322,0.627,0.0,0.241,-0.507,0.0,,104.51,difference_arbres_moins_sans
c_01_05,2018-01,3.919,-8.289,11.413,0.795,0.0,0.138,-0.552,0.0,,116.633,difference_arbres_moins_sans
c_01_06,2017-01,7.095,-7.227,10.623,3.699,0.0,1.794,-2.909,0.0,,43.879,difference_arbres_moins_sans
c_01_06,2017-02,7.968,-5.137,9.585,3.52,0.0,1.027,-3.491,0.0,,54.348,difference_arbres_moins_sans
c_01_06,2017-03,9.094,-5.44,11.343,3.191,0.0,1.741,-3.462,0.0,,65.208,difference_arbres_moins_sans
c_01_06,2017-04,9.735,-5.518,11.97,3.283,0.0,1.485,-3.542,0.0,,78.02,difference_arbres_moins_sans
c_01_06,2017-05,9.562,-3.033,9.959,2.636,0.0,2.882,-2.71,0.0,,89.337,difference_arbres_moins_sans
c_01_06,2017-06,5.742,-2.026,8.465,-0.698,0.0,1.522,-2.649,0.0,,102.871,difference_arbres_moins_sans
c_01_06,2017-07,5.262,-1.765,7.69,-0.663,0.0,2.131,-2.311,0.0,,114.974,difference_arbres_moins_sans
c_01_06,2017-08,4.711,-2.735,7.856,-0.409,0.0,1.946,-2.44,0.0,,77.937,difference_arbres_moins_sans
c_01_06,2017-09,5.276,-0.311,6.188,-0.601,0.0,2.339,-2.14,0.0,,18.233,difference_arbres_moins_sans
c_01_06,2017-10,5.36,-2.686,8.004,0.043,0.0,2.425,-2.043,0.0,,12.736,difference_arbres_moins_sans
c_01_06,2017-11,7.321,-6.693,10.583,3.43,0.0,3.483,-2.264,0.0,,23.459,difference_arbres_moins_sans
c_01_06,2017-12,6.807,-5.723,8.851,3.679,0.0,1.7,-3.07,0.0,,33.982,difference_arbres_moins_sans
c_01_06,2018-01,7.164,-5.659,8.98,3.844,0.0,1.435,-3.229,0.0,,43.475,difference_arbres_moins_sans
c_01_07,2017-01,13.064,-15.301,21.902,6.464,0.0,1.448,-3.591,0.0,,109.063,difference_arbres_moins_sans
c_01_07,2017-02,14.717,-11.036,19.753,6.0,0.0,0.63,-4.322,0.0,,130.712,difference_arbres_moins_sans
c_01_07,2017-03,16.816,-11.389,22.864,5.34,0.0,1.421,-4.305,0.0,,152.811,difference_arbres_moins_sans
c_01_07,2017-04,18.003,-6.289,18.919,5.373,0.0,0.981,-4.385,0.0,,177.377,difference_arbres_moins_sans
c_01_07,2017-05,17.7,6.467,7.077,4.156,0.0,2.593,-3.384,0.0,,189.005,difference_arbres_moins_sans
c_01_07,2017-06,10.211,23.318,-12.02,-1.087,0.0,1.504,-3.231,0.0,,212.43,difference_arbres_moins_sans
c_01_07,2017-07,9.368,10.166,0.462,-1.261,0.0,2.295,-2.813,0.0,,231.006,difference_arbres_moins_sans
c_01_07,2017-08,8.389,6.137,2.9,-0.648,0.0,2.28,-2.982,0.0,,195.578,difference_arbres_moins_sans
c_01_07,2017-09,9.391,8.006,2.583,-1.198,0.0,3.02,-2.56,0.0,,106.66,difference_arbres_moins_sans
c_01_07,2017-10,9.521,7.731,1.921,-0.131,0.0,2.558,-2.438,0.0,,101.784,difference_arbres_moins_sans
c_01_07,2017-11,13.532,-13.763,21.389,5.905,0.0,3.071,-2.809,0.0,,110.916,difference_arbres_moins_sans
c_01_07,2017-12,12.581,-12.096,18.229,6.448,0.0,1.263,-3.791,0.0,,132.419,difference_arbres_moins_sans
c_01_07,2018-01,13.267,-11.61,18.103,6.774,0.0,0.915,-3.98,0.0,,151.803,difference_arbres_moins_sans
c_01_08,2017-01,5.411,-4.961,7.452,2.92,0.0,1.93,-2.922,0.0,,31.339,difference_arbres_moins_sans
c_01_08,2017-02,6.096,-3.4,6.713,2.782,0.0,1.261,-3.509,0.0,,38.677,difference_arbres_moins_sans
c_01_08,2017-03,6.966,-3.453,7.912,2.507,0.0,1.975,-3.49,0.0,,46.253,difference_arbres_moins_sans
c_01_08,2017-04,7.457,-3.517,8.384,2.591,0.0,1.774,-3.56,0.0,,55.207,difference_arbres_moins_sans
c_01_08,2017-05,7.331,-1.696,6.955,2.072,0.0,3.066,-2.687,0.0,,63.139,difference_arbres_moins_sans
c_01_08,2017-06,-0.428,-7.931,12.788,-5.286,0.0,6.904,-2.643,0.0,,150.555,difference_arbres_moins_sans
c_01_08,2017-07,-0.342,-0.382,5.044,-5.004,0.0,6.113,-2.129,0.0,,146.229,difference_arbres_moins_sans
c_01_08,2017-08,-0.293,-1.671,5.586,-4.207,0.0,4.363,-2.334,0.0,,86.889,difference_arbres_moins_sans
c_01_08,2017-09,-0.349,3.072,1.551,-4.973,0.0,2.268,-2.084,0.0,,1.551,difference_arbres_moins_sans
c_01_08,2017-10,-0.461,4.368,-0.199,-4.631,0.0,6.992,-2.059,0.0,,11.379,difference_arbres_moins_sans
c_01_08,2017-11,5.605,-4.421,7.311,2.715,0.0,3.68,-2.248,0.0,,14.175,difference_arbres_moins_sans
c_01_08,2017-12,5.211,-3.763,6.053,2.921,0.0,1.905,-3.077,0.0,,21.416,difference_arbres_moins_sans
c_01_08,2018-01,5.495,-3.605,6.059,3.042,0.0,1.327,-2.477,0.0,,27.859,difference_arbres_moins_sans
c_01_09,2017-01,0.0,0.0,0.0,0.0,0.0,0.0,0.0,0.0,,0.0,difference_arbres_moins_sans
c_01_09,2017-02,0.0,0.0,0.0,0.0,0.0,0.0,0.0,0.0,,0.0,difference_arbres_moins_sans
c_01_09,2017-03,0.0,0.0,0.0,0.0,0.0,0.0,0.0,0.0,,0.0,difference_arbres_moins_sans
c_01_09,2017-04,0.0,0.0,0.0,0.0,0.0,0.0,0.0,0.0,,0.0,difference_arbres_moins_sans
c_01_09,2017-05,0.0,0.0,0.0,0.0,0.0,0.0,0.0,0.0,,0.0,difference_arbres_moins_sans
c_01_09,2017-06,0.0,0.0,0.0,0.0,0.0,0.0,0.0,0.0,,0.0,difference_arbres_moins_sans
c_01_09,2017-07,0.0,0.0,0.0,0.0,0.0,0.0,0.0,0.0,,0.0,difference_arbres_moins_sans
c_01_09,2017-08,0.0,0.0,0.0,0.0,0.0,0.0,0.0,0.0,,0.0,difference_arbres_moins_sans
c_01_09,2017-09,0.0,0.0,0.0,0.0,0.0,0.0,0.0,0.0,,0.0,difference_arbres_moins_sans
c_01_09,2017-10,0.0,0.0,0.0,0.0,0.0,0.0,0.0,0.0,,0.0,difference_arbres_moins_sans
c_01_09,2017-11,0.0,0.0,0.0,0.0,0.0,0.0,0.0,0.0,,0.0,difference_arbres_moins_sans
c_01_09,2017-12,0.0,0.0,0.0,0.0,0.0,0.0,0.0,0.0,,0.0,difference_arbres_moins_sans
c_01_09,2018-01,0.0,0.0,0.0,0.0,0.0,0.0,0.0,0.0,,0.0,difference_arbres_moins_sans
c_01_10,2017-01,17.82,-21.136,30.442,8.514,0.0,1.535,-3.753,0.0,,189.299,difference_arbres_moins_sans
c_01_10,2017-02,20.14,-14.787,27.168,7.758,0.0,0.676,-4.509,0.0,,219.289,difference_arbres_moins_sans
c_01_10,2017-03,23.041,-6.358,22.627,6.772,0.0,1.355,-4.499,0.0,,246.496,difference_arbres_moins_sans
c_01_10,2017-04,24.669,1.424,16.406,6.839,0.0,0.846,-4.57,0.0,,266.08,difference_arbres_moins_sans
c_01_10,2017-05,24.278,6.661,12.569,5.048,0.0,2.612,-3.565,0.0,,281.099,difference_arbres_moins_sans
c_01_10,2017-06,13.216,2.477,15.447,-4.708,0.0,0.619,-3.293,0.0,,360.008,difference_arbres_moins_sans
c_01_10,2017-07,12.135,4.074,12.519,-4.458,0.0,1.219,-2.8,0.0,,392.741,difference_arbres_moins_sans
c_01_10,2017-08,10.87,1.795,12.484,-3.409,0.0,1.36,-2.943,0.0,,365.292,difference_arbres_moins_sans
c_01_10,2017-09,12.164,7.545,9.26,-4.641,0.0,1.096,-2.621,0.0,,271.274,difference_arbres_moins_sans
c_01_10,2017-10,12.312,1.177,13.738,-2.603,0.0,1.495,-2.582,0.0,,255.408,difference_arbres_moins_sans
c_01_10,2017-11,18.533,-17.884,28.724,7.692,0.0,3.167,-2.944,0.0,,218.705,difference_arbres_moins_sans
c_01_10,2017-12,17.228,-15.665,24.354,8.54,0.0,1.292,-3.948,0.0,,247.554,difference_arbres_moins_sans
c_01_10,2018-01,18.206,-14.227,23.427,9.006,0.0,0.893,-4.136,0.0,,273.071,difference_arbres_moins_sans
c_01_11,2017-01,6.581,-11.332,15.641,2.272,0.0,0.087,-1.23,0.0,,105.015,difference_arbres_moins_sans
c_01_11,2017-02,7.475,-7.619,13.907,1.187,0.0,-0.209,-1.542,0.0,,120.349,difference_arbres_moins_sans
c_01_11,2017-03,8.591,-7.418,16.125,-0.117,0.0,-0.204,-1.544,0.0,,135.956,difference_arbres_moins_sans
c_01_11,2017-04,9.2,-2.723,12.429,-0.506,0.0,-0.354,-1.543,0.0,,152.769,difference_arbres_moins_sans
c_01_11,2017-05,9.126,5.673,5.426,-1.973,0.0,-0.307,-1.047,0.0,,160.699,difference_arbres_moins_sans
c_01_11,2017-06,9.21,3.761,6.984,-1.535,0.0,-0.334,-0.853,0.0,,170.198,difference_arbres_moins_sans
c_01_11,2017-07,8.43,-4.455,14.431,-1.546,0.0,0.12,-0.654,0.0,,181.095,difference_arbres_moins_sans
c_01_11,2017-08,7.544,-5.494,14.073,-1.034,0.0,0.052,-0.667,0.0,,167.302,difference_arbres_moins_sans
c_01_11,2017-09,8.454,-5.971,15.939,-1.514,0.0,-0.119,-0.48,0.0,,113.856,difference_arbres_moins_sans
c_01_11,2017-10,8.612,-7.567,16.76,-0.581,0.0,0.199,-0.562,0.0,,109.674,difference_arbres_moins_sans
c_01_11,2017-11,6.876,-9.72,15.159,1.437,0.0,0.134,-0.847,0.0,,122.529,difference_arbres_moins_sans
c_01_11,2017-12,6.356,-8.601,12.568,2.389,0.0,-0.076,-1.303,0.0,,137.544,difference_arbres_moins_sans
c_01_11,2018-01,6.701,-8.228,12.319,2.61,0.0,-0.183,-1.382,0.0,,150.826,difference_arbres_moins_sans
c_01_12,2017-01,-0.004,0.102,-0.104,-0.002,0.0,0.048,-0.003,0.0,,-0.398,difference_arbres_moins_sans
c_01_12,2017-02,-0.003,0.101,-0.099,-0.005,0.0,0.025,-0.004,0.0,,-0.501,difference_arbres_moins_sans
c_01_12,2017-03,-0.003,0.168,-0.14,-0.032,0.0,0.029,-0.004,0.0,,-0.629,difference_arbres_moins_sans
c_01_12,2017-04,-0.003,0.167,-0.142,-0.027,0.0,0.032,-0.003,0.0,,-0.784,difference_arbres_moins_sans
c_01_12,2017-05,-0.002,0.19,-0.162,-0.03,0.0,0.003,-0.003,0.0,,-0.937,difference_arbres_moins_sans
c_01_12,2017-06,-0.002,0.173,-0.132,-0.043,0.0,-0.014,-0.003,0.0,,-1.113,difference_arbres_moins_sans
c_01_12,2017-07,-0.002,0.088,-0.043,-0.046,0.0,-0.041,-0.003,0.0,,-1.184,difference_arbres_moins_sans
c_01_12,2017-08,-0.002,-0.033,0.063,-0.031,0.0,-0.016,-0.003,0.0,,-0.069,difference_arbres_moins_sans
c_01_12,2017-09,-0.002,0.15,-0.105,-0.046,0.0,-0.058,-0.003,0.0,,-0.099,difference_arbres_moins_sans
c_01_12,2017-10,-0.002,0.202,-0.173,-0.031,0.0,-0.017,-0.003,0.0,,-0.197,difference_arbres_moins_sans
c_01_12,2017-11,-0.003,0.146,-0.137,-0.012,0.0,0.046,-0.003,0.0,,-0.368,difference_arbres_moins_sans
c_01_12,2017-12,-0.003,0.1,-0.095,-0.008,0.0,0.051,-0.003,0.0,,-0.492,difference_arbres_moins_sans
c_01_12,2018-01,-0.004,0.092,-0.094,-0.002,0.0,0.052,-0.003,0.0,,-0.592,difference_arbres_moins_sans
c_02_00,2017-01,0.0,0.0,0.0,0.0,0.0,0.0,0.0,0.0,,0.0,difference_arbres_moins_sans
c_02_00,2017-02,0.0,0.0,0.0,0.0,0.0,0.0,0.0,0.0,,0.0,difference_arbres_moins_sans
c_02_00,2017-03,0.0,0.0,0.0,0.0,0.0,0.0,0.0,0.0,,0.0,difference_arbres_moins_sans
c_02_00,2017-04,0.0,0.0,0.0,0.0,0.0,0.0,0.0,0.0,,0.0,difference_arbres_moins_sans
c_02_00,2017-05,0.0,0.0,0.0,0.0,0.0,0.0,0.0,0.0,,0.0,difference_arbres_moins_sans
c_02_00,2017-06,0.0,0.0,0.0,0.0,0.0,0.0,0.0,0.0,,0.0,difference_arbres_moins_sans
c_02_00,2017-07,0.0,0.0,0.0,0.0,0.0,0.0,0.0,0.0,,0.0,difference_arbres_moins_sans
c_02_00,2017-08,0.0,0.0,0.0,0.0,0.0,0.0,0.0,0.0,,0.0,difference_arbres_moins_sans
c_02_00,2017-09,0.0,0.0,0.0,0.0,0.0,0.0,0.0,0.0,,0.0,difference_arbres_moins_sans
c_02_00,2017-10,0.0,0.0,0.0,0.0,0.0,0.0,0.0,0.0,,0.0,difference_arbres_moins_sans
c_02_00,2017-11,0.0,0.0,0.0,0.0,0.0,0.0,0.0,0.0,,0.0,difference_arbres_moins_sans
c_02_00,2017-12,0.0,0.0,0.0,0.0,0.0,0.0,0.0,0.0,,0.0,difference_arbres_moins_sans
c_02_00,2018-01,0.0,0.0,0.0,0.0,0.0,0.0,0.0,0.0,,0.0,difference_arbres_moins_sans
c_02_01,2017-01,14.832,-20.989,30.266,5.555,0.0,1.534,-1.318,0.0,,247.912,difference_arbres_moins_sans
c_02_01,2017-02,16.809,-11.101,24.191,3.719,0.0,0.459,-1.59,0.0,,277.085,difference_arbres_moins_sans
c_02_01,2017-03,19.285,-2.173,19.885,1.571,0.0,0.449,-1.598,0.0,,298.928,difference_arbres_moins_sans
c_02_01,2017-04,20.651,1.081,18.563,1.006,0.0,0.122,-1.54,0.0,,319.927,difference_arbres_moins_sans
c_02_01,2017-05,20.424,8.15,13.948,-1.673,0.0,-0.292,-1.06,0.0,,336.696,difference_arbres_moins_sans
c_02_01,2017-06,19.197,7.134,13.131,-1.069,0.0,-0.195,-0.685,0.0,,330.477,difference_arbres_moins_sans
c_02_01,2017-07,17.554,-1.019,19.786,-1.213,0.0,0.41,-0.453,0.0,,347.098,difference_arbres_moins_sans
c_02_01,2017-08,15.705,-5.093,21.286,-0.488,0.0,0.443,-0.418,0.0,,328.955,difference_arbres_moins_sans
c_02_01,2017-09,17.605,-7.212,26.034,-1.215,0.0,0.232,-0.346,0.0,,259.609,difference_arbres_moins_sans
c_02_01,2017-10,17.97,-10.773,28.288,0.454,0.0,0.833,-0.488,0.0,,254.145,difference_arbres_moins_sans
c_02_01,2017-11,15.464,-15.069,26.409,4.125,0.0,1.845,-0.954,0.0,,304.551,difference_arbres_moins_sans
c_02_01,2017-12,14.325,-12.554,21.09,5.79,0.0,1.038,-1.38,0.0,,330.319,difference_arbres_moins_sans
c_02_01,2018-01,15.112,-9.123,17.961,6.273,0.0,0.778,-1.431,0.0,,351.625,difference_arbres_moins_sans
c_02_02,2017-01,19.211,-23.758,35.12,7.849,0.0,2.241,-3.25,0.0,,298.965,difference_arbres_moins_sans
c_02_02,2017-02,21.692,-8.356,23.924,6.125,0.0,1.127,-4.006,0.0,,330.148,difference_arbres_moins_sans
c_02_02,2017-03,24.832,-3.027,23.755,4.104,0.0,1.774,-4.002,0.0,,354.47,difference_arbres_moins_sans
c_02_02,2017-04,26.589,1.012,21.908,3.669,0.0,1.316,-4.043,0.0,,379.46,difference_arbres_moins_sans
c_02_02,2017-05,26.224,9.775,15.624,0.824,0.0,1.709,-3.208,0.0,,398.785,difference_arbres_moins_sans
c_02_02,2017-06,24.878,14.384,9.989,0.506,0.0,1.699,-2.885,0.0,,415.975,difference_arbres_moins_sans
c_02_02,2017-07,22.74,6.422,16.11,0.209,0.0,2.663,-2.441,0.0,,433.817,difference_arbres_moins_sans
c_02_02,2017-08,20.343,-0.831,20.242,0.932,0.0,2.636,-2.547,0.0,,411.705,difference_arbres_moins_sans
c_02_02,2017-09,22.808,-3.057,25.678,0.186,0.0,3.037,-2.081,0.0,,336.855,difference_arbres_moins_sans
c_02_02,2017-10,23.3,-6.775,27.962,2.112,0.0,2.919,-2.073,0.0,,330.307,difference_arbres_moins_sans
c_02_02,2017-11,19.945,-16.033,29.563,6.416,0.0,3.463,-2.568,0.0,,362.349,difference_arbres_moins_sans
c_02_02,2017-12,18.503,-12.65,23.094,8.061,0.0,1.73,-3.435,0.0,,390.922,difference_arbres_moins_sans
c_02_02,2018-01,19.503,-7.516,18.39,8.628,0.0,1.368,-3.574,0.0,,413.687,difference_arbres_moins_sans
c_02_03,2017-01,1.648,-14.67,19.43,-3.111,0.0,0.98,-1.1,0.0,,135.755,difference_arbres_moins_sans
c_02_03,2017-02,1.999,-9.202,17.229,-6.028,0.0,0.299,-1.304,0.0,,154.753,difference_arbres_moins_sans
c_02_03,2017-03,2.423,-4.844,16.831,-9.564,0.0,0.463,-1.286,0.0,,173.611,difference_arbres_moins_sans
c_02_03,2017-04,2.604,4.689,8.64,-10.724,0.0,0.239,-1.303,0.0,,186.199,difference_arbres_moins_sans
c_02_03,2017-05,2.808,9.581,6.943,-13.717,0.0,-0.015,-0.9,0.0,,194.263,difference_arbres_moins_sans
c_02_03,2017-06,2.823,6.963,8.702,-12.842,0.0,-0.101,-0.815,0.0,,201.255,difference_arbres_moins_sans
c_02_03,2017-07,2.658,-1.441,16.349,-12.25,0.0,0.016,-0.584,0.0,,210.162,difference_arbres_moins_sans
c_02_03,2017-08,2.396,-2.952,15.904,-10.555,0.0,-0.001,-0.595,0.0,,195.072,difference_arbres_moins_sans
c_02_03,2017-09,2.655,-3.876,18.735,-12.205,0.0,-0.088,-0.456,0.0,,141.663,difference_arbres_moins_sans
c_02_03,2017-10,2.551,-7.124,20.111,-10.437,0.0,0.706,-0.579,0.0,,138.239,difference_arbres_moins_sans
c_02_03,2017-11,1.836,-11.695,18.584,-5.053,0.0,1.371,-0.772,0.0,,159.34,difference_arbres_moins_sans
c_02_03,2017-12,1.586,-10.974,15.26,-2.7,0.0,0.766,-1.171,0.0,,177.653,difference_arbres_moins_sans
c_02_03,2018-01,1.628,-10.766,14.929,-2.537,0.0,0.709,-1.237,0.0,,193.765,difference_arbres_moins_sans
c_02_04,2017-01,3.198,-10.607,12.982,0.823,0.0,1.874,-2.407,0.0,,53.516,difference_arbres_moins_sans
c_02_04,2017-02,3.689,-7.486,11.683,-0.508,0.0,1.116,-2.933,0.0,,66.295,difference_arbres_moins_sans
c_02_04,2017-03,4.288,-7.482,13.833,-2.063,0.0,1.871,-2.927,0.0,,79.559,difference_arbres_moins_sans
c_02_04,2017-04,4.595,-7.369,14.5,-2.536,0.0,1.561,-2.958,0.0,,95.129,difference_arbres_moins_sans
c_02_04,2017-05,4.637,-3.627,12.36,-4.097,0.0,2.269,-2.337,0.0,,108.944,difference_arbres_moins_sans
c_02_04,2017-06,5.075,-4.172,12.66,-3.413,0.0,2.516,-2.15,0.0,,125.604,difference_arbres_moins_sans
c_02_04,2017-07,4.667,-5.332,13.435,-3.437,0.0,2.961,-1.842,0.0,,137.377,difference_arbres_moins_sans
c_02_04,2017-08,4.182,-5.642,12.594,-2.771,0.0,2.642,-1.895,0.0,,102.929,difference_arbres_moins_sans
c_02_04,2017-09,4.677,-6.027,14.032,-3.328,0.0,3.68,-1.572,0.0,,36.08,difference_arbres_moins_sans
c_02_04,2017-10,4.72,-7.306,14.368,-2.343,0.0,3.123,-1.565,0.0,,34.322,difference_arbres_moins_sans
c_02_04,2017-11,3.396,-9.473,12.968,-0.099,0.0,3.336,-1.892,0.0,,44.342,difference_arbres_moins_sans
c_02_04,2017-12,3.104,-8.643,10.787,0.959,0.0,1.732,-2.526,0.0,,57.196,difference_arbres_moins_sans
c_02_04,2018-01,3.266,-8.68,10.794,1.152,0.0,1.565,-2.625,0.0,,68.701,difference_arbres_moins_sans
c_02_05,2017-01,6.595,-18.004,23.478,1.122,0.0,2.013,-2.816,0.0,,153.504,difference_arbres_moins_sans
c_02_05,2017-02,7.546,-12.226,20.921,-1.147,0.0,1.284,-3.476,0.0,,176.556,difference_arbres_moins_sans
c_02_05,2017-03,8.73,-6.05,18.611,-3.83,0.0,1.845,-3.438,0.0,,198.572,difference_arbres_moins_sans
c_02_05,2017-04,9.354,2.966,10.998,-4.61,0.0,1.454,-3.483,0.0,,213.004,difference_arbres_moins_sans
c_02_05,2017-05,9.38,7.85,8.831,-7.301,0.0,1.969,-2.775,0.0,,223.269,difference_arbres_moins_sans
c_02_05,2017-06,9.783,5.158,11.066,-6.441,0.0,2.365,-2.563,0.0,,238.197,difference_arbres_moins_sans
c_02_05,2017-07,8.987,-4.803,20.065,-6.275,0.0,2.963,-2.16,0.0,,252.46,difference_arbres_moins_sans
c_02_05,2017-08,8.05,-6.141,19.316,-5.125,0.0,2.707,-2.217,0.0,,231.428,difference_arbres_moins_sans
c_02_05,2017-09,9.007,-7.089,22.342,-6.246,0.0,3.439,-1.841,0.0,,160.996,difference_arbres_moins_sans
c_02_05,2017-10,9.109,-10.472,24.13,-4.549,0.0,3.225,-1.88,0.0,,156.907,difference_arbres_moins_sans
c_02_05,2017-11,6.942,-15.051,22.475,-0.483,0.0,3.345,-2.226,0.0,,176.12,difference_arbres_moins_sans
c_02_05,2017-12,6.366,-13.784,18.772,1.378,0.0,1.794,-2.982,0.0,,198.474,difference_arbres_moins_sans
c_02_05,2018-01,6.691,-13.369,18.365,1.693,0.0,1.627,-3.092,0.0,,218.3,difference_arbres_moins_sans
c_02_06,2017-01,15.003,-20.176,28.479,6.7,0.0,1.838,-3.111,0.0,,204.295,difference_arbres_moins_sans
c_02_06,2017-02,16.953,-13.053,24.49,5.516,0.0,0.949,-3.801,0.0,,232.193,difference_arbres_moins_sans
c_02_06,2017-03,19.408,-1.043,16.238,4.214,0.0,1.555,-3.806,0.0,,252.628,difference_arbres_moins_sans
c_02_06,2017-04,20.782,1.478,15.33,3.974,0.0,1.08,-3.838,0.0,,269.825,difference_arbres_moins_sans
c_02_06,2017-05,20.49,6.602,12.012,1.876,0.0,1.906,-3.034,0.0,,283.958,difference_arbres_moins_sans
c_02_06,2017-06,18.272,11.099,6.283,0.891,0.0,1.925,-2.645,0.0,,295.447,difference_arbres_moins_sans
c_02_06,2017-07,16.706,0.314,15.827,0.566,0.0,2.805,-2.264,0.0,,314.841,difference_arbres_moins_sans
c_02_06,2017-08,14.946,-3.089,16.958,1.076,0.0,2.689,-2.362,0.0,,291.441,difference_arbres_moins_sans
c_02_06,2017-09,16.756,-3.843,20.033,0.566,0.0,3.263,-1.935,0.0,,214.85,difference_arbres_moins_sans
c_02_06,2017-10,17.108,-6.225,21.335,1.998,0.0,2.913,-1.921,0.0,,209.648,difference_arbres_moins_sans
c_02_06,2017-11,15.592,-16.404,26.308,5.688,0.0,3.193,-2.448,0.0,,240.531,difference_arbres_moins_sans
c_02_06,2017-12,14.471,-14.098,21.795,6.775,0.0,1.51,-3.274,0.0,,266.633,difference_arbres_moins_sans
c_02_06,2018-01,15.265,-12.648,20.672,7.242,0.0,1.232,-3.411,0.0,,289.314,difference_arbres_moins_sans
c_02_07,2017-01,12.535,-18.125,24.937,5.723,0.0,1.641,-3.097,0.0,,161.019,difference_arbres_moins_sans
c_02_07,2017-02,14.198,-12.712,22.171,4.738,0.0,0.959,-3.832,0.0,,185.509,difference_arbres_moins_sans
c_02_07,2017-03,16.27,-6.4,19.103,3.568,0.0,1.562,-3.815,0.0,,208.43,difference_arbres_moins_sans
c_02_07,2017-04,17.421,2.209,11.808,3.405,0.0,1.115,-3.858,0.0,,223.523,difference_arbres_moins_sans
c_02_07,2017-05,17.19,6.084,9.487,1.619,0.0,1.715,-3.02,0.0,,234.541,difference_arbres_moins_sans
c_02_07,2017-06,14.437,13.723,0.673,0.042,0.0,1.442,-2.643,0.0,,246.695,difference_arbres_moins_sans
c_02_07,2017-07,13.209,1.592,11.78,-0.164,0.0,2.285,-2.211,0.0,,265.066,difference_arbres_moins_sans
c_02_07,2017-08,11.82,-1.264,12.731,0.352,0.0,2.079,-2.311,0.0,,239.426,difference_arbres_moins_sans
c_02_07,2017-09,13.247,-1.453,14.859,-0.16,0.0,2.669,-1.872,0.0,,162.301,difference_arbres_moins_sans
c_02_07,2017-10,13.506,-2.755,15.165,1.096,0.0,2.585,-1.884,0.0,,158.058,difference_arbres_moins_sans
c_02_07,2017-11,13.067,-15.544,23.759,4.851,0.0,2.896,-2.422,0.0,,182.805,difference_arbres_moins_sans
c_02_07,2017-12,12.126,-13.528,19.866,5.788,0.0,1.402,-3.28,0.0,,206.468,difference_arbres_moins_sans
c_02_07,2018-01,12.811,-12.564,19.183,6.191,0.0,1.235,-3.419,0.0,,227.326,difference_arbres_moins_sans
c_02_08,2017-01,20.636,-22.766,33.83,9.572,0.0,1.594,-3.861,0.0,,228.25,difference_arbres_moins_sans
c_02_08,2017-02,23.265,-15.106,29.661,8.709,0.0,0.675,-4.646,0.0,,261.51,difference_arbres_moins_sans
c_02_08,2017-03,26.59,-1.778,20.722,7.646,0.0,1.3,-4.64,0.0,,287.038,difference_arbres_moins_sans
c_02_08,2017-04,28.468,1.072,19.752,7.644,0.0,0.826,-4.715,0.0,,309.099,difference_arbres_moins_sans
c_02_08,2017-05,27.995,7.314,14.976,5.705,0.0,2.575,-3.687,0.0,,327.072,difference_arbres_moins_sans
c_02_08,2017-06,8.26,16.175,4.162,-12.077,0.0,-1.578,-3.388,0.0,,421.432,difference_arbres_moins_sans
c_02_08,2017-07,7.664,18.12,0.744,-11.2,0.0,-0.841,-2.854,0.0,,457.615,difference_arbres_moins_sans
c_02_08,2017-08,6.884,13.296,2.902,-9.314,0.0,-0.256,-3.006,0.0,,432.177,difference_arbres_moins_sans
c_02_08,2017-09,7.671,20.715,-1.804,-11.24,0.0,-0.441,-2.678,0.0,,336.516,difference_arbres_moins_sans
c_02_08,2017-10,7.598,14.332,2.06,-8.794,0.0,-0.776,-2.641,0.0,,321.508,difference_arbres_moins_sans
c_02_08,2017-11,21.395,-18.611,31.369,8.636,0.0,3.213,-3.037,0.0,,270.517,difference_arbres_moins_sans
c_02_08,2017-12,19.89,-16.108,26.402,9.596,0.0,1.292,-4.067,0.0,,301.916,difference_arbres_moins_sans
c_02_08,2018-01,20.986,-14.266,25.141,10.112,0.0,0.861,-4.265,0.0,,329.445,difference_arbres_moins_sans
c_02_09,2017-01,15.979,-18.329,26.613,7.696,0.0,1.574,-3.528,0.0,,151.314,difference_arbres_moins_sans
c_02_09,2017-02,17.995,-13.008,23.898,7.103,0.0,0.729,-4.239,0.0,,177.581,difference_arbres_moins_sans
c_02_09,2017-03,20.558,-11.032,25.288,6.302,0.0,1.463,-4.228,0.0,,204.055,difference_arbres_moins_sans
c_02_09,2017-04,22.009,2.834,12.77,6.405,0.0,0.899,-4.294,0.0,,223.694,difference_arbres_moins_sans
c_02_09,2017-05,21.636,7.025,9.791,4.82,0.0,2.597,-3.345,0.0,,235.424,difference_arbres_moins_sans
c_02_09,2017-06,0.014,10.521,3.542,-14.049,0.0,-4.72,-2.935,0.0,,285.645,difference_arbres_moins_sans
c_02_09,2017-07,0.145,15.628,-2.165,-13.318,0.0,-3.655,-2.393,0.0,,318.533,difference_arbres_moins_sans
c_02_09,2017-08,0.163,11.297,0.377,-11.511,0.0,-1.775,-2.651,0.0,,288.505,difference_arbres_moins_sans
c_02_09,2017-09,0.128,18.905,-5.208,-13.568,0.0,-1.914,-2.389,0.0,,187.791,difference_arbres_moins_sans
c_02_09,2017-10,-0.147,14.344,-2.731,-11.759,0.0,-1.928,-2.317,0.0,,167.04,difference_arbres_moins_sans
c_02_09,2017-11,16.544,-16.12,25.663,7.0,0.0,3.18,-2.773,0.0,,166.405,difference_arbres_moins_sans
c_02_09,2017-12,15.381,-14.175,21.875,7.681,0.0,1.358,-3.722,0.0,,192.216,difference_arbres_moins_sans
c_02_09,2018-01,16.217,-13.412,21.547,8.082,0.0,0.986,-3.906,0.0,,215.394,difference_arbres_moins_sans
c_02_10,2017-01,26.814,-28.617,45.152,10.278,0.0,2.979,-4.216,0.0,,406.83,difference_arbres_moins_sans
c_02_10,2017-02,30.335,-15.905,38.502,7.737,0.0,1.349,-5.096,0.0,,450.47,difference_arbres_moins_sans
c_02_10,2017-03,34.752,-7.083,37.219,4.615,0.0,2.079,-5.112,0.0,,489.934,difference_arbres_moins_sans
c_02_10,2017-04,37.211,0.638,32.512,4.059,0.0,1.352,-5.185,0.0,,527.769,difference_arbres_moins_sans
c_02_10,2017-05,36.716,15.734,21.042,-0.059,0.0,1.994,-4.125,0.0,,555.351,difference_arbres_moins_sans
c_02_10,2017-06,28.715,32.684,1.948,-5.918,0.0,1.166,-3.885,0.0,,619.582,difference_arbres_moins_sans
c_02_10,2017-07,26.296,26.381,5.811,-5.894,0.0,2.04,-3.355,0.0,,639.697,difference_arbres_moins_sans
c_02_10,2017-08,23.537,13.1,14.684,-4.249,0.0,2.712,-3.538,0.0,,614.67,difference_arbres_moins_sans
c_02_10,2017-09,26.368,14.052,18.214,-5.896,0.0,2.364,-3.056,0.0,,533.322,difference_arbres_moins_sans
c_02_10,2017-10,26.832,8.43,21.438,-3.035,0.0,2.362,-2.942,0.0,,526.407,difference_arbres_moins_sans
c_02_10,2017-11,27.907,-14.732,34.431,8.209,0.0,4.164,-3.352,0.0,,521.94,difference_arbres_moins_sans
c_02_10,2017-12,25.891,-10.804,26.055,10.638,0.0,1.973,-4.429,0.0,,554.852,difference_arbres_moins_sans
c_02_10,2018-01,27.324,-3.516,19.467,11.373,0.0,1.285,-4.629,0.0,,579.345,difference_arbres_moins_sans
c_02_11,2017-01,2.487,-6.504,8.848,0.143,0.0,0.327,-1.081,0.0,,51.69,difference_arbres_moins_sans
c_02_11,2017-02,2.882,-4.081,7.854,-0.891,0.0,-0.256,-1.354,0.0,,60.348,difference_arbres_moins_sans
c_02_11,2017-03,3.354,-3.722,9.224,-2.149,0.0,-0.106,-1.257,0.0,,69.222,difference_arbres_moins_sans
c_02_11,2017-04,3.595,-3.428,9.562,-2.541,0.0,-0.297,-1.362,0.0,,79.535,difference_arbres_moins_sans
c_02_11,2017-05,3.629,-0.806,8.165,-3.73,0.0,-0.528,-1.154,0.0,,88.648,difference_arbres_moins_sans
c_02_11,2017-06,3.98,-1.315,7.625,-2.329,0.0,-0.713,-1.037,0.0,,90.359,difference_arbres_moins_sans
c_02_11,2017-07,3.654,-2.354,8.292,-2.282,0.0,-0.306,-0.851,0.0,,97.25,difference_arbres_moins_sans
c_02_11,2017-08,3.273,-3.216,8.337,-1.848,0.0,-0.361,-0.931,0.0,,86.905,difference_arbres_moins_sans
c_02_11,2017-09,3.663,-2.893,8.804,-2.248,0.0,-0.411,-0.726,0.0,,52.504,difference_arbres_moins_sans
c_02_11,2017-10,3.709,-3.452,8.782,-1.621,0.0,0.072,-0.732,0.0,,48.453,difference_arbres_moins_sans
c_02_11,2017-11,2.656,-5.402,8.64,-0.581,0.0,0.54,-0.853,0.0,,61.491,difference_arbres_moins_sans
c_02_11,2017-12,2.429,-4.98,7.119,0.29,0.0,0.15,-1.159,0.0,,70.013,difference_arbres_moins_sans
c_02_11,2018-01,2.566,-4.865,7.018,0.413,0.0,0.145,-1.185,0.0,,77.553,difference_arbres_moins_sans
c_02_12,2017-01,6.805,-9.533,12.676,3.662,0.0,1.223,-3.306,0.0,,73.246,difference_arbres_moins_sans
c_02_12,2017-02,7.718,-6.862,11.326,3.254,0.0,0.719,-4.026,0.0,,85.714,difference_arbres_moins_sans
c_02_12,2017-03,8.848,-6.927,13.122,2.653,0.0,1.5,-4.012,0.0,,98.382,difference_arbres_moins_sans
c_02_12,2017-04,9.476,-6.848,13.697,2.625,0.0,1.154,-4.061,0.0,,113.112,difference_arbres_moins_sans
c_02_12,2017-05,9.352,-2.27,9.871,1.751,0.0,2.51,-3.167,0.0,,125.837,difference_arbres_moins_sans
c_02_12,2017-06,9.962,2.423,5.201,2.338,0.0,2.389,-2.798,0.0,,136.679,difference_arbres_moins_sans
c_02_12,2017-07,9.097,-5.589,12.708,1.978,0.0,3.127,-2.48,0.0,,146.901,difference_arbres_moins_sans
c_02_12,2017-08,8.137,-6.415,12.421,2.13,0.0,3.057,-2.502,0.0,,131.233,difference_arbres_moins_sans
c_02_12,2017-09,9.126,-6.312,13.38,2.058,0.0,3.904,-2.206,0.0,,75.992,difference_arbres_moins_sans
c_02_12,2017-10,9.339,-6.975,13.637,2.677,0.0,3.392,-2.19,0.0,,71.825,difference_arbres_moins_sans
c_02_12,2017-11,7.106,-8.421,12.257,3.27,0.0,2.665,-2.615,0.0,,81.035,difference_arbres_moins_sans
c_02_12,2017-12,6.595,-7.342,10.231,3.706,0.0,1.087,-3.465,0.0,,93.24,difference_arbres_moins_sans
c_02_12,2018-01,6.974,-6.954,10.002,3.926,0.0,0.909,-3.621,0.0,,104.025,difference_arbres_moins_sans
c_03_00,2017-01,0.0,0.0,0.0,0.0,0.0,0.0,0.0,0.0,,0.0,difference_arbres_moins_sans
c_03_00,2017-02,0.0,0.0,0.0,0.0,0.0,0.0,0.0,0.0,,0.0,difference_arbres_moins_sans
c_03_00,2017-03,0.0,0.0,0.0,0.0,0.0,0.0,0.0,0.0,,0.0,difference_arbres_moins_sans
c_03_00,2017-04,0.0,0.0,0.0,0.0,0.0,0.0,0.0,0.0,,0.0,difference_arbres_moins_sans
c_03_00,2017-05,0.0,0.0,0.0,0.0,0.0,0.0,0.0,0.0,,0.0,difference_arbres_moins_sans
c_03_00,2017-06,0.0,0.0,0.0,0.0,0.0,0.0,0.0,0.0,,0.0,difference_arbres_moins_sans
c_03_00,2017-07,0.0,0.0,0.0,0.0,0.0,0.0,0.0,0.0,,0.0,difference_arbres_moins_sans
c_03_00,2017-08,0.0,0.0,0.0,0.0,0.0,0.0,0.0,0.0,,0.0,difference_arbres_moins_sans
c_03_00,2017-09,0.0,0.0,0.0,0.0,0.0,0.0,0.0,0.0,,0.0,difference_arbres_moins_sans
c_03_00,2017-10,0.0,0.0,0.0,0.0,0.0,0.0,0.0,0.0,,0.0,difference_arbres_moins_sans
c_03_00,2017-11,0.0,0.0,0.0,0.0,0.0,0.0,0.0,0.0,,0.0,difference_arbres_moins_sans
c_03_00,2017-12,0.0,0.0,0.0,0.0,0.0,0.0,0.0,0.0,,0.0,difference_arbres_moins_sans
c_03_00,2018-01,0.0,0.0,0.0,0.0,0.0,0.0,0.0,0.0,,0.0,difference_arbres_moins_sans
c_03_01,2017-01,14.271,-21.17,30.612,4.83,0.0,1.69,-1.159,0.0,,240.786,difference_arbres_moins_sans
c_03_01,2017-02,16.145,-12.467,25.814,2.799,0.0,0.566,-1.414,0.0,,270.549,difference_arbres_moins_sans
c_03_01,2017-03,18.517,-2.543,20.654,0.406,0.0,0.511,-1.437,0.0,,294.025,difference_arbres_moins_sans
c_03_01,2017-04,19.83,0.91,19.159,-0.24,0.0,0.174,-1.365,0.0,,315.762,difference_arbres_moins_sans
c_03_01,2017-05,19.622,8.376,14.347,-3.102,0.0,-0.419,-0.931,0.0,,333.044,difference_arbres_moins_sans
c_03_01,2017-06,18.66,7.567,13.662,-2.568,0.0,-0.41,-0.625,0.0,,336.915,difference_arbres_moins_sans
c_03_01,2017-07,17.072,-0.104,19.75,-2.574,0.0,0.164,-0.416,0.0,,352.43,difference_arbres_moins_sans
c_03_01,2017-08,15.276,-4.613,21.591,-1.703,0.0,0.245,-0.386,0.0,,333.171,difference_arbres_moins_sans
c_03_01,2017-09,17.121,-7.061,26.785,-2.603,0.0,-0.027,-0.303,0.0,,261.833,difference_arbres_moins_sans
c_03_01,2017-10,17.458,-10.958,29.227,-0.81,0.0,0.76,-0.442,0.0,,255.071,difference_arbres_moins_sans
c_03_01,2017-11,14.844,-15.621,27.188,3.276,0.0,1.966,-0.831,0.0,,296.031,difference_arbres_moins_sans
c_03_01,2017-12,13.738,-13.17,21.831,5.076,0.0,1.187,-1.225,0.0,,322.618,difference_arbres_moins_sans
c_03_01,2018-01,14.463,-8.785,17.691,5.557,0.0,0.9,-1.28,0.0,,344.471,difference_arbres_moins_sans
c_03_02,2017-01,22.395,-27.913,41.739,8.568,0.0,2.392,-4.013,0.0,,373.334,difference_arbres_moins_sans
c_03_02,2017-02,25.366,-12.744,32.023,6.086,0.0,1.132,-4.849,0.0,,412.336,difference_arbres_moins_sans
c_03_02,2017-03,29.083,-5.048,31.052,3.08,0.0,1.833,-4.86,0.0,,444.456,difference_arbres_moins_sans
c_03_02,2017-04,31.143,0.88,27.781,2.481,0.0,1.277,-4.924,0.0,,476.668,difference_arbres_moins_sans
c_03_02,2017-05,30.769,14.076,18.1,-1.406,0.0,2.259,-3.934,0.0,,500.281,difference_arbres_moins_sans
c_03_02,2017-06,28.42,25.614,6.001,-3.195,0.0,1.981,-3.691,0.0,,529.908,difference_arbres_moins_sans
c_03_02,2017-07,26.002,17.484,11.865,-3.347,0.0,2.875,-3.249,0.0,,547.066,difference_arbres_moins_sans
c_03_02,2017-08,23.267,5.891,19.443,-2.068,0.0,3.22,-3.366,0.0,,523.561,difference_arbres_moins_sans
c_03_02,2017-09,26.076,4.152,25.262,-3.338,0.0,3.478,-2.904,0.0,,443.058,difference_arbres_moins_sans
c_03_02,2017-10,26.588,-0.551,27.802,-0.664,0.0,3.171,-2.788,0.0,,435.99,difference_arbres_moins_sans
c_03_02,2017-11,23.337,-16.203,32.936,6.604,0.0,3.813,-3.21,0.0,,463.143,difference_arbres_moins_sans
c_03_02,2017-12,21.633,-12.342,25.038,8.937,0.0,1.737,-4.216,0.0,,494.663,difference_arbres_moins_sans
c_03_02,2018-01,22.829,-5.347,18.569,9.607,0.0,1.18,-4.402,0.0,,518.374,difference_arbres_moins_sans
c_03_03,2017-01,26.771,-25.394,41.824,10.341,0.0,1.016,1.289,0.0,,426.872,difference_arbres_moins_sans
c_03_03,2017-02,30.239,-12.052,34.176,8.115,0.0,0.213,1.603,0.0,,466.485,difference_arbres_moins_sans
c_03_03,2017-03,34.611,-4.629,33.782,5.458,0.0,0.25,1.603,0.0,,501.828,difference_arbres_moins_sans
c_03_03,2017-04,37.059,4.878,27.276,4.905,0.0,-0.109,1.625,0.0,,535.288,difference_arbres_moins_sans
c_03_03,2017-05,36.528,19.804,15.583,1.141,0.0,-0.203,1.075,0.0,,557.008,difference_arbres_moins_sans
c_03_03,2017-06,37.447,26.002,9.031,2.414,0.0,-0.153,0.99,0.0,,573.582,difference_arbres_moins_sans
c_03_03,2017-07,34.2,16.6,15.489,2.111,0.0,0.398,0.656,0.0,,585.777,difference_arbres_moins_sans
c_03_03,2017-08,30.587,2.074,25.668,2.845,0.0,0.712,0.635,0.0,,565.746,difference_arbres_moins_sans
c_03_03,2017-09,34.306,-1.41,33.639,2.077,0.0,0.403,0.531,0.0,,497.093,difference_arbres_moins_sans
c_03_03,2017-10,35.107,-5.608,36.175,4.541,0.0,0.719,0.676,0.0,,493.449,difference_arbres_moins_sans
c_03_03,2017-11,27.812,-10.274,29.603,8.484,0.0,1.152,0.952,0.0,,531.182,difference_arbres_moins_sans
c_03_03,2017-12,25.816,-4.879,20.04,10.656,0.0,0.37,1.41,0.0,,558.063,difference_arbres_moins_sans
c_03_03,2018-01,27.232,1.644,14.252,11.336,0.0,0.101,1.225,0.0,,576.273,difference_arbres_moins_sans
c_03_04,2017-01,27.449,-25.309,41.001,11.757,0.0,0.334,1.463,0.0,,378.629,difference_arbres_moins_sans
c_03_04,2017-02,31.042,-13.61,34.297,10.355,0.0,-0.115,1.818,0.0,,417.894,difference_arbres_moins_sans
c_03_04,2017-03,35.524,-8.356,35.22,8.66,0.0,-0.246,1.834,0.0,,454.006,difference_arbres_moins_sans
c_03_04,2017-04,38.034,-0.83,30.389,8.475,0.0,-0.477,1.835,0.0,,490.014,difference_arbres_moins_sans
c_03_04,2017-05,37.44,13.002,18.91,5.529,0.0,-0.378,1.233,0.0,,515.154,difference_arbres_moins_sans
c_03_04,2017-06,39.613,22.337,10.515,6.761,0.0,-0.369,1.135,0.0,,547.071,difference_arbres_moins_sans
c_03_04,2017-07,36.152,13.629,16.289,6.234,0.0,0.234,0.778,0.0,,560.895,difference_arbres_moins_sans
c_03_04,2017-08,32.326,-0.43,26.253,6.503,0.0,0.502,0.764,0.0,,537.942,difference_arbres_moins_sans
c_03_04,2017-09,36.267,-4.158,34.222,6.202,0.0,0.153,0.612,0.0,,462.892,difference_arbres_moins_sans
c_03_04,2017-10,37.168,-8.206,37.175,8.199,0.0,0.305,0.766,0.0,,457.097,difference_arbres_moins_sans
c_03_04,2017-11,28.569,-12.925,31.038,10.457,0.0,0.255,1.068,0.0,,486.629,difference_arbres_moins_sans
c_03_04,2017-12,26.558,-7.643,22.21,11.992,0.0,-0.167,1.588,0.0,,515.531,difference_arbres_moins_sans
c_03_04,2018-01,28.075,-1.415,16.832,12.658,0.0,-0.438,1.716,0.0,,536.331,difference_arbres_moins_sans
c_03_05,2017-01,26.157,-24.118,39.344,10.931,0.0,0.418,1.487,0.0,,400.212,difference_arbres_moins_sans
c_03_05,2017-02,29.611,-11.927,32.241,9.296,0.0,-0.077,1.861,0.0,,437.535,difference_arbres_moins_sans
c_03_05,2017-03,33.907,-5.566,32.163,7.31,0.0,-0.228,1.887,0.0,,471.001,difference_arbres_moins_sans
c_03_05,2017-04,36.304,2.795,26.493,7.016,0.0,-0.433,1.881,0.0,,503.157,difference_arbres_moins_sans
c_03_05,2017-05,35.77,16.278,15.623,3.867,0.0,-0.37,1.258,0.0,,524.536,difference_arbres_moins_sans
c_03_05,2017-06,37.847,24.57,7.969,5.308,0.0,-0.377,1.16,0.0,,545.249,difference_arbres_moins_sans
c_03_05,2017-07,34.548,15.235,14.474,4.839,0.0,0.178,0.801,0.0,,557.456,difference_arbres_moins_sans
c_03_05,2017-08,30.894,1.026,24.631,5.236,0.0,0.447,0.793,0.0,,539.629,difference_arbres_moins_sans
c_03_05,2017-09,34.658,-2.395,32.235,4.816,0.0,0.09,0.626,0.0,,474.267,difference_arbres_moins_sans
c_03_05,2017-10,35.502,-5.825,34.423,6.904,0.0,0.337,0.773,0.0,,470.914,difference_arbres_moins_sans
c_03_05,2017-11,27.256,-9.972,27.725,9.502,0.0,0.287,1.088,0.0,,504.803,difference_arbres_moins_sans
c_03_05,2017-12,25.323,-4.744,18.843,11.224,0.0,-0.116,1.617,0.0,,530.026,difference_arbres_moins_sans
c_03_05,2018-01,26.775,1.481,13.418,11.875,0.0,-0.387,1.751,0.0,,547.161,difference_arbres_moins_sans
c_03_06,2017-01,14.268,-18.535,28.462,4.341,0.0,1.88,-1.184,0.0,,290.697,difference_arbres_moins_sans
c_03_06,2017-02,16.137,-9.352,23.388,2.1,0.0,0.529,-1.434,0.0,,317.663,difference_arbres_moins_sans
c_03_06,2017-03,18.51,-4.084,23.161,-0.568,0.0,0.647,-1.467,0.0,,342.018,difference_arbres_moins_sans
c_03_06,2017-04,19.822,4.329,16.897,-1.404,0.0,0.157,-1.4,0.0,,363.749,difference_arbres_moins_sans
c_03_06,2017-05,19.625,13.999,10.047,-4.42,0.0,-0.866,-0.926,0.0,,377.501,difference_arbres_moins_sans
c_03_06,2017-06,17.979,21.067,1.768,-4.857,0.0,-1.13,-0.704,0.0,,388.34,difference_arbres_moins_sans
c_03_06,2017-07,16.465,14.366,6.74,-4.642,0.0,-0.684,-0.467,0.0,,394.598,difference_arbres_moins_sans
c_03_06,2017-08,14.736,4.378,13.873,-3.515,0.0,-0.319,-0.455,0.0,,381.658,difference_arbres_moins_sans
c_03_06,2017-09,16.509,1.02,20.222,-4.732,0.0,-0.719,-0.329,0.0,,334.896,difference_arbres_moins_sans
c_03_06,2017-10,16.8,-1.55,21.105,-2.755,0.0,0.374,-0.486,0.0,,332.482,difference_arbres_moins_sans
c_03_06,2017-11,14.832,-8.991,21.135,2.688,0.0,1.974,-0.816,0.0,,359.423,difference_arbres_moins_sans
c_03_06,2017-12,13.719,-5.526,14.557,4.687,0.0,1.101,-1.247,0.0,,378.713,difference_arbres_moins_sans
c_03_06,2018-01,14.431,-1.196,10.525,5.102,0.0,0.84,-1.301,0.0,,392.163,difference_arbres_moins_sans
c_03_07,2017-01,8.849,-10.222,14.479,4.591,0.0,0.398,-1.167,0.0,,89.421,difference_arbres_moins_sans
c_03_07,2017-02,10.005,-7.145,12.873,4.276,0.0,-0.307,-1.431,0.0,,103.621,difference_arbres_moins_sans
c_03_07,2017-03,11.448,-7.361,14.933,3.876,0.0,-0.207,-1.431,0.0,,118.058,difference_arbres_moins_sans
c_03_07,2017-04,12.257,-7.007,15.389,3.876,0.0,-0.419,-1.414,0.0,,134.698,difference_arbres_moins_sans
c_03_07,2017-05,12.064,2.329,6.793,2.943,0.0,-0.959,-0.988,0.0,,146.79,difference_arbres_moins_sans
c_03_07,2017-06,12.355,2.478,6.529,3.349,0.0,-0.202,-0.752,0.0,,158.665,difference_arbres_moins_sans
c_03_07,2017-07,11.275,-6.303,14.488,3.09,0.0,0.177,-0.545,0.0,,171.132,difference_arbres_moins_sans
c_03_07,2017-08,10.082,-7.109,14.117,3.074,0.0,0.167,-0.551,0.0,,154.98,difference_arbres_moins_sans
c_03_07,2017-09,11.311,-7.386,15.603,3.095,0.0,0.069,-0.415,0.0,,96.091,difference_arbres_moins_sans
c_03_07,2017-10,11.592,-8.258,16.151,3.7,0.0,0.23,-0.519,0.0,,91.467,difference_arbres_moins_sans
c_03_07,2017-11,9.208,-9.076,14.064,4.218,0.0,0.435,-0.819,0.0,,100.39,difference_arbres_moins_sans
c_03_07,2017-12,8.559,-7.712,11.677,4.594,0.0,0.143,-1.209,0.0,,114.331,difference_arbres_moins_sans
c_03_07,2018-01,9.047,-7.19,11.379,4.858,0.0,0.114,-1.251,0.0,,126.644,difference_arbres_moins_sans
c_03_08,2017-01,33.123,-29.351,48.713,13.761,0.0,3.585,-4.177,0.0,,409.12,difference_arbres_moins_sans
c_03_08,2017-02,37.398,-16.565,41.952,12.01,0.0,1.541,-5.027,0.0,,456.457,difference_arbres_moins_sans
c_03_08,2017-03,42.77,-10.714,43.615,9.869,0.0,2.335,-5.039,0.0,,500.791,difference_arbres_moins_sans
c_03_08,2017-04,45.791,-2.887,39.052,9.626,0.0,1.484,-5.117,0.0,,546.179,difference_arbres_moins_sans
c_03_08,2017-05,45.054,13.499,25.333,6.222,0.0,1.75,-4.045,0.0,,579.253,difference_arbres_moins_sans
c_03_08,2017-06,8.549,96.459,-65.405,-22.504,0.0,-4.851,-3.53,0.0,,637.414,difference_arbres_moins_sans
c_03_08,2017-07,8.037,86.187,-56.889,-21.261,0.0,-4.346,-2.978,0.0,,661.637,difference_arbres_moins_sans
c_03_08,2017-08,7.245,61.494,-36.433,-17.817,0.0,-2.383,-3.143,0.0,,628.884,difference_arbres_moins_sans
c_03_08,2017-09,8.032,66.752,-37.523,-21.198,0.0,-3.051,-2.813,0.0,,535.487,difference_arbres_moins_sans
c_03_08,2017-10,7.739,66.6,-41.016,-17.845,0.0,-3.603,-2.741,0.0,,526.164,difference_arbres_moins_sans
c_03_08,2017-11,34.406,-15.682,37.946,12.141,0.0,4.48,-3.297,0.0,,539.567,difference_arbres_moins_sans
c_03_08,2017-12,31.984,-11.307,29.353,13.939,0.0,2.314,-4.379,0.0,,576.247,difference_arbres_moins_sans
c_03_08,2018-01,33.778,-3.911,22.951,14.738,0.0,1.545,-4.574,0.0,,604.151,difference_arbres_moins_sans
c_03_09,2017-01,32.664,-29.959,49.639,12.984,0.0,3.743,-4.268,0.0,,433.217,difference_arbres_moins_sans
c_03_09,2017-02,36.883,-16.359,42.444,10.797,0.0,1.55,-5.171,0.0,,481.294,difference_arbres_moins_sans
c_03_09,2017-03,42.195,-9.477,43.537,8.134,0.0,2.426,-5.192,0.0,,525.856,difference_arbres_moins_sans
c_03_09,2017-04,45.176,-1.44,38.921,7.695,0.0,1.492,-5.268,0.0,,570.963,difference_arbres_moins_sans
c_03_09,2017-05,44.481,15.822,24.872,3.787,0.0,1.522,-4.174,0.0,,603.896,difference_arbres_moins_sans
c_03_09,2017-06,12.158,102.49,-68.734,-21.598,0.0,-4.206,-3.748,0.0,,660.796,difference_arbres_moins_sans
c_03_09,2017-07,11.317,88.447,-56.684,-20.446,0.0,-3.67,-3.131,0.0,,678.761,difference_arbres_moins_sans
c_03_09,2017-08,10.174,61.864,-34.632,-17.058,0.0,-1.766,-3.305,0.0,,647.358,difference_arbres_moins_sans
c_03_09,2017-09,11.324,65.83,-34.141,-20.366,0.0,-2.576,-2.901,0.0,,565.267,difference_arbres_moins_sans
c_03_09,2017-10,11.142,67.168,-39.177,-16.85,0.0,-2.618,-2.867,0.0,,559.089,difference_arbres_moins_sans
c_03_09,2017-11,33.927,-15.171,38.018,11.08,0.0,4.586,-3.375,0.0,,561.591,difference_arbres_moins_sans
c_03_09,2017-12,31.52,-10.773,29.032,13.26,0.0,2.345,-4.493,0.0,,598.126,difference_arbres_moins_sans
c_03_09,2018-01,33.269,-3.751,23.005,14.015,0.0,1.601,-4.699,0.0,,625.927,difference_arbres_moins_sans
c_03_10,2017-01,1.845,-9.275,12.209,-1.088,0.0,0.845,-1.358,0.0,,71.172,difference_arbres_moins_sans
c_03_10,2017-02,2.165,-5.998,10.935,-2.773,0.0,-0.061,-1.684,0.0,,83.158,difference_arbres_moins_sans
c_03_10,2017-03,2.556,-5.499,12.858,-4.804,0.0,0.152,-1.643,0.0,,95.544,difference_arbres_moins_sans
c_03_10,2017-04,2.742,-5.026,13.243,-5.476,0.0,-0.058,-1.688,0.0,,109.868,difference_arbres_moins_sans
c_03_10,2017-05,2.84,-0.487,10.573,-7.247,0.0,-0.621,-1.24,0.0,,122.449,difference_arbres_moins_sans
c_03_10,2017-06,2.89,4.43,5.352,-6.893,0.0,-0.867,-1.129,0.0,,131.846,difference_arbres_moins_sans
c_03_10,2017-07,2.684,-2.871,12.107,-6.552,0.0,-0.383,-0.863,0.0,,138.817,difference_arbres_moins_sans
c_03_10,2017-08,2.412,-3.634,11.64,-5.594,0.0,-0.576,-0.908,0.0,,122.242,difference_arbres_moins_sans
c_03_10,2017-09,2.686,-3.703,12.903,-6.513,0.0,-0.471,-0.69,0.0,,72.047,difference_arbres_moins_sans
c_03_10,2017-10,2.654,-5.261,13.327,-5.412,0.0,0.386,-0.782,0.0,,68.288,difference_arbres_moins_sans
c_03_10,2017-11,1.99,-7.853,12.074,-2.231,0.0,1.022,-0.989,0.0,,79.934,difference_arbres_moins_sans
c_03_10,2017-12,1.781,-7.423,10.071,-0.867,0.0,0.535,-1.453,0.0,,91.901,difference_arbres_moins_sans
c_03_10,2018-01,1.854,-7.547,10.146,-0.744,0.0,0.549,-1.529,0.0,,102.688,difference_arbres_moins_sans
c_03_11,2017-01,10.574,-13.116,18.735,4.954,0.0,0.198,-1.159,0.0,,140.302,difference_arbres_moins_sans
c_03_11,2017-02,11.92,-8.844,16.499,4.263,0.0,-0.279,-1.446,0.0,,158.597,difference_arbres_moins_sans
c_03_11,2017-03,13.632,-7.49,17.698,3.423,0.0,-0.359,-1.37,0.0,,176.902,difference_arbres_moins_sans
c_03_11,2017-04,14.595,2.022,9.253,3.32,0.0,-0.62,-1.457,0.0,,190.956,difference_arbres_moins_sans
c_03_11,2017-05,14.377,5.125,7.349,1.903,0.0,-0.75,-1.27,0.0,,199.551,difference_arbres_moins_sans
c_03_11,2017-06,14.355,3.405,8.556,2.395,0.0,-0.82,-1.2,0.0,,210.685,difference_arbres_moins_sans
c_03_11,2017-07,13.111,-4.403,15.356,2.157,0.0,-0.213,-1.019,0.0,,223.84,difference_arbres_moins_sans
c_03_11,2017-08,11.725,-6.37,15.757,2.338,0.0,-0.252,-1.107,0.0,,212.605,difference_arbres_moins_sans
c_03_11,2017-09,13.152,-6.999,17.947,2.204,0.0,-0.495,-0.906,0.0,,158.985,difference_arbres_moins_sans
c_03_11,2017-10,13.458,-8.668,19.08,3.046,0.0,-0.039,-0.856,0.0,,153.634,difference_arbres_moins_sans
c_03_11,2017-11,10.957,-10.893,17.574,4.276,0.0,0.077,-0.95,0.0,,169.487,difference_arbres_moins_sans
c_03_11,2017-12,10.171,-9.295,14.474,4.993,0.0,-0.066,-1.242,0.0,,186.847,difference_arbres_moins_sans
c_03_11,2018-01,10.716,-8.513,13.923,5.305,0.0,-0.133,-1.26,0.0,,202.013,difference_arbres_moins_sans
c_04_00,2017-01,0.076,0.142,-0.109,0.044,0.0,0.069,-0.007,0.0,,-0.378,difference_arbres_moins_sans
c_04_00,2017-02,0.085,0.138,-0.107,0.054,0.0,0.063,-0.007,0.0,,-0.488,difference_arbres_moins_sans
c_04_00,2017-03,0.098,0.198,-0.144,0.044,0.0,0.039,-0.006,0.0,,-0.624,difference_arbres_moins_sans
c_04_00,2017-04,0.105,0.206,-0.151,0.05,0.0,0.061,-0.007,0.0,,-0.785,difference_arbres_moins_sans
c_04_00,2017-05,0.103,0.238,-0.176,0.04,0.0,0.017,-0.006,0.0,,-0.95,difference_arbres_moins_sans
c_04_00,2017-06,0.098,0.204,-0.144,0.037,0.0,0.006,-0.007,0.0,,-1.139,difference_arbres_moins_sans
c_04_00,2017-07,0.089,0.111,-0.041,0.02,0.0,-0.044,-0.008,0.0,,-1.141,difference_arbres_moins_sans
c_04_00,2017-08,0.08,-0.004,0.057,0.027,0.0,-0.015,-0.007,0.0,,0.016,difference_arbres_moins_sans
c_04_00,2017-09,0.09,0.166,-0.101,0.024,0.0,-0.064,-0.008,0.0,,-0.037,difference_arbres_moins_sans
c_04_00,2017-10,0.092,0.225,-0.169,0.036,0.0,-0.011,-0.006,0.0,,-0.127,difference_arbres_moins_sans
c_04_00,2017-11,0.079,0.177,-0.142,0.043,0.0,0.064,-0.005,0.0,,-0.295,difference_arbres_moins_sans
c_04_00,2017-12,0.073,0.129,-0.103,0.047,0.0,0.079,-0.006,0.0,,-0.424,difference_arbres_moins_sans
c_04_00,2018-01,0.077,0.125,-0.1,0.053,0.0,0.082,-0.007,0.0,,-0.533,difference_arbres_moins_sans
c_04_01,2017-01,17.197,-19.4,28.573,8.023,0.0,0.8,-1.375,0.0,,203.586,difference_arbres_moins_sans
c_04_01,2017-02,19.374,-13.152,25.219,7.308,0.0,0.023,-1.647,0.0,,231.554,difference_arbres_moins_sans
c_04_01,2017-03,22.137,-2.062,17.649,6.549,0.0,0.007,-1.67,0.0,,253.701,difference_arbres_moins_sans
c_04_01,2017-04,23.7,1.06,16.133,6.507,0.0,-0.338,-1.606,0.0,,271.885,difference_arbres_moins_sans
c_04_01,2017-05,23.302,5.966,12.562,4.773,0.0,-0.371,-1.119,0.0,,286.702,difference_arbres_moins_sans
c_04_01,2017-06,23.63,4.567,13.758,5.306,0.0,-0.344,-0.843,0.0,,305.241,difference_arbres_moins_sans
c_04_01,2017-07,21.566,-4.825,21.56,4.831,0.0,0.464,-0.61,0.0,,324.897,difference_arbres_moins_sans
c_04_01,2017-08,19.284,-7.978,22.368,4.894,0.0,0.517,-0.585,0.0,,302.603,difference_arbres_moins_sans
c_04_01,2017-09,21.635,-9.478,26.304,4.809,0.0,0.228,-0.464,0.0,,225.181,difference_arbres_moins_sans
c_04_01,2017-10,22.172,-12.255,28.472,5.956,0.0,0.537,-0.614,0.0,,218.246,difference_arbres_moins_sans
c_04_01,2017-11,17.814,-15.935,26.476,7.272,0.0,1.048,-1.002,0.0,,242.175,difference_arbres_moins_sans
c_04_01,2017-12,16.561,-13.308,21.836,8.033,0.0,0.418,-1.437,0.0,,268.384,difference_arbres_moins_sans
c_04_01,2018-01,17.466,-11.452,20.426,8.493,0.0,0.215,-1.501,0.0,,291.066,difference_arbres_moins_sans
c_04_02,2017-01,14.928,-21.625,30.216,6.337,0.0,1.807,-3.671,0.0,,210.306,difference_arbres_moins_sans
c_04_02,2017-02,16.863,-14.056,26.124,4.796,0.0,0.971,-4.429,0.0,,239.994,difference_arbres_moins_sans
c_04_02,2017-03,19.316,-0.36,16.746,2.929,0.0,1.548,-4.418,0.0,,261.447,difference_arbres_moins_sans
c_04_02,2017-04,20.683,2.149,15.942,2.592,0.0,1.129,-4.487,0.0,,279.256,difference_arbres_moins_sans
c_04_02,2017-05,20.423,8.104,12.22,0.101,0.0,2.751,-3.528,0.0,,293.846,difference_arbres_moins_sans
c_04_02,2017-06,18.528,-6.887,27.741,-2.326,0.0,2.423,-3.39,0.0,,370.976,difference_arbres_moins_sans
c_04_02,2017-07,16.952,-9.803,29.134,-2.379,0.0,3.464,-2.945,0.0,,394.596,difference_arbres_moins_sans
c_04_02,2017-08,15.169,-10.369,27.061,-1.524,0.0,3.209,-3.106,0.0,,370.642,difference_arbres_moins_sans
c_04_02,2017-09,17.0,-7.973,27.332,-2.359,0.0,3.368,-2.687,0.0,,287.435,difference_arbres_moins_sans
c_04_02,2017-10,17.333,-15.25,33.075,-0.492,0.0,3.164,-2.593,0.0,,278.409,difference_arbres_moins_sans
c_04_02,2017-11,15.504,-17.572,28.065,5.01,0.0,3.456,-2.905,0.0,,245.646,difference_arbres_moins_sans
c_04_02,2017-12,14.371,-15.622,23.522,6.47,0.0,1.544,-3.87,0.0,,273.658,difference_arbres_moins_sans
c_04_02,2018-01,15.137,-14.375,22.592,6.919,0.0,1.167,-4.057,0.0,,298.278,difference_arbres_moins_sans
c_04_03,2017-01,23.949,-22.655,37.113,9.491,0.0,0.504,1.544,0.0,,391.745,difference_arbres_moins_sans
c_04_03,2017-02,27.061,-10.481,29.958,7.583,0.0,-0.03,1.955,0.0,,426.685,difference_arbres_moins_sans
c_04_03,2017-03,30.978,-3.549,29.245,5.281,0.0,-0.158,1.987,0.0,,457.485,difference_arbres_moins_sans
c_04_03,2017-04,33.168,5.265,23.059,4.845,0.0,-0.34,1.977,0.0,,486.128,difference_arbres_moins_sans
c_04_03,2017-05,32.695,18.263,12.904,1.527,0.0,-0.338,1.311,0.0,,504.301,difference_arbres_moins_sans
c_04_03,2017-06,32.552,26.47,4.108,1.973,0.0,-0.336,1.203,0.0,,520.005,difference_arbres_moins_sans
c_04_03,2017-07,29.736,17.321,10.755,1.661,0.0,0.108,0.846,0.0,,530.417,difference_arbres_moins_sans
c_04_03,2017-08,26.597,3.395,20.824,2.378,0.0,0.331,0.852,0.0,,515.001,difference_arbres_moins_sans
c_04_03,2017-09,29.827,0.58,27.605,1.642,0.0,0.015,0.643,0.0,,455.551,difference_arbres_moins_sans
c_04_03,2017-10,30.509,-2.577,29.273,3.813,0.0,0.407,0.763,0.0,,453.095,difference_arbres_moins_sans
c_04_03,2017-11,24.892,-9.177,26.195,7.873,0.0,0.396,1.116,0.0,,484.095,difference_arbres_moins_sans
c_04_03,2017-12,23.107,-4.07,17.396,9.781,0.0,-0.031,1.686,0.0,,507.669,difference_arbres_moins_sans
c_04_03,2018-01,24.382,1.883,12.105,10.392,0.0,-0.257,1.823,0.0,,523.322,difference_arbres_moins_sans
c_04_04,2017-01,29.886,-25.793,43.128,12.552,0.0,0.589,1.36,0.0,,405.949,difference_arbres_moins_sans
c_04_04,2017-02,33.708,-13.179,35.817,11.07,0.0,-0.019,1.685,0.0,,447.106,difference_arbres_moins_sans
c_04_04,2017-03,38.534,-7.036,36.281,9.289,0.0,-0.049,1.682,0.0,,484.586,difference_arbres_moins_sans
c_04_04,2017-04,41.255,1.649,30.524,9.084,0.0,-0.383,1.699,0.0,,521.231,difference_arbres_moins_sans
c_04_04,2017-05,40.577,16.269,18.376,5.932,0.0,-0.357,1.139,0.0,,546.109,difference_arbres_moins_sans
c_04_04,2017-06,41.721,23.85,11.026,6.845,0.0,-0.306,1.047,0.0,,572.235,difference_arbres_moins_sans
c_04_04,2017-07,38.076,14.67,17.081,6.325,0.0,0.325,0.702,0.0,,586.741,difference_arbres_moins_sans
c_04_04,2017-08,34.046,-0.021,27.448,6.62,0.0,0.635,0.677,0.0,,561.911,difference_arbres_moins_sans
c_04_04,2017-09,38.198,-3.699,35.612,6.284,0.0,0.3,0.561,0.0,,484.043,difference_arbres_moins_sans
c_04_04,2017-10,39.147,-7.994,38.739,8.401,0.0,0.458,0.714,0.0,,478.185,difference_arbres_moins_sans
c_04_04,2017-11,31.003,-12.646,32.496,11.153,0.0,0.632,0.997,0.0,,513.247,difference_arbres_moins_sans
c_04_04,2017-12,28.821,-6.914,22.972,12.763,0.0,0.003,1.485,0.0,,543.34,difference_arbres_moins_sans
c_04_04,2018-01,30.418,-0.213,17.177,13.454,0.0,-0.266,1.599,0.0,,564.719,difference_arbres_moins_sans
c_04_05,2017-01,21.973,-24.029,37.527,8.475,0.0,1.646,-1.773,0.0,,370.96,difference_arbres_moins_sans
c_04_05,2017-02,24.876,-12.532,31.096,6.312,0.0,0.412,-2.208,0.0,,406.719,difference_arbres_moins_sans
c_04_05,2017-03,28.51,-6.399,31.21,3.699,0.0,0.482,-2.161,0.0,,439.089,difference_arbres_moins_sans
c_04_05,2017-04,30.528,1.263,26.137,3.127,0.0,0.033,-2.233,0.0,,470.529,difference_arbres_moins_sans
c_04_05,2017-05,30.138,15.299,15.273,-0.433,0.0,-1.098,-1.924,0.0,,491.62,difference_arbres_moins_sans
c_04_05,2017-06,31.214,22.32,8.254,0.64,0.0,-1.395,-1.713,0.0,,512.77,difference_arbres_moins_sans
c_04_05,2017-07,28.521,14.112,13.93,0.478,0.0,-1.152,-1.477,0.0,,523.679,difference_arbres_moins_sans
c_04_05,2017-08,25.511,1.275,22.941,1.294,0.0,-0.484,-1.57,0.0,,506.179,difference_arbres_moins_sans
c_04_05,2017-09,28.607,-1.9,30.057,0.452,0.0,-1.211,-1.28,0.0,,442.171,difference_arbres_moins_sans
c_04_05,2017-10,29.247,-5.408,31.88,2.775,0.0,-0.05,-1.257,0.0,,437.776,difference_arbres_moins_sans
c_04_05,2017-11,22.888,-10.929,27.078,6.739,0.0,1.606,-1.421,0.0,,468.129,difference_arbres_moins_sans
c_04_05,2017-12,21.229,-6.584,18.984,8.827,0.0,0.791,-1.867,0.0,,493.097,difference_arbres_moins_sans
c_04_05,2018-01,22.408,-1.045,14.018,9.434,0.0,0.541,-1.906,0.0,,510.663,difference_arbres_moins_sans
c_04_06,2017-01,6.462,-14.85,20.276,1.035,0.0,0.793,-1.072,0.0,,152.596,difference_arbres_moins_sans
c_04_06,2017-02,7.382,-9.576,17.864,-0.905,0.0,0.208,-1.277,0.0,,172.39,difference_arbres_moins_sans
c_04_06,2017-03,8.526,-4.865,16.62,-3.229,0.0,0.31,-1.283,0.0,,191.407,difference_arbres_moins_sans
c_04_06,2017-04,9.134,2.576,10.46,-3.902,0.0,0.102,-1.235,0.0,,204.92,difference_arbres_moins_sans
c_04_06,2017-05,9.136,7.111,8.215,-6.191,0.0,0.078,-0.771,0.0,,214.572,difference_arbres_moins_sans
c_04_06,2017-06,9.045,6.734,8.061,-5.751,0.0,-0.002,-0.582,0.0,,228.692,difference_arbres_moins_sans
c_04_06,2017-07,8.305,-0.886,14.736,-5.544,0.0,0.26,-0.319,0.0,,239.687,difference_arbres_moins_sans
c_04_06,2017-08,7.439,-3.24,15.218,-4.538,0.0,0.266,-0.293,0.0,,227.123,difference_arbres_moins_sans
c_04_06,2017-09,8.325,-4.514,18.39,-5.55,0.0,0.215,-0.228,0.0,,175.005,difference_arbres_moins_sans
c_04_06,2017-10,8.425,-7.188,19.71,-4.097,0.0,0.831,-0.402,0.0,,170.57,difference_arbres_moins_sans
c_04_06,2017-11,6.791,-11.759,18.864,-0.314,0.0,1.221,-0.741,0.0,,186.272,difference_arbres_moins_sans
c_04_06,2017-12,6.241,-10.389,15.336,1.294,0.0,0.581,-1.139,0.0,,204.801,difference_arbres_moins_sans
c_04_06,2018-01,6.565,-9.583,14.581,1.568,0.0,0.439,-1.176,0.0,,220.769,difference_arbres_moins_sans
c_04_07,2017-01,10.39,-11.718,16.814,5.294,0.0,0.466,-1.391,0.0,,103.176,difference_arbres_moins_sans
c_04_07,2017-02,11.695,-8.253,15.007,4.94,0.0,-0.214,-1.743,0.0,,119.688,difference_arbres_moins_sans
c_04_07,2017-03,13.358,-8.627,17.463,4.522,0.0,-0.086,-1.724,0.0,,136.562,difference_arbres_moins_sans
c_04_07,2017-04,14.301,-4.706,14.506,4.501,0.0,-0.39,-1.742,0.0,,155.321,difference_arbres_moins_sans
c_04_07,2017-05,14.056,4.96,5.589,3.507,0.0,-0.746,-1.324,0.0,,164.315,difference_arbres_moins_sans
c_04_07,2017-06,13.531,2.577,7.331,3.623,0.0,-0.87,-1.091,0.0,,170.542,difference_arbres_moins_sans
c_04_07,2017-07,12.349,-6.904,15.931,3.322,0.0,-0.276,-0.869,0.0,,184.377,difference_arbres_moins_sans
c_04_07,2017-08,11.042,-7.709,15.442,3.309,0.0,-0.365,-0.92,0.0,,165.022,difference_arbres_moins_sans
c_04_07,2017-09,12.388,-7.985,17.038,3.336,0.0,-0.444,-0.708,0.0,,100.166,difference_arbres_moins_sans
c_04_07,2017-10,12.696,-8.975,17.676,3.995,0.0,0.121,-0.751,0.0,,95.596,difference_arbres_moins_sans
c_04_07,2017-11,10.751,-10.578,16.473,4.856,0.0,0.595,-1.056,0.0,,113.919,difference_arbres_moins_sans
c_04_07,2017-12,9.995,-9.024,13.757,5.262,0.0,0.202,-1.481,0.0,,130.285,difference_arbres_moins_sans
c_04_07,2018-01,10.534,-8.636,13.625,5.545,0.0,0.16,-1.546,0.0,,144.903,difference_arbres_moins_sans
c_04_08,2017-01,34.692,-29.26,49.765,14.188,0.0,3.905,-4.222,0.0,,436.943,difference_arbres_moins_sans
c_04_08,2017-02,39.123,-15.761,42.518,12.364,0.0,1.67,-5.089,0.0,,485.125,difference_arbres_moins_sans
c_04_08,2017-03,44.721,-8.913,43.476,10.158,0.0,2.46,-5.105,0.0,,529.693,difference_arbres_moins_sans
c_04_08,2017-04,47.879,-0.735,38.694,9.92,0.0,1.533,-5.184,0.0,,574.632,difference_arbres_moins_sans
c_04_08,2017-05,47.09,16.231,24.549,6.309,0.0,1.544,-4.098,0.0,,607.294,difference_arbres_moins_sans
c_04_08,2017-06,31.674,62.68,-26.791,-4.216,0.0,-0.814,-3.782,0.0,,643.029,difference_arbres_moins_sans
c_04_08,2017-07,29.006,51.717,-18.472,-4.239,0.0,0.183,-3.248,0.0,,664.471,difference_arbres_moins_sans
c_04_08,2017-08,25.962,31.026,-2.433,-2.631,0.0,1.531,-3.46,0.0,,631.967,difference_arbres_moins_sans
c_04_08,2017-09,29.086,32.26,1.071,-4.245,0.0,0.57,-3.0,0.0,,538.441,difference_arbres_moins_sans
c_04_08,2017-10,29.597,30.488,0.383,-1.274,0.0,0.833,-2.869,0.0,,528.786,difference_arbres_moins_sans
c_04_08,2017-11,35.982,-14.526,38.013,12.494,0.0,4.67,-3.337,0.0,,564.622,difference_arbres_moins_sans
c_04_08,2017-12,33.45,-9.913,28.995,14.368,0.0,2.483,-4.433,0.0,,601.138,difference_arbres_moins_sans
c_04_08,2018-01,35.299,-2.795,22.916,15.178,0.0,1.718,-4.636,0.0,,628.866,difference_arbres_moins_sans
c_04_09,2017-01,25.533,-27.649,43.587,9.594,0.0,3.016,-3.766,0.0,,376.415,difference_arbres_moins_sans
c_04_09,2017-02,28.85,-15.538,37.187,7.202,0.0,1.476,-4.66,0.0,,418.536,difference_arbres_moins_sans
c_04_09,2017-03,33.034,-9.924,38.569,4.39,0.0,2.206,-4.669,0.0,,457.854,difference_arbres_moins_sans
c_04_09,2017-04,35.37,-0.746,32.452,3.665,0.0,1.441,-4.72,0.0,,496.745,difference_arbres_moins_sans
c_04_09,2017-05,34.886,13.723,21.25,-0.089,0.0,1.022,-3.752,0.0,,524.317,difference_arbres_moins_sans
c_04_09,2017-06,26.141,51.42,-18.907,-6.373,0.0,-0.343,-3.44,0.0,,570.171,difference_arbres_moins_sans
c_04_09,2017-07,23.95,40.406,-10.14,-6.315,0.0,0.342,-2.853,0.0,,584.116,difference_arbres_moins_sans
c_04_09,2017-08,21.439,22.951,3.119,-4.63,0.0,1.227,-3.007,0.0,,557.939,difference_arbres_moins_sans
c_04_09,2017-09,24.014,21.535,8.811,-6.332,0.0,0.827,-2.462,0.0,,483.198,difference_arbres_moins_sans
c_04_09,2017-10,24.415,20.207,7.66,-3.452,0.0,1.185,-2.461,0.0,,477.241,difference_arbres_moins_sans
c_04_09,2017-11,26.533,-15.404,34.269,7.669,0.0,3.867,-2.977,0.0,,484.529,difference_arbres_moins_sans
c_04_09,2017-12,24.619,-11.303,26.017,9.905,0.0,1.96,-3.983,0.0,,517.31,difference_arbres_moins_sans
c_04_09,2018-01,25.963,-4.815,20.21,10.568,0.0,1.502,-4.151,0.0,,542.148,difference_arbres_moins_sans
c_04_10,2017-01,0.105,-1.884,2.827,-0.837,0.0,0.498,-0.73,0.0,,10.411,difference_arbres_moins_sans
c_04_10,2017-02,0.159,-0.733,2.515,-1.624,0.0,-0.182,-0.953,0.0,,13.168,difference_arbres_moins_sans
c_04_10,2017-03,0.22,-0.182,2.963,-2.561,0.0,-0.004,-0.897,0.0,,16.017,difference_arbres_moins_sans
c_04_10,2017-04,0.238,0.019,3.099,-2.879,0.0,-0.219,-0.957,0.0,,19.326,difference_arbres_moins_sans
c_04_10,2017-05,0.305,1.135,2.849,-3.679,0.0,-0.371,-0.686,0.0,,22.417,difference_arbres_moins_sans
c_04_10,2017-06,0.295,0.754,3.042,-3.499,0.0,-0.473,-0.645,0.0,,25.486,difference_arbres_moins_sans
c_04_10,2017-07,0.293,0.046,3.624,-3.379,0.0,-0.25,-0.501,0.0,,27.385,difference_arbres_moins_sans
c_04_10,2017-08,0.268,-0.98,4.164,-2.917,0.0,-0.349,-0.543,0.0,,16.601,difference_arbres_moins_sans
c_04_10,2017-09,0.291,-0.27,3.91,-3.349,0.0,-0.135,-0.384,0.0,,1.824,difference_arbres_moins_sans
c_04_10,2017-10,0.25,-0.142,3.251,-2.859,0.0,0.382,-0.413,0.0,,1.483,difference_arbres_moins_sans
c_04_10,2017-11,0.146,-1.193,2.686,-1.346,0.0,0.722,-0.508,0.0,,4.697,difference_arbres_moins_sans
c_04_10,2017-12,0.101,-1.37,2.205,-0.734,0.0,0.289,-0.797,0.0,,7.319,difference_arbres_moins_sans
c_04_10,2018-01,0.094,-1.534,2.321,-0.692,0.0,0.32,-0.838,0.0,,9.723,difference_arbres_moins_sans
c_04_11,2017-01,12.311,-14.582,20.683,6.209,0.0,1.358,-3.117,0.0,,157.765,difference_arbres_moins_sans
c_04_11,2017-02,13.877,-9.907,18.179,5.606,0.0,0.854,-3.875,0.0,,177.951,difference_arbres_moins_sans
c_04_11,2017-03,15.866,-6.763,17.744,4.885,0.0,1.36,-3.815,0.0,,197.625,difference_arbres_moins_sans
c_04_11,2017-04,16.987,1.127,10.988,4.873,0.0,1.013,-3.891,0.0,,212.143,difference_arbres_moins_sans
c_04_11,2017-05,16.719,4.66,8.621,3.438,0.0,1.439,-3.031,0.0,,222.268,difference_arbres_moins_sans
c_04_11,2017-06,16.637,3.158,9.53,3.948,0.0,1.447,-2.787,0.0,,233.291,difference_arbres_moins_sans
c_04_11,2017-07,15.188,-4.644,16.235,3.596,0.0,2.145,-2.282,0.0,,247.775,difference_arbres_moins_sans
c_04_11,2017-08,13.583,-6.78,16.718,3.644,0.0,2.039,-2.376,0.0,,235.532,difference_arbres_moins_sans
c_04_11,2017-09,15.236,-7.804,19.444,3.596,0.0,2.464,-1.921,0.0,,178.785,difference_arbres_moins_sans
c_04_11,2017-10,15.604,-9.746,20.852,4.498,0.0,2.419,-1.981,0.0,,173.334,difference_arbres_moins_sans
c_04_11,2017-11,12.76,-12.011,19.208,5.563,0.0,2.392,-2.416,0.0,,192.56,difference_arbres_moins_sans
c_04_11,2017-12,11.853,-10.066,15.698,6.221,0.0,1.117,-3.331,0.0,,211.48,difference_arbres_moins_sans
c_04_11,2018-01,12.496,-9.008,14.904,6.601,0.0,1.043,-3.473,0.0,,227.822,difference_arbres_moins_sans
c_05_00,2017-01,0.038,0.105,-0.089,0.022,0.0,0.056,-0.005,0.0,,-0.311,difference_arbres_moins_sans
c_05_00,2017-02,0.042,0.1,-0.089,0.031,0.0,0.051,-0.004,0.0,,-0.401,difference_arbres_moins_sans
c_05_00,2017-03,0.049,0.144,-0.118,0.022,0.0,0.031,-0.004,0.0,,-0.512,difference_arbres_moins_sans
c_05_00,2017-04,0.053,0.149,-0.124,0.028,0.0,0.049,-0.005,0.0,,-0.645,difference_arbres_moins_sans
c_05_00,2017-05,0.051,0.171,-0.144,0.024,0.0,0.011,-0.004,0.0,,-0.779,difference_arbres_moins_sans
c_05_00,2017-06,0.049,0.149,-0.119,0.019,0.0,0.002,-0.004,0.0,,-0.934,difference_arbres_moins_sans
c_05_00,2017-07,0.045,0.078,-0.04,0.006,0.0,-0.039,-0.005,0.0,,-0.943,difference_arbres_moins_sans
c_05_00,2017-08,0.04,-0.012,0.036,0.015,0.0,-0.016,-0.005,0.0,,0.001,difference_arbres_moins_sans
c_05_00,2017-09,0.045,0.119,-0.086,0.011,0.0,-0.056,-0.005,0.0,,-0.034,difference_arbres_moins_sans
c_05_00,2017-10,0.046,0.165,-0.139,0.019,0.0,-0.013,-0.004,0.0,,-0.105,difference_arbres_moins_sans
c_05_00,2017-11,0.039,0.131,-0.116,0.023,0.0,0.05,-0.003,0.0,,-0.244,difference_arbres_moins_sans
c_05_00,2017-12,0.037,0.097,-0.084,0.024,0.0,0.063,-0.005,0.0,,-0.349,difference_arbres_moins_sans
c_05_00,2018-01,0.039,0.093,-0.082,0.027,0.0,0.066,-0.005,0.0,,-0.438,difference_arbres_moins_sans
c_05_01,2017-01,14.044,-19.712,28.429,5.326,0.0,1.208,-1.229,0.0,,227.259,difference_arbres_moins_sans
c_05_01,2017-02,15.855,-9.815,22.012,3.658,0.0,0.304,-1.487,0.0,,254.493,difference_arbres_moins_sans
c_05_01,2017-03,18.162,-1.065,17.494,1.733,0.0,0.308,-1.495,0.0,,273.811,difference_arbres_moins_sans
c_05_01,2017-04,19.448,1.847,16.373,1.227,0.0,0.028,-1.438,0.0,,292.301,difference_arbres_moins_sans
c_05_01,2017-05,19.212,7.977,12.477,-1.243,0.0,-0.184,-0.974,0.0,,307.184,difference_arbres_moins_sans
c_05_01,2017-06,19.16,7.058,12.841,-0.739,0.0,-0.177,-0.768,0.0,,326.984,difference_arbres_moins_sans
c_05_01,2017-07,17.519,-0.969,19.359,-0.872,0.0,0.394,-0.513,0.0,,343.26,difference_arbres_moins_sans
c_05_01,2017-08,15.673,-5.106,20.965,-0.186,0.0,0.426,-0.481,0.0,,325.796,difference_arbres_moins_sans
c_05_01,2017-09,17.57,-7.186,25.64,-0.883,0.0,0.23,-0.398,0.0,,257.835,difference_arbres_moins_sans
c_05_01,2017-10,17.938,-10.636,27.833,0.741,0.0,0.836,-0.546,0.0,,252.308,difference_arbres_moins_sans
c_05_01,2017-11,14.573,-14.776,25.349,4.002,0.0,1.564,-0.891,0.0,,274.352,difference_arbres_moins_sans
c_05_01,2017-12,13.5,-12.385,20.382,5.503,0.0,0.816,-1.299,0.0,,299.142,difference_arbres_moins_sans
c_05_01,2018-01,14.207,-10.251,18.523,5.935,0.0,0.608,-1.353,0.0,,320.055,difference_arbres_moins_sans
c_05_02,2017-01,19.801,-26.002,37.914,7.888,0.0,2.053,-3.58,0.0,,318.947,difference_arbres_moins_sans
c_05_02,2017-02,22.416,-9.998,26.566,5.848,0.0,1.04,-4.401,0.0,,353.025,difference_arbres_moins_sans
c_05_02,2017-03,25.694,-4.133,26.423,3.405,0.0,1.734,-4.415,0.0,,380.039,difference_arbres_moins_sans
c_05_02,2017-04,27.513,0.084,24.525,2.904,0.0,1.28,-4.454,0.0,,407.93,difference_arbres_moins_sans
c_05_02,2017-05,27.173,10.127,17.433,-0.387,0.0,1.905,-3.536,0.0,,429.526,difference_arbres_moins_sans
c_05_02,2017-06,25.562,18.772,8.083,-1.293,0.0,1.868,-3.216,0.0,,451.108,difference_arbres_moins_sans
c_05_02,2017-07,23.378,10.189,14.71,-1.521,0.0,2.815,-2.719,0.0,,470.022,difference_arbres_moins_sans
c_05_02,2017-08,20.917,1.876,19.589,-0.548,0.0,2.798,-2.847,0.0,,444.366,difference_arbres_moins_sans
c_05_02,2017-09,23.446,-0.215,25.193,-1.531,0.0,3.221,-2.323,0.0,,364.657,difference_arbres_moins_sans
c_05_02,2017-10,23.925,-4.269,27.458,0.735,0.0,2.942,-2.312,0.0,,357.996,difference_arbres_moins_sans
c_05_02,2017-11,20.623,-17.46,31.846,6.237,0.0,3.366,-2.83,0.0,,390.197,difference_arbres_moins_sans
c_05_02,2017-12,19.12,-14.04,25.008,8.152,0.0,1.573,-3.78,0.0,,421.079,difference_arbres_moins_sans
c_05_02,2018-01,20.176,-8.124,19.516,8.784,0.0,1.159,-3.941,0.0,,445.553,difference_arbres_moins_sans
c_05_03,2017-01,21.768,-22.259,35.544,8.484,0.0,0.579,1.579,0.0,,372.663,difference_arbres_moins_sans
c_05_03,2017-02,24.649,-10.694,28.803,6.541,0.0,0.031,2.018,0.0,,406.18,difference_arbres_moins_sans
c_05_03,2017-03,28.246,-4.263,28.337,4.173,0.0,-0.044,2.05,0.0,,435.9,difference_arbres_moins_sans
c_05_03,2017-04,30.246,3.923,22.621,3.7,0.0,-0.223,2.043,0.0,,463.825,difference_arbres_moins_sans
c_05_03,2017-05,29.847,16.562,12.829,0.456,0.0,-0.327,1.351,0.0,,481.767,difference_arbres_moins_sans
c_05_03,2017-06,31.327,22.957,6.149,2.222,0.0,-0.447,1.238,0.0,,493.081,difference_arbres_moins_sans
c_05_03,2017-07,28.613,14.215,12.47,1.928,0.0,-0.133,0.883,0.0,,502.303,difference_arbres_moins_sans
c_05_03,2017-08,25.592,0.992,22.044,2.556,0.0,0.132,0.902,0.0,,488.127,difference_arbres_moins_sans
c_05_03,2017-09,28.701,-2.395,29.186,1.912,0.0,-0.21,0.668,0.0,,431.363,difference_arbres_moins_sans
c_05_03,2017-10,29.366,-5.499,30.912,3.953,0.0,0.346,0.765,0.0,,428.841,difference_arbres_moins_sans
c_05_03,2017-11,22.683,-9.393,25.184,6.891,0.0,0.514,1.131,0.0,,463.04,difference_arbres_moins_sans
c_05_03,2017-12,21.048,-4.592,16.82,8.82,0.0,0.073,1.728,0.0,,485.758,difference_arbres_moins_sans
c_05_03,2018-01,22.229,1.045,11.794,9.391,0.0,-0.105,1.866,0.0,,500.947,difference_arbres_moins_sans
c_05_04,2017-01,28.596,-25.185,41.644,12.136,0.0,0.421,1.362,0.0,,390.977,difference_arbres_moins_sans
c_05_04,2017-02,32.267,-13.09,34.64,10.717,0.0,-0.086,1.688,0.0,,430.745,difference_arbres_moins_sans
c_05_04,2017-03,36.894,-7.332,35.208,9.018,0.0,-0.184,1.694,0.0,,467.055,difference_arbres_moins_sans
c_05_04,2017-04,39.499,0.919,29.745,8.836,0.0,-0.459,1.705,0.0,,502.693,difference_arbres_moins_sans
c_05_04,2017-05,38.856,15.058,17.98,5.819,0.0,-0.39,1.153,0.0,,526.986,difference_arbres_moins_sans
c_05_04,2017-06,39.956,22.474,10.707,6.775,0.0,-0.353,1.062,0.0,,551.516,difference_arbres_moins_sans
c_05_04,2017-07,36.465,13.739,16.474,6.253,0.0,0.254,0.726,0.0,,565.536,difference_arbres_moins_sans
c_05_04,2017-08,32.606,-0.398,26.482,6.523,0.0,0.521,0.713,0.0,,542.117,difference_arbres_moins_sans
c_05_04,2017-09,36.581,-4.113,34.479,6.215,0.0,0.19,0.58,0.0,,466.351,difference_arbres_moins_sans
c_05_04,2017-10,37.491,-8.216,37.469,8.238,0.0,0.355,0.721,0.0,,460.454,difference_arbres_moins_sans
c_05_04,2017-11,29.681,-12.562,31.453,10.79,0.0,0.387,1.0,0.0,,495.498,difference_arbres_moins_sans
c_05_04,2017-12,27.592,-7.027,22.282,12.338,0.0,-0.117,1.48,0.0,,524.648,difference_arbres_moins_sans
c_05_04,2018-01,29.129,-0.598,16.721,13.006,0.0,-0.391,1.597,0.0,,545.421,difference_arbres_moins_sans
c_05_05,2017-01,9.808,-15.912,22.839,2.881,0.0,1.271,-1.84,0.0,,197.883,difference_arbres_moins_sans
c_05_05,2017-02,11.136,-9.735,19.721,1.15,0.0,0.195,-2.285,0.0,,219.996,difference_arbres_moins_sans
c_05_05,2017-03,12.798,-1.402,15.1,-0.901,0.0,0.134,-2.235,0.0,,238.165,difference_arbres_moins_sans
c_05_05,2017-04,13.707,2.184,13.017,-1.494,0.0,-0.202,-2.285,0.0,,253.192,difference_arbres_moins_sans
c_05_05,2017-05,13.6,7.642,9.764,-3.805,0.0,-1.2,-1.682,0.0,,264.956,difference_arbres_moins_sans
c_05_05,2017-06,14.027,7.941,9.085,-2.998,0.0,-1.365,-1.404,0.0,,280.01,difference_arbres_moins_sans
c_05_05,2017-07,12.839,1.807,13.923,-2.891,0.0,-0.841,-1.095,0.0,,290.319,difference_arbres_moins_sans
c_05_05,2017-08,11.491,-2.789,16.384,-2.105,0.0,-0.747,-1.141,0.0,,280.032,difference_arbres_moins_sans
c_05_05,2017-09,12.875,-4.786,20.579,-2.917,0.0,-1.145,-0.884,0.0,,231.822,difference_arbres_moins_sans
c_05_05,2017-10,13.116,-7.386,21.992,-1.491,0.0,-0.011,-0.977,0.0,,227.329,difference_arbres_moins_sans
c_05_05,2017-11,10.243,-10.949,19.602,1.591,0.0,1.201,-1.337,0.0,,245.376,difference_arbres_moins_sans
c_05_05,2017-12,9.467,-9.029,15.365,3.131,0.0,0.717,-1.953,0.0,,264.314,difference_arbres_moins_sans
c_05_05,2018-01,9.975,-6.292,12.808,3.459,0.0,0.619,-2.042,0.0,,279.721,difference_arbres_moins_sans
c_05_06,2017-01,10.665,-13.745,19.111,5.299,0.0,1.521,-3.313,0.0,,96.036,difference_arbres_moins_sans
c_05_06,2017-02,12.039,-9.965,17.241,4.763,0.0,0.718,-3.984,0.0,,114.917,difference_arbres_moins_sans
c_05_06,2017-03,13.772,-10.308,20.053,4.025,0.0,1.487,-3.962,0.0,,134.262,difference_arbres_moins_sans
c_05_06,2017-04,14.745,-9.966,20.698,4.012,0.0,1.139,-4.042,0.0,,156.774,difference_arbres_moins_sans
c_05_06,2017-05,14.518,6.162,5.531,2.825,0.0,2.559,-3.122,0.0,,169.997,difference_arbres_moins_sans
c_05_06,2017-06,14.43,3.309,8.017,3.106,0.0,2.652,-2.858,0.0,,179.682,difference_arbres_moins_sans
c_05_06,2017-07,13.175,-8.081,18.597,2.659,0.0,3.604,-2.534,0.0,,195.318,difference_arbres_moins_sans
c_05_06,2017-08,11.782,-8.713,17.713,2.783,0.0,3.315,-2.632,0.0,,161.298,difference_arbres_moins_sans
c_05_06,2017-09,13.217,-8.738,19.197,2.757,0.0,4.382,-2.247,0.0,,79.894,difference_arbres_moins_sans
c_05_06,2017-10,13.534,-9.932,19.893,3.575,0.0,3.803,-2.145,0.0,,77.526,difference_arbres_moins_sans
c_05_06,2017-11,11.073,-12.383,18.713,4.743,0.0,3.122,-2.589,0.0,,94.74,difference_arbres_moins_sans
c_05_06,2017-12,10.286,-10.879,15.843,5.322,0.0,1.358,-3.494,0.0,,113.49,difference_arbres_moins_sans
c_05_06,2018-01,10.854,-10.461,15.708,5.608,0.0,1.042,-3.662,0.0,,130.319,difference_arbres_moins_sans
c_05_07,2017-01,26.182,-26.676,41.993,10.866,0.0,2.432,-3.97,0.0,,392.011,difference_arbres_moins_sans
c_05_07,2017-02,29.528,-13.175,33.822,8.88,0.0,1.098,-4.791,0.0,,432.02,difference_arbres_moins_sans
c_05_07,2017-03,33.773,-4.655,31.918,6.51,0.0,1.738,-4.804,0.0,,465.562,difference_arbres_moins_sans
c_05_07,2017-04,36.16,2.426,27.584,6.151,0.0,1.138,-4.87,0.0,,498.14,difference_arbres_moins_sans
c_05_07,2017-05,35.619,15.982,17.017,2.62,0.0,2.044,-3.881,0.0,,521.038,difference_arbres_moins_sans
c_05_07,2017-06,31.873,27.383,3.379,1.111,0.0,1.837,-3.617,0.0,,527.968,difference_arbres_moins_sans
c_05_07,2017-07,29.131,18.653,9.736,0.741,0.0,2.751,-3.2,0.0,,544.789,difference_arbres_moins_sans
c_05_07,2017-08,26.059,6.092,18.374,1.592,0.0,3.166,-3.318,0.0,,522.312,difference_arbres_moins_sans
c_05_07,2017-09,29.218,3.904,24.561,0.753,0.0,3.433,-2.856,0.0,,444.271,difference_arbres_moins_sans
c_05_07,2017-10,29.854,0.245,26.459,3.15,0.0,3.055,-2.733,0.0,,437.414,difference_arbres_moins_sans
c_05_07,2017-11,27.148,-14.095,32.064,9.178,0.0,3.656,-3.167,0.0,,484.846,difference_arbres_moins_sans
c_05_07,2017-12,25.205,-9.59,23.672,11.122,0.0,1.609,-4.173,0.0,,515.127,difference_arbres_moins_sans
c_05_07,2018-01,26.565,-2.8,17.571,11.796,0.0,1.049,-4.364,0.0,,537.399,difference_arbres_moins_sans
c_05_08,2017-01,30.611,-27.934,46.175,12.37,0.0,3.299,-4.153,0.0,,437.414,difference_arbres_moins_sans
c_05_08,2017-02,34.545,-14.554,38.874,10.225,0.0,1.472,-5.015,0.0,,481.796,difference_arbres_moins_sans
c_05_08,2017-03,39.515,-7.228,39.151,7.592,0.0,2.221,-5.032,0.0,,522.269,difference_arbres_moins_sans
c_05_08,2017-04,42.307,1.459,33.687,7.161,0.0,1.416,-5.105,0.0,,562.132,difference_arbres_moins_sans
c_05_08,2017-05,41.663,18.245,20.185,3.232,0.0,1.713,-4.057,0.0,,589.828,difference_arbres_moins_sans
c_05_08,2017-06,39.323,34.771,2.63,1.922,0.0,1.046,-3.799,0.0,,618.885,difference_arbres_moins_sans
c_05_08,2017-07,35.925,25.014,9.319,1.591,0.0,2.3,-3.354,0.0,,635.193,difference_arbres_moins_sans
c_05_08,2017-08,32.133,8.697,20.932,2.503,0.0,3.182,-3.486,0.0,,611.264,difference_arbres_moins_sans
c_05_08,2017-09,36.035,6.992,27.453,1.589,0.0,2.759,-2.984,0.0,,531.998,difference_arbres_moins_sans
c_05_08,2017-10,36.849,3.534,29.027,4.289,0.0,2.674,-2.855,0.0,,525.63,difference_arbres_moins_sans
c_05_08,2017-11,31.769,-11.878,33.134,10.513,0.0,4.253,-3.299,0.0,,560.137,difference_arbres_moins_sans
c_05_08,2017-12,29.506,-7.186,24.036,12.656,0.0,2.075,-4.363,0.0,,591.225,difference_arbres_moins_sans
c_05_08,2018-01,31.124,-0.378,18.113,13.388,0.0,1.401,-4.56,0.0,,613.675,difference_arbres_moins_sans
c_05_09,2017-01,8.202,-16.094,21.136,3.16,0.0,1.587,-3.144,0.0,,133.932,difference_arbres_moins_sans
c_05_09,2017-02,9.349,-11.227,18.814,1.763,0.0,0.95,-3.888,0.0,,154.693,difference_arbres_moins_sans
c_05_09,2017-03,10.761,-10.339,20.973,0.126,0.0,1.671,-3.866,0.0,,175.673,difference_arbres_moins_sans
c_05_09,2017-04,11.525,2.152,9.635,-0.262,0.0,1.185,-3.906,0.0,,191.928,difference_arbres_moins_sans
c_05_09,2017-05,11.446,5.94,7.687,-2.181,0.0,1.914,-3.065,0.0,,200.917,difference_arbres_moins_sans
c_05_09,2017-06,11.925,3.659,9.453,-1.186,0.0,1.944,-2.794,0.0,,207.066,difference_arbres_moins_sans
c_05_09,2017-07,10.913,-6.107,18.289,-1.269,0.0,2.81,-2.341,0.0,,221.417,difference_arbres_moins_sans
c_05_09,2017-08,9.766,-7.131,17.589,-0.692,0.0,2.483,-2.424,0.0,,200.952,difference_arbres_moins_sans
c_05_09,2017-09,10.944,-7.708,19.883,-1.231,0.0,3.273,-1.981,0.0,,132.665,difference_arbres_moins_sans
c_05_09,2017-10,11.154,-9.992,21.181,-0.034,0.0,3.128,-2.002,0.0,,128.194,difference_arbres_moins_sans
c_05_09,2017-11,8.608,-13.794,20.289,2.113,0.0,2.9,-2.472,0.0,,152.204,difference_arbres_moins_sans
c_05_09,2017-12,7.956,-12.302,16.957,3.301,0.0,1.376,-3.33,0.0,,172.403,difference_arbres_moins_sans
c_05_09,2018-01,8.404,-11.699,16.475,3.629,0.0,1.212,-3.468,0.0,,190.251,difference_arbres_moins_sans
c_05_10,2017-01,0.161,-7.966,10.722,-2.595,0.0,0.534,-1.008,0.0,,63.331,difference_arbres_moins_sans
c_05_10,2017-02,0.276,-4.804,9.591,-4.511,0.0,-0.087,-1.216,0.0,,73.846,difference_arbres_moins_sans
c_05_10,2017-03,0.409,-4.068,11.304,-6.827,0.0,0.108,-1.131,0.0,,84.73,difference_arbres_moins_sans
c_05_10,2017-04,0.444,-3.556,11.626,-7.626,0.0,-0.109,-1.214,0.0,,97.313,difference_arbres_moins_sans
c_05_10,2017-05,0.602,0.194,9.879,-9.472,0.0,-0.471,-1.116,0.0,,108.367,difference_arbres_moins_sans
c_05_10,2017-06,0.586,3.148,6.524,-9.085,0.0,-0.702,-1.078,0.0,,117.092,difference_arbres_moins_sans
c_05_10,2017-07,0.59,-1.295,10.508,-8.622,0.0,-0.354,-0.896,0.0,,122.308,difference_arbres_moins_sans
c_05_10,2017-08,0.541,-2.256,10.284,-7.486,0.0,-0.51,-0.968,0.0,,108.646,difference_arbres_moins_sans
c_05_10,2017-09,0.584,-2.06,11.208,-8.563,0.0,-0.514,-0.821,0.0,,66.167,difference_arbres_moins_sans
c_05_10,2017-10,0.484,-3.612,11.558,-7.461,0.0,0.275,-0.82,0.0,,62.464,difference_arbres_moins_sans
c_05_10,2017-11,0.253,-6.493,10.599,-3.851,0.0,0.807,-0.861,0.0,,74.615,difference_arbres_moins_sans
c_05_10,2017-12,0.154,-6.352,8.828,-2.322,0.0,0.314,-1.081,0.0,,85.106,difference_arbres_moins_sans
c_05_10,2018-01,0.133,-6.554,8.943,-2.256,0.0,0.295,-1.094,0.0,,94.583,difference_arbres_moins_sans
c_05_11,2017-01,12.194,-15.922,21.97,6.147,0.0,1.274,-3.328,0.0,,162.894,difference_arbres_moins_sans
c_05_11,2017-02,13.759,-11.024,19.38,5.403,0.0,0.767,-4.114,0.0,,184.378,difference_arbres_moins_sans
c_05_11,2017-03,15.741,-5.312,16.475,4.578,0.0,1.417,-4.095,0.0,,204.09,difference_arbres_moins_sans
c_05_11,2017-04,16.853,1.121,11.207,4.525,0.0,1.008,-4.133,0.0,,217.866,difference_arbres_moins_sans
c_05_11,2017-05,16.601,4.866,8.72,3.014,0.0,2.013,-3.248,0.0,,228.179,difference_arbres_moins_sans
c_05_11,2017-06,16.717,3.059,9.943,3.715,0.0,2.008,-2.961,0.0,,236.284,difference_arbres_moins_sans
c_05_11,2017-07,15.264,-5.308,17.242,3.332,0.0,2.899,-2.492,0.0,,251.472,difference_arbres_moins_sans
c_05_11,2017-08,13.651,-7.29,17.476,3.465,0.0,2.715,-2.569,0.0,,237.451,difference_arbres_moins_sans
c_05_11,2017-09,15.312,-8.252,20.215,3.349,0.0,3.422,-2.12,0.0,,177.008,difference_arbres_moins_sans
c_05_11,2017-10,15.676,-10.324,21.668,4.332,0.0,3.091,-2.16,0.0,,171.915,difference_arbres_moins_sans
c_05_11,2017-11,12.653,-13.231,20.417,5.467,0.0,2.532,-2.628,0.0,,195.274,difference_arbres_moins_sans
c_05_11,2017-12,11.749,-11.195,16.784,6.16,0.0,1.028,-3.526,0.0,,215.451,difference_arbres_moins_sans
c_05_11,2018-01,12.389,-10.132,15.966,6.555,0.0,0.845,-3.676,0.0,,232.933,difference_arbres_moins_sans
c_06_00,2017-01,0.038,0.106,-0.089,0.022,0.0,0.058,-0.001,0.0,,-0.312,difference_arbres_moins_sans
c_06_00,2017-02,0.043,0.101,-0.088,0.03,0.0,0.052,-0.001,0.0,,-0.402,difference_arbres_moins_sans
c_06_00,2017-03,0.049,0.146,-0.12,0.022,0.0,0.033,-0.001,0.0,,-0.514,difference_arbres_moins_sans
c_06_00,2017-04,0.053,0.15,-0.126,0.028,0.0,0.051,-0.002,0.0,,-0.649,difference_arbres_moins_sans
c_06_00,2017-05,0.051,0.172,-0.143,0.023,0.0,0.009,-0.001,0.0,,-0.783,difference_arbres_moins_sans
c_06_00,2017-06,0.049,0.15,-0.118,0.017,0.0,-0.001,-0.001,0.0,,-0.938,difference_arbres_moins_sans
c_06_00,2017-07,0.044,0.077,-0.04,0.008,0.0,-0.042,-0.002,0.0,,-0.946,difference_arbres_moins_sans
c_06_00,2017-08,0.04,-0.016,0.04,0.016,0.0,-0.019,-0.002,0.0,,0.001,difference_arbres_moins_sans
c_06_00,2017-09,0.045,0.12,-0.088,0.012,0.0,-0.06,-0.002,0.0,,-0.033,difference_arbres_moins_sans
c_06_00,2017-10,0.046,0.166,-0.141,0.021,0.0,-0.013,-0.001,0.0,,-0.107,difference_arbres_moins_sans
c_06_00,2017-11,0.04,0.134,-0.116,0.022,0.0,0.053,-0.001,0.0,,-0.249,difference_arbres_moins_sans
c_06_00,2017-12,0.036,0.097,-0.085,0.024,0.0,0.066,-0.001,0.0,,-0.355,difference_arbres_moins_sans
c_06_00,2018-01,0.039,0.093,-0.082,0.027,0.0,0.067,-0.001,0.0,,-0.444,difference_arbres_moins_sans
c_06_01,2017-01,14.333,-18.732,27.043,6.023,0.0,0.889,-1.311,0.0,,207.49,difference_arbres_moins_sans
c_06_01,2017-02,16.134,-10.188,21.533,4.789,0.0,0.159,-1.593,0.0,,233.654,difference_arbres_moins_sans
c_06_01,2017-03,18.448,-0.274,15.354,3.368,0.0,0.147,-1.599,0.0,,251.639,difference_arbres_moins_sans
c_06_01,2017-04,19.752,2.307,14.391,3.055,0.0,-0.11,-1.552,0.0,,267.859,difference_arbres_moins_sans
c_06_01,2017-05,19.465,7.348,11.185,0.933,0.0,-0.145,-1.068,0.0,,281.059,difference_arbres_moins_sans
c_06_01,2017-06,18.939,5.253,12.432,1.255,0.0,-0.081,-0.911,0.0,,293.397,difference_arbres_moins_sans
c_06_01,2017-07,17.305,-3.761,20.035,1.032,0.0,0.494,-0.638,0.0,,310.78,difference_arbres_moins_sans
c_06_01,2017-08,15.479,-6.689,20.722,1.446,0.0,0.482,-0.616,0.0,,292.733,difference_arbres_moins_sans
c_06_01,2017-09,17.358,-8.219,24.558,1.019,0.0,0.324,-0.503,0.0,,222.8,difference_arbres_moins_sans
c_06_01,2017-10,17.745,-11.171,26.54,2.377,0.0,0.77,-0.647,0.0,,217.384,difference_arbres_moins_sans
c_06_01,2017-11,14.823,-14.806,24.678,4.95,0.0,1.227,-0.965,0.0,,244.857,difference_arbres_moins_sans
c_06_01,2017-12,13.75,-12.449,20.086,6.113,0.0,0.566,-1.393,0.0,,269.115,difference_arbres_moins_sans
c_06_01,2018-01,14.461,-11.021,18.947,6.535,0.0,0.394,-1.462,0.0,,289.961,difference_arbres_moins_sans
c_06_02,2017-01,19.05,-25.213,37.606,6.658,0.0,2.367,-3.469,0.0,,331.388,difference_arbres_moins_sans
c_06_02,2017-02,21.545,-10.243,27.662,4.126,0.0,1.357,-4.298,0.0,,365.922,difference_arbres_moins_sans
c_06_02,2017-03,24.7,-3.494,27.07,1.124,0.0,1.875,-4.255,0.0,,393.762,difference_arbres_moins_sans
c_06_02,2017-04,26.45,1.491,24.588,0.372,0.0,1.514,-4.327,0.0,,422.047,difference_arbres_moins_sans
c_06_02,2017-05,26.154,12.427,17.034,-3.307,0.0,1.56,-3.445,0.0,,443.439,difference_arbres_moins_sans
c_06_02,2017-06,24.523,20.577,7.839,-3.893,0.0,1.453,-3.188,0.0,,468.294,difference_arbres_moins_sans
c_06_02,2017-07,22.442,12.479,13.904,-3.942,0.0,2.083,-2.65,0.0,,483.977,difference_arbres_moins_sans
c_06_02,2017-08,20.082,2.722,20.065,-2.705,0.0,2.228,-2.751,0.0,,461.4,difference_arbres_moins_sans
c_06_02,2017-09,22.504,0.055,26.406,-3.956,0.0,2.484,-2.261,0.0,,385.541,difference_arbres_moins_sans
c_06_02,2017-10,22.935,-4.173,28.578,-1.47,0.0,2.619,-2.305,0.0,,379.048,difference_arbres_moins_sans
c_06_02,2017-11,19.809,-15.686,30.802,4.691,0.0,3.479,-2.727,0.0,,408.129,difference_arbres_moins_sans
c_06_02,2017-12,18.343,-12.277,23.624,6.996,0.0,1.834,-3.692,0.0,,437.665,difference_arbres_moins_sans
c_06_02,2018-01,19.317,-6.662,18.399,7.581,0.0,1.531,-3.837,0.0,,460.63,difference_arbres_moins_sans
c_06_03,2017-01,15.596,-21.079,30.533,6.142,0.0,1.354,-1.937,0.0,,256.985,difference_arbres_moins_sans
c_06_03,2017-02,17.655,-11.64,24.899,4.397,0.0,0.366,-2.394,0.0,,286.467,difference_arbres_moins_sans
c_06_03,2017-03,20.242,-2.901,20.838,2.305,0.0,0.447,-2.366,0.0,,309.379,difference_arbres_moins_sans
c_06_03,2017-04,21.675,0.617,19.268,1.791,0.0,0.108,-2.392,0.0,,331.306,difference_arbres_moins_sans
c_06_03,2017-05,21.421,8.225,14.138,-0.942,0.0,-0.202,-1.84,0.0,,348.496,difference_arbres_moins_sans
c_06_03,2017-06,21.04,13.039,8.563,-0.562,0.0,-0.307,-1.647,0.0,,371.302,difference_arbres_moins_sans
c_06_03,2017-07,19.239,5.498,14.417,-0.676,0.0,0.253,-1.324,0.0,,386.341,difference_arbres_moins_sans
c_06_03,2017-08,17.213,-1.105,18.293,0.024,0.0,0.312,-1.387,0.0,,368.828,difference_arbres_moins_sans
c_06_03,2017-09,19.295,-3.352,23.374,-0.727,0.0,0.062,-1.106,0.0,,302.34,difference_arbres_moins_sans
c_06_03,2017-10,19.696,-6.65,25.288,1.057,0.0,0.777,-1.169,0.0,,296.264,difference_arbres_moins_sans
c_06_03,2017-11,16.24,-14.632,26.145,4.727,0.0,1.747,-1.481,0.0,,318.433,difference_arbres_moins_sans
c_06_03,2017-12,15.049,-11.876,20.549,6.375,0.0,0.884,-2.05,0.0,,343.762,difference_arbres_moins_sans
c_06_03,2018-01,15.869,-8.17,17.171,6.868,0.0,0.687,-2.131,0.0,,364.321,difference_arbres_moins_sans
c_06_04,2017-01,19.197,-21.222,33.215,7.204,0.0,0.544,1.601,0.0,,351.95,difference_arbres_moins_sans
c_06_04,2017-02,21.806,-10.21,26.841,5.176,0.0,0.061,2.055,0.0,,383.235,difference_arbres_moins_sans
c_06_04,2017-03,25.027,-4.034,26.358,2.703,0.0,-0.013,2.083,0.0,,410.895,difference_arbres_moins_sans
c_06_04,2017-04,26.8,3.602,21.043,2.154,0.0,-0.169,2.087,0.0,,436.863,difference_arbres_moins_sans
c_06_04,2017-05,26.491,15.427,12.094,-1.029,0.0,-0.256,1.39,0.0,,453.624,difference_arbres_moins_sans
c_06_04,2017-06,28.259,21.467,5.684,1.108,0.0,-0.402,1.278,0.0,,459.641,difference_arbres_moins_sans
c_06_04,2017-07,25.818,13.185,11.757,0.877,0.0,-0.142,0.927,0.0,,467.434,difference_arbres_moins_sans
c_06_04,2017-08,23.093,0.788,20.741,1.563,0.0,0.113,0.958,0.0,,455.297,difference_arbres_moins_sans
c_06_04,2017-09,25.897,-2.533,27.581,0.849,0.0,-0.237,0.701,0.0,,404.602,difference_arbres_moins_sans
c_06_04,2017-10,26.481,-5.509,29.189,2.801,0.0,0.321,0.789,0.0,,402.959,difference_arbres_moins_sans
c_06_04,2017-11,20.078,-8.888,23.352,5.615,0.0,0.471,1.145,0.0,,440.873,difference_arbres_moins_sans
c_06_04,2017-12,18.617,-4.421,15.457,7.582,0.0,0.074,1.751,0.0,,461.859,difference_arbres_moins_sans
c_06_04,2018-01,19.688,0.884,10.683,8.122,0.0,-0.083,1.889,0.0,,475.723,difference_arbres_moins_sans
c_06_05,2017-01,4.68,-21.893,28.216,-1.642,0.0,2.126,-3.601,0.0,,192.277,difference_arbres_moins_sans
c_06_05,2017-02,5.459,-14.378,25.135,-5.298,0.0,1.429,-4.466,0.0,,219.99,difference_arbres_moins_sans
c_06_05,2017-03,6.413,-0.261,16.214,-9.54,0.0,1.989,-4.419,0.0,,241.459,difference_arbres_moins_sans
c_06_05,2017-04,6.878,3.292,14.575,-10.989,0.0,1.672,-4.477,0.0,,257.849,difference_arbres_moins_sans
c_06_05,2017-05,7.069,10.449,11.499,-14.879,0.0,2.581,-3.55,0.0,,271.323,difference_arbres_moins_sans
c_06_05,2017-06,7.117,7.534,13.491,-13.907,0.0,2.7,-3.367,0.0,,285.451,difference_arbres_moins_sans
c_06_05,2017-07,6.596,-2.447,22.495,-13.452,0.0,3.523,-2.825,0.0,,299.535,difference_arbres_moins_sans
c_06_05,2017-08,5.922,-4.596,21.977,-11.459,0.0,3.18,-2.912,0.0,,276.052,difference_arbres_moins_sans
c_06_05,2017-09,6.603,-5.506,25.506,-13.397,0.0,4.082,-2.422,0.0,,201.065,difference_arbres_moins_sans
c_06_05,2017-10,6.557,-10.486,27.985,-10.941,0.0,3.945,-2.481,0.0,,197.258,difference_arbres_moins_sans
c_06_05,2017-11,5.02,-17.372,26.502,-4.109,0.0,3.724,-2.86,0.0,,224.922,difference_arbres_moins_sans
c_06_05,2017-12,4.52,-16.413,22.113,-1.18,0.0,1.9,-3.833,0.0,,251.287,difference_arbres_moins_sans
c_06_05,2018-01,4.72,-15.84,21.409,-0.849,0.0,1.652,-3.989,0.0,,274.519,difference_arbres_moins_sans
c_06_06,2017-01,27.341,-28.324,43.642,12.022,0.0,2.359,-4.055,0.0,,350.084,difference_arbres_moins_sans
c_06_06,2017-02,30.926,-16.438,36.706,10.656,0.0,0.866,-4.863,0.0,,392.488,difference_arbres_moins_sans
c_06_06,2017-03,35.393,-6.749,33.182,8.961,0.0,1.506,-4.869,0.0,,428.016,difference_arbres_moins_sans
c_06_06,2017-04,37.894,-1.76,30.75,8.904,0.0,0.9,-4.946,0.0,,462.979,difference_arbres_moins_sans
c_06_06,2017-05,37.303,10.104,21.209,5.99,0.0,2.033,-3.908,0.0,,489.8,difference_arbres_moins_sans
c_06_06,2017-06,34.287,17.814,11.382,5.09,0.0,2.132,-3.457,0.0,,486.749,difference_arbres_moins_sans
c_06_06,2017-07,31.309,8.892,17.948,4.469,0.0,3.311,-3.053,0.0,,510.579,difference_arbres_moins_sans
c_06_06,2017-08,28.0,-0.009,23.112,4.897,0.0,3.541,-3.213,0.0,,480.322,difference_arbres_moins_sans
c_06_06,2017-09,31.406,-1.298,28.199,4.506,0.0,3.772,-2.751,0.0,,386.317,difference_arbres_moins_sans
c_06_06,2017-10,32.151,-5.602,31.295,6.458,0.0,3.22,-2.605,0.0,,376.906,difference_arbres_moins_sans
c_06_06,2017-11,28.464,-18.742,36.51,10.696,0.0,3.546,-3.198,0.0,,441.753,difference_arbres_moins_sans
c_06_06,2017-12,26.46,-14.794,29.088,12.167,0.0,1.531,-4.245,0.0,,477.471,difference_arbres_moins_sans
c_06_06,2018-01,27.977,-6.204,21.29,12.891,0.0,0.867,-4.434,0.0,,504.844,difference_arbres_moins_sans
c_06_07,2017-01,33.556,-28.667,48.359,13.864,0.0,3.287,-4.206,0.0,,410.997,difference_arbres_moins_sans
c_06_07,2017-02,37.792,-15.864,41.474,12.181,0.0,1.364,-5.073,0.0,,457.876,difference_arbres_moins_sans
c_06_07,2017-03,43.177,-9.653,42.694,10.135,0.0,2.178,-5.09,0.0,,501.635,difference_arbres_moins_sans
c_06_07,2017-04,46.225,-0.376,36.607,9.994,0.0,1.295,-5.169,0.0,,544.873,difference_arbres_moins_sans
c_06_07,2017-05,45.444,15.196,23.699,6.549,0.0,1.696,-4.086,0.0,,575.975,difference_arbres_moins_sans
c_06_07,2017-06,45.084,22.957,15.258,6.869,0.0,1.475,-3.82,0.0,,606.476,difference_arbres_moins_sans
c_06_07,2017-07,41.148,14.502,20.424,6.222,0.0,2.944,-3.357,0.0,,626.965,difference_arbres_moins_sans
c_06_07,2017-08,36.794,0.445,29.691,6.658,0.0,3.732,-3.515,0.0,,595.691,difference_arbres_moins_sans
c_06_07,2017-09,41.278,-1.782,36.789,6.273,0.0,3.313,-2.994,0.0,,501.88,difference_arbres_moins_sans
c_06_07,2017-10,42.298,-6.578,40.196,8.68,0.0,3.094,-2.855,0.0,,492.005,difference_arbres_moins_sans
c_06_07,2017-11,34.746,-15.47,37.953,12.262,0.0,4.31,-3.33,0.0,,531.856,difference_arbres_moins_sans
c_06_07,2017-12,32.302,-10.945,29.242,14.005,0.0,2.135,-4.424,0.0,,568.457,difference_arbres_moins_sans
c_06_07,2018-01,34.06,-3.112,22.368,14.804,0.0,1.371,-4.63,0.0,,595.973,difference_arbres_moins_sans
c_06_08,2017-01,13.282,-15.735,22.369,6.647,0.0,1.425,-3.589,0.0,,127.421,difference_arbres_moins_sans
c_06_08,2017-02,14.976,-11.303,20.104,6.175,0.0,0.632,-4.32,0.0,,149.504,difference_arbres_moins_sans
c_06_08,2017-03,17.118,-11.558,23.173,5.503,0.0,1.428,-4.309,0.0,,171.938,difference_arbres_moins_sans
c_06_08,2017-04,18.327,0.615,12.113,5.599,0.0,0.895,-4.377,0.0,,192.247,difference_arbres_moins_sans
c_06_08,2017-05,18.024,6.613,7.122,4.29,0.0,2.569,-3.394,0.0,,201.103,difference_arbres_moins_sans
c_06_08,2017-06,17.736,4.423,8.897,4.415,0.0,2.61,-3.109,0.0,,213.135,difference_arbres_moins_sans
c_06_08,2017-07,16.187,-7.675,19.954,3.908,0.0,3.656,-2.767,0.0,,231.454,difference_arbres_moins_sans
c_06_08,2017-08,14.475,-8.835,19.348,3.962,0.0,3.442,-2.877,0.0,,202.162,difference_arbres_moins_sans
c_06_08,2017-09,16.239,-8.742,21.003,3.978,0.0,4.335,-2.457,0.0,,120.05,difference_arbres_moins_sans
c_06_08,2017-10,16.638,-10.245,22.01,4.873,0.0,3.729,-2.344,0.0,,116.617,difference_arbres_moins_sans
c_06_08,2017-11,13.773,-13.929,21.621,6.08,0.0,3.025,-2.812,0.0,,136.252,difference_arbres_moins_sans
c_06_08,2017-12,12.804,-12.191,18.355,6.639,0.0,1.232,-3.787,0.0,,157.956,difference_arbres_moins_sans
c_06_08,2018-01,13.512,-11.557,18.083,6.985,0.0,0.892,-3.974,0.0,,177.399,difference_arbres_moins_sans
c_06_09,2017-01,-0.014,-0.199,0.773,-0.587,0.0,0.953,0.052,0.0,,2.014,difference_arbres_moins_sans
c_06_09,2017-02,0.013,0.451,0.679,-1.118,0.0,0.372,0.167,0.0,,2.757,difference_arbres_moins_sans
c_06_09,2017-03,0.043,1.077,0.741,-1.775,0.0,0.538,0.147,0.0,,3.487,difference_arbres_moins_sans
c_06_09,2017-04,0.048,1.247,0.796,-1.996,0.0,0.43,0.19,0.0,,4.307,difference_arbres_moins_sans
c_06_09,2017-05,0.095,1.793,0.84,-2.537,0.0,-0.016,0.144,0.0,,5.196,difference_arbres_moins_sans
c_06_09,2017-06,0.094,1.498,1.026,-2.429,0.0,-0.043,0.143,0.0,,6.079,difference_arbres_moins_sans
c_06_09,2017-07,0.102,0.909,1.551,-2.358,0.0,-0.073,0.19,0.0,,6.305,difference_arbres_moins_sans
c_06_09,2017-08,0.095,-0.146,2.272,-2.03,0.0,-0.011,0.225,0.0,,2.828,difference_arbres_moins_sans
c_06_09,2017-09,0.1,0.61,1.809,-2.319,0.0,0.081,0.108,0.0,,-1.632,difference_arbres_moins_sans
c_06_09,2017-10,0.069,1.108,0.952,-1.991,0.0,0.522,0.025,0.0,,-1.18,difference_arbres_moins_sans
c_06_09,2017-11,0.011,0.374,0.565,-0.927,0.0,1.301,0.005,0.0,,-0.408,difference_arbres_moins_sans
c_06_09,2017-12,-0.013,0.038,0.456,-0.507,0.0,0.869,0.074,0.0,,0.127,difference_arbres_moins_sans
c_06_09,2018-01,-0.022,-0.074,0.531,-0.48,0.0,0.908,0.096,0.0,,0.642,difference_arbres_moins_sans
c_06_10,2017-01,1.378,-2.166,3.47,0.074,0.0,0.073,-0.754,0.0,,17.036,difference_arbres_moins_sans
c_06_10,2017-02,1.593,-0.969,3.057,-0.495,0.0,-0.362,-0.955,0.0,,20.416,difference_arbres_moins_sans
c_06_10,2017-03,1.852,-0.526,3.568,-1.189,0.0,-0.248,-0.853,0.0,,23.854,difference_arbres_moins_sans
c_06_10,2017-04,1.985,-0.335,3.722,-1.401,0.0,-0.44,-0.944,0.0,,27.837,difference_arbres_moins_sans
c_06_10,2017-05,2.003,0.721,3.341,-2.058,0.0,-0.608,-0.809,0.0,,31.496,difference_arbres_moins_sans
c_06_10,2017-06,2.126,0.361,3.145,-1.38,0.0,-0.68,-0.729,0.0,,30.545,difference_arbres_moins_sans
c_06_10,2017-07,1.953,-0.473,3.787,-1.36,0.0,-0.348,-0.597,0.0,,33.233,difference_arbres_moins_sans
c_06_10,2017-08,1.75,-1.507,4.369,-1.111,0.0,-0.353,-0.66,0.0,,27.59,difference_arbres_moins_sans
c_06_10,2017-09,1.957,-0.733,4.025,-1.335,0.0,-0.408,-0.514,0.0,,12.226,difference_arbres_moins_sans
c_06_10,2017-10,1.98,-0.439,3.402,-0.983,0.0,-0.145,-0.51,0.0,,9.979,difference_arbres_moins_sans
c_06_10,2017-11,1.467,-1.488,3.271,-0.316,0.0,0.237,-0.605,0.0,,15.961,difference_arbres_moins_sans
c_06_10,2017-12,1.342,-1.48,2.667,0.153,0.0,-0.048,-0.817,0.0,,19.158,difference_arbres_moins_sans
c_06_10,2018-01,1.415,-1.472,2.666,0.221,0.0,-0.072,-0.82,0.0,,21.997,difference_arbres_moins_sans
c_06_11,2017-01,10.862,-13.605,18.837,5.631,0.0,1.362,-3.497,0.0,,110.241,difference_arbres_moins_sans
c_06_11,2017-02,12.253,-9.815,16.894,5.174,0.0,0.667,-4.227,0.0,,128.808,difference_arbres_moins_sans
c_06_11,2017-03,14.01,-10.022,19.508,4.525,0.0,1.476,-4.217,0.0,,147.682,difference_arbres_moins_sans
c_06_11,2017-04,15.0,-3.61,14.066,4.544,0.0,1.025,-4.283,0.0,,167.591,difference_arbres_moins_sans
c_06_11,2017-05,14.764,5.632,5.742,3.389,0.0,2.548,-3.329,0.0,,176.204,difference_arbres_moins_sans
c_06_11,2017-06,14.978,3.006,8.211,3.761,0.0,2.588,-3.116,0.0,,188.437,difference_arbres_moins_sans
c_06_11,2017-07,13.673,-7.507,17.891,3.29,0.0,3.498,-2.758,0.0,,203.788,difference_arbres_moins_sans
c_06_11,2017-08,12.227,-8.461,17.322,3.365,0.0,3.292,-2.836,0.0,,181.925,difference_arbres_moins_sans
c_06_11,2017-09,13.717,-8.489,18.84,3.366,0.0,4.191,-2.438,0.0,,109.805,difference_arbres_moins_sans
c_06_11,2017-10,14.049,-9.798,19.682,4.165,0.0,3.674,-2.35,0.0,,105.479,difference_arbres_moins_sans
c_06_11,2017-11,11.268,-12.085,18.239,5.115,0.0,2.891,-2.763,0.0,,119.674,difference_arbres_moins_sans
c_06_11,2017-12,10.47,-10.567,15.403,5.634,0.0,1.178,-3.689,0.0,,137.931,difference_arbres_moins_sans
c_06_11,2018-01,11.045,-10.098,15.205,5.938,0.0,0.896,-3.868,0.0,,154.258,difference_arbres_moins_sans
c_07_00,2017-01,0.0,0.0,0.0,0.0,0.0,0.0,0.0,0.0,,0.0,difference_arbres_moins_sans
c_07_00,2017-02,0.0,0.0,0.0,0.0,0.0,0.0,0.0,0.0,,0.0,difference_arbres_moins_sans
c_07_00,2017-03,0.0,0.0,0.0,0.0,0.0,0.0,0.0,0.0,,0.0,difference_arbres_moins_sans
c_07_00,2017-04,0.0,0.0,0.0,0.0,0.0,0.0,0.0,0.0,,0.0,difference_arbres_moins_sans
c_07_00,2017-05,0.0,0.0,0.0,0.0,0.0,0.0,0.0,0.0,,0.0,difference_arbres_moins_sans
c_07_00,2017-06,0.0,0.0,0.0,0.0,0.0,0.0,0.0,0.0,,0.0,difference_arbres_moins_sans
c_07_00,2017-07,0.0,0.0,0.0,0.0,0.0,0.0,0.0,0.0,,0.0,difference_arbres_moins_sans
c_07_00,2017-08,0.0,0.0,0.0,0.0,0.0,0.0,0.0,0.0,,0.0,difference_arbres_moins_sans
c_07_00,2017-09,0.0,0.0,0.0,0.0,0.0,0.0,0.0,0.0,,0.0,difference_arbres_moins_sans
c_07_00,2017-10,0.0,0.0,0.0,0.0,0.0,0.0,0.0,0.0,,0.0,difference_arbres_moins_sans
c_07_00,2017-11,0.0,0.0,0.0,0.0,0.0,0.0,0.0,0.0,,0.0,difference_arbres_moins_sans
c_07_00,2017-12,0.0,0.0,0.0,0.0,0.0,0.0,0.0,0.0,,0.0,difference_arbres_moins_sans
c_07_00,2018-01,0.0,0.0,0.0,0.0,0.0,0.0,0.0,0.0,,0.0,difference_arbres_moins_sans
c_07_01,2017-01,8.185,-15.641,20.801,3.025,0.0,1.073,-1.424,0.0,,135.235,difference_arbres_moins_sans
c_07_01,2017-02,9.315,-10.874,18.513,1.677,0.0,0.051,-1.776,0.0,,155.657,difference_arbres_moins_sans
c_07_01,2017-03,10.715,-8.962,19.615,0.062,0.0,0.091,-1.767,0.0,,176.242,difference_arbres_moins_sans
c_07_01,2017-04,11.477,2.487,9.335,-0.345,0.0,-0.166,-1.749,0.0,,191.106,difference_arbres_moins_sans
c_07_01,2017-05,11.391,6.123,7.492,-2.224,0.0,-0.051,-1.247,0.0,,199.826,difference_arbres_moins_sans
c_07_01,2017-06,11.821,3.93,9.459,-1.567,0.0,-0.046,-0.989,0.0,,210.477,difference_arbres_moins_sans
c_07_01,2017-07,10.819,-5.798,18.234,-1.617,0.0,0.26,-0.723,0.0,,224.723,difference_arbres_moins_sans
c_07_01,2017-08,9.682,-6.888,17.621,-1.051,0.0,0.21,-0.723,0.0,,205.769,difference_arbres_moins_sans
c_07_01,2017-09,10.849,-7.666,20.119,-1.604,0.0,0.11,-0.585,0.0,,139.136,difference_arbres_moins_sans
c_07_01,2017-10,11.056,-9.97,21.43,-0.405,0.0,0.594,-0.708,0.0,,134.731,difference_arbres_moins_sans
c_07_01,2017-11,8.575,-13.445,20.034,1.986,0.0,0.777,-1.078,0.0,,154.421,difference_arbres_moins_sans
c_07_01,2017-12,7.926,-11.879,16.639,3.166,0.0,0.28,-1.544,0.0,,174.3,difference_arbres_moins_sans
c_07_01,2018-01,8.367,-11.274,16.164,3.477,0.0,0.136,-1.601,0.0,,191.812,difference_arbres_moins_sans
c_07_02,2017-01,25.753,-27.329,43.792,9.291,0.0,2.075,-0.577,0.0,,431.149,difference_arbres_moins_sans
c_07_02,2017-02,29.154,-13.596,36.177,6.573,0.0,1.31,-1.72,0.0,,472.868,difference_arbres_moins_sans
c_07_02,2017-03,33.412,-5.648,35.725,3.335,0.0,2.273,-4.601,0.0,,510.151,difference_arbres_moins_sans
c_07_02,2017-04,35.778,3.336,29.89,2.551,0.0,1.56,-4.683,0.0,,546.01,difference_arbres_moins_sans
c_07_02,2017-05,35.324,18.86,18.1,-1.636,0.0,0.448,-3.727,0.0,,570.614,difference_arbres_moins_sans
c_07_02,2017-06,35.741,29.964,6.966,-1.189,0.0,1.875,-0.61,0.0,,598.682,difference_arbres_moins_sans
c_07_02,2017-07,32.665,20.484,13.511,-1.329,0.0,2.623,-0.606,0.0,,611.344,difference_arbres_moins_sans
c_07_02,2017-08,29.219,5.324,24.094,-0.198,0.0,2.858,-0.63,0.0,,588.48,difference_arbres_moins_sans
c_07_02,2017-09,32.762,1.991,32.129,-1.357,0.0,3.183,-0.536,0.0,,515.052,difference_arbres_moins_sans
c_07_02,2017-10,33.479,-2.597,34.621,1.455,0.0,2.932,-0.483,0.0,,510.518,difference_arbres_moins_sans
c_07_02,2017-11,26.822,-11.484,31.168,7.138,0.0,3.954,-2.932,0.0,,539.967,difference_arbres_moins_sans
c_07_02,2017-12,24.875,-7.099,22.289,9.686,0.0,2.179,-3.974,0.0,,569.002,difference_arbres_moins_sans
c_07_02,2018-01,26.253,-0.626,16.509,10.37,0.0,1.792,-4.126,0.0,,589.667,difference_arbres_moins_sans
c_07_03,2017-01,24.381,-25.669,40.416,9.633,0.0,2.075,-1.873,0.0,,390.481,difference_arbres_moins_sans
c_07_03,2017-02,27.641,-13.694,33.829,7.507,0.0,0.552,-2.346,0.0,,429.204,difference_arbres_moins_sans
c_07_03,2017-03,31.685,-7.508,34.246,4.948,0.0,0.607,-2.323,0.0,,464.525,difference_arbres_moins_sans
c_07_03,2017-04,33.928,0.189,29.357,4.382,0.0,0.049,-2.373,0.0,,499.427,difference_arbres_moins_sans
c_07_03,2017-05,33.484,14.773,17.98,0.731,0.0,-1.232,-1.987,0.0,,523.59,difference_arbres_moins_sans
c_07_03,2017-06,35.794,22.695,10.354,2.746,0.0,-1.563,-1.761,0.0,,547.491,difference_arbres_moins_sans
c_07_03,2017-07,32.689,14.317,15.901,2.47,0.0,-1.145,-1.515,0.0,,560.743,difference_arbres_moins_sans
c_07_03,2017-08,29.236,0.976,25.138,3.122,0.0,-0.348,-1.621,0.0,,540.336,difference_arbres_moins_sans
c_07_03,2017-09,32.79,-2.038,32.389,2.44,0.0,-1.271,-1.295,0.0,,470.099,difference_arbres_moins_sans
c_07_03,2017-10,33.558,-5.709,34.493,4.774,0.0,-0.245,-1.242,0.0,,464.746,difference_arbres_moins_sans
c_07_03,2017-11,25.445,-11.846,29.385,7.905,0.0,1.786,-1.481,0.0,,497.656,difference_arbres_moins_sans
c_07_03,2017-12,23.615,-7.573,21.193,9.995,0.0,0.943,-1.965,0.0,,525.123,difference_arbres_moins_sans
c_07_03,2018-01,24.965,-1.687,16.008,10.644,0.0,0.598,-2.011,0.0,,544.946,difference_arbres_moins_sans
c_07_04,2017-01,17.928,-23.64,34.702,6.867,0.0,2.116,-3.514,0.0,,302.957,difference_arbres_moins_sans
c_07_04,2017-02,20.361,-14.172,29.774,4.759,0.0,1.283,-4.359,0.0,,336.536,difference_arbres_moins_sans
c_07_04,2017-03,23.373,-5.405,26.519,2.259,0.0,1.761,-4.313,0.0,,365.796,difference_arbres_moins_sans
c_07_04,2017-04,25.029,-0.356,23.747,1.639,0.0,1.381,-4.389,0.0,,393.065,difference_arbres_moins_sans
c_07_04,2017-05,24.758,9.625,16.701,-1.567,0.0,1.538,-3.472,0.0,,413.849,difference_arbres_moins_sans
c_07_04,2017-06,25.825,16.905,9.615,-0.696,0.0,1.466,-3.195,0.0,,447.275,difference_arbres_moins_sans
c_07_04,2017-07,23.609,9.54,14.91,-0.84,0.0,2.117,-2.651,0.0,,461.558,difference_arbres_moins_sans
c_07_04,2017-08,21.121,0.217,20.901,0.003,0.0,2.245,-2.758,0.0,,441.898,difference_arbres_moins_sans
c_07_04,2017-09,23.679,-2.588,27.141,-0.874,0.0,2.5,-2.255,0.0,,372.073,difference_arbres_moins_sans
c_07_04,2017-10,24.181,-6.545,29.452,1.275,0.0,2.588,-2.288,0.0,,365.851,difference_arbres_moins_sans
c_07_04,2017-11,18.743,-14.704,28.223,5.225,0.0,3.224,-2.745,0.0,,385.32,difference_arbres_moins_sans
c_07_04,2017-12,17.369,-11.484,21.654,7.198,0.0,1.601,-3.736,0.0,,412.402,difference_arbres_moins_sans
c_07_04,2018-01,18.354,-6.692,17.282,7.764,0.0,1.37,-3.884,0.0,,433.542,difference_arbres_moins_sans
c_07_05,2017-01,13.954,-21.773,29.983,5.744,0.0,1.75,-3.806,0.0,,201.672,difference_arbres_moins_sans
c_07_05,2017-02,15.787,-15.048,26.773,4.061,0.0,0.929,-4.6,0.0,,231.191,difference_arbres_moins_sans
c_07_05,2017-03,18.101,-1.384,17.455,2.03,0.0,1.547,-4.591,0.0,,254.32,difference_arbres_moins_sans
c_07_05,2017-04,19.383,2.396,15.373,1.614,0.0,1.104,-4.66,0.0,,271.589,difference_arbres_moins_sans
c_07_05,2017-05,19.165,8.301,11.838,-0.976,0.0,2.796,-3.654,0.0,,285.694,difference_arbres_moins_sans
c_07_05,2017-06,19.148,5.417,14.136,-0.405,0.0,2.926,-3.474,0.0,,300.831,difference_arbres_moins_sans
c_07_05,2017-07,17.51,-6.236,24.523,-0.778,0.0,4.095,-3.092,0.0,,321.297,difference_arbres_moins_sans
c_07_05,2017-08,15.665,-8.481,24.256,-0.109,0.0,3.891,-3.196,0.0,,295.253,difference_arbres_moins_sans
c_07_05,2017-09,17.561,-8.871,27.144,-0.713,0.0,4.673,-2.725,0.0,,209.232,difference_arbres_moins_sans
c_07_05,2017-10,17.924,-12.498,29.43,0.993,0.0,4.05,-2.611,0.0,,204.757,difference_arbres_moins_sans
c_07_05,2017-11,14.517,-17.91,28.09,4.338,0.0,3.441,-3.006,0.0,,233.157,difference_arbres_moins_sans
c_07_05,2017-12,13.445,-16.132,23.681,5.896,0.0,1.5,-4.017,0.0,,261.271,difference_arbres_moins_sans
c_07_05,2018-01,14.165,-15.066,22.894,6.337,0.0,1.116,-4.215,0.0,,286.136,difference_arbres_moins_sans
c_07_06,2017-01,26.394,-30.258,48.031,8.622,0.0,4.056,-4.315,0.0,,460.02,difference_arbres_moins_sans
c_07_06,2017-02,29.936,-15.522,40.381,5.078,0.0,1.962,-5.242,0.0,,506.173,difference_arbres_moins_sans
c_07_06,2017-03,34.353,-6.832,40.416,0.769,0.0,2.736,-5.261,0.0,,548.057,difference_arbres_moins_sans
c_07_06,2017-04,36.788,2.368,34.729,-0.309,0.0,1.848,-5.327,0.0,,589.138,difference_arbres_moins_sans
c_07_06,2017-05,36.392,20.621,21.123,-5.352,0.0,1.741,-4.266,0.0,,617.88,difference_arbres_moins_sans
c_07_06,2017-06,36.116,33.968,7.388,-5.24,0.0,1.127,-3.996,0.0,,646.545,difference_arbres_moins_sans
c_07_06,2017-07,33.033,24.863,13.382,-5.211,0.0,2.469,-3.494,0.0,,660.638,difference_arbres_moins_sans
c_07_06,2017-08,29.556,8.276,24.81,-3.53,0.0,3.392,-3.609,0.0,,636.844,difference_arbres_moins_sans
c_07_06,2017-09,33.129,6.695,31.623,-5.19,0.0,2.737,-3.107,0.0,,557.009,difference_arbres_moins_sans
c_07_06,2017-10,33.8,1.899,33.768,-1.867,0.0,2.926,-2.993,0.0,,550.714,difference_arbres_moins_sans
c_07_06,2017-11,27.546,-12.663,34.295,5.914,0.0,4.93,-3.457,0.0,,586.781,difference_arbres_moins_sans
c_07_06,2017-12,25.516,-8.674,25.05,9.14,0.0,2.629,-4.536,0.0,,619.079,difference_arbres_moins_sans
c_07_06,2018-01,26.93,-1.772,18.845,9.857,0.0,1.927,-4.736,0.0,,642.461,difference_arbres_moins_sans
c_07_07,2017-01,19.096,-25.53,37.787,6.838,0.0,2.217,-3.691,0.0,,344.965,difference_arbres_moins_sans
c_07_07,2017-02,21.619,-12.07,29.441,4.248,0.0,1.224,-4.56,0.0,,380.573,difference_arbres_moins_sans
c_07_07,2017-03,24.795,-4.356,27.85,1.301,0.0,1.875,-4.554,0.0,,409.657,difference_arbres_moins_sans
c_07_07,2017-04,26.552,1.536,24.495,0.519,0.0,1.401,-4.599,0.0,,438.328,difference_arbres_moins_sans
c_07_07,2017-05,26.261,13.454,15.969,-3.162,0.0,1.885,-3.67,0.0,,459.081,difference_arbres_moins_sans
c_07_07,2017-06,26.916,15.902,12.779,-1.765,0.0,2.067,-3.368,0.0,,472.734,difference_arbres_moins_sans
c_07_07,2017-07,24.611,8.832,17.657,-1.878,0.0,2.934,-2.847,0.0,,486.64,difference_arbres_moins_sans
c_07_07,2017-08,22.018,-0.786,23.627,-0.823,0.0,2.962,-2.95,0.0,,466.069,difference_arbres_moins_sans
c_07_07,2017-09,24.683,-3.908,30.464,-1.874,0.0,3.486,-2.439,0.0,,394.721,difference_arbres_moins_sans
c_07_07,2017-10,25.199,-8.652,33.328,0.523,0.0,3.298,-2.444,0.0,,388.605,difference_arbres_moins_sans
c_07_07,2017-11,19.883,-14.828,29.799,4.911,0.0,3.487,-2.933,0.0,,424.96,difference_arbres_moins_sans
c_07_07,2017-12,18.412,-10.982,22.199,7.195,0.0,1.622,-3.906,0.0,,453.18,difference_arbres_moins_sans
c_07_07,2018-01,19.403,-5.298,16.92,7.781,0.0,1.246,-4.066,0.0,,474.39,difference_arbres_moins_sans
c_07_08,2017-01,0.116,0.219,-0.178,0.076,0.0,0.112,-0.051,0.0,,-1.165,difference_arbres_moins_sans
c_07_08,2017-02,0.133,0.228,-0.171,0.076,0.0,0.053,-0.057,0.0,,-1.339,difference_arbres_moins_sans
c_07_08,2017-03,0.153,0.323,-0.246,0.076,0.0,0.099,-0.061,0.0,,-1.563,difference_arbres_moins_sans
c_07_08,2017-04,0.163,0.342,-0.249,0.071,0.0,0.069,-0.054,0.0,,-1.839,difference_arbres_moins_sans
c_07_08,2017-05,0.161,0.365,-0.278,0.075,0.0,0.015,-0.035,0.0,,-2.103,difference_arbres_moins_sans
c_07_08,2017-06,0.0,0.0,0.0,0.0,0.0,0.0,0.0,0.0,,0.0,difference_arbres_moins_sans
c_07_08,2017-07,0.0,0.0,0.0,0.0,0.0,0.0,0.0,0.0,,0.0,difference_arbres_moins_sans
c_07_08,2017-08,0.0,0.0,0.0,0.0,0.0,0.0,0.0,0.0,,0.0,difference_arbres_moins_sans
c_07_08,2017-09,0.0,0.0,0.0,0.0,0.0,0.0,0.0,0.0,,0.0,difference_arbres_moins_sans
c_07_08,2017-10,0.0,0.0,0.0,0.0,0.0,0.0,0.0,0.0,,0.0,difference_arbres_moins_sans
c_07_08,2017-11,0.123,0.291,-0.245,0.078,0.0,0.166,-0.036,0.0,,-1.133,difference_arbres_moins_sans
c_07_08,2017-12,0.113,0.195,-0.161,0.079,0.0,0.093,-0.049,0.0,,-1.348,difference_arbres_moins_sans
c_07_08,2018-01,0.121,0.199,-0.16,0.082,0.0,0.101,-0.052,0.0,,-1.519,difference_arbres_moins_sans
c_07_09,2017-01,-0.035,-4.606,6.09,-1.52,0.0,0.861,-1.109,0.0,,26.457,difference_arbres_moins_sans
c_07_09,2017-02,0.025,-2.651,5.443,-2.766,0.0,0.141,-1.437,0.0,,32.415,difference_arbres_moins_sans
c_07_09,2017-03,0.092,-2.147,6.509,-4.269,0.0,0.437,-1.386,0.0,,38.639,difference_arbres_moins_sans
c_07_09,2017-04,0.102,-1.929,6.822,-4.791,0.0,0.212,-1.434,0.0,,45.957,difference_arbres_moins_sans
c_07_09,2017-05,0.212,0.283,5.966,-6.036,0.0,-0.029,-1.06,0.0,,52.536,difference_arbres_moins_sans
c_07_09,2017-06,0.21,-0.201,6.165,-5.754,0.0,-0.126,-0.992,0.0,,58.984,difference_arbres_moins_sans
c_07_09,2017-07,0.229,-0.991,6.732,-5.512,0.0,-0.015,-0.773,0.0,,63.28,difference_arbres_moins_sans
c_07_09,2017-08,0.213,-1.766,6.772,-4.793,0.0,-0.03,-0.82,0.0,,47.77,difference_arbres_moins_sans
c_07_09,2017-09,0.224,-1.397,7.118,-5.497,0.0,0.132,-0.591,0.0,,17.321,difference_arbres_moins_sans
c_07_09,2017-10,0.152,-2.034,6.902,-4.715,0.0,0.708,-0.662,0.0,,14.926,difference_arbres_moins_sans
c_07_09,2017-11,0.023,-3.746,6.096,-2.327,0.0,1.387,-0.805,0.0,,22.042,difference_arbres_moins_sans
c_07_09,2017-12,-0.033,-3.696,5.006,-1.342,0.0,0.674,-1.202,0.0,,28.027,difference_arbres_moins_sans
c_07_09,2018-01,-0.054,-3.912,5.149,-1.292,0.0,0.673,-1.258,0.0,,33.431,difference_arbres_moins_sans
c_07_10,2017-01,8.526,-11.561,16.187,3.901,0.0,0.156,-1.05,0.0,,124.67,difference_arbres_moins_sans
c_07_10,2017-02,9.677,-7.676,14.178,3.175,0.0,-0.284,-1.265,0.0,,140.451,difference_arbres_moins_sans
c_07_10,2017-03,11.101,-7.285,16.105,2.28,0.0,-0.326,-1.195,0.0,,156.172,difference_arbres_moins_sans
c_07_10,2017-04,11.887,-1.407,11.194,2.1,0.0,-0.527,-1.268,0.0,,171.96,difference_arbres_moins_sans
c_07_10,2017-05,11.742,4.336,6.616,0.79,0.0,-0.82,-1.163,0.0,,180.216,difference_arbres_moins_sans
c_07_10,2017-06,12.485,3.413,7.32,1.752,0.0,-0.997,-1.087,0.0,,192.827,difference_arbres_moins_sans
c_07_10,2017-07,11.405,-3.393,13.226,1.573,0.0,-0.444,-0.923,0.0,,203.846,difference_arbres_moins_sans
c_07_10,2017-08,10.2,-5.455,13.869,1.787,0.0,-0.453,-0.996,0.0,,196.066,difference_arbres_moins_sans
c_07_10,2017-09,11.44,-6.045,15.871,1.614,0.0,-0.747,-0.849,0.0,,151.374,difference_arbres_moins_sans
c_07_10,2017-10,11.702,-7.449,16.749,2.401,0.0,-0.166,-0.817,0.0,,146.458,difference_arbres_moins_sans
c_07_10,2017-11,8.909,-9.328,14.983,3.254,0.0,0.011,-0.888,0.0,,156.897,difference_arbres_moins_sans
c_07_10,2017-12,8.263,-7.969,12.246,3.988,0.0,-0.082,-1.111,0.0,,171.654,difference_arbres_moins_sans
c_07_10,2018-01,8.737,-7.071,11.54,4.267,0.0,-0.12,-1.116,0.0,,184.361,difference_arbres_moins_sans
c_08_00,2017-01,0.0,0.0,0.0,0.0,0.0,0.0,0.0,0.0,,0.0,difference_arbres_moins_sans
c_08_00,2017-02,0.0,0.0,0.0,0.0,0.0,0.0,0.0,0.0,,0.0,difference_arbres_moins_sans
c_08_00,2017-03,0.0,0.0,0.0,0.0,0.0,0.0,0.0,0.0,,0.0,difference_arbres_moins_sans
c_08_00,2017-04,0.0,0.0,0.0,0.0,0.0,0.0,0.0,0.0,,0.0,difference_arbres_moins_sans
c_08_00,2017-05,0.0,0.0,0.0,0.0,0.0,0.0,0.0,0.0,,0.0,difference_arbres_moins_sans
c_08_00,2017-06,0.0,0.0,0.0,0.0,0.0,0.0,0.0,0.0,,0.0,difference_arbres_moins_sans
c_08_00,2017-07,0.0,0.0,0.0,0.0,0.0,0.0,0.0,0.0,,0.0,difference_arbres_moins_sans
c_08_00,2017-08,0.0,0.0,0.0,0.0,0.0,0.0,0.0,0.0,,0.0,difference_arbres_moins_sans
c_08_00,2017-09,0.0,0.0,0.0,0.0,0.0,0.0,0.0,0.0,,0.0,difference_arbres_moins_sans
c_08_00,2017-10,0.0,0.0,0.0,0.0,0.0,0.0,0.0,0.0,,0.0,difference_arbres_moins_sans
c_08_00,2017-11,0.0,0.0,0.0,0.0,0.0,0.0,0.0,0.0,,0.0,difference_arbres_moins_sans
c_08_00,2017-12,0.0,0.0,0.0,0.0,0.0,0.0,0.0,0.0,,0.0,difference_arbres_moins_sans
c_08_00,2018-01,0.0,0.0,0.0,0.0,0.0,0.0,0.0,0.0,,0.0,difference_arbres_moins_sans
c_08_01,2017-01,13.117,-20.041,27.46,5.698,0.0,1.739,-3.616,0.0,,174.432,difference_arbres_moins_sans
c_08_01,2017-02,14.839,-14.07,24.59,4.319,0.0,0.932,-4.358,0.0,,201.499,difference_arbres_moins_sans
c_08_01,2017-03,17.008,-5.489,19.923,2.575,0.0,1.573,-4.345,0.0,,226.133,difference_arbres_moins_sans
c_08_01,2017-04,18.213,2.751,13.112,2.349,0.0,1.101,-4.41,0.0,,242.275,difference_arbres_moins_sans
c_08_01,2017-05,17.994,7.79,10.139,0.065,0.0,2.748,-3.456,0.0,,254.349,difference_arbres_moins_sans
c_08_01,2017-06,18.123,4.602,12.723,0.798,0.0,2.847,-3.258,0.0,,267.736,difference_arbres_moins_sans
c_08_01,2017-07,16.566,-7.401,23.576,0.389,0.0,3.966,-2.912,0.0,,287.486,difference_arbres_moins_sans
c_08_01,2017-08,14.819,-9.009,22.944,0.885,0.0,3.756,-3.011,0.0,,260.541,difference_arbres_moins_sans
c_08_01,2017-09,16.615,-9.294,25.481,0.429,0.0,4.576,-2.573,0.0,,175.482,difference_arbres_moins_sans
c_08_01,2017-10,16.973,-12.259,27.341,1.89,0.0,3.984,-2.456,0.0,,171.52,difference_arbres_moins_sans
c_08_01,2017-11,13.647,-16.953,26.092,4.509,0.0,3.401,-2.851,0.0,,197.447,difference_arbres_moins_sans
c_08_01,2017-12,12.647,-15.249,22.09,5.808,0.0,1.52,-3.811,0.0,,223.607,difference_arbres_moins_sans
c_08_01,2018-01,13.332,-14.434,21.554,6.213,0.0,1.16,-3.996,0.0,,246.904,difference_arbres_moins_sans
c_08_02,2017-01,30.197,-26.73,44.598,12.328,0.0,3.205,-3.727,0.0,,426.823,difference_arbres_moins_sans
c_08_02,2017-02,34.071,-13.759,37.361,10.468,0.0,1.524,-4.619,0.0,,469.577,difference_arbres_moins_sans
c_08_02,2017-03,38.962,-6.934,37.622,8.275,0.0,2.179,-4.627,0.0,,508.487,difference_arbres_moins_sans
c_08_02,2017-04,41.715,2.667,31.229,7.82,0.0,1.39,-4.68,0.0,,546.174,difference_arbres_moins_sans
c_08_02,2017-05,41.057,17.364,19.376,4.318,0.0,0.678,-3.714,0.0,,572.088,difference_arbres_moins_sans
c_08_02,2017-06,41.906,23.833,12.808,5.264,0.0,0.522,-3.414,0.0,,595.6,difference_arbres_moins_sans
c_08_02,2017-07,38.254,15.191,18.235,4.828,0.0,1.57,-2.864,0.0,,612.355,difference_arbres_moins_sans
c_08_02,2017-08,34.208,1.043,27.864,5.301,0.0,2.346,-3.0,0.0,,585.868,difference_arbres_moins_sans
c_08_02,2017-09,38.375,-1.504,35.07,4.81,0.0,1.817,-2.431,0.0,,507.44,difference_arbres_moins_sans
c_08_02,2017-10,39.309,-5.552,37.663,7.197,0.0,2.064,-2.43,0.0,,500.987,difference_arbres_moins_sans
c_08_02,2017-11,31.336,-11.949,32.592,10.692,0.0,3.791,-2.939,0.0,,538.693,difference_arbres_moins_sans
c_08_02,2017-12,29.116,-7.185,23.733,12.568,0.0,1.957,-3.944,0.0,,569.298,difference_arbres_moins_sans
c_08_02,2018-01,30.722,-0.568,18.004,13.286,0.0,1.496,-4.111,0.0,,591.578,difference_arbres_moins_sans
c_08_03,2017-01,25.615,-25.475,40.958,10.132,0.0,2.082,-2.019,0.0,,404.314,difference_arbres_moins_sans
c_08_03,2017-02,28.968,-13.056,34.015,8.009,0.0,0.527,-2.535,0.0,,443.407,difference_arbres_moins_sans
c_08_03,2017-03,33.173,-6.295,33.991,5.477,0.0,0.603,-2.508,0.0,,478.715,difference_arbres_moins_sans
c_08_03,2017-04,35.519,1.957,28.609,4.954,0.0,-0.002,-2.576,0.0,,512.971,difference_arbres_moins_sans
c_08_03,2017-05,35.024,16.253,17.432,1.339,0.0,-1.342,-2.188,0.0,,536.531,difference_arbres_moins_sans
c_08_03,2017-06,36.185,23.006,10.382,2.795,0.0,-1.586,-1.946,0.0,,553.312,difference_arbres_moins_sans
c_08_03,2017-07,33.046,14.561,15.977,2.508,0.0,-1.199,-1.692,0.0,,566.584,difference_arbres_moins_sans
c_08_03,2017-08,29.554,1.042,25.349,3.163,0.0,-0.382,-1.818,0.0,,546.009,difference_arbres_moins_sans
c_08_03,2017-09,33.148,-1.925,32.597,2.476,0.0,-1.33,-1.455,0.0,,475.668,difference_arbres_moins_sans
c_08_03,2017-10,33.924,-5.641,34.726,4.839,0.0,-0.255,-1.379,0.0,,470.416,difference_arbres_moins_sans
c_08_03,2017-11,26.651,-11.191,29.47,8.372,0.0,1.834,-1.623,0.0,,509.167,difference_arbres_moins_sans
c_08_03,2017-12,24.738,-6.646,20.931,10.453,0.0,0.928,-2.127,0.0,,536.52,difference_arbres_moins_sans
c_08_03,2018-01,26.115,-0.533,15.524,11.125,0.0,0.598,-2.185,0.0,,555.933,difference_arbres_moins_sans
c_08_04,2017-01,11.295,-18.167,24.919,4.543,0.0,1.612,-3.292,0.0,,181.047,difference_arbres_moins_sans
c_08_04,2017-02,12.853,-12.164,21.955,3.061,0.0,1.054,-4.08,0.0,,205.415,difference_arbres_moins_sans
c_08_04,2017-03,14.772,-5.519,19.038,1.253,0.0,1.538,-4.012,0.0,,227.823,difference_arbres_moins_sans
c_08_04,2017-04,15.82,1.321,13.635,0.864,0.0,1.216,-4.094,0.0,,244.295,difference_arbres_moins_sans
c_08_04,2017-05,15.674,6.298,10.767,-1.392,0.0,1.663,-3.205,0.0,,256.884,difference_arbres_moins_sans
c_08_04,2017-06,16.737,4.918,11.955,-0.136,0.0,1.662,-2.884,0.0,,277.228,difference_arbres_moins_sans
c_08_04,2017-07,15.302,-4.2,19.775,-0.273,0.0,2.36,-2.368,0.0,,293.664,difference_arbres_moins_sans
c_08_04,2017-08,13.69,-6.798,20.242,0.245,0.0,2.245,-2.457,0.0,,276.244,difference_arbres_moins_sans
c_08_04,2017-09,15.347,-7.995,23.648,-0.305,0.0,2.65,-2.001,0.0,,208.082,difference_arbres_moins_sans
c_08_04,2017-10,15.669,-10.971,25.535,1.105,0.0,2.695,-2.076,0.0,,202.788,difference_arbres_moins_sans
c_08_04,2017-11,11.834,-14.656,23.145,3.345,0.0,2.764,-2.552,0.0,,218.423,difference_arbres_moins_sans
c_08_04,2017-12,10.956,-12.805,19.04,4.722,0.0,1.37,-3.51,0.0,,241.309,difference_arbres_moins_sans
c_08_04,2018-01,11.582,-11.523,17.973,5.131,0.0,1.271,-3.648,0.0,,261.081,difference_arbres_moins_sans
c_08_05,2017-01,16.269,-22.845,31.94,7.174,0.0,1.74,-3.782,0.0,,248.434,difference_arbres_moins_sans
c_08_05,2017-02,18.451,-11.485,24.266,5.671,0.0,0.897,-4.566,0.0,,278.856,difference_arbres_moins_sans
c_08_05,2017-03,21.161,-2.746,20.087,3.821,0.0,1.565,-4.567,0.0,,300.519,difference_arbres_moins_sans
c_08_05,2017-04,22.66,0.099,19.055,3.506,0.0,1.135,-4.627,0.0,,321.901,difference_arbres_moins_sans
c_08_05,2017-05,22.384,7.334,14.055,0.995,0.0,2.685,-3.664,0.0,,339.011,difference_arbres_moins_sans
c_08_05,2017-06,22.511,9.792,11.27,1.45,0.0,2.66,-3.356,0.0,,355.12,difference_arbres_moins_sans
c_08_05,2017-07,20.574,0.553,19.006,1.015,0.0,3.73,-2.981,0.0,,374.3,difference_arbres_moins_sans
c_08_05,2017-08,18.405,-4.309,21.123,1.591,0.0,3.59,-3.07,0.0,,354.946,difference_arbres_moins_sans
c_08_05,2017-09,20.636,-5.531,25.136,1.03,0.0,4.259,-2.649,0.0,,278.751,difference_arbres_moins_sans
c_08_05,2017-10,21.086,-8.955,27.298,2.743,0.0,3.765,-2.54,0.0,,272.605,difference_arbres_moins_sans
c_08_05,2017-11,16.983,-17.087,28.176,5.895,0.0,3.339,-3.01,0.0,,302.037,difference_arbres_moins_sans
c_08_05,2017-12,15.751,-14.534,22.918,7.366,0.0,1.426,-3.974,0.0,,329.806,difference_arbres_moins_sans
c_08_05,2018-01,16.643,-11.299,20.049,7.893,0.0,1.027,-4.154,0.0,,353.137,difference_arbres_moins_sans
c_08_06,2017-01,25.854,-27.764,44.604,9.014,0.0,3.527,-3.815,0.0,,442.031,difference_arbres_moins_sans
c_08_06,2017-02,29.27,-13.728,36.979,6.018,0.0,1.792,-4.743,0.0,,484.585,difference_arbres_moins_sans
c_08_06,2017-03,33.553,-5.489,36.584,2.459,0.0,2.372,-4.718,0.0,,522.768,difference_arbres_moins_sans
c_08_06,2017-04,35.928,3.871,30.502,1.556,0.0,1.631,-4.787,0.0,,559.439,difference_arbres_moins_sans
c_08_06,2017-05,35.493,20.067,18.332,-2.905,0.0,0.746,-3.814,0.0,,584.444,difference_arbres_moins_sans
c_08_06,2017-06,35.282,31.251,6.824,-2.792,0.0,0.392,-3.513,0.0,,609.232,difference_arbres_moins_sans
c_08_06,2017-07,32.257,22.181,12.916,-2.84,0.0,1.328,-2.926,0.0,,622.159,difference_arbres_moins_sans
c_08_06,2017-08,28.858,6.519,23.855,-1.516,0.0,2.185,-3.047,0.0,,598.591,difference_arbres_moins_sans
c_08_06,2017-09,32.352,4.129,31.094,-2.872,0.0,1.603,-2.497,0.0,,524.521,difference_arbres_moins_sans
c_08_06,2017-10,33.037,-0.022,32.933,0.125,0.0,2.073,-2.512,0.0,,519.372,difference_arbres_moins_sans
c_08_06,2017-11,26.925,-11.622,31.864,6.684,0.0,4.126,-3.012,0.0,,554.035,difference_arbres_moins_sans
c_08_06,2017-12,24.96,-7.158,22.68,9.438,0.0,2.222,-4.05,0.0,,583.659,difference_arbres_moins_sans
c_08_06,2018-01,26.331,-0.53,16.714,10.148,0.0,1.779,-4.212,0.0,,604.633,difference_arbres_moins_sans
c_08_07,2017-01,10.999,-15.941,22.367,4.573,0.0,0.84,-1.816,0.0,,162.816,difference_arbres_moins_sans
c_08_07,2017-02,12.438,-10.728,19.755,3.411,0.0,0.028,-2.253,0.0,,184.69,difference_arbres_moins_sans
c_08_07,2017-03,14.254,-4.877,17.127,2.004,0.0,0.023,-2.231,0.0,,205.039,difference_arbres_moins_sans
c_08_07,2017-04,15.264,2.266,11.251,1.746,0.0,-0.329,-2.24,0.0,,219.1,difference_arbres_moins_sans
c_08_07,2017-05,15.078,6.208,8.988,-0.117,0.0,-0.694,-1.661,0.0,,229.566,difference_arbres_moins_sans
c_08_07,2017-06,15.563,4.312,10.443,0.808,0.0,-0.814,-1.363,0.0,,246.146,difference_arbres_moins_sans
c_08_07,2017-07,14.223,-4.54,18.121,0.641,0.0,-0.222,-1.054,0.0,,261.337,difference_arbres_moins_sans
c_08_07,2017-08,12.723,-6.711,18.413,1.02,0.0,-0.263,-1.092,0.0,,246.4,difference_arbres_moins_sans
c_08_07,2017-09,14.266,-7.78,21.414,0.631,0.0,-0.459,-0.858,0.0,,183.615,difference_arbres_moins_sans
c_08_07,2017-10,14.578,-10.086,22.867,1.797,0.0,0.321,-0.959,0.0,,178.428,difference_arbres_moins_sans
c_08_07,2017-11,11.438,-13.118,20.959,3.597,0.0,1.008,-1.352,0.0,,193.678,difference_arbres_moins_sans
c_08_07,2017-12,10.601,-11.364,17.289,4.676,0.0,0.504,-1.932,0.0,,214.403,difference_arbres_moins_sans
c_08_07,2018-01,11.173,-10.425,16.574,5.025,0.0,0.404,-2.014,0.0,,232.492,difference_arbres_moins_sans
c_08_08,2017-01,0.0,0.0,0.0,0.0,0.0,0.0,0.0,0.0,,0.0,difference_arbres_moins_sans
c_08_08,2017-02,0.0,0.0,0.0,0.0,0.0,0.0,0.0,0.0,,0.0,difference_arbres_moins_sans
c_08_08,2017-03,0.0,0.0,0.0,0.0,0.0,0.0,0.0,0.0,,0.0,difference_arbres_moins_sans
c_08_08,2017-04,0.0,0.0,0.0,0.0,0.0,0.0,0.0,0.0,,0.0,difference_arbres_moins_sans
c_08_08,2017-05,0.0,0.0,0.0,0.0,0.0,0.0,0.0,0.0,,0.0,difference_arbres_moins_sans
c_08_08,2017-06,0.0,0.0,0.0,0.0,0.0,0.0,0.0,0.0,,0.0,difference_arbres_moins_sans
c_08_08,2017-07,0.0,0.0,0.0,0.0,0.0,0.0,0.0,0.0,,0.0,difference_arbres_moins_sans
c_08_08,2017-08,0.0,0.0,0.0,0.0,0.0,0.0,0.0,0.0,,0.0,difference_arbres_moins_sans
c_08_08,2017-09,0.0,0.0,0.0,0.0,0.0,0.0,0.0,0.0,,0.0,difference_arbres_moins_sans
c_08_08,2017-10,0.0,0.0,0.0,0.0,0.0,0.0,0.0,0.0,,0.0,difference_arbres_moins_sans
c_08_08,2017-11,0.0,0.0,0.0,0.0,0.0,0.0,0.0,0.0,,0.0,difference_arbres_moins_sans
c_08_08,2017-12,0.0,0.0,0.0,0.0,0.0,0.0,0.0,0.0,,0.0,difference_arbres_moins_sans
c_08_08,2018-01,0.0,0.0,0.0,0.0,0.0,0.0,0.0,0.0,,0.0,difference_arbres_moins_sans
c_08_09,2017-01,0.129,-2.903,4.186,-1.152,0.0,0.416,-0.874,0.0,,17.187,difference_arbres_moins_sans
c_08_09,2017-02,0.194,-1.409,3.727,-2.123,0.0,-0.15,-1.143,0.0,,21.273,difference_arbres_moins_sans
c_08_09,2017-03,0.27,-0.873,4.434,-3.291,0.0,0.02,-1.045,0.0,,25.521,difference_arbres_moins_sans
c_08_09,2017-04,0.293,-0.664,4.643,-3.687,0.0,-0.172,-1.146,0.0,,30.493,difference_arbres_moins_sans
c_08_09,2017-05,0.373,0.892,4.135,-4.654,0.0,-0.286,-0.898,0.0,,35.024,difference_arbres_moins_sans
c_08_09,2017-06,0.361,0.477,4.325,-4.44,0.0,-0.392,-0.858,0.0,,39.486,difference_arbres_moins_sans
c_08_09,2017-07,0.358,-0.295,4.912,-4.259,0.0,-0.196,-0.697,0.0,,42.362,difference_arbres_moins_sans
c_08_09,2017-08,0.327,-1.243,5.256,-3.685,0.0,-0.215,-0.76,0.0,,31.04,difference_arbres_moins_sans
c_08_09,2017-09,0.356,-0.619,5.205,-4.229,0.0,-0.111,-0.559,0.0,,9.628,difference_arbres_moins_sans
c_08_09,2017-10,0.305,-0.814,4.758,-3.639,0.0,0.322,-0.579,0.0,,7.611,difference_arbres_moins_sans
c_08_09,2017-11,0.178,-2.146,4.11,-1.785,0.0,0.719,-0.648,0.0,,12.445,difference_arbres_moins_sans
c_08_09,2017-12,0.124,-2.23,3.372,-1.017,0.0,0.261,-0.957,0.0,,16.47,difference_arbres_moins_sans
c_08_09,2018-01,0.116,-2.403,3.5,-0.981,0.0,0.267,-0.993,0.0,,20.123,difference_arbres_moins_sans
c_08_10,2017-01,12.388,-15.058,21.481,5.965,0.0,0.484,-1.323,0.0,,169.388,difference_arbres_moins_sans
c_08_10,2017-02,13.981,-10.028,18.8,5.21,0.0,-0.094,-1.678,0.0,,190.316,difference_arbres_moins_sans
c_08_10,2017-03,15.996,-5.699,17.402,4.292,0.0,-0.118,-1.617,0.0,,210.127,difference_arbres_moins_sans
c_08_10,2017-04,17.127,1.045,11.853,4.229,0.0,-0.39,-1.695,0.0,,224.919,difference_arbres_moins_sans
c_08_10,2017-05,16.871,5.015,9.217,2.639,0.0,-0.462,-1.419,0.0,,235.791,difference_arbres_moins_sans
c_08_10,2017-06,17.297,4.175,9.906,3.216,0.0,-0.542,-1.298,0.0,,254.86,difference_arbres_moins_sans
c_08_10,2017-07,15.795,-3.102,15.969,2.929,0.0,0.011,-1.117,0.0,,269.012,difference_arbres_moins_sans
c_08_10,2017-08,14.126,-6.037,17.085,3.079,0.0,0.011,-1.209,0.0,,257.362,difference_arbres_moins_sans
c_08_10,2017-09,15.844,-7.294,20.205,2.934,0.0,-0.209,-0.955,0.0,,201.717,difference_arbres_moins_sans
c_08_10,2017-10,16.219,-9.461,21.752,3.928,0.0,0.34,-0.909,0.0,,196.108,difference_arbres_moins_sans
c_08_10,2017-11,12.857,-11.96,19.598,5.218,0.0,0.597,-1.047,0.0,,208.657,difference_arbres_moins_sans
c_08_10,2017-12,11.939,-9.958,15.888,6.009,0.0,0.19,-1.415,0.0,,227.893,difference_arbres_moins_sans
c_08_10,2018-01,12.591,-8.661,14.861,6.391,0.0,0.088,-1.452,0.0,,244.317,difference_arbres_moins_sans
c_09_00,2017-01,5.363,-4.976,7.433,2.906,0.0,1.914,-2.947,0.0,,31.246,difference_arbres_moins_sans
c_09_00,2017-02,6.049,-3.406,6.689,2.765,0.0,1.25,-3.536,0.0,,38.565,difference_arbres_moins_sans
c_09_00,2017-03,6.914,-3.439,7.869,2.485,0.0,1.966,-3.517,0.0,,46.103,difference_arbres_moins_sans
c_09_00,2017-04,7.402,-3.503,8.339,2.566,0.0,1.764,-3.587,0.0,,55.007,difference_arbres_moins_sans
c_09_00,2017-05,7.28,-1.68,6.913,2.047,0.0,3.064,-2.705,0.0,,62.896,difference_arbres_moins_sans
c_09_00,2017-06,7.305,-2.595,7.707,2.192,0.0,3.251,-2.476,0.0,,73.28,difference_arbres_moins_sans
c_09_00,2017-07,6.667,-4.021,8.87,1.818,0.0,3.596,-2.221,0.0,,82.027,difference_arbres_moins_sans
c_09_00,2017-08,5.961,-4.845,8.973,1.834,0.0,3.284,-2.288,0.0,,47.063,difference_arbres_moins_sans
c_09_00,2017-09,6.688,-4.426,9.197,1.916,0.0,4.526,-1.997,0.0,,2.137,difference_arbres_moins_sans
c_09_00,2017-10,6.854,-4.097,8.679,2.273,0.0,4.051,-1.885,0.0,,5.848,difference_arbres_moins_sans
c_09_00,2017-11,5.563,-4.403,7.265,2.7,0.0,3.671,-2.262,0.0,,14.085,difference_arbres_moins_sans
c_09_00,2017-12,5.172,-3.749,6.01,2.911,0.0,1.895,-3.099,0.0,,21.28,difference_arbres_moins_sans
c_09_00,2018-01,5.457,-3.553,5.978,3.033,0.0,1.199,-2.26,0.0,,27.657,difference_arbres_moins_sans
c_09_01,2017-01,29.254,-29.095,46.917,11.431,0.0,3.406,-4.256,0.0,,428.288,difference_arbres_moins_sans
c_09_01,2017-02,33.095,-15.774,39.861,9.008,0.0,1.504,-5.141,0.0,,473.588,difference_arbres_moins_sans
c_09_01,2017-03,37.902,-8.802,40.677,6.027,0.0,2.306,-5.159,0.0,,515.377,difference_arbres_moins_sans
c_09_01,2017-04,40.583,0.444,34.638,5.5,0.0,1.457,-5.233,0.0,,556.505,difference_arbres_moins_sans
c_09_01,2017-05,40.016,16.589,21.986,1.441,0.0,1.81,-4.157,0.0,,585.672,difference_arbres_moins_sans
c_09_01,2017-06,41.219,24.431,13.985,2.803,0.0,1.599,-3.858,0.0,,611.846,difference_arbres_moins_sans
c_09_01,2017-07,37.642,15.784,19.513,2.346,0.0,2.973,-3.411,0.0,,629.15,difference_arbres_moins_sans
c_09_01,2017-08,33.665,1.514,28.983,3.169,0.0,3.707,-3.537,0.0,,604.046,difference_arbres_moins_sans
c_09_01,2017-09,37.759,-0.746,36.143,2.362,0.0,3.378,-3.016,0.0,,521.065,difference_arbres_moins_sans
c_09_01,2017-10,38.644,-5.52,39.101,5.063,0.0,3.211,-2.887,0.0,,513.9,difference_arbres_moins_sans
c_09_01,2017-11,30.451,-13.538,34.563,9.425,0.0,4.385,-3.375,0.0,,555.273,difference_arbres_moins_sans
c_09_01,2017-12,28.268,-9.319,25.803,11.784,0.0,2.165,-4.468,0.0,,588.131,difference_arbres_moins_sans
c_09_01,2018-01,29.85,-2.154,19.453,12.552,0.0,1.45,-4.668,0.0,,612.351,difference_arbres_moins_sans
c_09_02,2017-01,16.633,-22.128,32.921,5.84,0.0,1.274,-1.617,0.0,,292.38,difference_arbres_moins_sans
c_09_02,2017-02,18.806,-9.363,24.502,3.667,0.0,0.21,-2.024,0.0,,322.971,difference_arbres_moins_sans
c_09_02,2017-03,21.557,-2.47,22.892,1.136,0.0,0.159,-1.958,0.0,,346.805,difference_arbres_moins_sans
c_09_02,2017-04,23.085,1.899,20.686,0.499,0.0,-0.12,-2.049,0.0,,370.647,difference_arbres_moins_sans
c_09_02,2017-05,22.822,10.99,14.532,-2.701,0.0,-0.631,-1.737,0.0,,388.753,difference_arbres_moins_sans
c_09_02,2017-06,23.22,12.938,12.176,-1.894,0.0,-0.746,-1.627,0.0,,412.318,difference_arbres_moins_sans
c_09_02,2017-07,21.233,5.857,17.333,-1.956,0.0,-0.276,-1.4,0.0,,426.129,difference_arbres_moins_sans
c_09_02,2017-08,18.997,-2.088,22.149,-1.063,0.0,-0.061,-1.494,0.0,,408.302,difference_arbres_moins_sans
c_09_02,2017-09,21.295,-4.734,27.992,-1.963,0.0,-0.525,-1.218,0.0,,341.318,difference_arbres_moins_sans
c_09_02,2017-10,21.737,-8.815,30.492,0.06,0.0,0.371,-1.18,0.0,,335.328,difference_arbres_moins_sans
c_09_02,2017-11,17.29,-14.016,27.16,4.145,0.0,1.322,-1.289,0.0,,358.667,difference_arbres_moins_sans
c_09_02,2017-12,16.013,-10.944,20.829,6.127,0.0,0.684,-1.725,0.0,,384.688,difference_arbres_moins_sans
c_09_02,2018-01,16.862,-6.106,16.335,6.634,0.0,0.445,-1.766,0.0,,405.03,difference_arbres_moins_sans
c_09_03,2017-01,20.463,-23.046,36.181,7.328,0.0,1.631,-1.76,0.0,,369.112,difference_arbres_moins_sans
c_09_03,2017-02,23.179,-11.46,29.698,4.942,0.0,0.4,-2.187,0.0,,403.437,difference_arbres_moins_sans
c_09_03,2017-03,26.581,-4.84,29.351,2.069,0.0,0.39,-2.122,0.0,,434.124,difference_arbres_moins_sans
c_09_03,2017-04,28.463,3.084,23.99,1.39,0.0,-0.031,-2.214,0.0,,463.319,difference_arbres_moins_sans
c_09_03,2017-05,28.13,16.234,14.119,-2.223,0.0,-1.151,-1.896,0.0,,482.744,difference_arbres_moins_sans
c_09_03,2017-06,29.421,21.886,7.997,-0.462,0.0,-1.4,-1.741,0.0,,497.047,difference_arbres_moins_sans
c_09_03,2017-07,26.889,14.053,13.467,-0.631,0.0,-1.109,-1.495,0.0,,506.383,difference_arbres_moins_sans
c_09_03,2017-08,24.053,1.333,22.438,0.282,0.0,-0.447,-1.588,0.0,,490.687,difference_arbres_moins_sans
c_09_03,2017-09,26.969,-1.74,29.368,-0.658,0.0,-1.196,-1.307,0.0,,432.215,difference_arbres_moins_sans
c_09_03,2017-10,27.559,-5.239,31.162,1.637,0.0,-0.073,-1.281,0.0,,428.859,difference_arbres_moins_sans
c_09_03,2017-11,21.325,-10.11,25.973,5.463,0.0,1.491,-1.408,0.0,,460.916,difference_arbres_moins_sans
c_09_03,2017-12,19.764,-5.928,17.982,7.71,0.0,0.747,-1.866,0.0,,484.731,difference_arbres_moins_sans
c_09_03,2018-01,20.852,-0.451,13.023,8.28,0.0,0.5,-1.907,0.0,,501.225,difference_arbres_moins_sans
c_09_04,2017-01,13.511,-22.612,30.805,5.319,0.0,1.707,-3.456,0.0,,224.275,difference_arbres_moins_sans
c_09_04,2017-02,15.361,-12.394,24.257,3.499,0.0,1.038,-4.285,0.0,,254.05,difference_arbres_moins_sans
c_09_04,2017-03,17.649,-1.851,18.125,1.376,0.0,1.596,-4.262,0.0,,274.663,difference_arbres_moins_sans
c_09_04,2017-04,18.901,0.864,17.242,0.795,0.0,1.249,-4.315,0.0,,293.961,difference_arbres_moins_sans
c_09_04,2017-05,18.723,7.132,13.437,-1.845,0.0,2.029,-3.394,0.0,,309.783,difference_arbres_moins_sans
c_09_04,2017-06,19.926,5.94,14.667,-0.681,0.0,2.185,-3.112,0.0,,328.971,difference_arbres_moins_sans
c_09_04,2017-07,18.221,-3.897,23.01,-0.893,0.0,3.105,-2.608,0.0,,348.342,difference_arbres_moins_sans
c_09_04,2017-08,16.301,-7.1,23.59,-0.188,0.0,2.878,-2.715,0.0,,324.552,difference_arbres_moins_sans
c_09_04,2017-09,18.274,-8.348,27.499,-0.876,0.0,3.447,-2.206,0.0,,245.654,difference_arbres_moins_sans
c_09_04,2017-10,18.653,-12.253,30.047,0.859,0.0,3.233,-2.219,0.0,,240.369,difference_arbres_moins_sans
c_09_04,2017-11,14.141,-17.932,28.203,3.869,0.0,3.056,-2.714,0.0,,265.849,difference_arbres_moins_sans
c_09_04,2017-12,13.091,-15.666,23.227,5.53,0.0,1.43,-3.668,0.0,,293.769,difference_arbres_moins_sans
c_09_04,2018-01,13.83,-13.937,21.756,6.012,0.0,1.209,-3.825,0.0,,317.797,difference_arbres_moins_sans
c_09_05,2017-01,24.936,-26.101,39.865,11.172,0.0,1.946,-3.92,0.0,,302.657,difference_arbres_moins_sans
c_09_05,2017-02,28.142,-13.109,31.23,10.021,0.0,0.777,-4.705,0.0,,340.803,difference_arbres_moins_sans
c_09_05,2017-03,32.179,-4.362,27.924,8.616,0.0,1.448,-4.711,0.0,,370.217,difference_arbres_moins_sans
c_09_05,2017-04,34.451,-0.648,26.468,8.632,0.0,0.929,-4.783,0.0,,399.947,difference_arbres_moins_sans
c_09_05,2017-05,33.891,8.705,19.119,6.067,0.0,2.349,-3.768,0.0,,423.502,difference_arbres_moins_sans
c_09_05,2017-06,32.029,14.662,12.021,5.345,0.0,2.351,-3.447,0.0,,438.438,difference_arbres_moins_sans
c_09_05,2017-07,29.243,4.73,19.805,4.708,0.0,3.595,-3.048,0.0,,462.782,difference_arbres_moins_sans
c_09_05,2017-08,26.152,-2.4,23.517,5.034,0.0,3.689,-3.202,0.0,,433.006,difference_arbres_moins_sans
c_09_05,2017-09,29.335,-3.465,28.076,4.724,0.0,4.071,-2.738,0.0,,339.211,difference_arbres_moins_sans
c_09_05,2017-10,30.035,-7.317,30.849,6.504,0.0,3.419,-2.596,0.0,,330.513,difference_arbres_moins_sans
c_09_05,2017-11,25.888,-19.089,34.976,10.0,0.0,3.468,-3.093,0.0,,373.197,difference_arbres_moins_sans
c_09_05,2017-12,24.066,-15.772,28.59,11.249,0.0,1.49,-4.117,0.0,,407.779,difference_arbres_moins_sans
c_09_05,2018-01,25.409,-8.567,22.067,11.909,0.0,0.889,-4.306,0.0,,435.836,difference_arbres_moins_sans
c_09_06,2017-01,18.105,-22.979,34.033,7.05,0.0,1.4,-2.012,0.0,,292.908,difference_arbres_moins_sans
c_09_06,2017-02,20.514,-11.832,27.202,5.146,0.0,0.328,-2.507,0.0,,325.544,difference_arbres_moins_sans
c_09_06,2017-03,23.523,-3.539,24.156,2.906,0.0,0.331,-2.483,0.0,,351.291,difference_arbres_moins_sans
c_09_06,2017-04,25.188,0.564,22.236,2.389,0.0,-0.034,-2.513,0.0,,376.661,difference_arbres_moins_sans
c_09_06,2017-05,24.884,9.503,16.009,-0.629,0.0,-0.533,-1.973,0.0,,396.345,difference_arbres_moins_sans
c_09_06,2017-06,26.235,12.518,13.106,0.61,0.0,-0.659,-1.757,0.0,,425.957,difference_arbres_moins_sans
c_09_06,2017-07,23.973,5.142,18.441,0.39,0.0,-0.092,-1.444,0.0,,441.82,difference_arbres_moins_sans
c_09_06,2017-08,21.444,-2.766,23.153,1.058,0.0,0.123,-1.522,0.0,,422.23,difference_arbres_moins_sans
c_09_06,2017-09,24.046,-5.494,29.164,0.376,0.0,-0.326,-1.213,0.0,,350.557,difference_arbres_moins_sans
c_09_06,2017-10,24.58,-9.532,31.783,2.33,0.0,0.445,-1.239,0.0,,344.163,difference_arbres_moins_sans
c_09_06,2017-11,18.877,-15.029,28.384,5.523,0.0,1.607,-1.547,0.0,,365.131,difference_arbres_moins_sans
c_09_06,2017-12,17.502,-11.943,22.122,7.323,0.0,0.823,-2.129,0.0,,392.546,difference_arbres_moins_sans
c_09_06,2018-01,18.477,-6.921,17.523,7.875,0.0,0.542,-2.207,0.0,,414.264,difference_arbres_moins_sans
c_09_07,2017-01,-0.091,-0.996,1.633,-0.728,0.0,0.87,0.25,0.0,,6.321,difference_arbres_moins_sans
c_09_07,2017-02,-0.067,-0.138,1.455,-1.384,0.0,0.251,0.416,0.0,,7.91,difference_arbres_moins_sans
c_09_07,2017-03,-0.043,0.447,1.69,-2.179,0.0,0.393,0.35,0.0,,9.54,difference_arbres_moins_sans
c_09_07,2017-04,-0.043,0.623,1.786,-2.452,0.0,0.269,0.444,0.0,,11.428,difference_arbres_moins_sans
c_09_07,2017-05,0.018,1.422,1.705,-3.109,0.0,0.04,0.375,0.0,,13.265,difference_arbres_moins_sans
c_09_07,2017-06,0.022,1.106,1.897,-2.982,0.0,0.022,0.372,0.0,,15.093,difference_arbres_moins_sans
c_09_07,2017-07,0.039,0.505,2.43,-2.895,0.0,0.089,0.399,0.0,,16.007,difference_arbres_moins_sans
c_09_07,2017-08,0.04,-0.514,3.042,-2.487,0.0,0.024,0.477,0.0,,7.736,difference_arbres_moins_sans
c_09_07,2017-09,0.037,0.131,2.75,-2.844,0.0,0.327,0.299,0.0,,-0.677,difference_arbres_moins_sans
c_09_07,2017-10,-0.005,0.466,1.971,-2.441,0.0,0.738,0.187,0.0,,0.18,difference_arbres_moins_sans
c_09_07,2017-11,-0.062,-0.385,1.468,-1.145,0.0,1.235,0.177,0.0,,2.015,difference_arbres_moins_sans
c_09_07,2017-12,-0.087,-0.63,1.18,-0.637,0.0,0.761,0.289,0.0,,3.427,difference_arbres_moins_sans
c_09_07,2018-01,-0.102,-0.777,1.274,-0.599,0.0,0.761,0.306,0.0,,4.723,difference_arbres_moins_sans
c_09_08,2017-01,5.15,-10.482,14.601,1.031,0.0,0.591,-1.332,0.0,,109.598,difference_arbres_moins_sans
c_09_08,2017-02,5.864,-6.706,12.863,-0.293,0.0,-0.118,-1.648,0.0,,123.846,difference_arbres_moins_sans
c_09_08,2017-03,6.758,-6.078,14.74,-1.903,0.0,0.018,-1.581,0.0,,138.198,difference_arbres_moins_sans
c_09_08,2017-04,7.239,-0.246,9.892,-2.408,0.0,-0.305,-1.65,0.0,,152.578,difference_arbres_moins_sans
c_09_08,2017-05,7.22,5.855,5.398,-4.034,0.0,-0.945,-1.324,0.0,,159.486,difference_arbres_moins_sans
c_09_08,2017-06,7.046,4.335,6.359,-3.647,0.0,-1.099,-1.195,0.0,,164.497,difference_arbres_moins_sans
c_09_08,2017-07,6.464,-2.349,12.324,-3.511,0.0,-0.568,-0.959,0.0,,172.872,difference_arbres_moins_sans
c_09_08,2017-08,5.788,-3.906,12.51,-2.816,0.0,-0.649,-1.023,0.0,,164.777,difference_arbres_moins_sans
c_09_08,2017-09,6.48,-4.301,14.246,-3.465,0.0,-0.797,-0.817,0.0,,123.874,difference_arbres_moins_sans
c_09_08,2017-10,6.571,-5.882,14.945,-2.492,0.0,0.019,-0.856,0.0,,119.6,difference_arbres_moins_sans
c_09_08,2017-11,5.391,-8.429,13.76,0.061,0.0,0.675,-1.026,0.0,,135.788,difference_arbres_moins_sans
c_09_08,2017-12,4.964,-7.54,11.298,1.205,0.0,0.311,-1.425,0.0,,149.346,difference_arbres_moins_sans
c_09_08,2018-01,5.219,-7.111,10.939,1.391,0.0,0.298,-1.477,0.0,,161.221,difference_arbres_moins_sans
c_09_09,2017-01,0.535,-3.122,4.412,-0.755,0.0,0.313,-0.775,0.0,,18.137,difference_arbres_moins_sans
c_09_09,2017-02,0.645,-1.635,3.932,-1.654,0.0,-0.168,-1.002,0.0,,22.449,difference_arbres_moins_sans
c_09_09,2017-03,0.779,-1.171,4.669,-2.72,0.0,-0.026,-0.88,0.0,,26.926,difference_arbres_moins_sans
c_09_09,2017-04,0.837,-0.976,4.894,-3.08,0.0,-0.199,-0.99,0.0,,32.162,difference_arbres_moins_sans
c_09_09,2017-05,0.9,0.551,4.354,-4.004,0.0,-0.269,-0.858,0.0,,36.936,difference_arbres_moins_sans
c_09_09,2017-06,0.866,0.133,4.554,-3.821,0.0,-0.383,-0.842,0.0,,41.65,difference_arbres_moins_sans
c_09_09,2017-07,0.816,-0.649,5.158,-3.691,0.0,-0.186,-0.684,0.0,,44.965,difference_arbres_moins_sans
c_09_09,2017-08,0.737,-1.631,5.541,-3.174,0.0,-0.255,-0.767,0.0,,31.734,difference_arbres_moins_sans
c_09_09,2017-09,0.815,-0.977,5.431,-3.639,0.0,-0.152,-0.601,0.0,,8.243,difference_arbres_moins_sans
c_09_09,2017-10,0.781,-1.115,4.969,-3.073,0.0,0.315,-0.576,0.0,,6.267,difference_arbres_moins_sans
c_09_09,2017-11,0.591,-2.38,4.327,-1.356,0.0,0.527,-0.626,0.0,,11.338,difference_arbres_moins_sans
c_09_09,2017-12,0.511,-2.422,3.571,-0.638,0.0,0.158,-0.858,0.0,,15.589,difference_arbres_moins_sans
c_09_09,2018-01,0.523,-2.594,3.705,-0.588,0.0,0.161,-0.857,0.0,,19.458,difference_arbres_moins_sans
c_09_10,2017-01,10.144,-14.082,19.442,4.783,0.0,1.243,-3.202,0.0,,155.805,difference_arbres_moins_sans
c_09_10,2017-02,11.482,-9.361,16.98,3.863,0.0,0.866,-3.952,0.0,,174.724,difference_arbres_moins_sans
c_09_10,2017-03,13.16,-6.856,17.246,2.77,0.0,1.379,-3.887,0.0,,193.256,difference_arbres_moins_sans
c_09_10,2017-04,14.093,0.628,10.893,2.571,0.0,1.09,-3.969,0.0,,207.754,difference_arbres_moins_sans
c_09_10,2017-05,13.917,4.564,8.39,0.964,0.0,1.643,-3.105,0.0,,217.704,difference_arbres_moins_sans
c_09_10,2017-06,14.225,3.581,8.542,2.103,0.0,1.568,-2.82,0.0,,225.705,difference_arbres_moins_sans
c_09_10,2017-07,12.997,-2.962,14.086,1.873,0.0,2.296,-2.296,0.0,,237.596,difference_arbres_moins_sans
c_09_10,2017-08,11.625,-5.417,14.958,2.084,0.0,2.207,-2.38,0.0,,228.683,difference_arbres_moins_sans
c_09_10,2017-09,13.037,-6.717,17.901,1.853,0.0,2.696,-1.948,0.0,,181.288,difference_arbres_moins_sans
c_09_10,2017-10,13.331,-8.735,19.222,2.844,0.0,2.486,-2.045,0.0,,176.828,difference_arbres_moins_sans
c_09_10,2017-11,10.563,-11.137,17.7,3.999,0.0,2.3,-2.496,0.0,,196.477,difference_arbres_moins_sans
c_09_10,2017-12,9.794,-9.304,14.223,4.875,0.0,1.047,-3.411,0.0,,213.783,difference_arbres_moins_sans
c_09_10,2018-01,10.333,-8.115,13.211,5.237,0.0,0.973,-3.543,0.0,,228.431,difference_arbres_moins_sans
c_10_00,2017-01,5.627,-6.248,8.842,3.034,0.0,1.718,-2.818,0.0,,36.706,difference_arbres_moins_sans
c_10_00,2017-02,6.368,-4.425,7.948,2.845,0.0,0.962,-3.394,0.0,,45.411,difference_arbres_moins_sans
c_10_00,2017-03,7.29,-4.57,9.319,2.541,0.0,1.746,-3.365,0.0,,54.362,difference_arbres_moins_sans
c_10_00,2017-04,7.804,-4.617,9.855,2.567,0.0,1.47,-3.438,0.0,,64.891,difference_arbres_moins_sans
c_10_00,2017-05,7.684,-2.692,8.329,2.048,0.0,2.67,-2.613,0.0,,74.279,difference_arbres_moins_sans
c_10_00,2017-06,7.942,-3.275,8.913,2.304,0.0,2.861,-2.282,0.0,,84.263,difference_arbres_moins_sans
c_10_00,2017-07,7.249,-4.601,9.901,1.949,0.0,3.364,-1.994,0.0,,94.061,difference_arbres_moins_sans
c_10_00,2017-08,6.481,-5.275,9.786,1.969,0.0,2.994,-2.063,0.0,,56.988,difference_arbres_moins_sans
c_10_00,2017-09,7.271,-5.075,10.309,2.037,0.0,4.285,-1.755,0.0,,5.775,difference_arbres_moins_sans
c_10_00,2017-10,7.452,-4.976,9.978,2.449,0.0,3.824,-1.695,0.0,,6.752,difference_arbres_moins_sans
c_10_00,2017-11,5.862,-5.645,8.676,2.831,0.0,3.386,-2.155,0.0,,16.657,difference_arbres_moins_sans
c_10_00,2017-12,5.449,-4.762,7.159,3.051,0.0,1.662,-2.963,0.0,,25.238,difference_arbres_moins_sans
c_10_00,2018-01,5.763,-4.449,7.019,3.194,0.0,1.446,-3.101,0.0,,32.786,difference_arbres_moins_sans
c_10_01,2017-01,16.235,-22.064,32.964,5.336,0.0,2.247,-1.802,0.0,,302.397,difference_arbres_moins_sans
c_10_01,2017-02,18.412,-12.424,27.837,3.0,0.0,0.761,-2.201,0.0,,334.142,difference_arbres_moins_sans
c_10_01,2017-03,21.136,-3.431,24.366,0.199,0.0,0.784,-2.219,0.0,,360.986,difference_arbres_moins_sans
c_10_01,2017-04,22.634,1.722,21.478,-0.566,0.0,0.288,-2.157,0.0,,386.048,difference_arbres_moins_sans
c_10_01,2017-05,22.409,11.61,14.591,-3.794,0.0,-0.705,-1.534,0.0,,404.603,difference_arbres_moins_sans
c_10_01,2017-06,23.488,15.592,10.663,-2.766,0.0,-0.987,-1.148,0.0,,430.48,difference_arbres_moins_sans
c_10_01,2017-07,21.482,8.958,15.278,-2.753,0.0,-0.2,-0.845,0.0,,441.873,difference_arbres_moins_sans
c_10_01,2017-08,19.22,-0.132,21.085,-1.733,0.0,0.135,-0.848,0.0,,424.797,difference_arbres_moins_sans
c_10_01,2017-09,21.545,-3.493,27.823,-2.786,0.0,-0.341,-0.663,0.0,,362.492,difference_arbres_moins_sans
c_10_01,2017-10,21.983,-7.404,30.028,-0.641,0.0,0.582,-0.802,0.0,,357.402,difference_arbres_moins_sans
c_10_01,2017-11,16.938,-12.749,26.089,3.598,0.0,2.34,-1.302,0.0,,378.585,difference_arbres_moins_sans
c_10_01,2017-12,15.679,-9.581,19.571,5.688,0.0,1.388,-1.876,0.0,,403.345,difference_arbres_moins_sans
c_10_01,2018-01,16.533,-4.566,14.905,6.195,0.0,1.06,-1.946,0.0,,422.1,difference_arbres_moins_sans
c_10_02,2017-01,14.854,-24.413,35.731,3.536,0.0,2.277,-2.154,0.0,,298.115,difference_arbres_moins_sans
c_10_02,2017-02,16.867,-14.342,30.769,0.44,0.0,0.917,-2.659,0.0,,332.732,difference_arbres_moins_sans
c_10_02,2017-03,19.396,-4.201,26.823,-3.227,0.0,0.956,-2.659,0.0,,362.434,difference_arbres_moins_sans
c_10_02,2017-04,20.774,0.828,24.279,-4.333,0.0,0.53,-2.625,0.0,,390.377,difference_arbres_moins_sans
c_10_02,2017-05,20.639,11.868,16.998,-8.227,0.0,-0.295,-1.885,0.0,,411.629,difference_arbres_moins_sans
c_10_02,2017-06,20.745,13.945,14.016,-7.217,0.0,-0.393,-1.589,0.0,,430.682,difference_arbres_moins_sans
c_10_02,2017-07,19.001,7.379,18.617,-6.994,0.0,0.25,-1.177,0.0,,443.361,difference_arbres_moins_sans
c_10_02,2017-08,17.008,-0.759,23.293,-5.528,0.0,0.488,-1.198,0.0,,421.278,difference_arbres_moins_sans
c_10_02,2017-09,19.052,-4.018,30.088,-7.018,0.0,0.146,-0.955,0.0,,348.387,difference_arbres_moins_sans
c_10_02,2017-10,19.38,-9.229,33.139,-4.53,0.0,1.023,-1.113,0.0,,341.192,difference_arbres_moins_sans
c_10_02,2017-11,15.51,-15.796,30.0,1.305,0.0,2.649,-1.589,0.0,,374.214,difference_arbres_moins_sans
c_10_02,2017-12,14.318,-12.997,23.348,3.968,0.0,1.601,-2.288,0.0,,403.17,difference_arbres_moins_sans
c_10_02,2018-01,15.069,-7.178,17.778,4.47,0.0,1.249,-2.386,0.0,,425.635,difference_arbres_moins_sans
c_10_03,2017-01,11.532,-18.28,25.78,4.033,0.0,1.325,-1.857,0.0,,198.591,difference_arbres_moins_sans
c_10_03,2017-02,13.081,-11.918,22.668,2.33,0.0,0.305,-2.302,0.0,,223.769,difference_arbres_moins_sans
c_10_03,2017-03,15.019,-1.857,16.538,0.338,0.0,0.277,-2.319,0.0,,244.336,difference_arbres_moins_sans
c_10_03,2017-04,16.085,1.915,14.371,-0.202,0.0,-0.119,-2.275,0.0,,260.68,difference_arbres_moins_sans
c_10_03,2017-05,15.933,7.27,11.26,-2.597,0.0,-0.624,-1.626,0.0,,273.92,difference_arbres_moins_sans
c_10_03,2017-06,16.108,6.04,11.795,-1.727,0.0,-0.227,-1.257,0.0,,287.561,difference_arbres_moins_sans
c_10_03,2017-07,14.735,-2.246,18.729,-1.748,0.0,0.344,-0.957,0.0,,302.814,difference_arbres_moins_sans
c_10_03,2017-08,13.185,-5.328,19.591,-1.077,0.0,0.33,-0.973,0.0,,286.672,difference_arbres_moins_sans
c_10_03,2017-09,14.777,-6.917,23.47,-1.775,0.0,0.157,-0.745,0.0,,222.164,difference_arbres_moins_sans
c_10_03,2017-10,15.072,-10.104,25.451,-0.275,0.0,0.643,-0.865,0.0,,217.041,difference_arbres_moins_sans
c_10_03,2017-11,12.033,-14.099,23.412,2.721,0.0,1.571,-1.346,0.0,,240.883,difference_arbres_moins_sans
c_10_03,2017-12,11.134,-12.229,19.127,4.235,0.0,0.882,-1.956,0.0,,263.947,difference_arbres_moins_sans
c_10_03,2018-01,11.737,-10.776,17.895,4.619,0.0,0.742,-2.051,0.0,,283.73,difference_arbres_moins_sans
c_10_04,2017-01,20.52,-24.028,37.341,7.207,0.0,2.096,-2.387,0.0,,353.556,difference_arbres_moins_sans
c_10_04,2017-02,23.209,-12.985,31.404,4.79,0.0,0.704,-2.952,0.0,,389.364,difference_arbres_moins_sans
c_10_04,2017-03,26.599,-4.807,29.508,1.898,0.0,0.796,-2.97,0.0,,421.181,difference_arbres_moins_sans
c_10_04,2017-04,28.482,2.559,24.77,1.154,0.0,0.225,-2.931,0.0,,450.571,difference_arbres_moins_sans
c_10_04,2017-05,28.138,14.696,15.864,-2.422,0.0,-0.751,-2.147,0.0,,471.431,difference_arbres_moins_sans
c_10_04,2017-06,28.711,19.223,10.955,-1.466,0.0,-0.921,-1.842,0.0,,492.561,difference_arbres_moins_sans
c_10_04,2017-07,26.244,11.998,15.775,-1.528,0.0,-0.218,-1.406,0.0,,504.773,difference_arbres_moins_sans
c_10_04,2017-08,23.477,0.87,23.168,-0.561,0.0,0.331,-1.437,0.0,,485.395,difference_arbres_moins_sans
c_10_04,2017-09,26.322,-2.443,30.301,-1.537,0.0,-0.354,-1.146,0.0,,417.793,difference_arbres_moins_sans
c_10_04,2017-10,26.888,-6.672,32.728,0.832,0.0,0.428,-1.289,0.0,,412.323,difference_arbres_moins_sans
c_10_04,2017-11,21.344,-12.367,28.359,5.352,0.0,2.221,-1.789,0.0,,442.562,difference_arbres_moins_sans
c_10_04,2017-12,19.78,-8.56,20.778,7.562,0.0,1.196,-2.529,0.0,,469.22,difference_arbres_moins_sans
c_10_04,2018-01,20.849,-2.748,15.473,8.124,0.0,0.862,-2.647,0.0,,488.778,difference_arbres_moins_sans
c_10_05,2017-01,32.254,-28.987,47.738,13.504,0.0,3.239,-4.21,0.0,,396.212,difference_arbres_moins_sans
c_10_05,2017-02,36.422,-16.578,41.173,11.825,0.0,1.339,-5.068,0.0,,442.626,difference_arbres_moins_sans
c_10_05,2017-03,41.655,-11.176,43.082,9.748,0.0,2.167,-5.083,0.0,,486.278,difference_arbres_moins_sans
c_10_05,2017-04,44.597,-2.556,37.607,9.546,0.0,1.327,-5.161,0.0,,530.506,difference_arbres_moins_sans
c_10_05,2017-05,43.88,12.76,24.896,6.224,0.0,1.823,-4.08,0.0,,562.675,difference_arbres_moins_sans
c_10_05,2017-06,42.865,26.741,10.336,5.788,0.0,1.339,-3.748,0.0,,597.872,difference_arbres_moins_sans
c_10_05,2017-07,39.132,17.871,16.05,5.212,0.0,2.708,-3.291,0.0,,618.569,difference_arbres_moins_sans
c_10_05,2017-08,34.995,3.555,25.7,5.741,0.0,3.498,-3.455,0.0,,587.126,difference_arbres_moins_sans
c_10_05,2017-09,39.256,1.512,32.492,5.253,0.0,3.123,-2.948,0.0,,493.282,difference_arbres_moins_sans
c_10_05,2017-10,40.204,-2.888,35.409,7.683,0.0,2.913,-2.808,0.0,,483.458,difference_arbres_moins_sans
c_10_05,2017-11,33.508,-16.171,37.743,11.935,0.0,4.262,-3.325,0.0,,522.105,difference_arbres_moins_sans
c_10_05,2017-12,31.149,-11.947,29.419,13.677,0.0,2.095,-4.416,0.0,,558.698,difference_arbres_moins_sans
c_10_05,2018-01,32.898,-4.291,22.728,14.462,0.0,1.328,-4.613,0.0,,586.539,difference_arbres_moins_sans
c_10_06,2017-01,13.184,-18.224,25.893,5.515,0.0,1.214,-1.715,0.0,,193.828,difference_arbres_moins_sans
c_10_06,2017-02,14.93,-12.118,22.832,4.215,0.0,0.254,-2.078,0.0,,219.157,difference_arbres_moins_sans
c_10_06,2017-03,17.114,-3.291,17.706,2.698,0.0,0.321,-2.085,0.0,,240.845,difference_arbres_moins_sans
c_10_06,2017-04,18.325,1.55,14.398,2.378,0.0,-0.097,-2.033,0.0,,257.426,difference_arbres_moins_sans
c_10_06,2017-05,18.098,6.493,11.315,0.291,0.0,-0.421,-1.426,0.0,,270.711,difference_arbres_moins_sans
c_10_06,2017-06,18.982,5.511,12.386,1.087,0.0,-0.103,-1.068,0.0,,297.63,difference_arbres_moins_sans
c_10_06,2017-07,17.346,-3.151,19.631,0.866,0.0,0.513,-0.765,0.0,,314.638,difference_arbres_moins_sans
c_10_06,2017-08,15.516,-6.333,20.539,1.309,0.0,0.508,-0.751,0.0,,297.091,difference_arbres_moins_sans
c_10_06,2017-09,17.398,-7.89,24.43,0.859,0.0,0.351,-0.602,0.0,,228.437,difference_arbres_moins_sans
c_10_06,2017-10,17.785,-10.902,26.452,2.234,0.0,0.759,-0.754,0.0,,222.91,difference_arbres_moins_sans
c_10_06,2017-11,13.735,-14.466,23.759,4.442,0.0,1.585,-1.246,0.0,,234.127,difference_arbres_moins_sans
c_10_06,2017-12,12.735,-12.443,19.538,5.64,0.0,0.822,-1.784,0.0,,257.611,difference_arbres_moins_sans
c_10_06,2018-01,13.441,-11.016,18.393,6.062,0.0,0.676,-1.851,0.0,,277.877,difference_arbres_moins_sans
c_10_07,2017-01,7.537,-13.407,18.217,2.727,0.0,0.366,-1.068,0.0,,121.064,difference_arbres_moins_sans
c_10_07,2017-02,8.571,-9.115,16.182,1.504,0.0,-0.044,-1.301,0.0,,138.92,difference_arbres_moins_sans
c_10_07,2017-03,9.855,-8.892,18.727,0.02,0.0,0.003,-1.317,0.0,,157.056,difference_arbres_moins_sans
c_10_07,2017-04,10.555,0.26,10.666,-0.371,0.0,-0.199,-1.272,0.0,,174.018,difference_arbres_moins_sans
c_10_07,2017-05,10.473,5.997,6.569,-2.093,0.0,-0.103,-0.856,0.0,,181.937,difference_arbres_moins_sans
c_10_07,2017-06,10.81,3.837,8.411,-1.437,0.0,-0.153,-0.637,0.0,,194.912,difference_arbres_moins_sans
c_10_07,2017-07,9.893,-5.25,16.642,-1.499,0.0,0.177,-0.424,0.0,,207.762,difference_arbres_moins_sans
c_10_07,2017-08,8.853,-6.352,16.164,-0.958,0.0,0.137,-0.407,0.0,,191.868,difference_arbres_moins_sans
c_10_07,2017-09,9.921,-7.098,18.511,-1.492,0.0,0.043,-0.308,0.0,,131.553,difference_arbres_moins_sans
c_10_07,2017-10,10.11,-9.076,19.583,-0.396,0.0,0.516,-0.446,0.0,,127.194,difference_arbres_moins_sans
c_10_07,2017-11,7.888,-11.499,17.602,1.785,0.0,0.58,-0.74,0.0,,140.242,difference_arbres_moins_sans
c_10_07,2017-12,7.292,-10.146,14.571,2.867,0.0,0.201,-1.12,0.0,,157.673,difference_arbres_moins_sans
c_10_07,2018-01,7.694,-9.639,14.196,3.137,0.0,0.07,-1.169,0.0,,173.03,difference_arbres_moins_sans
c_10_08,2017-01,23.221,-24.53,37.322,10.429,0.0,2.051,-3.504,0.0,,325.658,difference_arbres_moins_sans
c_10_08,2017-02,26.235,-10.926,27.947,9.214,0.0,0.909,-4.289,0.0,,360.334,difference_arbres_moins_sans
c_10_08,2017-03,30.015,-4.49,26.684,7.82,0.0,1.635,-4.312,0.0,,387.954,difference_arbres_moins_sans
c_10_08,2017-04,32.135,0.184,24.281,7.669,0.0,1.08,-4.347,0.0,,415.851,difference_arbres_moins_sans
c_10_08,2017-05,31.632,9.74,16.745,5.147,0.0,1.583,-3.443,0.0,,436.957,difference_arbres_moins_sans
c_10_08,2017-06,21.18,41.232,-18.35,-1.703,0.0,0.579,-2.993,0.0,,446.718,difference_arbres_moins_sans
c_10_08,2017-07,19.399,30.612,-9.27,-1.942,0.0,1.315,-2.5,0.0,,465.68,difference_arbres_moins_sans
c_10_08,2017-08,17.364,18.59,-0.31,-0.915,0.0,1.623,-2.656,0.0,,440.033,difference_arbres_moins_sans
c_10_08,2017-09,19.452,17.809,3.676,-2.033,0.0,1.864,-2.176,0.0,,363.798,difference_arbres_moins_sans
c_10_08,2017-10,19.788,17.107,2.664,0.016,0.0,1.711,-2.161,0.0,,357.044,difference_arbres_moins_sans
c_10_08,2017-11,24.138,-15.603,30.415,9.327,0.0,3.227,-2.753,0.0,,400.789,difference_arbres_moins_sans
c_10_08,2017-12,22.434,-11.557,23.395,10.595,0.0,1.447,-3.684,0.0,,430.016,difference_arbres_moins_sans
c_10_08,2018-01,23.696,-5.506,17.97,11.233,0.0,1.026,-3.838,0.0,,452.628,difference_arbres_moins_sans
c_10_09,2017-01,14.545,-16.03,23.676,6.898,0.0,0.279,-1.056,0.0,,151.853,difference_arbres_moins_sans
c_10_09,2017-02,16.34,-11.038,21.008,6.37,0.0,-0.102,-1.323,0.0,,175.066,difference_arbres_moins_sans
c_10_09,2017-03,18.65,-8.145,21.071,5.723,0.0,-0.214,-1.242,0.0,,198.121,difference_arbres_moins_sans
c_10_09,2017-04,19.966,2.506,11.649,5.811,0.0,-0.464,-1.331,0.0,,214.609,difference_arbres_moins_sans
c_10_09,2017-05,19.614,5.948,9.291,4.374,0.0,-0.575,-1.264,0.0,,225.428,difference_arbres_moins_sans
c_10_09,2017-06,17.687,8.041,6.222,3.425,0.0,-0.543,-1.214,0.0,,238.869,difference_arbres_moins_sans
c_10_09,2017-07,16.151,-2.624,15.664,3.111,0.0,0.105,-1.043,0.0,,256.605,difference_arbres_moins_sans
c_10_09,2017-08,14.444,-5.205,16.408,3.241,0.0,0.097,-1.152,0.0,,233.427,difference_arbres_moins_sans
c_10_09,2017-09,16.202,-5.234,18.284,3.151,0.0,-0.208,-0.979,0.0,,157.968,difference_arbres_moins_sans
c_10_09,2017-10,16.585,-6.843,19.34,4.088,0.0,-0.019,-0.88,0.0,,151.519,difference_arbres_moins_sans
c_10_09,2017-11,15.014,-13.994,22.757,6.251,0.0,0.194,-0.942,0.0,,173.829,difference_arbres_moins_sans
c_10_09,2017-12,13.959,-12.028,19.122,6.866,0.0,0.07,-1.142,0.0,,196.527,difference_arbres_moins_sans
c_10_09,2018-01,14.696,-11.304,18.766,7.235,0.0,0.015,-1.128,0.0,,216.762,difference_arbres_moins_sans
c_10_10,2017-01,13.071,-15.939,22.291,6.719,0.0,1.242,-3.282,0.0,,142.279,difference_arbres_moins_sans
c_10_10,2017-02,14.747,-11.33,19.852,6.225,0.0,0.668,-4.045,0.0,,164.182,difference_arbres_moins_sans
c_10_10,2017-03,16.861,-9.843,21.018,5.685,0.0,1.431,-4.046,0.0,,186.206,difference_arbres_moins_sans
c_10_10,2017-04,18.051,1.937,10.353,5.76,0.0,0.928,-4.078,0.0,,202.363,difference_arbres_moins_sans
c_10_10,2017-05,17.756,5.096,8.218,4.441,0.0,1.96,-3.177,0.0,,211.993,difference_arbres_moins_sans
c_10_10,2017-06,18.041,2.741,10.439,4.861,0.0,2.038,-2.891,0.0,,225.172,difference_arbres_moins_sans
c_10_10,2017-07,16.465,-7.651,19.685,4.431,0.0,2.998,-2.441,0.0,,242.801,difference_arbres_moins_sans
c_10_10,2017-08,14.723,-8.854,19.142,4.435,0.0,2.739,-2.545,0.0,,219.26,difference_arbres_moins_sans
c_10_10,2017-09,16.518,-9.369,21.429,4.457,0.0,3.458,-2.057,0.0,,146.476,difference_arbres_moins_sans
c_10_10,2017-10,16.929,-11.252,22.837,5.342,0.0,3.081,-2.068,0.0,,141.814,difference_arbres_moins_sans
c_10_10,2017-11,13.565,-14.0,21.385,6.18,0.0,2.534,-2.571,0.0,,161.175,difference_arbres_moins_sans
c_10_10,2017-12,12.61,-11.987,17.911,6.687,0.0,1.028,-3.477,0.0,,182.492,difference_arbres_moins_sans
c_10_10,2018-01,13.312,-11.185,17.419,7.078,0.0,0.812,-3.636,0.0,,201.353,difference_arbres_moins_sans
c_11_00,2017-01,0.983,0.716,-0.34,0.608,0.0,0.171,-0.16,0.0,,-1.097,difference_arbres_moins_sans
c_11_00,2017-02,1.117,0.802,-0.276,0.591,0.0,0.02,-0.165,0.0,,-1.408,difference_arbres_moins_sans
c_11_00,2017-03,1.28,1.224,-0.441,0.497,0.0,0.054,-0.153,0.0,,-1.797,difference_arbres_moins_sans
c_11_00,2017-04,1.371,1.266,-0.421,0.526,0.0,0.06,-0.17,0.0,,-2.281,difference_arbres_moins_sans
c_11_00,2017-05,1.351,1.457,-0.532,0.425,0.0,0.227,-0.135,0.0,,-2.738,difference_arbres_moins_sans
c_11_00,2017-06,1.373,1.223,-0.33,0.48,0.0,0.182,-0.134,0.0,,-3.098,difference_arbres_moins_sans
c_11_00,2017-07,1.253,0.769,0.114,0.37,0.0,0.145,-0.14,0.0,,-2.908,difference_arbres_moins_sans
c_11_00,2017-08,1.12,0.081,0.669,0.37,0.0,0.217,-0.139,0.0,,0.308,difference_arbres_moins_sans
c_11_00,2017-09,1.257,0.939,-0.073,0.391,0.0,0.192,-0.14,0.0,,-0.062,difference_arbres_moins_sans
c_11_00,2017-10,1.288,1.317,-0.503,0.473,0.0,0.238,-0.119,0.0,,-0.36,difference_arbres_moins_sans
c_11_00,2017-11,1.029,0.927,-0.465,0.567,0.0,0.295,-0.127,0.0,,-0.96,difference_arbres_moins_sans
c_11_00,2017-12,0.956,0.659,-0.303,0.601,0.0,0.201,-0.161,0.0,,-1.366,difference_arbres_moins_sans
c_11_00,2018-01,1.014,0.675,-0.289,0.627,0.0,0.127,-0.167,0.0,,-1.686,difference_arbres_moins_sans
c_11_01,2017-01,6.957,-15.965,21.392,1.531,0.0,0.749,-0.993,0.0,,147.302,difference_arbres_moins_sans
c_11_01,2017-02,7.925,-10.744,18.994,-0.325,0.0,0.173,-1.207,0.0,,168.263,difference_arbres_moins_sans
c_11_01,2017-03,9.137,-5.64,17.318,-2.54,0.0,0.213,-1.237,0.0,,188.493,difference_arbres_moins_sans
c_11_01,2017-04,9.787,3.155,9.802,-3.17,0.0,-0.06,-1.159,0.0,,201.711,difference_arbres_moins_sans
c_11_01,2017-05,9.766,7.334,7.873,-5.442,0.0,-0.04,-0.765,0.0,,210.865,difference_arbres_moins_sans
c_11_01,2017-06,10.051,5.014,9.893,-4.856,0.0,-0.016,-0.603,0.0,,224.982,difference_arbres_moins_sans
c_11_01,2017-07,9.22,-4.163,18.12,-4.737,0.0,0.396,-0.389,0.0,,238.165,difference_arbres_moins_sans
c_11_01,2017-08,8.255,-5.573,17.656,-3.827,0.0,0.301,-0.358,0.0,,220.873,difference_arbres_moins_sans
c_11_01,2017-09,9.243,-6.673,20.638,-4.723,0.0,0.264,-0.277,0.0,,157.845,difference_arbres_moins_sans
c_11_01,2017-10,9.375,-9.499,22.146,-3.272,0.0,0.811,-0.423,0.0,,153.665,difference_arbres_moins_sans
c_11_01,2017-11,7.287,-13.311,20.401,0.196,0.0,1.117,-0.697,0.0,,170.742,difference_arbres_moins_sans
c_11_01,2017-12,6.706,-11.939,16.898,1.746,0.0,0.528,-1.048,0.0,,190.948,difference_arbres_moins_sans
c_11_01,2018-01,7.051,-11.438,16.459,2.029,0.0,0.383,-1.099,0.0,,208.754,difference_arbres_moins_sans
c_11_02,2017-01,6.09,-11.755,16.024,1.82,0.0,0.372,-0.683,0.0,,103.134,difference_arbres_moins_sans
c_11_02,2017-02,6.893,-8.003,14.329,0.568,0.0,-0.051,-0.827,0.0,,118.867,difference_arbres_moins_sans
c_11_02,2017-03,7.92,-7.893,16.735,-0.922,0.0,0.031,-0.873,0.0,,135.028,difference_arbres_moins_sans
c_11_02,2017-04,8.483,-3.251,13.126,-1.393,0.0,-0.156,-0.787,0.0,,152.666,difference_arbres_moins_sans
c_11_02,2017-05,8.426,6.257,5.169,-3.0,0.0,-0.129,-0.474,0.0,,160.705,difference_arbres_moins_sans
c_11_02,2017-06,8.288,3.804,7.129,-2.646,0.0,-0.139,-0.401,0.0,,168.661,difference_arbres_moins_sans
c_11_02,2017-07,7.595,-4.9,15.098,-2.603,0.0,0.234,-0.226,0.0,,179.669,difference_arbres_moins_sans
c_11_02,2017-08,6.799,-5.662,14.45,-1.99,0.0,0.14,-0.182,0.0,,162.998,difference_arbres_moins_sans
c_11_02,2017-09,7.615,-6.252,16.44,-2.574,0.0,0.117,-0.134,0.0,,105.159,difference_arbres_moins_sans
c_11_02,2017-10,7.74,-7.981,17.258,-1.538,0.0,0.549,-0.281,0.0,,101.068,difference_arbres_moins_sans
c_11_02,2017-11,6.334,-10.32,15.756,0.897,0.0,0.64,-0.461,0.0,,116.264,difference_arbres_moins_sans
c_11_02,2017-12,5.842,-9.203,13.1,1.945,0.0,0.206,-0.72,0.0,,131.877,difference_arbres_moins_sans
c_11_02,2018-01,6.132,-9.113,13.083,2.162,0.0,0.095,-0.768,0.0,,145.845,difference_arbres_moins_sans
c_11_03,2017-01,13.767,-19.561,27.447,5.881,0.0,1.363,-1.629,0.0,,208.129,difference_arbres_moins_sans
c_11_03,2017-02,15.587,-11.908,22.891,4.605,0.0,0.327,-1.943,0.0,,234.874,difference_arbres_moins_sans
c_11_03,2017-03,17.865,-1.424,16.15,3.139,0.0,0.396,-1.941,0.0,,254.285,difference_arbres_moins_sans
c_11_03,2017-04,19.129,1.206,15.131,2.792,0.0,0.016,-1.893,0.0,,271.333,difference_arbres_moins_sans
c_11_03,2017-05,18.887,6.433,11.768,0.686,0.0,-0.276,-1.313,0.0,,285.227,difference_arbres_moins_sans
c_11_03,2017-06,19.038,5.17,12.533,1.335,0.0,0.031,-0.922,0.0,,294.099,difference_arbres_moins_sans
c_11_03,2017-07,17.395,-3.753,20.06,1.089,0.0,0.659,-0.639,0.0,,311.533,difference_arbres_moins_sans
c_11_03,2017-08,15.56,-6.677,20.717,1.519,0.0,0.65,-0.611,0.0,,293.081,difference_arbres_moins_sans
c_11_03,2017-09,17.448,-8.142,24.504,1.086,0.0,0.513,-0.505,0.0,,222.975,difference_arbres_moins_sans
c_11_03,2017-10,17.837,-11.155,26.543,2.449,0.0,0.889,-0.668,0.0,,217.42,difference_arbres_moins_sans
c_11_03,2017-11,14.342,-15.341,24.869,4.814,0.0,1.777,-1.183,0.0,,248.678,difference_arbres_moins_sans
c_11_03,2017-12,13.301,-13.026,20.32,6.008,0.0,0.903,-1.691,0.0,,273.189,difference_arbres_moins_sans
c_11_03,2018-01,14.04,-11.347,18.938,6.45,0.0,0.413,-1.779,0.0,,294.166,difference_arbres_moins_sans
c_11_04,2017-01,29.038,-28.379,44.882,12.535,0.0,2.452,-4.17,0.0,,368.255,difference_arbres_moins_sans
c_11_04,2017-02,32.778,-16.16,37.814,11.123,0.0,0.907,-5.016,0.0,,411.79,difference_arbres_moins_sans
c_11_04,2017-03,37.482,-6.538,34.677,9.343,0.0,1.598,-5.029,0.0,,448.789,difference_arbres_moins_sans
c_11_04,2017-04,40.13,-0.904,31.726,9.308,0.0,0.926,-5.108,0.0,,485.106,difference_arbres_moins_sans
c_11_04,2017-05,39.479,11.845,21.391,6.243,0.0,1.913,-4.037,0.0,,512.511,difference_arbres_moins_sans
c_11_04,2017-06,38.25,21.017,11.629,5.605,0.0,1.824,-3.722,0.0,,535.823,difference_arbres_moins_sans
c_11_04,2017-07,34.922,12.329,17.594,4.999,0.0,3.023,-3.268,0.0,,558.253,difference_arbres_moins_sans
c_11_04,2017-08,31.23,1.081,24.713,5.436,0.0,3.471,-3.433,0.0,,527.449,difference_arbres_moins_sans
c_11_04,2017-09,35.032,-0.599,30.602,5.028,0.0,3.557,-2.933,0.0,,433.516,difference_arbres_moins_sans
c_11_04,2017-10,35.873,-5.08,33.766,7.188,0.0,3.094,-2.793,0.0,,423.737,difference_arbres_moins_sans
c_11_04,2017-11,30.154,-17.988,36.989,11.152,0.0,3.696,-3.296,0.0,,464.006,difference_arbres_moins_sans
c_11_04,2017-12,28.032,-13.82,29.182,12.671,0.0,1.575,-4.376,0.0,,500.029,difference_arbres_moins_sans
c_11_04,2018-01,29.6,-5.111,21.297,13.414,0.0,0.789,-4.572,0.0,,527.284,difference_arbres_moins_sans
c_11_05,2017-01,29.286,-28.496,45.167,12.615,0.0,2.542,-4.153,0.0,,372.067,difference_arbres_moins_sans
c_11_05,2017-02,33.057,-16.371,38.253,11.175,0.0,0.965,-4.994,0.0,,415.891,difference_arbres_moins_sans
c_11_05,2017-03,37.801,-6.668,35.07,9.399,0.0,1.645,-5.007,0.0,,453.41,difference_arbres_moins_sans
c_11_05,2017-04,40.471,-0.871,31.999,9.343,0.0,0.964,-5.085,0.0,,490.092,difference_arbres_moins_sans
c_11_05,2017-05,39.815,12.086,21.479,6.25,0.0,1.895,-4.019,0.0,,517.681,difference_arbres_moins_sans
c_11_05,2017-06,40.079,17.15,16.206,6.723,0.0,2.003,-3.707,0.0,,537.187,difference_arbres_moins_sans
c_11_05,2017-07,36.581,8.742,21.791,6.049,0.0,3.264,-3.265,0.0,,559.387,difference_arbres_moins_sans
c_11_05,2017-08,32.711,-2.069,28.397,6.383,0.0,3.692,-3.42,0.0,,528.686,difference_arbres_moins_sans
c_11_05,2017-09,36.698,-4.177,34.791,6.083,0.0,3.79,-2.917,0.0,,434.777,difference_arbres_moins_sans
c_11_05,2017-10,37.602,-8.929,38.321,8.21,0.0,3.298,-2.778,0.0,,425.015,difference_arbres_moins_sans
c_11_05,2017-11,30.411,-17.886,37.078,11.218,0.0,3.762,-3.281,0.0,,469.248,difference_arbres_moins_sans
c_11_05,2017-12,28.271,-13.662,29.18,12.753,0.0,1.661,-4.357,0.0,,505.319,difference_arbres_moins_sans
c_11_05,2018-01,29.852,-4.94,21.291,13.501,0.0,0.866,-4.551,0.0,,532.528,difference_arbres_moins_sans
c_11_06,2017-01,6.23,-10.59,14.083,2.736,0.0,0.064,-0.749,0.0,,75.226,difference_arbres_moins_sans
c_11_06,2017-02,7.085,-7.499,12.594,1.99,0.0,-0.221,-0.869,0.0,,89.067,difference_arbres_moins_sans
c_11_06,2017-03,8.138,-7.738,14.763,1.113,0.0,-0.129,-0.893,0.0,,103.277,difference_arbres_moins_sans
c_11_06,2017-04,8.716,-7.565,15.39,0.89,0.0,-0.265,-0.822,0.0,,119.843,difference_arbres_moins_sans
c_11_06,2017-05,8.63,-1.37,10.213,-0.215,0.0,0.019,-0.503,0.0,,134.014,difference_arbres_moins_sans
c_11_06,2017-06,8.633,2.238,6.298,0.097,0.0,-0.026,-0.284,0.0,,140.147,difference_arbres_moins_sans
c_11_06,2017-07,7.893,-5.662,13.562,-0.007,0.0,0.342,-0.122,0.0,,150.734,difference_arbres_moins_sans
c_11_06,2017-08,7.062,-6.123,12.906,0.279,0.0,0.205,-0.057,0.0,,127.126,difference_arbres_moins_sans
c_11_06,2017-09,7.917,-6.454,14.327,0.044,0.0,0.34,-0.067,0.0,,63.207,difference_arbres_moins_sans
c_11_06,2017-10,8.082,-7.377,14.694,0.766,0.0,0.5,-0.215,0.0,,59.671,difference_arbres_moins_sans
c_11_06,2017-11,6.523,-9.519,13.887,2.155,0.0,0.343,-0.514,0.0,,76.327,difference_arbres_moins_sans
c_11_06,2017-12,6.042,-8.269,11.506,2.805,0.0,-0.067,-0.761,0.0,,90.081,difference_arbres_moins_sans
c_11_06,2018-01,6.387,-7.947,11.301,3.034,0.0,-0.177,-0.787,0.0,,102.246,difference_arbres_moins_sans
c_11_07,2017-01,16.682,-20.401,29.847,7.236,0.0,1.229,-1.933,0.0,,233.249,difference_arbres_moins_sans
c_11_07,2017-02,18.847,-11.577,24.437,5.987,0.0,0.247,-2.37,0.0,,262.227,difference_arbres_moins_sans
c_11_07,2017-03,21.575,-1.767,18.826,4.517,0.0,0.267,-2.355,0.0,,283.696,difference_arbres_moins_sans
c_11_07,2017-04,23.1,1.182,17.709,4.21,0.0,-0.086,-2.355,0.0,,303.635,difference_arbres_moins_sans
c_11_07,2017-05,22.773,7.18,13.614,1.978,0.0,-0.393,-1.747,0.0,,319.788,difference_arbres_moins_sans
c_11_07,2017-06,22.844,6.35,13.754,2.74,0.0,-0.448,-1.362,0.0,,336.267,difference_arbres_moins_sans
c_11_07,2017-07,20.864,-2.405,20.886,2.382,0.0,0.284,-1.063,0.0,,355.13,difference_arbres_moins_sans
c_11_07,2017-08,18.66,-6.463,22.404,2.718,0.0,0.293,-1.095,0.0,,335.053,difference_arbres_moins_sans
c_11_07,2017-09,20.929,-8.216,26.784,2.361,0.0,-0.005,-0.876,0.0,,261.852,difference_arbres_moins_sans
c_11_07,2017-10,21.416,-11.458,29.052,3.823,0.0,0.61,-0.97,0.0,,256.038,difference_arbres_moins_sans
c_11_07,2017-11,17.335,-15.53,26.741,6.126,0.0,1.545,-1.458,0.0,,283.589,difference_arbres_moins_sans
c_11_07,2017-12,16.091,-12.963,21.704,7.35,0.0,0.809,-2.04,0.0,,309.87,difference_arbres_moins_sans
c_11_07,2018-01,16.975,-10.673,19.799,7.85,0.0,0.636,-2.128,0.0,,332.161,difference_arbres_moins_sans
c_11_08,2017-01,22.358,-23.296,35.468,10.186,0.0,1.684,-3.907,0.0,,248.889,difference_arbres_moins_sans
c_11_08,2017-02,25.151,-12.492,28.366,9.277,0.0,0.665,-4.702,0.0,,283.296,difference_arbres_moins_sans
c_11_08,2017-03,28.722,-1.78,22.341,8.16,0.0,1.326,-4.704,0.0,,308.168,difference_arbres_moins_sans
c_11_08,2017-04,30.749,1.175,21.382,8.191,0.0,0.832,-4.778,0.0,,332.027,difference_arbres_moins_sans
c_11_08,2017-05,30.218,8.094,16.062,6.062,0.0,2.513,-3.742,0.0,,351.395,difference_arbres_moins_sans
c_11_08,2017-06,13.73,25.138,-4.215,-7.194,0.0,0.01,-3.543,0.0,,436.776,difference_arbres_moins_sans
c_11_08,2017-07,12.633,20.542,-0.951,-6.959,0.0,0.549,-3.005,0.0,,466.795,difference_arbres_moins_sans
c_11_08,2017-08,11.321,14.143,2.655,-5.476,0.0,0.968,-3.203,0.0,,437.841,difference_arbres_moins_sans
c_11_08,2017-09,12.659,19.417,0.261,-7.019,0.0,0.965,-2.811,0.0,,342.342,difference_arbres_moins_sans
c_11_08,2017-10,12.759,14.284,3.399,-4.924,0.0,0.739,-2.748,0.0,,330.419,difference_arbres_moins_sans
c_11_08,2017-11,23.118,-18.599,32.53,9.186,0.0,3.286,-3.079,0.0,,297.424,difference_arbres_moins_sans
c_11_08,2017-12,21.493,-15.924,27.223,10.194,0.0,1.326,-4.118,0.0,,329.895,difference_arbres_moins_sans
c_11_08,2018-01,22.646,-12.687,24.596,10.737,0.0,0.822,-4.32,0.0,,358.111,difference_arbres_moins_sans
c_11_09,2017-01,16.003,-18.991,27.251,7.743,0.0,1.53,-3.616,0.0,,156.546,difference_arbres_moins_sans
c_11_09,2017-02,18.062,-13.482,24.427,7.116,0.0,0.694,-4.34,0.0,,183.433,difference_arbres_moins_sans
c_11_09,2017-03,20.653,-10.674,25.065,6.262,0.0,1.432,-4.329,0.0,,210.297,difference_arbres_moins_sans
c_11_09,2017-04,22.112,2.312,13.433,6.367,0.0,0.876,-4.396,0.0,,229.916,difference_arbres_moins_sans
c_11_09,2017-05,21.753,6.712,10.297,4.743,0.0,2.608,-3.423,0.0,,242.247,difference_arbres_moins_sans
c_11_09,2017-06,9.845,20.046,-5.547,-4.655,0.0,0.475,-3.179,0.0,,297.806,difference_arbres_moins_sans
c_11_09,2017-07,9.061,12.913,0.74,-4.591,0.0,1.297,-2.736,0.0,,321.598,difference_arbres_moins_sans
c_11_09,2017-08,8.121,8.619,3.082,-3.58,0.0,1.369,-2.908,0.0,,288.313,difference_arbres_moins_sans
c_11_09,2017-09,9.08,12.822,0.892,-4.635,0.0,1.473,-2.551,0.0,,194.631,difference_arbres_moins_sans
c_11_09,2017-10,9.144,9.388,2.867,-3.11,0.0,1.309,-2.461,0.0,,184.583,difference_arbres_moins_sans
c_11_09,2017-11,16.616,-16.544,26.128,7.03,0.0,3.153,-2.834,0.0,,174.086,difference_arbres_moins_sans
c_11_09,2017-12,15.446,-14.546,22.243,7.749,0.0,1.317,-3.805,0.0,,200.361,difference_arbres_moins_sans
c_11_09,2018-01,16.309,-13.572,21.718,8.163,0.0,0.944,-3.988,0.0,,223.832,difference_arbres_moins_sans
