date,hours,tmax,tmin,tmean,rh_mean,rh_min,wind_mean,kdown_sum,toa_sum,rain,daytime_rain,kt,kdown_mj,rain_prev72h
2015-01-01,24,31.54,16.11,22.869,37.346,12.72,2.195,5109.18,7944.619,0.0,0.0,0.643,18.393,0.0
2015-01-02,24,29.75,17.3,22.188,27.133,14.2,2.519,4940.38,7955.98,0.0,0.0,0.621,17.785,0.0
2015-01-03,24,31.35,16.37,23.585,24.696,12.88,2.703,5265.17,7968.163,0.0,0.0,0.661,18.955,0.0
2015-01-04,24,30.27,20.29,24.126,23.711,13.2,2.504,3633.89,7981.161,0.15,0.15,0.455,13.082,0.0
2015-01-05,24,31.32,20.41,24.307,29.103,13.3,3.236,5405.61,7994.964,0.0,0.0,0.676,19.46,0.15
2015-01-06,24,32.17,18.77,24.125,28.73,12.23,2.944,5468.92,8009.563,0.0,0.0,0.683,19.688,0.15
2015-01-07,24,31.48,18.21,23.367,37.231,14.38,3.181,5409.27,8024.948,0.0,0.0,0.674,19.473,0.15
2015-01-08,24,27.57,17.69,21.488,49.472,22.66,3.932,5390.04,8041.107,0.0,0.0,0.67,19.404,0.0
2015-01-09,24,30.54,17.46,22.432,39.526,15.82,3.33,5630.43,8058.029,0.0,0.0,0.699,20.27,0.0
2015-01-10,24,32.12,17.47,23.571,49.075,18.95,2.107,4869.24,8075.703,0.0,0.0,0.603,17.529,0.0
2015-01-11,24,32.14,18.96,24.127,49.356,17.66,2.028,4541.23,8094.116,0.0,0.0,0.561,16.348,0.0
2015-01-12,24,31.66,17.9,23.856,46.139,16.04,2.315,4772.75,8113.255,0.0,0.0,0.588,17.182,0.0
2015-01-13,24,29.43,18.48,22.791,52.444,27.38,3.229,4505.44,8133.105,0.0,0.0,0.554,16.22,0.0
2015-01-14,24,31.75,17.05,22.962,61.729,23.18,3.016,5608.82,8153.653,0.0,0.0,0.688,20.192,0.0
2015-01-15,24,32.36,18.28,23.533,52.205,17.2,2.526,4346.93,8174.884,0.0,0.0,0.532,15.649,0.0
2015-01-16,24,33.19,17.82,24.118,47.586,15.39,2.445,5196.19,8196.782,0.0,0.0,0.634,18.706,0.0
2015-01-17,24,34.26,17.77,24.523,35.718,10.75,2.72,5655.87,8219.332,0.0,0.0,0.688,20.361,0.0
2015-01-18,24,32.85,18.8,23.848,36.14,14.79,3.43,5504.42,8242.517,0.0,0.0,0.668,19.816,0.0
2015-01-19,24,31.71,17.17,22.565,44.506,15.64,3.314,5725.46,8266.319,0.0,0.0,0.693,20.612,0.0
2015-01-20,24,31.26,16.27,22.271,49.76,17.82,3.086,5716.74,8290.723,0.0,0.0,0.69,20.58,0.0
2015-01-21,24,30.01,16.71,21.752,54.159,20.65,3.206,5731.99,8315.709,0.0,0.0,0.689,20.635,0.0
2015-01-22,24,29.64,17.05,22.633,41.385,19.41,2.675,4302.17,8341.259,0.0,0.0,0.516,15.488,0.0
2015-01-23,24,30.63,19.2,23.772,40.744,20.68,3.027,4177.22,8367.354,0.0,0.0,0.499,15.038,0.0
2015-01-24,24,30.7,17.94,22.478,42.913,17.08,3.358,5155.41,8393.975,0.0,0.0,0.614,18.559,0.0
2015-01-25,24,31.59,17.37,22.641,50.338,17.98,3.349,5596.66,8421.103,0.0,0.0,0.665,20.148,0.0
2015-01-26,24,34.17,17.39,24.592,32.626,10.14,2.616,5839.06,8448.716,0.0,0.0,0.691,21.021,0.0
2015-01-27,24,33.02,19.34,24.743,23.607,9.13,3.207,5825.73,8476.794,0.0,0.0,0.687,20.973,0.0
2015-01-28,24,31.58,19.52,24.568,21.526,10.4,3.197,5575.47,8505.317,0.0,0.0,0.656,20.072,0.0
2015-01-29,24,33.55,18.88,25.028,19.795,9.59,2.969,5284.59,8534.263,0.0,0.0,0.619,19.025,0.0
2015-01-30,24,32.71,18.45,24.309,26.383,10.86,3.075,5371.75,8563.609,0.0,0.0,0.627,19.338,0.0
2015-01-31,24,31.53,17.77,23.201,35.93,15.95,3.2,6033.43,8593.335,0.0,0.0,0.702,21.72,0.0
2015-02-01,24,29.05,16.43,21.481,61.016,26.8,3.05,5683.07,8623.417,0.0,0.0,0.659,20.459,0.0
2015-02-02,24,28.44,16.62,20.857,75.366,41.13,3.1,5651.53,8653.834,0.0,0.0,0.653,20.346,0.0
2015-02-03,24,27.91,16.66,20.831,73.087,38.89,3.348,5749.93,8684.561,0.0,0.0,0.662,20.7,0.0
2015-02-04,24,29.77,15.72,21.315,67.235,32.87,3.01,5765.31,8715.576,0.0,0.0,0.661,20.755,0.0
2015-02-05,24,29.91,16.6,22.025,64.282,31.26,2.898,5716.2,8746.856,0.0,0.0,0.654,20.578,0.0
2015-02-06,24,29.01,17.01,22.25,62.227,35.84,2.913,4358.67,8778.376,0.0,0.0,0.497,15.691,0.0
2015-02-07,24,37.15,18.17,25.359,49.281,16.17,2.772,5769.67,8810.113,0.0,0.0,0.655,20.771,0.0
2015-02-08,24,32.48,16.63,22.917,61.401,32.49,3.105,6028.32,8842.043,0.0,0.0,0.682,21.702,0.0
2015-02-09,24,29.19,16.67,21.661,67.437,36.25,3.295,5936.6,8874.142,0.0,0.0,0.669,21.372,0.0
2015-02-10,24,29.07,16.52,21.35,70.214,33.36,3.33,6056.05,8906.385,0.0,0.0,0.68,21.802,0.0
2015-02-11,24,29.01,16.12,21.495,70.718,32.62,3.056,5908.38,8938.749,0.0,0.0,0.661,21.27,0.0
2015-02-12,24,31.49,17.1,22.958,64.092,30.48,3.362,6083.47,8971.209,0.0,0.0,0.678,21.9,0.0
2015-02-13,24,30.32,18.41,23.11,56.742,28.8,4.437,5783.5,9003.741,0.1,0.1,0.642,20.821,0.0
2015-02-14,24,31.22,17.88,24.184,49.39,23.79,4.145,5486.68,9036.32,0.02,0.0,0.607,19.752,0.1
2015-02-15,24,32.15,19.61,25.041,46.177,22.98,4.019,5371.8,9068.922,0.07,0.04,0.592,19.338,0.12
2015-02-16,24,36.32,22.54,27.289,42.474,14.91,4.347,6144.71,9101.523,0.0,0.0,0.675,22.121,0.19
2015-02-17,24,33.76,21.02,26.188,48.263,27.23,4.17,5970.41,9134.099,0.0,0.0,0.654,21.493,0.09
2015-02-18,24,30.11,18.7,23.068,55.145,35.46,3.518,6056.73,9166.625,0.0,0.0,0.661,21.804,0.07
2015-02-19,24,28.17,16.66,21.022,62.464,29.75,4.115,6069.24,9199.079,0.01,0.0,0.66,21.849,0.0
2015-02-20,24,26.72,15.66,19.585,57.485,28.83,4.762,6436.45,9231.435,0.0,0.0,0.697,23.171,0.01
2015-02-21,24,29.31,14.44,20.83,53.461,23.35,3.91,6650.72,9263.671,0.0,0.0,0.718,23.943,0.01
2015-02-22,24,32.45,15.42,22.579,41.082,16.27,3.333,6678.82,9295.764,0.0,0.0,0.718,24.044,0.01
2015-02-23,24,34.07,16.11,23.579,38.784,15.99,2.812,6586.5,9327.69,0.0,0.0,0.706,23.711,0.0
2015-02-24,24,35.87,16.82,24.308,42.908,14.98,2.784,6609.18,9359.427,0.0,0.0,0.706,23.793,0.0
2015-02-25,24,34.96,17.55,24.095,46.898,18.11,2.975,6677.73,9390.953,0.0,0.0,0.711,24.04,0.0
2015-02-26,24,36.38,16.44,26.311,29.756,11.98,3.072,6855.83,9422.245,0.0,0.0,0.728,24.681,0.0
2015-02-27,24,34.33,22.55,27.948,15.292,9.51,3.987,6894.5,9453.282,0.0,0.0,0.729,24.82,0.0
2015-02-28,24,34.76,21.0,26.665,17.341,10.06,3.563,6882.93,9484.044,0.0,0.0,0.726,24.779,0.0
2015-03-01,24,35.69,17.96,25.412,24.984,9.35,3.249,6923.95,9517.529,0.0,0.0,0.727,24.926,0.0
2015-03-02,24,36.74,16.69,25.673,26.165,9.61,2.846,7016.79,9551.097,0.0,0.0,0.735,25.26,0.0
2015-03-03,24,36.79,19.86,27.11,28.96,12.15,2.83,6907.34,9584.396,0.0,0.0,0.721,24.866,0.0
2015-03-04,24,37.96,19.08,26.242,32.346,10.53,2.31,6965.47,9617.404,0.0,0.0,0.724,25.076,0.0
2015-03-05,24,34.83,18.54,24.415,47.931,16.4,2.686,6924.53,9650.1,0.0,0.0,0.718,24.928,0.0
2015-03-06,24,34.19,16.68,22.967,63.994,21.31,2.866,6895.09,9682.463,0.0,0.0,0.712,24.822,0.0
2015-03-07,24,33.5,16.79,22.845,68.856,23.79,2.961,6891.57,9714.473,0.0,0.0,0.709,24.81,0.0
2015-03-08,24,28.82,17.36,21.518,74.718,37.72,3.021,6803.76,9746.11,0.0,0.0,0.698,24.494,0.0
2015-03-09,24,26.11,17.62,20.633,74.301,48.29,2.799,6064.81,9777.355,0.0,0.0,0.62,21.833,0.0
2015-03-10,24,28.4,15.6,20.917,68.911,33.52,2.566,6777.38,9808.189,0.0,0.0,0.691,24.399,0.0
2015-03-11,24,31.31,15.76,22.439,65.204,29.18,2.694,6343.58,9838.594,0.0,0.0,0.645,22.837,0.0
2015-03-12,24,36.8,17.69,25.796,45.8,17.27,2.966,6936.74,9868.553,0.0,0.0,0.703,24.972,0.0
2015-03-13,24,40.51,20.36,29.162,30.487,10.44,2.693,6838.75,9898.05,0.0,0.0,0.691,24.62,0.0
2015-03-14,24,39.29,23.9,29.458,25.509,10.22,2.638,6210.91,9927.068,0.0,0.0,0.626,22.359,0.0
2015-03-15,24,36.49,20.1,27.188,31.656,8.93,3.008,6693.45,9955.592,0.0,0.0,0.672,24.096,0.0
2015-03-16,24,31.33,17.85,22.913,58.939,28.4,3.595,7101.53,9983.608,0.0,0.0,0.711,25.566,0.0
2015-03-17,24,31.82,16.71,22.833,63.94,27.14,3.353,7048.83,10011.103,0.0,0.0,0.704,25.376,0.0
2015-03-18,24,29.21,16.98,22.753,61.759,35.98,2.875,5865.97,10038.062,0.0,0.0,0.584,21.117,0.0
2015-03-19,24,31.76,17.67,23.147,59.615,28.89,3.493,6956.29,10064.475,0.0,0.0,0.691,25.043,0.0
2015-03-20,24,28.47,16.68,21.179,66.227,37.5,3.592,7125.88,10090.329,0.0,0.0,0.706,25.653,0.0
2015-03-21,24,28.15,16.93,21.363,66.335,35.48,3.653,6673.4,10115.615,0.0,0.0,0.66,24.024,0.0
2015-03-22,24,25.35,16.94,20.081,71.615,42.54,3.791,6941.16,10140.322,0.0,0.0,0.685,24.988,0.0
2015-03-23,24,25.4,16.46,20.017,68.255,43.47,4.445,7012.79,10164.441,0.0,0.0,0.69,25.246,0.0
2015-03-24,24,28.31,15.17,20.302,66.204,33.4,3.988,7210.81,10187.965,0.0,0.0,0.708,25.959,0.0
2015-03-25,24,30.79,15.34,21.758,59.32,25.18,3.397,7218.53,10210.886,0.0,0.0,0.707,25.987,0.0
2015-03-26,24,36.38,17.53,24.791,35.374,11.12,2.98,6877.16,10233.198,0.0,0.0,0.672,24.758,0.0
2015-03-27,24,37.72,18.69,25.87,30.591,10.28,2.647,7244.46,10254.895,0.0,0.0,0.706,26.08,0.0
2015-03-28,24,39.55,20.43,27.964,25.311,7.47,2.636,7323.27,10275.972,0.0,0.0,0.713,26.364,0.0
2015-03-29,24,37.99,22.39,29.018,18.925,7.86,3.507,7484.29,10296.426,0.0,0.0,0.727,26.943,0.0
2015-03-30,24,37.3,21.33,28.848,17.092,8.02,2.956,7705.72,10316.252,0.0,0.0,0.747,27.741,0.0
2015-03-31,24,38.63,22.25,29.124,21.083,10.09,2.765,7683.75,10335.45,0.0,0.0,0.743,27.662,0.0
2015-04-01,24,39.63,20.23,28.42,30.342,8.86,2.29,7663.03,10354.017,0.0,0.0,0.74,27.587,0.0
2015-04-02,24,37.21,19.83,27.205,40.912,14.99,2.853,7620.2,10371.952,0.0,0.0,0.735,27.433,0.0
2015-04-03,24,36.26,20.76,26.158,47.637,19.78,3.607,7585.35,10389.257,0.0,0.0,0.73,27.307,0.0
2015-04-04,24,29.62,18.86,23.474,63.238,39.96,4.341,6826.19,10405.93,0.0,0.0,0.656,24.574,0.0
2015-04-05,24,29.15,17.68,22.173,69.717,43.64,3.936,6982.19,10421.975,0.0,0.0,0.67,25.136,0.0
2015-04-06,24,31.03,17.92,23.013,65.588,32.64,3.153,7190.68,10437.394,0.0,0.0,0.689,25.886,0.0
2015-04-07,24,31.5,17.45,22.901,67.601,32.51,3.447,7353.75,10452.189,0.0,0.0,0.704,26.474,0.0
2015-04-08,24,31.83,17.72,23.45,63.771,32.52,4.249,7128.93,10466.364,0.0,0.0,0.681,25.664,0.0
2015-04-09,24,33.26,18.74,24.766,53.427,31.53,4.502,6371.99,10479.925,0.0,0.0,0.608,22.939,0.0
2015-04-10,24,35.04,20.41,26.152,47.898,26.36,5.032,7097.63,10492.875,0.0,0.0,0.676,25.551,0.0
2015-04-11,24,40.54,21.2,28.484,42.035,15.2,3.005,7421.45,10505.222,0.0,0.0,0.706,26.717,0.0
2015-04-12,24,37.83,20.08,26.318,49.419,20.66,3.681,7488.76,10516.971,0.0,0.0,0.712,26.96,0.0
2015-04-13,24,34.43,20.33,25.57,52.627,29.39,3.72,7474.13,10528.129,0.0,0.0,0.71,26.907,0.0
2015-04-14,24,29.68,19.69,23.444,60.51,36.69,2.824,7302.86,10538.705,0.0,0.0,0.693,26.29,0.0
2015-04-15,24,30.84,19.06,23.403,64.282,39.33,3.764,7242.89,10548.706,0.0,0.0,0.687,26.074,0.0
2015-04-16,24,32.28,18.96,23.76,65.276,34.27,2.944,7384.8,10558.142,0.0,0.0,0.699,26.585,0.0
2015-04-17,24,31.93,17.63,23.649,70.256,34.11,2.391,7426.04,10567.021,0.0,0.0,0.703,26.734,0.0
2015-04-18,24,30.5,18.54,23.206,69.797,34.57,3.143,7440.63,10575.353,0.0,0.0,0.704,26.786,0.0
2015-04-19,24,31.19,18.78,23.378,68.163,36.24,3.899,7481.87,10583.149,0.0,0.0,0.707,26.935,0.0
2015-04-20,24,30.73,18.67,22.949,68.396,38.51,3.617,7480.77,10590.419,0.0,0.0,0.706,26.931,0.0
2015-04-21,24,30.14,18.34,22.811,67.898,37.21,3.479,7446.0,10597.175,0.0,0.0,0.703,26.806,0.0
2015-04-22,24,31.44,18.66,23.548,66.112,36.96,3.489,7497.92,10603.427,0.0,0.0,0.707,26.993,0.0
2015-04-23,24,32.51,19.59,24.515,61.145,34.35,3.678,7547.4,10609.189,0.0,0.0,0.711,27.171,0.0
2015-04-24,24,35.84,18.12,25.07,61.476,30.73,3.03,7650.12,10614.471,0.0,0.0,0.721,27.54,0.0
2015-04-25,24,34.07,18.62,25.38,59.615,29.72,1.884,7667.37,10619.288,0.0,0.0,0.722,27.603,0.0
2015-04-26,24,33.27,17.46,23.916,69.912,34.63,2.105,7657.19,10623.65,0.0,0.0,0.721,27.566,0.0
2015-04-27,24,31.88,17.5,23.292,73.479,40.09,2.12,7599.8,10627.572,0.0,0.0,0.715,27.359,0.0
2015-04-28,24,30.71,18.0,23.359,74.554,42.34,1.8,7002.69,10631.066,0.0,0.0,0.659,25.21,0.0
2015-04-29,24,32.7,19.16,24.316,73.26,34.4,1.764,7177.5,10634.147,0.0,0.0,0.675,25.839,0.0
2015-04-30,24,36.3,19.31,25.602,68.036,21.76,2.035,7028.62,10636.828,0.0,0.0,0.661,25.303,0.0
2015-05-01,24,33.36,19.98,25.198,73.312,34.41,2.039,7466.51,10639.122,0.0,0.0,0.702,26.879,0.0
2015-05-02,24,31.68,20.83,25.032,76.29,42.07,2.419,7304.2,10641.044,0.0,0.0,0.686,26.295,0.0
2015-05-03,24,34.79,21.15,25.798,72.117,34.65,2.146,7125.48,10642.607,0.0,0.0,0.67,25.652,0.0
2015-05-04,24,34.75,19.24,25.832,62.032,27.32,2.571,7051.08,10643.826,0.0,0.0,0.662,25.384,0.0
2015-05-05,24,34.62,20.47,25.796,66.235,31.24,3.083,7668.99,10644.715,0.0,0.0,0.72,27.608,0.0
2015-05-06,24,33.52,18.75,25.032,74.306,38.48,1.975,7602.64,10645.289,0.0,0.0,0.714,27.37,0.0
2015-05-07,24,30.6,19.91,24.294,74.73,43.99,2.49,7493.09,10645.56,0.0,0.0,0.704,26.975,0.0
2015-05-08,24,34.9,20.52,26.055,69.65,36.69,1.697,7449.42,10645.544,0.0,0.0,0.7,26.818,0.0
2015-05-09,24,31.16,20.87,25.334,74.802,44.3,2.515,7625.12,10645.255,0.0,0.0,0.716,27.45,0.0
2015-05-10,24,29.92,20.82,24.841,76.832,50.87,2.639,7531.35,10644.706,0.0,0.0,0.708,27.113,0.0
2015-05-11,24,30.34,20.92,24.907,72.285,45.95,2.31,7423.78,10643.912,0.0,0.0,0.697,26.726,0.0
2015-05-12,24,30.99,19.94,24.56,75.411,44.02,1.988,7323.53,10642.887,0.0,0.0,0.688,26.365,0.0
2015-05-13,24,32.21,21.18,25.036,72.53,39.3,2.175,7128.39,10641.645,0.0,0.0,0.67,25.662,0.0
2015-05-14,24,33.36,20.66,25.895,71.786,38.93,2.182,7410.2,10640.199,0.0,0.0,0.696,26.677,0.0
2015-05-15,24,34.53,21.52,26.399,72.46,32.43,2.291,7459.7,10638.562,0.0,0.0,0.701,26.855,0.0
2015-05-16,24,32.83,21.82,25.848,76.412,40.4,2.323,7385.35,10636.749,0.0,0.0,0.694,26.587,0.0
2015-05-17,24,32.5,22.22,26.156,75.419,41.69,2.343,7387.61,10634.773,0.0,0.0,0.695,26.595,0.0
2015-05-18,24,31.54,22.85,26.188,75.221,47.17,2.54,6781.23,10632.646,0.0,0.0,0.638,24.412,0.0
2015-05-19,24,31.81,21.9,25.905,73.158,43.72,2.582,7387.39,10630.381,0.0,0.0,0.695,26.595,0.0
2015-05-20,24,32.16,20.96,25.66,74.419,44.99,2.784,7541.89,10627.991,0.0,0.0,0.71,27.151,0.0
2015-05-21,24,35.38,21.41,27.175,66.112,34.35,2.47,7429.75,10625.488,0.0,0.0,0.699,26.747,0.0
2015-05-22,24,33.93,22.08,27.194,68.576,38.19,2.015,6652.11,10622.884,0.07,0.03,0.626,23.948,0.0
2015-05-23,24,33.68,23.06,27.25,65.379,35.96,3.233,7303.05,10620.192,0.0,0.0,0.688,26.291,0.07
2015-05-24,24,34.35,21.75,27.118,66.07,36.08,3.149,6961.27,10617.422,0.0,0.0,0.656,25.061,0.07
2015-05-25,24,34.09,21.82,27.021,63.715,34.1,2.891,7505.66,10614.587,0.0,0.0,0.707,27.02,0.07
2015-05-26,24,35.31,22.29,27.713,61.736,30.55,3.732,7510.28,10611.697,0.0,0.0,0.708,27.037,0.0
2015-05-27,24,34.7,22.36,27.338,64.992,33.82,3.604,7516.28,10608.762,0.0,0.0,0.708,27.059,0.0
2015-05-28,24,34.29,21.2,26.815,66.619,35.89,3.622,7540.21,10605.794,0.0,0.0,0.711,27.145,0.0
2015-05-29,24,35.4,22.54,27.04,67.975,34.2,2.808,7334.08,10602.803,0.0,0.0,0.692,26.403,0.0
2015-05-30,24,33.29,22.01,26.835,70.471,41.1,2.362,7412.53,10599.797,0.0,0.0,0.699,26.685,0.0
2015-05-31,24,35.65,21.92,27.981,63.295,34.36,1.953,7503.74,10596.787,0.0,0.0,0.708,27.013,0.0
2015-06-01,24,37.73,21.36,28.39,64.149,32.7,1.608,7484.11,10593.783,0.0,0.0,0.706,26.943,0.0
2015-06-02,24,33.8,22.75,27.262,72.194,41.12,2.065,7343.87,10591.219,0.0,0.0,0.693,26.438,0.0
2015-06-03,24,33.87,22.08,26.568,71.745,36.58,2.11,7372.42,10589.846,0.0,0.0,0.696,26.541,0.0
2015-06-04,24,31.7,21.43,25.222,73.868,44.58,2.797,7483.11,10588.493,0.0,0.0,0.707,26.939,0.0
2015-06-05,24,29.2,20.51,24.158,74.496,47.88,3.013,7362.24,10587.166,0.0,0.0,0.695,26.504,0.0
2015-06-06,24,31.28,19.62,24.923,71.549,40.56,2.368,6928.34,10585.872,0.0,0.0,0.654,24.942,0.0
2015-06-07,24,33.21,21.35,26.071,68.66,34.53,2.945,7408.27,10584.616,0.0,0.0,0.7,26.67,0.0
2015-06-08,24,34.78,21.58,26.782,67.392,37.65,2.9,7459.21,10583.402,0.0,0.0,0.705,26.853,0.0
2015-06-09,24,33.0,22.24,26.668,76.082,47.74,2.387,7419.29,10582.236,0.0,0.0,0.701,26.709,0.0
2015-06-10,24,31.97,23.24,26.708,74.687,45.94,2.547,6749.89,10581.121,0.0,0.0,0.638,24.3,0.0
2015-06-11,24,33.67,22.63,27.279,72.64,42.14,1.992,7092.05,10580.063,0.0,0.0,0.67,25.531,0.0
2015-06-12,24,35.69,24.06,28.377,65.559,33.9,1.921,7187.37,10579.064,0.0,0.0,0.679,25.875,0.0
2015-06-13,24,32.17,22.75,26.714,67.92,40.15,2.52,7327.36,10578.127,0.0,0.0,0.693,26.378,0.0
2015-06-14,24,38.34,24.06,29.651,53.688,27.04,1.843,7487.08,10577.256,0.0,0.0,0.708,26.953,0.0
2015-06-15,24,32.48,23.99,27.277,71.851,42.13,1.942,7334.53,10576.452,0.0,0.0,0.693,26.404,0.0
2015-06-16,24,31.77,23.57,26.911,70.737,47.07,2.153,6915.6,10575.719,0.0,0.0,0.654,24.896,0.0
2015-06-17,24,33.38,24.56,27.785,70.025,45.34,2.48,6648.06,10575.057,0.0,0.0,0.629,23.933,0.0
2015-06-18,24,31.99,22.47,26.502,74.362,45.56,2.332,7328.42,10574.467,0.0,0.0,0.693,26.382,0.0
2015-06-19,24,31.58,22.33,26.099,76.103,49.73,2.388,7163.48,10573.952,0.0,0.0,0.677,25.789,0.0
2015-06-20,24,31.18,23.62,26.591,73.074,50.63,2.559,7158.44,10573.51,0.0,0.0,0.677,25.77,0.0
2015-06-21,24,32.41,23.53,27.39,71.627,48.52,2.479,6972.13,10573.143,0.0,0.0,0.659,25.1,0.0
2015-06-22,24,33.88,24.41,28.258,70.387,42.99,2.502,7117.38,10572.85,0.0,0.0,0.673,25.623,0.0
2015-06-23,24,31.39,23.58,26.911,72.779,46.04,2.477,7196.35,10572.63,0.0,0.0,0.681,25.907,0.0
2015-06-24,24,32.68,23.33,27.408,70.574,44.58,2.475,7139.85,10572.483,0.0,0.0,0.675,25.703,0.0
2015-06-25,24,31.98,23.7,27.12,74.378,48.53,2.761,7229.46,10572.407,0.0,0.0,0.684,26.026,0.0
2015-06-26,24,32.55,22.93,26.895,74.083,46.23,2.162,7265.89,10572.4,0.0,0.0,0.687,26.157,0.0
2015-06-27,24,32.7,22.66,26.773,74.63,46.47,2.597,7357.6,10572.461,0.0,0.0,0.696,26.487,0.0
2015-06-28,24,32.29,23.02,27.015,72.172,47.59,2.448,7242.02,10572.586,0.0,0.0,0.685,26.071,0.0
2015-06-29,24,32.59,23.28,27.548,70.606,45.18,2.238,7041.85,10572.773,0.0,0.0,0.666,25.351,0.0
2015-06-30,24,32.9,24.05,28.122,72.119,49.86,2.139,6995.93,10573.019,0.0,0.0,0.662,25.185,0.0
2015-07-01,24,33.16,23.77,27.868,71.345,45.79,2.365,6415.91,10573.319,0.0,0.0,0.607,23.097,0.0
2015-07-02,24,34.05,24.04,28.252,71.343,47.31,2.017,6871.95,10573.671,0.0,0.0,0.65,24.739,0.0
2015-07-03,24,33.57,23.88,27.93,72.349,45.91,2.641,6998.48,10574.07,0.0,0.0,0.662,25.195,0.0
2015-07-04,24,31.81,23.1,27.038,74.35,52.63,2.629,6751.7,10574.511,0.0,0.0,0.638,24.306,0.0
2015-07-05,24,30.9,24.12,27.44,71.154,53.03,3.093,7132.64,10574.989,0.0,0.0,0.674,25.678,0.0
2015-07-06,24,33.23,24.33,27.86,72.925,51.31,2.23,6982.56,10575.498,0.0,0.0,0.66,25.137,0.0
2015-07-07,24,32.46,23.94,27.78,71.112,50.02,1.7,6126.42,10576.034,0.76,0.76,0.579,22.055,0.0
2015-07-08,24,33.75,24.07,28.421,73.183,49.98,1.662,5792.59,10576.59,3.34,2.21,0.548,20.853,0.76
2015-07-09,24,31.18,24.43,27.168,82.328,60.87,1.735,3652.58,10577.159,10.48,8.3,0.345,13.149,4.1
2015-07-10,24,31.23,25.32,27.996,77.845,61.34,1.959,5112.82,10577.735,0.01,0.01,0.483,18.406,14.58
2015-07-11,24,34.34,25.03,29.005,72.288,47.71,1.422,6683.66,10578.31,0.19,0.19,0.632,24.061,13.83
2015-07-12,24,33.77,25.73,28.746,74.545,53.23,1.549,5040.25,10578.878,3.46,3.46,0.476,18.145,10.68
2015-07-13,24,34.03,25.06,28.866,71.691,48.94,1.806,6727.09,10579.43,0.44,0.44,0.636,24.218,3.66
2015-07-14,24,32.2,25.29,28.115,72.718,51.98,2.091,6935.74,10579.959,0.0,0.0,0.656,24.969,4.09
2015-07-15,24,31.8,24.17,27.799,72.986,53.04,2.063,6974.34,10580.456,0.0,0.0,0.659,25.108,3.9
2015-07-16,24,33.25,24.93,28.395,71.789,46.71,2.442,7154.02,10580.913,0.0,0.0,0.676,25.754,0.44
2015-07-17,24,33.05,25.23,29.069,68.199,47.86,2.635,6922.9,10581.32,0.0,0.0,0.654,24.922,0.0
2015-07-18,24,33.21,26.91,29.674,72.74,57.22,1.878,5338.5,10581.668,1.14,1.14,0.505,19.219,0.0
2015-07-19,24,30.96,25.38,27.709,75.17,57.67,2.927,6253.33,10581.948,0.0,0.0,0.591,22.512,1.14
2015-07-20,24,34.28,24.09,28.462,72.115,46.84,1.816,7279.43,10582.151,0.0,0.0,0.688,26.206,1.14
2015-07-21,24,32.11,24.06,27.63,70.438,48.87,1.876,6565.95,10582.265,0.0,0.0,0.62,23.637,1.14
2015-07-22,24,31.68,24.33,27.469,67.125,51.34,2.086,6909.74,10582.28,0.0,0.0,0.653,24.875,0.0
2015-07-23,24,31.95,24.26,27.584,65.581,45.81,2.183,7304.03,10582.186,0.0,0.0,0.69,26.295,0.0
2015-07-24,24,32.95,24.45,28.663,66.542,47.72,2.65,6587.49,10581.973,0.0,0.0,0.623,23.715,0.0
2015-07-25,24,33.51,25.58,28.506,75.397,55.3,1.693,5112.28,10581.628,5.45,5.37,0.483,18.404,0.0
2015-07-26,24,32.58,25.99,28.914,71.195,53.94,1.545,5477.34,10581.141,0.17,0.15,0.518,19.718,5.45
2015-07-27,24,33.33,25.95,29.197,74.113,56.17,1.185,5664.47,10580.501,0.72,0.69,0.535,20.392,5.62
2015-07-28,24,33.59,25.76,28.47,79.197,56.9,1.162,4654.52,10579.695,11.37,9.57,0.44,16.756,6.34
2015-07-29,24,32.21,25.95,28.607,78.241,58.6,2.96,5490.15,10578.712,1.97,1.87,0.519,19.765,12.26
2015-07-30,24,29.46,25.41,27.26,82.072,69.67,2.429,4836.05,10577.539,8.99,5.79,0.457,17.41,14.06
2015-07-31,24,31.11,24.59,27.364,83.906,65.62,1.912,4784.19,10576.165,11.52,5.56,0.452,17.223,22.33
2015-08-01,24,29.69,25.54,27.36,84.074,70.17,1.263,4492.51,10574.576,9.81,9.78,0.425,16.173,22.48
2015-08-02,24,30.1,24.78,27.132,85.945,74.16,1.136,4270.66,10572.762,10.87,10.42,0.404,15.374,30.32
2015-08-03,24,31.25,25.78,28.386,80.372,65.54,1.678,5328.51,10570.708,7.13,7.11,0.504,19.183,32.2
2015-08-04,24,32.08,25.74,28.199,75.142,53.93,2.371,6551.68,10568.402,0.0,0.0,0.62,23.586,27.81
2015-08-05,24,31.48,25.79,28.257,78.629,61.01,2.029,5490.92,10565.832,0.03,0.03,0.52,19.767,18.0
2015-08-06,24,31.91,25.59,28.722,79.595,62.99,2.279,5295.67,10562.985,1.49,1.36,0.501,19.064,7.16
2015-08-07,24,31.67,25.57,28.037,77.695,60.47,2.627,6969.46,10559.848,0.3,0.02,0.66,25.09,1.52
2015-08-08,24,32.67,25.28,28.367,74.519,57.05,1.77,4752.34,10556.407,0.38,0.38,0.45,17.108,1.82
2015-08-09,24,28.5,24.25,25.849,91.02,78.92,1.316,1978.92,10552.651,38.49,27.62,0.188,7.124,2.17
2015-08-10,24,30.84,25.08,27.812,82.773,66.34,2.732,5111.44,10548.565,1.4,1.16,0.485,18.401,39.17
2015-08-11,24,31.32,26.23,28.536,80.62,63.58,1.581,5927.19,10544.138,0.6,0.31,0.562,21.338,40.27
2015-08-12,24,30.94,25.84,27.728,82.019,65.97,0.925,4822.18,10539.356,4.03,4.02,0.458,17.36,40.49
2015-08-13,24,32.59,25.37,28.3,84.844,68.48,0.985,4679.39,10536.649,11.9,11.69,0.444,16.846,6.03
2015-08-14,24,32.17,26.41,28.718,82.264,68.43,2.098,5128.55,10533.897,0.71,0.71,0.487,18.463,16.53
2015-08-15,24,30.9,25.62,27.881,84.106,68.63,2.031,6985.81,10530.838,0.0,0.0,0.663,25.149,16.64
2015-08-16,24,33.95,25.68,29.363,78.065,56.29,1.66,6558.97,10527.459,0.59,0.09,0.623,23.612,12.61
2015-08-17,24,28.32,24.26,26.539,89.657,83.11,1.4,3856.44,10523.747,13.94,12.0,0.366,13.883,1.3
2015-08-18,24,28.06,24.49,26.204,91.795,85.35,1.059,1116.92,10519.688,24.58,20.09,0.106,4.021,14.53
2015-08-19,24,31.75,26.0,28.509,81.855,63.68,0.988,5488.71,10515.269,5.4,5.4,0.522,19.759,39.11
2015-08-20,24,29.5,24.65,26.49,90.085,80.56,1.474,1985.57,10510.477,35.06,26.57,0.189,7.148,43.92
2015-08-21,24,32.75,24.55,27.578,84.693,59.38,2.069,5385.94,10505.3,1.77,1.77,0.513,19.389,65.04
2015-08-22,24,30.93,25.41,27.518,85.359,66.3,1.855,6034.82,10499.726,6.61,6.43,0.575,21.725,42.23
2015-08-23,24,31.79,24.71,27.231,88.258,69.79,1.349,4295.3,10493.742,39.66,23.97,0.409,15.463,43.44
2015-08-24,24,32.24,25.24,28.828,81.043,63.41,1.769,5781.54,10487.335,0.29,0.27,0.551,20.814,48.04
2015-08-25,24,32.58,24.41,28.357,83.87,69.34,1.555,5792.8,10480.494,1.4,0.88,0.553,20.854,46.56
2015-08-26,24,32.21,24.59,28.348,80.867,62.05,1.14,5364.53,10473.208,0.36,0.35,0.512,19.312,41.35
2015-08-27,24,32.11,26.09,28.855,82.855,68.05,1.91,5403.85,10465.465,1.4,1.39,0.516,19.454,2.05
2015-08-28,24,29.99,25.06,27.713,80.926,69.46,2.131,5915.63,10457.255,0.07,0.04,0.566,21.296,3.16
2015-08-29,24,33.0,25.89,28.735,79.564,60.11,1.378,5620.75,10448.567,0.07,0.05,0.538,20.235,1.83
2015-08-30,24,29.5,25.22,27.02,85.222,70.37,3.715,2919.04,10439.39,5.02,4.91,0.28,10.509,1.54
2015-08-31,24,30.57,25.29,27.579,84.106,70.24,2.478,5444.5,10429.716,3.43,3.05,0.522,19.6,5.16
2015-09-01,24,29.14,24.92,26.593,86.5,71.89,1.707,3275.37,10419.534,11.95,6.2,0.314,11.791,8.52
2015-09-02,24,30.77,25.2,27.873,85.289,72.5,1.207,5021.71,10408.837,10.54,3.18,0.482,18.078,20.4
2015-09-03,24,30.82,25.58,28.251,83.449,71.39,1.269,5550.07,10397.615,2.26,2.26,0.534,19.98,25.92
2015-09-04,24,30.84,25.16,27.591,85.965,72.52,0.875,5060.73,10385.861,1.99,1.95,0.487,18.219,24.75
2015-09-05,24,31.05,25.18,27.893,83.204,68.65,2.432,5907.43,10373.568,0.42,0.42,0.569,21.267,14.79
2015-09-06,24,30.82,25.76,27.64,83.377,68.58,1.809,4530.36,10360.728,0.52,0.52,0.437,16.309,4.67
2015-09-07,24,30.3,23.89,26.664,88.445,71.32,1.036,4458.65,10347.337,21.71,21.6,0.431,16.051,2.93
2015-09-08,24,30.47,24.18,27.049,85.253,68.77,1.855,5554.14,10333.388,0.59,0.59,0.537,19.995,22.65
2015-09-09,24,31.01,25.72,28.031,80.242,65.51,1.615,5452.72,10318.876,0.08,0.08,0.528,19.63,22.82
2015-09-10,24,29.52,25.21,27.172,84.24,72.41,1.676,5581.32,10303.797,0.06,0.06,0.542,20.093,22.38
2015-09-11,24,31.73,25.89,28.774,83.499,66.0,1.08,5643.78,10288.147,0.65,0.62,0.549,20.318,0.73
2015-09-12,24,30.76,25.33,27.653,86.845,73.13,1.26,4549.7,10271.924,6.64,6.64,0.443,16.379,0.79
2015-09-13,24,30.34,24.26,27.148,86.439,69.84,0.877,4986.6,10255.125,2.82,1.86,0.486,17.952,7.35
2015-09-14,24,31.8,26.33,28.617,83.638,65.08,1.403,6511.92,10237.749,0.0,0.0,0.636,23.443,10.11
2015-09-15,24,31.99,25.93,28.533,82.722,63.45,2.316,6232.55,10219.795,0.08,0.07,0.61,22.437,9.46
2015-09-16,24,29.79,24.46,26.972,86.39,70.6,1.558,5118.34,10201.262,9.16,8.92,0.502,18.426,2.9
2015-09-17,24,31.62,25.46,28.265,81.472,67.93,1.313,5557.97,10182.151,1.95,1.95,0.546,20.009,9.24
2015-09-18,24,30.51,26.02,28.09,83.018,69.2,2.763,6562.85,10162.465,0.0,0.0,0.646,23.626,11.19
2015-09-19,24,31.91,25.31,28.472,82.628,66.27,1.706,6912.27,10142.204,0.0,0.0,0.682,24.884,11.11
2015-09-20,24,32.35,25.41,28.158,84.024,65.76,0.893,5837.26,10121.372,3.3,3.29,0.577,21.014,1.95
2015-09-21,24,30.75,24.9,27.105,87.23,68.72,0.765,5023.6,10099.972,11.48,11.44,0.497,18.085,3.3
2015-09-22,24,30.32,24.45,26.689,88.847,77.79,0.935,4336.93,10078.009,7.47,5.55,0.43,15.613,14.78
2015-09-23,24,30.92,24.8,27.12,86.498,70.43,0.874,3075.31,10055.488,22.68,22.67,0.306,11.071,22.25
2015-09-24,24,29.56,24.91,26.742,89.448,72.22,0.85,4948.63,10032.416,11.32,11.14,0.493,17.815,41.63
2015-09-25,24,32.64,24.47,28.504,82.311,60.24,0.802,6238.58,10008.798,0.57,0.57,0.623,22.459,41.47
2015-09-26,24,33.38,25.17,29.156,80.431,58.14,1.812,6359.8,9984.643,0.0,0.0,0.637,22.895,34.57
2015-09-27,24,31.96,24.21,27.483,84.192,69.06,0.66,6156.02,9959.959,4.17,3.63,0.618,22.162,11.89
2015-09-28,24,30.22,25.06,27.137,86.22,75.97,0.912,3320.01,9934.755,11.91,7.77,0.334,11.952,4.74
2015-09-29,24,31.32,24.48,26.59,86.497,66.99,1.716,5150.36,9909.041,4.44,4.13,0.52,18.541,16.08
2015-09-30,24,29.01,23.33,26.013,90.27,80.59,2.139,2689.04,9882.828,13.8,10.69,0.272,9.681,20.52
2015-10-01,24,30.56,24.37,27.2,85.556,67.23,0.725,5267.3,9856.126,0.04,0.04,0.534,18.962,30.15
2015-10-02,24,33.97,25.15,29.035,83.852,61.89,1.102,6241.78,9828.949,0.38,0.38,0.635,22.47,18.28
2015-10-03,24,32.03,25.78,28.773,86.085,67.95,1.314,5752.66,9801.309,0.26,0.25,0.587,20.71,14.22
2015-10-04,24,31.55,25.67,28.196,84.853,66.56,1.921,6079.22,9773.219,0.03,0.02,0.622,21.885,0.68
2015-10-05,24,33.49,25.8,28.912,85.318,66.7,1.328,6687.67,9744.695,0.0,0.0,0.686,24.076,0.67
2015-10-06,24,31.82,24.94,28.178,85.802,71.35,1.874,4719.97,9715.75,4.52,2.15,0.486,16.992,0.29
2015-10-07,24,29.02,23.9,25.988,89.168,80.75,1.452,2530.21,9686.4,15.84,15.84,0.261,9.109,4.55
2015-10-08,24,31.87,24.83,27.948,84.227,64.13,0.763,5644.1,9656.663,0.59,0.59,0.584,20.319,20.36
2015-10-09,24,32.31,26.25,28.924,82.479,65.06,1.931,6135.46,9626.553,0.0,0.0,0.637,22.088,20.95
2015-10-10,24,32.28,25.76,28.487,80.441,60.77,2.142,6578.97,9596.09,0.0,0.0,0.686,23.684,16.43
2015-10-11,24,32.03,25.01,28.082,81.79,63.73,1.659,6603.09,9565.291,0.0,0.0,0.69,23.771,0.59
2015-10-12,24,32.64,25.24,28.351,81.556,59.2,1.625,6636.44,9534.175,0.0,0.0,0.696,23.891,0.0
2015-10-13,24,33.18,25.11,28.297,82.139,60.58,1.118,5971.61,9502.76,4.2,4.2,0.628,21.498,0.0
2015-10-14,24,31.22,24.45,27.357,84.658,67.6,1.153,3654.11,9471.067,13.03,9.63,0.386,13.155,4.2
2015-10-15,24,29.92,24.96,27.14,88.347,71.34,0.992,3064.41,9439.116,7.39,7.39,0.325,11.032,17.23
2015-10-16,24,31.97,23.87,27.669,84.522,66.67,1.369,6105.75,9406.927,1.97,1.95,0.649,21.981,24.62
2015-10-17,24,31.72,25.41,28.225,81.617,63.24,2.393,5968.16,9374.521,0.0,0.0,0.637,21.485,22.39
2015-10-18,24,31.78,26.53,28.639,77.081,61.92,2.724,6220.56,9341.92,0.0,0.0,0.666,22.394,9.36
2015-10-19,24,32.48,25.4,28.267,73.304,59.24,3.081,5767.7,9309.146,0.0,0.0,0.62,20.764,1.97
2015-10-20,24,30.93,24.94,27.737,70.971,53.15,1.691,5330.06,9276.22,0.0,0.0,0.575,19.188,0.0
2015-10-21,24,29.66,24.0,26.58,80.346,65.97,2.105,4195.37,9243.166,0.01,0.01,0.454,15.103,0.0
2015-10-22,24,32.5,23.71,27.482,76.677,55.76,1.357,6103.91,9210.006,0.01,0.01,0.663,21.974,0.01
2015-10-23,24,30.64,22.64,26.665,83.752,66.58,0.942,4525.36,9176.762,1.21,1.21,0.493,16.291,0.02
2015-10-24,24,32.42,24.97,27.9,82.105,63.27,1.582,5579.02,9143.459,3.01,3.01,0.61,20.084,1.23
2015-10-25,24,31.77,24.58,27.642,81.753,62.75,2.123,5200.52,9110.12,0.3,0.3,0.571,18.722,4.23
2015-10-26,24,31.55,25.26,27.377,75.751,53.45,2.409,5130.29,9076.768,0.93,0.75,0.565,18.469,4.52
2015-10-27,24,31.54,24.8,27.362,80.783,60.33,2.497,5744.01,9043.428,0.0,0.0,0.635,20.678,4.24
2015-10-28,24,31.96,24.7,27.815,79.26,56.36,2.81,6129.49,9010.123,0.0,0.0,0.68,22.066,1.23
2015-10-29,24,32.95,24.92,28.13,75.744,53.68,2.597,6165.66,8976.877,0.0,0.0,0.687,22.196,0.93
2015-10-30,24,33.24,23.47,27.623,76.439,50.17,1.948,6155.15,8943.714,0.0,0.0,0.688,22.159,0.0
2015-10-31,24,33.71,23.64,27.703,78.209,53.88,1.175,6138.28,8910.659,0.0,0.0,0.689,22.098,0.0
2015-11-01,24,33.72,23.96,27.75,80.325,53.02,1.024,5997.9,8877.735,0.0,0.0,0.676,21.592,0.0
2015-11-02,24,33.35,23.56,27.935,80.029,55.99,1.251,5696.37,8844.967,0.0,0.0,0.644,20.507,0.0
2015-11-03,24,31.38,24.74,27.678,80.17,58.08,1.054,5055.57,8812.379,0.6,0.6,0.574,18.2,0.0
2015-11-04,24,34.4,23.83,28.617,70.95,40.16,2.187,5716.88,8779.994,0.0,0.0,0.651,20.581,0.6
2015-11-05,24,36.97,22.75,29.063,69.638,34.27,1.095,6104.85,8747.837,0.0,0.0,0.698,21.977,0.6
2015-11-06,24,36.07,23.56,28.738,70.826,38.51,1.237,6135.31,8715.932,0.0,0.0,0.704,22.087,0.6
2015-11-07,24,37.9,22.86,28.889,62.678,19.07,1.382,6223.21,8684.302,0.0,0.0,0.717,22.404,0.0
2015-11-08,24,37.3,22.72,28.611,68.386,24.86,1.025,6035.11,8652.97,0.0,0.0,0.697,21.726,0.0
2015-11-09,24,36.47,23.38,29.013,71.665,30.39,1.236,5761.66,8621.961,0.0,0.0,0.668,20.742,0.0
2015-11-10,24,36.66,22.36,28.379,62.59,24.65,1.156,6023.49,8591.296,0.0,0.0,0.701,21.685,0.0
2015-11-11,24,35.55,21.93,27.632,62.063,25.42,1.562,5140.43,8560.999,0.0,0.0,0.6,18.506,0.0
2015-11-12,24,33.32,23.11,27.909,66.532,33.2,1.207,4840.55,8531.092,0.0,0.0,0.567,17.426,0.0
2015-11-13,24,32.67,25.48,28.315,65.17,40.98,2.923,4841.09,8501.598,0.0,0.0,0.569,17.428,0.0
2015-11-14,24,34.83,24.0,28.574,55.479,29.37,2.861,4906.84,8472.539,0.0,0.0,0.579,17.665,0.0
2015-11-15,24,36.11,22.52,28.551,56.561,28.28,1.147,5605.19,8443.936,0.0,0.0,0.664,20.179,0.0
2015-11-16,24,35.07,22.2,27.602,38.087,19.19,2.838,5841.71,8415.811,0.0,0.0,0.694,21.03,0.0
2015-11-17,24,33.75,22.0,26.734,39.956,20.97,2.941,5840.11,8388.185,0.0,0.0,0.696,21.024,0.0
2015-11-18,24,34.64,21.2,26.659,43.795,20.62,2.343,5926.35,8361.078,0.0,0.0,0.709,21.335,0.0
2015-11-19,24,34.78,21.12,27.155,41.735,21.98,2.61,5209.58,8334.511,0.0,0.0,0.625,18.754,0.0
2015-11-20,24,35.13,21.43,27.395,37.327,20.07,2.764,5816.68,8308.503,0.0,0.0,0.7,20.94,0.0
2015-11-21,24,35.07,20.34,26.849,42.588,19.96,2.45,5803.38,8283.074,0.0,0.0,0.701,20.892,0.0
2015-11-22,24,34.13,21.56,26.544,41.83,22.71,2.047,5399.45,8258.243,0.0,0.0,0.654,19.438,0.0
2015-11-23,24,33.67,20.41,25.642,60.0,25.36,2.334,5818.65,8234.029,0.0,0.0,0.707,20.947,0.0
2015-11-24,24,33.57,19.48,25.237,48.788,20.6,2.829,5730.07,8210.449,0.0,0.0,0.698,20.628,0.0
2015-11-25,24,34.74,20.04,25.973,47.096,20.27,2.974,5670.93,8187.522,0.0,0.0,0.693,20.415,0.0
2015-11-26,24,35.98,21.48,26.713,41.573,19.92,2.589,5515.1,8165.264,0.0,0.0,0.675,19.854,0.0
2015-11-27,24,32.93,21.54,25.763,43.263,21.51,2.424,4060.81,8143.693,0.0,0.0,0.499,14.619,0.0
2015-11-28,24,33.97,21.68,26.05,49.634,20.96,2.494,5354.54,8122.823,0.0,0.0,0.659,19.276,0.0
2015-11-29,24,33.78,21.65,26.512,35.631,16.94,3.216,4955.64,8102.672,0.0,0.0,0.612,17.84,0.0
2015-11-30,24,32.82,22.19,26.542,25.679,19.32,3.033,4294.66,8083.253,0.0,0.0,0.531,15.461,0.0
2015-12-01,24,29.47,19.72,24.194,27.035,17.76,2.658,3503.78,8064.582,0.0,0.0,0.434,12.614,0.0
2015-12-02,24,35.32,18.93,25.007,37.846,17.51,2.239,5601.38,8046.673,0.0,0.0,0.696,20.165,0.0
2015-12-03,24,35.32,19.03,25.614,45.782,18.05,2.202,5694.61,8029.539,0.0,0.0,0.709,20.501,0.0
2015-12-04,24,34.5,19.74,25.625,37.225,18.95,2.198,5635.34,8013.193,0.0,0.0,0.703,20.287,0.0
2015-12-05,24,34.83,18.69,25.599,37.346,16.94,2.351,5621.23,7997.648,0.0,0.0,0.703,20.236,0.0
2015-12-06,24,34.71,17.63,24.873,44.785,17.66,1.85,5518.11,7982.915,0.0,0.0,0.691,19.865,0.0
2015-12-07,24,34.7,20.1,26.243,48.979,16.89,2.155,5554.78,7969.005,0.0,0.0,0.697,19.997,0.0
2015-12-08,24,34.51,20.39,25.848,54.52,19.59,2.157,5523.91,7955.929,0.0,0.0,0.694,19.886,0.0
2015-12-09,24,35.07,17.42,25.248,48.483,16.3,1.902,5556.99,7943.698,0.0,0.0,0.7,20.005,0.0
2015-12-10,24,34.3,18.14,25.444,42.008,15.07,2.125,4774.27,7932.32,0.0,0.0,0.602,17.187,0.0
2015-12-11,24,33.32,20.7,25.418,42.611,18.93,2.212,4569.59,7921.804,0.07,0.0,0.577,16.451,0.0
2015-12-12,24,33.31,17.45,24.212,55.299,22.08,2.091,5222.72,7912.159,0.0,0.0,0.66,18.802,0.07
2015-12-13,24,33.36,17.33,23.548,62.271,19.78,1.665,5253.44,7903.392,0.0,0.0,0.665,18.912,0.07
2015-12-14,24,31.14,17.66,23.813,55.474,19.26,1.564,3586.38,7895.51,0.0,0.0,0.454,12.911,0.07
2015-12-15,24,33.9,16.82,25.29,45.703,18.93,1.835,3761.74,7888.52,0.0,0.0,0.477,13.542,0.0
2015-12-16,24,34.4,19.39,26.151,30.716,13.77,2.393,4507.73,7882.426,0.0,0.0,0.572,16.228,0.0
2015-12-17,24,34.82,19.17,25.465,28.4,11.97,2.564,5571.56,7877.236,0.0,0.0,0.707,20.058,0.0
2015-12-18,24,35.11,17.3,24.798,33.495,13.51,2.231,5478.97,7875.162,0.0,0.0,0.696,19.724,0.0
2015-12-19,24,33.9,18.09,24.793,32.188,14.63,2.357,4938.21,7874.475,0.0,0.0,0.627,17.778,0.0
2015-12-20,24,33.48,17.63,24.341,33.8,13.21,2.453,5149.69,7874.662,0.0,0.0,0.654,18.539,0.0
2015-12-21,24,33.8,16.9,23.931,45.925,14.25,2.033,5563.18,7875.724,0.0,0.0,0.706,20.027,0.0
2015-12-22,24,33.52,17.0,24.028,61.614,17.69,1.595,5534.54,7877.66,0.0,0.0,0.703,19.924,0.0
2015-12-23,24,34.83,17.75,25.27,52.934,17.37,2.208,5462.22,7880.47,0.0,0.0,0.693,19.664,0.0
2015-12-24,24,33.39,18.91,25.329,30.303,15.41,2.661,4880.51,7884.151,0.0,0.0,0.619,17.57,0.0
2015-12-25,24,33.66,20.18,25.806,30.36,14.07,2.113,4957.09,7888.703,0.0,0.0,0.628,17.846,0.0
2015-12-26,24,31.22,19.85,24.799,34.343,16.75,2.629,4187.39,7894.123,0.0,0.0,0.53,15.075,0.0
2015-12-27,24,29.44,21.88,25.296,35.83,22.93,3.037,2694.16,7900.406,0.01,0.01,0.341,9.699,0.0
2015-12-28,24,31.98,20.63,25.56,30.621,19.49,2.44,4129.17,7907.549,0.0,0.0,0.522,14.865,0.01
2015-12-29,24,31.74,19.74,24.935,31.062,16.15,2.795,4470.53,7915.548,0.0,0.0,0.565,16.094,0.01
2015-12-30,24,33.47,18.23,24.354,34.516,13.6,2.574,5188.69,7924.396,0.0,0.0,0.655,18.679,0.01
2015-12-31,24,32.59,16.42,23.647,41.518,15.11,2.229,5071.32,7934.089,0.0,0.0,0.639,18.257,0.0
2016-01-01,24,34.97,19.24,25.345,40.263,14.27,2.452,5453.32,7944.619,0.0,0.0,0.686,19.632,0.0
2016-01-02,24,32.09,18.48,24.593,35.888,15.59,2.278,4397.99,7955.98,0.0,0.0,0.553,15.833,0.0
2016-01-03,24,31.57,20.49,25.347,31.283,19.6,2.268,4422.9,7968.163,0.0,0.0,0.555,15.922,0.0
2016-01-04,24,32.45,19.97,25.029,33.669,19.35,1.562,4073.98,7981.161,0.0,0.0,0.51,14.666,0.0
2016-01-05,24,34.67,17.33,24.821,40.222,15.27,1.856,5473.11,7994.964,0.0,0.0,0.685,19.703,0.0
2016-01-06,24,32.29,18.35,24.437,49.89,23.89,2.058,5496.6,8009.563,0.0,0.0,0.686,19.788,0.0
2016-01-07,24,33.22,17.9,24.323,48.651,16.38,2.344,5584.24,8024.948,0.0,0.0,0.696,20.103,0.0
2016-01-08,24,33.91,18.29,24.86,55.499,21.62,2.562,5549.04,8041.107,0.0,0.0,0.69,19.977,0.0
2016-01-09,24,34.08,18.36,25.177,57.337,23.09,2.726,5582.62,8058.029,0.0,0.0,0.693,20.097,0.0
2016-01-10,24,36.69,20.01,27.026,43.424,14.99,2.656,5533.92,8075.703,0.0,0.0,0.685,19.922,0.0
2016-01-11,24,37.16,18.58,26.627,37.196,14.46,2.582,5531.63,8094.116,0.0,0.0,0.683,19.914,0.0
2016-01-12,24,35.66,21.03,27.314,33.942,16.15,2.051,5272.95,8113.255,0.0,0.0,0.65,18.983,0.0
2016-01-13,24,38.94,20.64,29.41,35.522,10.33,2.004,5546.94,8133.105,0.0,0.0,0.682,19.969,0.0
2016-01-14,24,37.93,17.37,26.518,44.364,7.56,2.06,5625.22,8153.653,0.0,0.0,0.69,20.251,0.0
2016-01-15,24,36.86,20.85,26.97,42.266,12.83,2.808,5519.76,8174.884,0.0,0.0,0.675,19.871,0.0
2016-01-16,24,37.35,20.29,27.177,25.782,9.08,2.251,5746.06,8196.782,0.0,0.0,0.701,20.686,0.0
2016-01-17,24,37.11,19.32,26.89,30.861,10.05,2.609,5797.89,8219.332,0.0,0.0,0.705,20.872,0.0
2016-01-18,24,37.81,18.26,26.078,36.374,9.56,2.22,5803.33,8242.517,0.0,0.0,0.704,20.892,0.0
2016-01-19,24,37.02,18.75,25.736,44.769,12.02,2.203,5839.08,8266.319,0.0,0.0,0.706,21.021,0.0
2016-01-20,24,36.64,19.0,26.577,30.518,8.33,2.337,5719.37,8290.723,0.0,0.0,0.69,20.59,0.0
2016-01-21,24,35.53,20.23,26.638,30.847,7.53,1.896,5559.48,8315.709,0.0,0.0,0.669,20.014,0.0
2016-01-22,24,36.45,19.37,26.792,28.554,9.46,2.002,5734.51,8341.259,0.0,0.0,0.687,20.644,0.0
2016-01-23,24,36.68,18.84,26.834,31.432,16.0,2.309,5747.39,8367.354,0.0,0.0,0.687,20.691,0.0
2016-01-24,24,35.92,20.25,26.929,29.725,13.47,2.73,5650.68,8393.975,0.0,0.0,0.673,20.342,0.0
2016-01-25,24,36.92,20.59,26.371,32.282,10.5,2.987,5836.26,8421.103,0.0,0.0,0.693,21.011,0.0
2016-01-26,24,34.38,21.3,26.224,31.357,13.09,2.523,5683.28,8448.716,0.0,0.0,0.673,20.46,0.0
2016-01-27,24,34.81,20.37,26.442,30.062,12.53,2.573,5575.83,8476.794,0.0,0.0,0.658,20.073,0.0
2016-01-28,24,35.43,21.51,26.527,33.669,16.04,2.258,5814.36,8505.317,0.0,0.0,0.684,20.932,0.0
2016-01-29,24,36.55,20.41,26.92,34.097,12.45,2.56,5985.7,8534.263,0.0,0.0,0.701,21.549,0.0
2016-01-30,24,35.88,20.18,26.885,29.572,14.55,2.782,5918.56,8563.609,0.0,0.0,0.691,21.307,0.0
2016-01-31,24,35.0,21.0,26.623,25.795,11.39,2.895,6017.26,8593.335,0.0,0.0,0.7,21.662,0.0
2016-02-01,24,33.67,19.51,25.768,24.912,11.61,2.741,4629.55,8623.417,0.0,0.0,0.537,16.666,0.0
2016-02-02,24,32.9,19.15,25.02,21.874,12.74,3.158,5895.0,8653.834,0.0,0.0,0.681,21.222,0.0
2016-02-03,24,34.1,18.19,25.064,22.733,11.4,2.856,6170.88,8684.561,0.0,0.0,0.711,22.215,0.0
2016-02-04,24,36.02,17.91,25.518,27.152,8.95,1.997,6185.6,8715.576,0.0,0.0,0.71,22.268,0.0
2016-02-05,24,37.27,16.54,25.475,38.565,7.86,1.888,6103.82,8746.856,0.0,0.0,0.698,21.974,0.0
2016-02-06,24,37.98,18.48,26.531,35.811,7.9,2.087,5826.13,8778.376,0.0,0.0,0.664,20.974,0.0
2016-02-07,24,38.12,19.68,28.172,29.212,8.64,2.958,5783.33,8810.113,0.0,0.0,0.656,20.82,0.0
2016-02-08,24,36.85,22.53,29.314,18.575,11.3,3.209,5830.26,8842.043,0.0,0.0,0.659,20.989,0.0
2016-02-09,24,35.95,21.79,28.598,19.911,11.56,3.243,5871.19,8874.142,0.0,0.0,0.662,21.136,0.0
2016-02-10,24,34.67,20.62,26.481,23.188,12.52,2.818,4933.47,8906.385,0.0,0.0,0.554,17.76,0.0
2016-02-11,24,37.49,19.31,26.882,29.24,9.75,2.635,5696.71,8938.749,0.0,0.0,0.637,20.508,0.0
2016-02-12,24,36.11,21.7,27.359,26.082,10.67,3.258,5087.41,8971.209,0.0,0.0,0.567,18.315,0.0
2016-02-13,24,36.32,20.73,26.744,27.424,8.9,3.279,6133.83,9003.741,0.0,0.0,0.681,22.082,0.0
2016-02-14,24,37.07,19.38,26.585,33.76,9.51,2.921,6467.51,9036.32,0.0,0.0,0.716,23.283,0.0
2016-02-15,24,35.86,20.14,25.899,32.368,11.64,3.554,6541.13,9068.922,0.0,0.0,0.721,23.548,0.0
2016-02-16,24,33.14,19.42,24.377,43.311,16.44,3.824,6495.2,9101.523,0.0,0.0,0.714,23.383,0.0
2016-02-17,24,33.39,19.31,24.378,33.761,14.32,3.578,6553.86,9134.099,0.0,0.0,0.718,23.594,0.0
2016-02-18,24,34.46,17.77,23.69,32.679,12.23,3.171,6565.11,9166.625,0.0,0.0,0.716,23.634,0.0
2016-02-19,24,27.13,16.8,20.522,60.24,28.44,4.642,6574.61,9199.079,0.0,0.0,0.715,23.669,0.0
2016-02-20,24,25.54,15.93,19.478,60.662,29.06,4.092,5529.29,9231.435,0.0,0.0,0.599,19.905,0.0
2016-02-21,24,29.44,16.32,21.533,52.211,21.09,3.507,6302.54,9263.671,0.0,0.0,0.68,22.689,0.0
2016-02-22,24,32.95,18.57,23.871,36.09,14.75,3.401,5132.73,9295.764,0.0,0.0,0.552,18.478,0.0
2016-02-23,24,38.69,20.51,27.343,31.368,10.79,3.005,6422.98,9327.69,0.0,0.0,0.689,23.123,0.0
2016-02-24,24,38.81,21.47,27.27,31.058,10.76,3.07,6621.41,9359.427,0.0,0.0,0.707,23.837,0.0
2016-02-25,24,41.09,20.73,28.608,32.542,8.74,3.062,6591.56,9390.953,0.0,0.0,0.702,23.73,0.0
2016-02-26,24,40.86,21.26,28.857,25.896,9.45,3.2,6728.11,9422.245,0.0,0.0,0.714,24.221,0.0
2016-02-27,24,36.65,19.62,26.435,36.476,16.27,3.944,6436.24,9453.282,0.0,0.0,0.681,23.17,0.0
2016-02-28,24,31.5,18.39,23.012,49.923,21.2,3.977,5684.71,9484.044,0.0,0.0,0.599,20.465,0.0
2016-02-29,24,32.57,18.01,23.535,50.711,19.17,3.465,5002.75,9517.529,0.0,0.0,0.526,18.01,0.0
2016-03-01,24,31.88,19.43,24.011,53.178,23.98,2.85,5148.04,9551.097,0.0,0.0,0.539,18.533,0.0
2016-03-02,24,35.57,18.68,24.909,45.475,17.68,2.881,5870.16,9584.396,0.0,0.0,0.612,21.133,0.0
2016-03-03,24,39.26,20.19,27.331,31.09,9.53,2.733,6776.36,9617.404,0.0,0.0,0.705,24.395,0.0
2016-03-04,24,39.54,20.82,28.617,25.385,8.29,2.404,6587.55,9650.1,0.0,0.0,0.683,23.715,0.0
2016-03-05,24,39.85,21.5,28.907,29.27,10.25,2.21,6232.31,9682.463,0.0,0.0,0.644,22.436,0.0
2016-03-06,24,38.24,21.87,27.986,36.495,14.35,4.392,6869.36,9714.473,0.0,0.0,0.707,24.73,0.0
2016-03-07,24,34.94,20.35,25.593,47.393,25.15,4.043,6873.77,9746.11,0.0,0.0,0.705,24.746,0.0
2016-03-08,24,33.77,19.03,24.192,53.618,24.2,3.778,6751.49,9777.355,0.0,0.0,0.691,24.305,0.0
2016-03-09,24,32.11,18.31,23.352,58.126,29.69,3.492,6870.97,9808.189,0.0,0.0,0.701,24.735,0.0
2016-03-10,24,30.02,17.21,22.001,69.873,34.48,3.586,6949.62,9838.594,0.0,0.0,0.706,25.019,0.0
2016-03-11,24,29.61,16.84,21.738,66.671,32.9,3.212,7005.01,9868.553,0.0,0.0,0.71,25.218,0.0
2016-03-12,24,29.75,16.44,21.912,68.098,31.97,2.819,7198.85,9898.05,0.0,0.0,0.727,25.916,0.0
2016-03-13,24,29.74,15.63,21.299,72.172,26.78,2.918,7147.01,9927.068,0.0,0.0,0.72,25.729,0.0
2016-03-14,24,27.49,16.44,20.853,74.824,35.66,2.73,6956.51,9955.592,0.0,0.0,0.699,25.043,0.0
2016-03-15,24,31.4,17.1,22.584,68.153,28.77,2.629,6847.66,9983.608,0.0,0.0,0.686,24.652,0.0
2016-03-16,24,32.68,17.47,24.189,62.786,28.22,2.942,6919.66,10011.103,0.0,0.0,0.691,24.911,0.0
2016-03-17,24,34.25,18.49,25.065,56.643,23.65,3.277,7024.28,10038.062,0.0,0.0,0.7,25.287,0.0
2016-03-18,24,31.28,18.27,23.451,68.34,28.68,3.399,7192.16,10064.475,0.0,0.0,0.715,25.892,0.0
2016-03-19,24,35.17,17.69,24.146,67.114,24.05,3.066,7250.28,10090.329,0.0,0.0,0.719,26.101,0.0
2016-03-20,24,33.96,17.92,23.48,69.672,27.8,2.831,7250.57,10115.615,0.0,0.0,0.717,26.102,0.0
2016-03-21,24,30.0,18.37,22.784,67.358,35.92,3.84,7256.81,10140.322,0.0,0.0,0.716,26.125,0.0
2016-03-22,24,31.15,17.92,23.894,55.038,23.83,3.965,4890.62,10164.441,0.0,0.0,0.481,17.606,0.0
2016-03-23,24,32.35,19.65,24.52,44.336,20.34,4.154,6504.37,10187.965,0.0,0.0,0.638,23.416,0.0
2016-03-24,24,30.81,18.74,23.12,54.016,23.55,4.05,6292.92,10210.886,0.0,0.0,0.616,22.655,0.0
2016-03-25,24,34.05,19.22,25.027,45.698,15.47,3.378,5892.68,10233.198,0.0,0.0,0.576,21.214,0.0
2016-03-26,24,36.71,17.45,26.069,37.868,13.65,2.651,7384.06,10254.895,0.0,0.0,0.72,26.583,0.0
2016-03-27,24,38.2,20.09,27.337,29.446,11.0,3.176,7441.87,10275.972,0.0,0.0,0.724,26.791,0.0
2016-03-28,24,37.45,19.21,26.236,38.938,13.22,2.989,7494.65,10296.426,0.0,0.0,0.728,26.981,0.0
2016-03-29,24,31.94,17.53,23.55,57.544,29.57,3.181,7396.38,10316.252,0.0,0.0,0.717,26.627,0.0
2016-03-30,24,26.42,16.88,21.097,73.895,43.23,3.923,7342.5,10335.45,0.0,0.0,0.71,26.433,0.0
2016-03-31,24,26.76,16.98,20.712,70.468,36.56,3.974,7301.41,10354.017,0.0,0.0,0.705,26.285,0.0
2016-04-01,24,29.19,16.9,21.68,70.02,37.41,3.079,7203.62,10371.952,0.0,0.0,0.695,25.933,0.0
2016-04-02,24,28.72,16.97,21.445,70.948,39.86,3.311,7291.83,10389.257,0.0,0.0,0.702,26.251,0.0
2016-04-03,24,30.11,16.85,21.912,67.974,33.18,3.457,7016.23,10405.93,0.0,0.0,0.674,25.258,0.0
2016-04-04,24,32.0,17.56,23.653,59.327,27.7,3.317,7244.64,10421.975,0.0,0.0,0.695,26.081,0.0
2016-04-05,24,33.24,18.25,24.323,54.985,26.12,3.809,6880.44,10437.394,0.0,0.0,0.659,24.77,0.0
2016-04-06,24,29.87,17.35,22.502,67.863,39.39,4.004,7064.63,10452.189,0.0,0.0,0.676,25.433,0.0
2016-04-07,24,28.29,16.95,21.371,74.971,43.35,3.584,7459.02,10466.364,0.0,0.0,0.713,26.852,0.0
2016-04-08,24,26.69,16.0,20.343,76.715,43.27,3.25,6080.13,10479.925,0.0,0.0,0.58,21.888,0.0
2016-04-09,24,28.35,16.14,20.988,73.285,35.41,3.162,7360.89,10492.875,0.0,0.0,0.702,26.499,0.0
2016-04-10,24,29.47,16.04,21.142,72.977,32.54,3.06,7344.96,10505.222,0.0,0.0,0.699,26.442,0.0
2016-04-11,24,31.56,16.13,22.36,71.15,29.41,2.905,7199.53,10516.971,0.0,0.0,0.685,25.918,0.0
2016-04-12,24,33.98,17.45,24.09,59.501,25.85,3.59,7377.0,10528.129,0.0,0.0,0.701,26.557,0.0
2016-04-13,24,38.24,19.58,27.159,47.288,20.39,4.005,7312.37,10538.705,0.0,0.0,0.694,26.325,0.0
2016-04-14,24,42.97,23.05,30.065,39.94,12.81,4.057,7337.21,10548.706,0.0,0.0,0.696,26.414,0.0
2016-04-15,24,42.93,23.24,30.83,35.713,12.27,3.572,7354.78,10558.142,0.0,0.0,0.697,26.477,0.0
2016-04-16,24,44.52,21.11,30.56,43.119,11.91,2.685,7335.63,10567.021,0.0,0.0,0.694,26.408,0.0
2016-04-17,24,43.02,25.04,32.507,33.492,14.25,3.04,7326.91,10575.353,0.0,0.0,0.693,26.377,0.0
2016-04-18,24,42.19,24.6,31.523,37.821,17.93,2.349,7293.71,10583.149,0.0,0.0,0.689,26.257,0.0
2016-04-19,24,35.43,21.84,27.648,49.712,28.77,3.037,7363.34,10590.419,0.0,0.0,0.695,26.508,0.0
2016-04-20,24,36.59,21.79,27.4,52.362,28.55,3.567,7367.25,10597.175,0.0,0.0,0.695,26.522,0.0
2016-04-21,24,37.46,21.8,28.054,48.357,27.62,4.14,7437.74,10603.427,0.0,0.0,0.701,26.776,0.0
2016-04-22,24,39.02,23.02,28.612,41.768,18.29,4.154,7347.63,10609.189,0.0,0.0,0.693,26.451,0.0
2016-04-23,24,34.29,20.12,25.932,55.99,27.13,1.999,7485.99,10614.471,0.0,0.0,0.705,26.95,0.0
2016-04-24,24,31.13,19.07,23.929,73.619,41.54,1.978,7404.8,10619.288,0.0,0.0,0.697,26.657,0.0
2016-04-25,24,28.09,18.82,22.3,75.046,46.07,3.203,6831.15,10623.65,0.0,0.0,0.643,24.592,0.0
2016-04-26,24,29.37,18.73,22.91,73.442,41.85,3.1,7382.57,10627.572,0.0,0.0,0.695,26.577,0.0
2016-04-27,24,30.23,18.45,23.16,73.511,39.62,2.89,7385.4,10631.066,0.0,0.0,0.695,26.587,0.0
2016-04-28,24,29.49,18.39,22.798,73.608,37.61,3.196,7354.75,10634.147,0.0,0.0,0.692,26.477,0.0
2016-04-29,24,29.63,18.4,22.833,72.513,34.83,3.249,7388.5,10636.828,0.0,0.0,0.695,26.599,0.0
2016-04-30,24,31.91,18.37,23.733,67.982,30.5,3.42,7487.23,10639.122,0.0,0.0,0.704,26.954,0.0
2016-05-01,24,33.19,19.9,25.225,61.447,33.58,3.722,7397.45,10641.044,0.0,0.0,0.695,26.631,0.0
2016-05-02,24,33.17,20.75,25.274,60.928,32.41,3.701,7442.84,10642.607,0.0,0.0,0.699,26.794,0.0
2016-05-03,24,31.46,20.65,24.563,61.926,36.84,3.43,6468.68,10643.826,0.0,0.0,0.608,23.287,0.0
2016-05-04,24,30.5,19.67,23.866,64.441,34.77,3.758,6742.17,10644.715,0.0,0.0,0.633,24.272,0.0
2016-05-05,24,29.01,19.12,23.228,65.777,40.25,4.225,7119.58,10645.289,0.0,0.0,0.669,25.63,0.0
2016-05-06,24,28.69,19.15,22.968,69.451,42.06,3.608,7385.87,10645.56,0.0,0.0,0.694,26.589,0.0
2016-05-07,24,30.63,19.56,23.49,70.168,40.59,3.159,7068.97,10645.544,0.0,0.0,0.664,25.448,0.0
2016-05-08,24,30.82,18.96,23.342,70.625,33.71,2.959,7474.9,10645.255,0.0,0.0,0.702,26.91,0.0
2016-05-09,24,31.64,19.22,24.09,69.301,34.74,3.026,7420.52,10644.706,0.0,0.0,0.697,26.714,0.0
2016-05-10,24,31.96,19.54,24.572,65.099,34.27,3.432,7466.25,10643.912,0.0,0.0,0.701,26.878,0.0
2016-05-11,24,31.69,20.39,25.081,64.19,38.52,4.207,7328.66,10642.887,0.0,0.0,0.689,26.383,0.0
2016-05-12,24,30.81,21.0,24.753,60.709,38.46,4.297,7189.53,10641.645,0.0,0.0,0.676,25.882,0.0
2016-05-13,24,30.98,20.34,24.328,62.182,37.59,4.582,7360.61,10640.199,0.0,0.0,0.692,26.498,0.0
2016-05-14,24,32.7,19.62,24.988,59.636,35.43,2.812,7312.01,10638.562,0.02,0.0,0.687,26.323,0.0
2016-05-15,24,33.96,20.07,25.512,62.515,30.21,2.407,7551.47,10636.749,0.02,0.0,0.71,27.185,0.02
2016-05-16,24,31.35,19.57,24.351,70.963,35.08,2.49,7226.39,10634.773,0.0,0.0,0.68,26.015,0.04
2016-05-17,24,29.47,18.64,23.158,72.653,43.14,3.594,7590.44,10632.646,0.0,0.0,0.714,27.326,0.04
2016-05-18,24,32.59,18.05,23.942,68.485,32.42,3.379,7584.38,10630.381,0.0,0.0,0.713,27.304,0.02
2016-05-19,24,32.68,18.23,24.811,67.349,32.89,1.86,7539.85,10627.991,0.0,0.0,0.709,27.143,0.0
2016-05-20,24,32.67,19.06,24.328,70.694,33.37,2.224,7548.04,10625.488,0.0,0.0,0.71,27.173,0.0
2016-05-21,24,30.43,18.69,23.49,72.529,36.74,3.105,7459.62,10622.884,0.0,0.0,0.702,26.855,0.0
2016-05-22,24,29.11,18.48,23.224,72.631,38.86,3.095,7177.82,10620.192,0.0,0.0,0.676,25.84,0.0
2016-05-23,24,30.33,19.26,23.929,68.294,32.68,3.143,7044.2,10617.422,0.0,0.0,0.663,25.359,0.0
2016-05-24,24,29.75,19.41,23.288,72.933,39.6,3.445,7515.85,10614.587,0.0,0.0,0.708,27.057,0.0
2016-05-25,24,28.73,18.51,22.704,75.318,43.09,3.212,7513.55,10611.697,0.0,0.0,0.708,27.049,0.0
2016-05-26,24,29.96,18.42,23.243,76.134,45.71,2.453,7205.29,10608.762,0.0,0.0,0.679,25.939,0.0
2016-05-27,24,31.99,19.59,24.344,68.36,33.13,2.66,7069.54,10605.794,0.0,0.0,0.667,25.45,0.0
2016-05-28,24,33.41,20.51,25.335,66.348,31.91,2.583,6090.99,10602.803,0.0,0.0,0.574,21.928,0.0
2016-05-29,24,33.87,20.72,25.964,60.53,35.34,3.557,6756.29,10599.797,0.0,0.0,0.637,24.323,0.0
2016-05-30,24,34.35,21.83,26.864,51.847,26.93,3.718,7549.66,10596.787,0.0,0.0,0.712,27.179,0.0
2016-05-31,24,32.66,19.01,25.305,66.05,36.34,1.742,7396.17,10593.783,0.0,0.0,0.698,26.626,0.0
2016-06-01,24,33.89,21.06,26.496,65.036,34.82,1.6,6979.61,10591.219,0.0,0.0,0.659,25.127,0.0
2016-06-02,24,33.08,21.74,25.827,69.322,36.92,2.598,6304.93,10589.846,0.0,0.0,0.595,22.698,0.0
2016-06-03,24,34.21,19.54,26.124,65.697,33.82,1.95,7260.94,10588.493,0.0,0.0,0.686,26.139,0.0
2016-06-04,24,30.82,20.02,25.538,71.628,41.3,2.283,7300.7,10587.166,0.0,0.0,0.69,26.283,0.0
2016-06-05,24,33.0,19.96,25.381,74.27,36.62,1.87,6294.72,10585.872,0.0,0.0,0.595,22.661,0.0
2016-06-06,24,31.83,19.42,24.767,73.872,39.59,2.149,7489.92,10584.616,0.0,0.0,0.708,26.964,0.0
2016-06-07,24,33.81,19.28,25.298,73.52,35.68,2.185,7430.01,10583.402,0.0,0.0,0.702,26.748,0.0
2016-06-08,24,32.67,20.65,25.464,72.261,37.04,2.27,7398.6,10582.236,0.0,0.0,0.699,26.635,0.0
2016-06-09,24,32.59,19.97,25.575,71.242,37.02,2.199,7420.58,10581.121,0.0,0.0,0.701,26.714,0.0
2016-06-10,24,30.67,21.6,25.627,77.979,54.49,2.75,7270.33,10580.063,0.0,0.0,0.687,26.173,0.0
2016-06-11,24,30.94,22.04,25.57,76.704,50.82,2.124,7169.27,10579.064,0.0,0.0,0.678,25.809,0.0
2016-06-12,24,30.88,21.69,25.808,72.249,48.38,2.082,6913.29,10578.127,0.0,0.0,0.654,24.888,0.0
2016-06-13,24,31.23,22.4,26.098,71.832,44.36,2.296,7056.92,10577.256,0.0,0.0,0.667,25.405,0.0
2016-06-14,24,32.18,21.72,26.127,72.253,40.58,2.658,7302.55,10576.452,0.0,0.0,0.69,26.289,0.0
2016-06-15,24,32.46,21.48,26.16,72.808,42.33,2.073,7313.34,10575.719,0.0,0.0,0.692,26.328,0.0
2016-06-16,24,29.68,21.66,25.057,76.772,51.37,2.375,6111.53,10575.057,0.0,0.0,0.578,22.002,0.0
2016-06-17,24,31.16,21.83,25.302,73.79,46.47,2.639,7326.97,10574.467,0.0,0.0,0.693,26.377,0.0
2016-06-18,24,33.28,21.3,26.219,71.875,40.65,1.826,7093.96,10573.952,0.0,0.0,0.671,25.538,0.0
2016-06-19,24,33.8,22.28,27.476,69.17,35.53,2.086,7111.11,10573.51,0.0,0.0,0.673,25.6,0.0
2016-06-20,24,35.43,23.64,27.848,68.922,34.38,2.715,7236.48,10573.143,0.0,0.0,0.684,26.051,0.0
2016-06-21,24,34.23,22.59,27.191,72.027,38.31,1.988,7469.61,10572.85,0.0,0.0,0.706,26.891,0.0
2016-06-22,24,30.02,23.1,25.9,71.52,50.38,2.56,6184.06,10572.63,0.0,0.0,0.585,22.263,0.0
2016-06-23,24,31.74,21.96,25.906,64.224,40.31,1.994,7306.98,10572.483,0.0,0.0,0.691,26.305,0.0
2016-06-24,24,33.28,22.06,26.832,66.869,39.07,1.461,6156.4,10572.407,0.0,0.0,0.582,22.163,0.0
2016-06-25,24,31.54,22.75,26.59,74.847,55.16,1.854,6350.25,10572.4,0.0,0.0,0.601,22.861,0.0
2016-06-26,24,34.59,23.79,28.137,71.143,44.82,2.148,6854.94,10572.461,0.0,0.0,0.648,24.678,0.0
2016-06-27,24,32.91,23.59,27.839,73.618,50.35,2.188,7050.36,10572.586,0.0,0.0,0.667,25.381,0.0
2016-06-28,24,30.03,23.23,26.154,77.628,55.92,2.599,6595.47,10572.773,0.0,0.0,0.624,23.744,0.0
2016-06-29,24,33.46,22.39,27.053,72.716,44.62,1.5,7130.57,10573.019,0.0,0.0,0.674,25.67,0.0
2016-06-30,24,30.88,23.76,26.77,79.848,63.88,1.212,5127.81,10573.319,1.32,1.32,0.485,18.46,0.0
2016-07-01,24,33.49,23.53,27.448,77.222,51.61,2.205,6800.85,10573.671,0.0,0.0,0.643,24.483,1.32
2016-07-02,24,30.83,23.27,26.349,76.688,53.62,2.626,7006.54,10574.07,0.0,0.0,0.663,25.224,1.32
2016-07-03,24,33.2,24.46,28.607,72.726,53.53,1.465,5610.85,10574.511,0.43,0.43,0.531,20.199,1.32
2016-07-04,24,31.7,23.93,27.35,72.12,52.69,2.103,6845.66,10574.989,0.88,0.79,0.647,24.644,0.43
2016-07-05,24,33.48,24.21,27.926,68.737,40.06,2.046,5275.36,10575.498,0.02,0.0,0.499,18.991,1.31
2016-07-06,24,33.47,23.41,27.251,72.551,43.05,2.299,7332.55,10576.034,0.0,0.0,0.693,26.397,1.33
2016-07-07,24,31.97,22.9,26.774,73.636,52.32,1.988,7014.27,10576.59,0.0,0.0,0.663,25.251,0.9
2016-07-08,24,32.26,22.74,27.367,70.261,48.06,2.298,7153.07,10577.159,0.0,0.0,0.676,25.751,0.02
2016-07-09,24,32.72,24.27,27.485,74.574,50.6,2.015,6641.01,10577.735,0.01,0.01,0.628,23.908,0.0
2016-07-10,24,31.61,23.4,26.74,74.616,50.89,2.548,6474.48,10578.31,0.0,0.0,0.612,23.308,0.01
2016-07-11,24,30.88,23.21,26.353,72.262,48.03,3.095,7228.99,10578.878,0.0,0.0,0.683,26.024,0.01
2016-07-12,24,30.54,23.73,26.403,69.262,52.67,2.515,5312.11,10579.43,0.06,0.02,0.502,19.124,0.01
2016-07-13,24,32.95,22.61,26.944,70.711,43.58,1.718,6197.16,10579.959,0.05,0.05,0.586,22.31,0.06
2016-07-14,24,33.6,24.36,28.758,67.364,44.43,2.235,6846.95,10580.456,0.0,0.0,0.647,24.649,0.11
2016-07-15,24,30.78,24.18,27.648,76.853,61.77,2.137,4817.78,10580.913,0.29,0.29,0.455,17.344,0.11
2016-07-16,24,31.79,24.86,27.72,71.831,48.73,2.565,6892.59,10581.32,0.0,0.0,0.651,24.813,0.34
2016-07-17,24,33.77,23.59,27.686,72.792,42.94,2.501,7135.36,10581.668,0.0,0.0,0.674,25.687,0.29
2016-07-18,24,32.2,25.91,28.36,71.715,54.45,3.785,6630.6,10581.948,0.04,0.03,0.627,23.87,0.29
2016-07-19,24,31.56,25.73,28.006,74.968,57.79,2.665,5746.96,10582.151,0.44,0.3,0.543,20.689,0.04
2016-07-20,24,32.62,25.19,27.49,82.307,58.01,1.231,4218.58,10582.265,25.51,19.85,0.399,15.187,0.48
2016-07-21,24,28.75,24.31,25.853,87.431,73.66,1.093,2882.03,10582.28,7.79,5.74,0.272,10.375,25.99
2016-07-22,24,30.72,24.49,27.385,78.55,61.16,2.252,5382.47,10582.186,0.1,0.1,0.509,19.377,33.74
2016-07-23,24,31.97,25.82,28.241,78.35,59.94,2.453,5894.29,10581.973,1.36,1.26,0.557,21.219,33.4
2016-07-24,24,28.38,25.27,26.434,84.652,70.95,1.974,3685.15,10581.628,2.02,1.81,0.348,13.267,9.25
2016-07-25,24,30.3,24.22,26.186,86.749,67.06,1.718,3919.2,10581.141,11.01,7.49,0.37,14.109,3.48
2016-07-26,24,30.49,24.08,26.928,82.276,65.15,1.73,5063.39,10580.501,1.74,1.29,0.479,18.228,14.39
2016-07-27,24,32.38,23.23,27.662,79.233,55.89,1.518,5269.44,10579.695,0.68,0.68,0.498,18.97,14.77
2016-07-28,24,31.94,26.61,28.87,74.926,56.47,1.748,6702.12,10578.712,0.0,0.0,0.634,24.128,13.43
2016-07-29,24,32.68,26.23,28.649,75.61,51.93,1.395,5173.05,10577.539,3.4,1.28,0.489,18.623,2.42
2016-07-30,24,30.9,25.56,27.66,82.799,63.05,0.975,4119.62,10576.165,7.76,7.21,0.39,14.831,4.08
2016-07-31,24,30.55,23.86,27.095,84.954,68.29,1.339,4996.59,10574.576,16.54,2.88,0.473,17.988,11.16
2016-08-01,24,32.05,26.41,28.547,78.403,59.6,1.067,5886.05,10572.762,0.01,0.0,0.557,21.19,27.7
2016-08-02,24,31.5,25.82,28.298,81.089,63.35,2.172,5746.35,10570.708,0.71,0.7,0.544,20.687,24.31
2016-08-03,24,31.95,26.16,28.356,78.413,60.88,2.218,5803.75,10568.402,0.36,0.36,0.549,20.894,17.26
2016-08-04,24,30.01,24.53,27.068,75.485,60.8,2.263,5959.61,10565.832,0.0,0.0,0.564,21.455,1.08
2016-08-05,24,30.74,23.52,27.097,71.541,52.66,1.705,5983.96,10562.985,0.0,0.0,0.567,21.542,1.07
2016-08-06,24,32.93,25.24,27.799,75.533,48.35,1.342,5186.77,10559.848,21.12,19.81,0.491,18.672,0.36
2016-08-07,24,31.5,25.29,27.922,75.945,60.51,2.176,6931.94,10556.407,0.0,0.0,0.657,24.955,21.12
2016-08-08,24,31.17,25.3,27.865,76.357,60.16,2.665,6914.94,10552.651,0.0,0.0,0.655,24.894,21.12
2016-08-09,24,30.93,24.76,27.51,73.618,52.81,1.953,6975.09,10548.565,0.0,0.0,0.661,25.11,21.12
2016-08-10,24,32.61,25.54,28.405,69.3,49.73,1.796,5723.84,10544.138,0.25,0.01,0.543,20.606,0.0
2016-08-11,24,30.0,25.24,26.947,76.972,61.01,1.226,4322.26,10539.356,1.83,0.26,0.41,15.56,0.25
2016-08-12,24,28.71,24.9,26.374,85.27,69.96,1.711,3345.79,10536.649,90.06,85.79,0.318,12.045,2.08
2016-08-13,24,31.81,25.4,28.147,80.936,63.49,1.404,5697.33,10533.897,0.86,0.86,0.541,20.51,92.14
2016-08-14,24,31.85,26.24,28.687,82.634,65.7,1.952,6127.78,10530.838,0.29,0.14,0.582,22.06,92.75
2016-08-15,24,32.13,26.99,28.953,81.156,63.54,2.293,5227.22,10527.459,0.62,0.61,0.497,18.818,91.21
2016-08-16,24,28.89,24.12,26.686,87.514,75.91,1.291,3580.87,10523.747,21.7,20.69,0.34,12.891,1.77
2016-08-17,24,28.9,25.09,26.312,88.155,72.62,0.787,5012.63,10519.688,17.5,16.7,0.476,18.045,22.61
2016-08-18,24,31.6,25.79,28.358,83.619,70.28,1.225,5585.17,10515.269,2.05,2.05,0.531,20.107,39.82
2016-08-19,24,31.86,25.47,28.276,82.057,63.22,2.329,6769.3,10510.477,0.0,0.0,0.644,24.369,41.25
2016-08-20,24,29.22,25.59,26.996,81.763,67.87,1.56,4783.91,10505.3,0.49,0.12,0.455,17.222,19.55
2016-08-21,24,32.27,24.52,28.019,80.173,58.32,2.379,5435.42,10499.726,1.83,1.83,0.518,19.568,2.54
2016-08-22,24,31.36,24.45,27.27,84.208,67.66,1.492,5594.1,10493.742,0.98,0.98,0.533,20.139,2.32
2016-08-23,24,31.4,24.89,27.969,80.878,65.8,2.78,5878.78,10487.335,0.13,0.0,0.561,21.164,3.3
2016-08-24,24,30.72,25.45,27.68,80.327,65.65,2.663,5772.94,10480.494,0.03,0.03,0.551,20.783,2.94
2016-08-25,24,30.31,25.31,27.708,81.215,67.18,2.515,5344.51,10473.208,0.34,0.34,0.51,19.24,1.14
2016-08-26,24,32.2,25.91,28.431,80.212,62.51,2.404,5698.47,10465.465,0.61,0.61,0.545,20.514,0.5
2016-08-27,24,32.88,25.69,28.316,79.907,60.59,1.338,5175.54,10457.255,2.15,2.12,0.495,18.632,0.98
2016-08-28,24,31.16,25.26,27.853,85.358,70.32,1.811,4968.72,10448.567,5.81,5.8,0.476,17.887,3.1
2016-08-29,24,31.14,24.92,28.04,83.615,67.57,2.748,5495.08,10439.39,0.24,0.24,0.526,19.782,8.57
2016-08-30,24,29.53,24.89,27.031,87.026,73.97,2.101,2259.4,10429.716,15.32,14.83,0.217,8.134,8.2
2016-08-31,24,32.52,25.38,28.341,81.723,65.95,1.502,5294.34,10419.534,6.74,4.17,0.508,19.06,21.37
2016-09-01,24,30.28,23.9,26.792,86.38,69.36,0.636,3951.16,10408.837,16.04,13.99,0.38,14.224,22.3
2016-09-02,24,31.04,24.52,26.901,86.407,67.53,1.551,3789.98,10397.615,15.16,13.81,0.365,13.644,38.1
2016-09-03,24,30.69,24.38,26.743,84.733,68.72,1.005,5980.79,10385.861,4.38,4.38,0.576,21.531,37.94
2016-09-04,24,32.35,23.9,28.232,82.12,63.37,2.477,5976.83,10373.568,0.02,0.02,0.576,21.517,35.58
2016-09-05,24,34.51,26.79,30.064,82.668,62.72,1.738,7157.55,10360.728,0.0,0.0,0.691,25.767,19.56
2016-09-06,24,32.44,24.33,28.151,83.327,62.44,1.398,5183.69,10347.337,24.6,13.46,0.501,18.661,4.4
2016-09-07,24,32.26,24.63,27.996,84.386,65.41,1.182,6387.74,10333.388,3.45,3.44,0.618,22.996,24.62
2016-09-08,24,32.01,25.82,28.432,84.454,71.68,1.406,5336.3,10318.876,1.26,1.26,0.517,19.211,28.05
2016-09-09,24,31.33,25.89,28.177,84.114,66.81,1.241,5641.94,10303.797,1.25,1.23,0.548,20.311,29.31
2016-09-10,24,33.75,25.27,28.366,82.437,59.96,0.672,5945.61,10288.147,5.54,5.26,0.578,21.404,5.96
2016-09-11,24,31.96,23.61,27.195,85.055,65.07,1.524,5174.82,10271.924,11.74,6.99,0.504,18.629,8.05
2016-09-12,24,30.73,24.01,26.579,86.465,71.17,1.235,3932.33,10255.125,12.29,12.21,0.383,14.156,18.53
2016-09-13,24,29.65,23.95,26.688,85.463,74.82,2.13,3775.99,10237.749,5.69,5.59,0.369,13.594,29.57
2016-09-14,24,31.37,25.58,28.075,80.298,65.95,2.032,6179.74,10219.795,0.0,0.0,0.605,22.247,29.72
2016-09-15,24,31.01,26.25,28.215,83.789,71.57,2.776,5746.17,10201.262,0.0,0.0,0.563,20.686,17.98
2016-09-16,24,33.25,24.86,28.225,83.93,64.6,1.177,4801.75,10182.151,11.5,7.36,0.472,17.286,5.69
2016-09-17,24,28.81,25.4,26.776,87.387,74.02,2.227,3304.06,10162.465,5.23,4.89,0.325,11.895,11.5
2016-09-18,24,29.76,25.23,26.913,87.625,74.59,2.315,3743.42,10142.204,12.66,11.94,0.369,13.476,16.73
2016-09-19,24,32.15,24.52,27.878,82.693,66.59,1.198,5409.51,10121.372,4.46,4.45,0.534,19.474,29.39
2016-09-20,24,29.93,25.19,26.947,86.837,71.94,1.19,4074.34,10099.972,7.32,7.3,0.403,14.668,22.35
2016-09-21,24,31.97,25.77,28.568,82.794,67.34,1.36,6487.51,10078.009,0.24,0.22,0.644,23.355,24.44
2016-09-22,24,31.84,25.91,28.29,85.087,69.39,1.823,6783.11,10055.488,0.0,0.0,0.675,24.419,12.02
2016-09-23,24,31.38,24.51,27.872,83.371,64.89,1.535,6546.15,10032.416,0.0,0.0,0.652,23.566,7.56
2016-09-24,24,31.4,26.02,28.461,85.096,67.95,1.117,5349.31,10008.798,4.79,4.78,0.534,19.258,0.24
2016-09-25,24,31.95,23.95,28.063,83.869,65.17,1.674,5862.73,9984.643,0.86,0.86,0.587,21.106,4.79
2016-09-26,24,30.51,23.93,26.765,83.704,65.61,1.855,6548.19,9959.959,0.0,0.0,0.657,23.573,5.65
2016-09-27,24,32.97,24.19,28.359,81.29,59.27,1.132,6275.62,9934.755,3.38,0.59,0.632,22.592,5.65
2016-09-28,24,28.96,23.62,26.045,88.35,71.78,1.316,3029.57,9909.041,0.08,0.08,0.306,10.906,4.24
2016-09-29,24,31.23,23.64,27.326,83.476,64.35,1.078,4832.62,9882.828,0.02,0.02,0.489,17.397,3.46
2016-09-30,24,31.75,24.29,27.502,84.941,65.06,0.972,5716.63,9856.126,5.86,5.69,0.58,20.58,3.48
2016-10-01,24,33.39,25.19,28.86,82.491,61.73,1.185,6523.26,9828.949,0.12,0.12,0.664,23.484,5.96
2016-10-02,24,32.24,25.59,28.501,79.631,55.8,1.985,6348.52,9801.309,0.0,0.0,0.648,22.855,6.0
2016-10-03,24,33.09,25.33,28.503,79.612,57.99,1.975,6762.98,9773.219,0.0,0.0,0.692,24.347,5.98
2016-10-04,24,34.12,24.04,28.661,77.407,53.59,1.316,6524.66,9744.695,0.0,0.0,0.67,23.489,0.12
2016-10-05,24,33.59,25.12,28.652,80.519,54.99,1.6,6513.99,9715.75,0.0,0.0,0.67,23.45,0.0
2016-10-06,24,32.13,24.61,27.807,78.778,55.65,2.089,6401.27,9686.4,0.0,0.0,0.661,23.045,0.0
2016-10-07,24,32.32,23.92,27.54,76.397,51.9,2.416,6581.67,9656.663,0.0,0.0,0.682,23.694,0.0
2016-10-08,24,32.6,24.12,27.882,78.701,56.75,1.699,6103.31,9626.553,0.0,0.0,0.634,21.972,0.0
2016-10-09,24,34.65,24.47,28.555,81.273,51.9,1.459,6629.1,9596.09,0.0,0.0,0.691,23.865,0.0
2016-10-10,24,33.47,25.56,28.748,80.797,58.2,1.655,6264.31,9565.291,0.01,0.01,0.655,22.552,0.0
2016-10-11,24,34.41,25.9,29.374,81.029,57.3,1.152,5485.85,9534.175,0.4,0.4,0.575,19.749,0.01
2016-10-12,24,33.3,24.98,28.898,77.946,51.16,2.307,6555.43,9502.76,0.0,0.0,0.69,23.6,0.41
2016-10-13,24,33.91,22.26,27.429,73.727,45.46,2.424,6765.6,9471.067,0.0,0.0,0.714,24.356,0.41
2016-10-14,24,32.34,22.1,26.742,75.799,48.42,1.952,6672.17,9439.116,0.0,0.0,0.707,24.02,0.4
2016-10-15,24,33.54,23.31,27.555,72.369,39.96,1.58,6145.18,9406.927,0.0,0.0,0.653,22.123,0.0
2016-10-16,24,34.7,22.96,28.516,72.267,45.96,0.851,6234.69,9374.521,3.47,3.47,0.665,22.445,0.0
2016-10-17,24,35.81,24.65,29.241,64.778,35.75,1.985,6292.46,9341.92,0.02,0.02,0.674,22.653,3.47
2016-10-18,24,37.4,24.52,29.441,62.197,30.67,2.021,6266.57,9309.146,0.0,0.0,0.673,22.56,3.49
2016-10-19,24,34.8,23.29,28.4,78.255,52.07,1.735,6465.51,9276.22,0.0,0.0,0.697,23.276,3.49
2016-10-20,24,34.77,24.79,28.912,77.053,45.96,1.867,6267.23,9243.166,0.0,0.0,0.678,22.562,0.02
2016-10-21,24,34.32,23.71,28.243,71.582,37.73,1.645,6425.44,9210.006,0.0,0.0,0.698,23.132,0.0
2016-10-22,24,34.35,23.23,28.131,71.326,38.46,1.852,6333.31,9176.762,0.0,0.0,0.69,22.8,0.0
2016-10-23,24,33.95,23.64,27.902,72.607,40.88,2.475,6113.65,9143.459,0.0,0.0,0.669,22.009,0.0
2016-10-24,24,34.74,23.64,27.869,71.135,39.15,2.51,6021.41,9110.12,0.0,0.0,0.661,21.677,0.0
2016-10-25,24,32.47,23.45,27.134,72.898,46.52,1.956,4885.02,9076.768,0.0,0.0,0.538,17.586,0.0
2016-10-26,24,32.32,24.23,27.295,73.091,49.48,2.522,5212.76,9043.428,0.0,0.0,0.576,18.766,0.0
2016-10-27,24,34.65,23.99,28.356,67.71,38.73,2.413,6058.41,9010.123,0.44,0.44,0.672,21.81,0.0
2016-10-28,24,34.59,25.34,29.06,68.25,43.45,3.587,6004.28,8976.877,0.0,0.0,0.669,21.615,0.44
2016-10-29,24,36.52,24.67,29.604,66.546,34.62,1.772,5655.66,8943.714,0.0,0.0,0.632,20.36,0.44
2016-10-30,24,34.58,23.95,28.575,74.873,43.87,1.96,6006.17,8910.659,0.0,0.0,0.674,21.622,0.44
2016-10-31,24,34.41,23.94,28.545,76.772,47.08,1.582,5861.8,8877.735,2.12,2.12,0.66,21.102,0.0
2016-11-01,24,33.6,24.33,28.108,76.542,41.78,1.558,5474.31,8844.967,0.0,0.0,0.619,19.708,2.12
2016-11-02,24,34.84,22.35,27.851,70.525,34.42,1.264,5646.82,8812.379,0.0,0.0,0.641,20.329,2.12
2016-11-03,24,36.16,24.18,29.354,63.155,27.45,1.276,5863.35,8779.994,0.37,0.37,0.668,21.108,2.12
2016-11-04,24,33.29,24.9,28.503,64.018,35.73,1.787,4941.79,8747.837,0.31,0.3,0.565,17.79,0.37
2016-11-05,24,34.52,24.15,28.032,56.515,33.52,1.234,5001.54,8715.932,0.86,0.86,0.574,18.006,0.68
2016-11-06,24,34.5,24.35,28.286,67.39,36.31,2.971,5687.25,8684.302,0.0,0.0,0.655,20.474,1.54
2016-11-07,24,34.34,23.65,27.689,59.086,34.21,3.538,5893.97,8652.97,0.0,0.0,0.681,21.218,1.17
2016-11-08,24,37.13,23.25,28.468,51.85,24.19,3.447,5954.05,8621.961,0.0,0.0,0.691,21.435,0.86
2016-11-09,24,37.65,23.26,28.64,45.387,17.79,1.803,5169.1,8591.296,0.0,0.0,0.602,18.609,0.0
2016-11-10,24,36.74,21.4,28.257,50.019,18.97,2.575,5771.76,8560.999,0.0,0.0,0.674,20.778,0.0
2016-11-11,24,35.41,23.48,28.025,50.554,27.18,2.272,4536.89,8531.092,0.0,0.0,0.532,16.333,0.0
2016-11-12,24,34.49,20.77,25.888,36.181,10.23,2.638,5973.58,8501.598,0.0,0.0,0.703,21.505,0.0
2016-11-13,24,33.98,17.65,24.641,39.328,10.09,1.706,6035.76,8472.539,0.0,0.0,0.712,21.729,0.0
2016-11-14,24,33.51,19.06,25.167,61.499,22.75,1.489,5844.62,8443.936,0.0,0.0,0.692,21.041,0.0
2016-11-15,24,32.04,19.73,25.386,65.112,34.03,1.69,5112.2,8415.811,0.0,0.0,0.607,18.404,0.0
2016-11-16,24,30.61,22.04,25.574,65.13,36.49,1.731,4087.89,8388.185,0.27,0.27,0.487,14.716,0.0
2016-11-17,24,33.53,23.21,27.257,58.133,34.36,2.855,5207.26,8361.078,0.03,0.03,0.623,18.746,0.27
2016-11-18,24,31.14,23.87,26.518,64.044,43.62,2.971,3536.06,8334.511,0.01,0.0,0.424,12.73,0.3
2016-11-19,24,37.92,22.72,29.658,48.115,22.12,2.245,5055.69,8308.503,0.0,0.0,0.608,18.2,0.31
2016-11-20,24,37.28,23.39,29.224,31.904,16.65,2.522,5766.86,8283.074,0.0,0.0,0.696,20.761,0.04
2016-11-21,24,38.03,21.53,28.046,42.46,15.52,2.029,5509.85,8258.243,0.0,0.0,0.667,19.835,0.01
2016-11-22,24,34.43,21.41,26.8,62.378,27.26,2.735,5707.56,8234.029,0.0,0.0,0.693,20.547,0.0
2016-11-23,24,35.37,21.58,27.085,62.933,24.65,2.622,5645.53,8210.449,0.0,0.0,0.688,20.324,0.0
2016-11-24,24,33.27,22.11,27.042,64.007,40.48,2.959,5386.97,8187.522,0.0,0.0,0.658,19.393,0.0
2016-11-25,24,34.31,23.49,27.485,59.842,33.66,3.108,4256.91,8165.264,0.0,0.0,0.521,15.325,0.0
2016-11-26,24,31.27,23.02,26.104,63.018,40.1,4.105,5461.16,8143.693,0.0,0.0,0.671,19.66,0.0
2016-11-27,24,30.97,22.4,25.563,60.708,37.59,3.392,4580.62,8122.823,0.0,0.0,0.564,16.49,0.0
2016-11-28,24,31.86,21.34,24.975,68.641,40.68,2.591,4990.74,8102.672,0.0,0.0,0.616,17.967,0.0
2016-11-29,24,31.67,21.11,25.044,70.188,37.14,2.225,3965.96,8083.253,0.0,0.0,0.491,14.277,0.0
2016-11-30,24,34.78,20.18,26.22,65.306,28.66,2.333,5457.09,8064.582,0.0,0.0,0.677,19.646,0.0
2016-12-01,24,39.05,22.33,28.982,52.39,22.78,2.955,5452.77,8046.673,0.0,0.0,0.678,19.63,0.0
2016-12-02,24,39.99,23.22,29.6,45.896,16.76,2.649,5524.84,8029.539,0.0,0.0,0.688,19.889,0.0
2016-12-03,24,40.04,21.34,29.03,49.044,17.1,1.613,5382.98,8013.193,0.0,0.0,0.672,19.379,0.0
2016-12-04,24,36.6,22.56,27.764,60.521,28.84,2.857,5419.5,7997.648,0.0,0.0,0.678,19.51,0.0
2016-12-05,24,36.19,21.67,27.218,64.495,27.49,3.218,5367.69,7982.915,0.0,0.0,0.672,19.324,0.0
2016-12-06,24,35.34,21.24,27.181,65.844,32.12,3.068,5442.7,7969.005,0.0,0.0,0.683,19.594,0.0
2016-12-07,24,38.03,21.84,28.091,58.5,24.39,2.168,5409.88,7955.929,0.0,0.0,0.68,19.476,0.0
2016-12-08,24,38.98,19.53,28.22,40.59,14.99,1.645,5540.81,7943.698,0.0,0.0,0.698,19.947,0.0
2016-12-09,24,37.42,20.26,27.762,40.855,18.4,2.583,5495.24,7932.32,0.0,0.0,0.693,19.783,0.0
2016-12-10,24,35.25,21.03,26.344,41.748,20.96,2.756,5395.67,7921.804,0.0,0.0,0.681,19.424,0.0
2016-12-11,24,32.79,18.59,24.599,51.032,23.16,2.743,5396.08,7912.159,0.0,0.0,0.682,19.426,0.0
2016-12-12,24,33.76,18.45,24.836,51.511,20.26,2.586,5498.26,7903.392,0.0,0.0,0.696,19.794,0.0
2016-12-13,24,33.83,17.89,24.656,48.418,19.11,2.727,5496.43,7895.51,0.0,0.0,0.696,19.787,0.0
2016-12-14,24,32.91,17.07,23.978,37.799,16.42,3.065,5389.81,7888.52,0.0,0.0,0.683,19.403,0.0
2016-12-15,24,30.98,18.53,24.107,29.49,20.57,3.501,4437.33,7882.426,0.0,0.0,0.563,15.974,0.0
2016-12-16,24,31.14,18.14,24.035,25.835,16.85,3.884,4694.68,7877.236,0.0,0.0,0.596,16.901,0.0
2016-12-17,24,29.34,17.88,22.725,43.354,23.15,3.416,4881.6,7875.162,0.0,0.0,0.62,17.574,0.0
2016-12-18,24,29.12,18.52,22.678,51.31,25.87,3.439,4919.85,7874.475,0.0,0.0,0.625,17.711,0.0
2016-12-19,24,30.04,18.65,23.995,35.993,20.58,3.336,5134.94,7874.662,0.0,0.0,0.652,18.486,0.0
2016-12-20,24,32.81,18.39,24.237,36.274,18.0,3.44,5205.45,7875.724,0.0,0.0,0.661,18.74,0.0
2016-12-21,24,32.05,19.6,24.692,34.869,18.9,3.256,4899.37,7877.66,0.0,0.0,0.622,17.638,0.0
2016-12-22,24,32.41,21.42,26.237,22.367,10.27,4.364,5459.16,7880.47,0.0,0.0,0.693,19.653,0.0
2016-12-23,24,32.02,20.62,25.618,30.528,15.19,3.715,5324.05,7884.151,0.0,0.0,0.675,19.167,0.0
2016-12-24,24,32.45,18.37,23.912,34.574,16.41,2.686,4966.23,7888.703,0.0,0.0,0.63,17.878,0.0
2016-12-25,24,33.61,20.34,25.512,31.948,15.48,2.108,5089.99,7894.123,0.0,0.0,0.645,18.324,0.0
2016-12-26,24,34.99,20.16,26.182,31.364,16.0,2.09,5016.74,7900.406,0.0,0.0,0.635,18.06,0.0
2016-12-27,24,35.42,18.73,25.645,35.523,13.71,1.874,5447.78,7907.549,0.0,0.0,0.689,19.612,0.0
2016-12-28,24,35.47,19.56,25.754,34.595,15.72,1.842,5313.39,7915.548,0.0,0.0,0.671,19.128,0.0
2016-12-29,24,34.84,19.28,25.879,32.585,14.83,2.376,5429.85,7924.396,0.0,0.0,0.685,19.547,0.0
2016-12-30,24,34.66,18.96,26.065,27.502,13.67,2.57,5447.28,7934.089,0.0,0.0,0.687,19.61,0.0
2016-12-31,24,35.13,19.43,25.841,26.71,13.94,2.54,5448.32,7944.619,0.0,0.0,0.686,19.614,0.0
2017-01-01,24,36.09,19.84,26.516,27.742,12.94,2.491,5409.41,7944.619,0.0,0.0,0.681,19.474,0.0
2017-01-02,24,35.91,18.65,26.004,29.184,13.46,2.395,5350.24,7955.98,0.0,0.0,0.672,19.261,0.0
2017-01-03,24,36.19,18.5,26.254,26.873,11.61,2.466,5477.59,7968.163,0.0,0.0,0.687,19.719,0.0
2017-01-04,24,34.48,19.03,25.237,25.815,11.99,3.101,5540.65,7981.161,0.0,0.0,0.694,19.946,0.0
2017-01-05,24,33.37,17.29,23.72,22.841,10.95,2.83,5679.32,7994.964,0.0,0.0,0.71,20.446,0.0
2017-01-06,24,33.84,15.7,23.128,28.083,9.37,2.222,5502.24,8009.563,0.0,0.0,0.687,19.808,0.0
2017-01-07,24,35.89,15.01,24.188,34.729,8.66,1.564,5386.75,8024.948,0.0,0.0,0.671,19.392,0.0
2017-01-08,24,34.5,17.71,24.955,51.506,20.91,1.65,5170.3,8041.107,0.0,0.0,0.643,18.613,0.0
2017-01-09,24,35.38,20.11,26.682,29.481,11.97,2.228,4164.61,8058.029,0.0,0.0,0.517,14.993,0.0
2017-01-10,24,34.19,20.34,26.455,18.85,8.86,2.977,4532.98,8075.703,0.0,0.0,0.561,16.319,0.0
2017-01-11,24,31.45,18.26,23.112,32.459,13.65,3.109,5322.66,8094.116,0.0,0.0,0.658,19.162,0.0
2017-01-12,24,31.98,16.48,22.419,34.877,10.88,2.866,5767.9,8113.255,0.0,0.0,0.711,20.764,0.0
2017-01-13,24,33.03,14.77,22.906,25.129,11.35,2.539,5837.53,8133.105,0.0,0.0,0.718,21.015,0.0
2017-01-14,24,32.27,16.8,22.96,30.232,14.84,2.472,5718.29,8153.653,0.0,0.0,0.701,20.586,0.0
2017-01-15,24,32.65,15.75,22.628,39.75,17.05,2.249,5700.78,8174.884,0.0,0.0,0.697,20.523,0.0
2017-01-16,24,31.87,16.42,22.712,44.637,15.92,2.349,5381.79,8196.782,0.0,0.0,0.657,19.374,0.0
2017-01-17,24,32.58,17.25,22.861,60.267,19.9,2.053,5650.47,8219.332,0.0,0.0,0.687,20.342,0.0
2017-01-18,24,31.67,16.47,22.421,63.924,26.37,1.884,5202.95,8242.517,0.0,0.0,0.631,18.731,0.0
2017-01-19,24,35.01,15.68,23.568,45.398,14.75,2.712,5354.51,8266.319,0.0,0.0,0.648,19.276,0.0
2017-01-20,24,33.36,17.99,24.232,32.701,12.05,3.453,5623.62,8290.723,0.0,0.0,0.678,20.245,0.0
2017-01-21,24,32.76,18.5,24.094,33.358,15.93,3.61,5688.34,8315.709,0.0,0.0,0.684,20.478,0.0
2017-01-22,24,31.19,18.02,23.5,26.947,13.71,3.755,5586.2,8341.259,0.0,0.0,0.67,20.11,0.0
2017-01-23,24,31.0,17.22,22.881,35.178,19.0,3.776,5839.22,8367.354,0.0,0.0,0.698,21.021,0.0
2017-01-24,24,31.51,15.33,21.974,33.694,14.74,3.122,6005.19,8393.975,0.0,0.0,0.715,21.619,0.0
2017-01-25,24,33.72,14.59,22.3,34.525,12.52,2.628,6003.4,8421.103,0.0,0.0,0.713,21.612,0.0
2017-01-26,24,34.28,15.23,22.504,38.025,9.13,2.658,5876.37,8448.716,0.0,0.0,0.696,21.155,0.0
2017-01-27,24,35.46,15.62,23.612,31.0,11.95,2.743,5858.57,8476.794,0.0,0.0,0.691,21.091,0.0
2017-01-28,24,34.96,17.56,24.53,27.312,11.58,2.718,5918.8,8505.317,0.0,0.0,0.696,21.308,0.0
2017-01-29,24,35.19,17.31,24.129,30.118,9.65,3.022,5913.14,8534.263,0.0,0.0,0.693,21.287,0.0
2017-01-30,24,32.7,17.74,23.043,39.141,14.36,3.295,5802.44,8563.609,0.0,0.0,0.678,20.889,0.0
2017-01-31,24,28.6,17.45,21.535,57.893,24.13,3.729,5714.92,8593.335,0.0,0.0,0.665,20.574,0.0
2017-02-01,24,31.43,14.88,21.733,48.946,13.87,3.662,6276.79,8623.417,0.0,0.0,0.728,22.596,0.0
2017-02-02,24,31.4,15.76,21.962,48.713,19.87,3.619,6166.83,8653.834,0.0,0.0,0.713,22.201,0.0
2017-02-03,24,32.94,16.24,23.433,27.808,13.04,3.336,6248.11,8684.561,0.0,0.0,0.719,22.493,0.0
2017-02-04,24,34.58,15.73,24.339,22.362,9.82,2.992,6350.01,8715.576,0.0,0.0,0.729,22.86,0.0
2017-02-05,24,34.16,19.25,25.936,18.088,8.95,3.636,6223.67,8746.856,0.0,0.0,0.712,22.405,0.0
2017-02-06,24,35.62,18.04,25.22,23.27,8.29,3.229,6425.13,8778.376,0.0,0.0,0.732,23.13,0.0
2017-02-07,24,36.48,19.2,26.19,22.732,8.96,3.432,6335.84,8810.113,0.0,0.0,0.719,22.809,0.0
2017-02-08,24,35.81,17.81,25.292,24.544,8.23,3.207,6362.47,8842.043,0.0,0.0,0.72,22.905,0.0
2017-02-09,24,35.21,17.32,24.45,28.749,8.66,2.921,6295.14,8874.142,0.0,0.0,0.709,22.663,0.0
2017-02-10,24,34.24,17.62,23.852,36.474,10.88,3.25,6204.29,8906.385,0.0,0.0,0.697,22.335,0.0
2017-02-11,24,29.16,17.22,21.519,52.163,20.72,3.215,5751.02,8938.749,0.0,0.0,0.643,20.704,0.0
2017-02-12,24,27.81,16.59,20.359,68.454,34.27,3.309,5873.98,8971.209,0.0,0.0,0.655,21.146,0.0
2017-02-13,24,30.2,16.42,21.407,67.077,30.22,3.088,5227.69,9003.741,0.0,0.0,0.581,18.82,0.0
2017-02-14,24,29.39,17.56,21.693,67.008,35.3,3.569,5850.0,9036.32,0.0,0.0,0.647,21.06,0.0
2017-02-15,24,30.03,17.37,22.062,63.752,30.93,3.983,6318.99,9068.922,0.0,0.0,0.697,22.748,0.0
2017-02-16,24,28.45,15.97,20.865,69.69,36.44,3.648,6182.56,9101.523,0.0,0.0,0.679,22.257,0.0
2017-02-17,24,32.87,16.68,22.15,70.401,25.43,3.19,6070.94,9134.099,0.0,0.0,0.665,21.855,0.0
2017-02-18,24,32.17,16.28,22.542,66.356,27.85,2.558,5902.86,9166.625,0.0,0.0,0.644,21.25,0.0
2017-02-19,24,30.64,16.72,23.296,53.645,27.22,2.613,5140.63,9199.079,0.03,0.03,0.559,18.506,0.0
2017-02-20,24,29.48,17.54,21.938,68.405,36.8,3.02,5675.25,9231.435,0.0,0.0,0.615,20.431,0.03
2017-02-21,24,28.42,17.07,21.548,67.337,36.63,3.401,5787.68,9263.671,0.0,0.0,0.625,20.836,0.03
2017-02-22,24,28.65,16.22,21.251,65.613,35.72,3.158,6346.53,9295.764,0.0,0.0,0.683,22.848,0.03
2017-02-23,24,32.59,16.55,22.917,54.971,22.18,3.17,6254.97,9327.69,0.0,0.0,0.671,22.518,0.0
2017-02-24,24,33.06,17.74,23.967,49.028,22.47,3.352,6054.77,9359.427,0.0,0.0,0.647,21.797,0.0
2017-02-25,24,34.91,18.64,24.935,44.84,19.2,3.377,6398.68,9390.953,0.0,0.0,0.681,23.035,0.0
2017-02-26,24,36.28,19.46,25.387,41.675,16.86,3.534,6496.84,9422.245,0.0,0.0,0.69,23.389,0.0
2017-02-27,24,33.71,17.85,24.063,49.355,21.1,3.541,6579.76,9453.282,0.0,0.0,0.696,23.687,0.0
2017-02-28,24,32.71,17.96,23.335,56.087,26.09,3.706,6571.95,9484.044,0.0,0.0,0.693,23.659,0.0
2017-03-01,24,34.02,17.31,23.689,56.098,26.07,3.708,6717.51,9517.529,0.0,0.0,0.706,24.183,0.0
2017-03-02,24,33.42,18.47,24.212,56.857,30.9,3.847,6740.56,9551.097,0.0,0.0,0.706,24.266,0.0
2017-03-03,24,30.68,18.81,22.913,62.588,36.86,4.534,6753.55,9584.396,0.0,0.0,0.705,24.313,0.0
2017-03-04,24,35.15,17.97,24.632,53.562,21.1,4.097,6804.05,9617.404,0.0,0.0,0.707,24.495,0.0
2017-03-05,24,38.86,22.49,28.672,29.32,12.33,3.353,6198.11,9650.1,0.0,0.0,0.642,22.313,0.0
2017-03-06,24,38.49,19.84,27.446,25.484,12.76,2.675,6889.3,9682.463,0.0,0.0,0.712,24.801,0.0
2017-03-07,24,37.74,17.8,25.503,43.963,15.64,2.565,6699.49,9714.473,0.0,0.0,0.69,24.118,0.0
2017-03-08,24,39.2,19.42,27.086,43.46,13.28,2.215,6787.98,9746.11,0.0,0.0,0.696,24.437,0.0
2017-03-09,24,39.53,18.85,28.092,35.597,10.33,1.88,7146.89,9777.355,0.0,0.0,0.731,25.729,0.0
2017-03-10,24,38.56,20.85,27.565,38.308,13.72,2.415,7179.41,9808.189,0.0,0.0,0.732,25.846,0.0
2017-03-11,24,37.99,20.26,27.268,45.225,19.49,2.686,7171.43,9838.594,0.0,0.0,0.729,25.817,0.0
2017-03-12,24,40.38,18.24,27.373,44.323,12.2,1.909,7180.18,9868.553,0.0,0.0,0.728,25.849,0.0
2017-03-13,24,40.34,19.12,27.398,42.943,10.62,2.22,7241.54,9898.05,0.0,0.0,0.732,26.07,0.0
2017-03-14,24,37.44,18.84,26.553,48.048,16.82,1.443,7180.31,9927.068,0.0,0.0,0.723,25.849,0.0
2017-03-15,24,33.6,17.77,24.771,65.481,26.88,1.495,6744.99,9955.592,0.0,0.0,0.678,24.282,0.0
2017-03-16,24,31.94,20.02,24.466,56.62,31.66,3.43,6203.46,9983.608,0.0,0.0,0.621,22.332,0.0
2017-03-17,24,29.14,18.77,22.853,62.721,38.52,4.764,6925.53,10011.103,0.0,0.0,0.692,24.932,0.0
2017-03-18,24,26.83,17.53,21.495,67.483,43.13,4.566,6866.1,10038.062,0.0,0.0,0.684,24.718,0.0
2017-03-19,24,27.8,17.03,21.49,65.945,41.04,4.158,6803.24,10064.475,0.0,0.0,0.676,24.492,0.0
2017-03-20,24,31.87,17.34,22.775,58.72,25.56,3.675,6729.11,10090.329,0.0,0.0,0.667,24.225,0.0
2017-03-21,24,35.71,18.47,25.118,47.254,19.62,3.674,7141.61,10115.615,0.0,0.0,0.706,25.71,0.0
2017-03-22,24,33.93,18.83,24.606,50.005,22.56,3.572,7195.69,10140.322,0.0,0.0,0.71,25.904,0.0
2017-03-23,24,31.34,17.92,23.397,59.378,31.06,3.714,7185.69,10164.441,0.0,0.0,0.707,25.868,0.0
2017-03-24,24,29.64,17.74,22.904,64.183,35.48,3.33,5840.82,10187.965,0.0,0.0,0.573,21.027,0.0
2017-03-25,24,32.67,18.64,23.372,59.92,29.73,3.517,6853.76,10210.886,0.09,0.0,0.671,24.674,0.0
2017-03-26,24,31.49,17.2,22.782,63.18,33.0,3.849,6725.28,10233.198,0.0,0.0,0.657,24.211,0.09
2017-03-27,24,32.63,19.49,24.778,54.966,32.2,4.87,6664.55,10254.895,0.0,0.0,0.65,23.992,0.09
2017-03-28,24,35.05,22.46,27.41,48.634,27.51,5.033,6961.38,10275.972,0.0,0.0,0.677,25.061,0.09
2017-03-29,24,38.85,24.6,30.012,33.379,19.25,4.206,7259.93,10296.426,0.0,0.0,0.705,26.136,0.0
2017-03-30,24,39.42,20.9,27.971,43.897,20.36,1.914,7316.66,10316.252,0.0,0.0,0.709,26.34,0.0
2017-03-31,24,36.33,18.3,25.504,62.708,27.14,1.947,7303.02,10335.45,0.0,0.0,0.707,26.291,0.0
2017-04-01,24,42.62,19.84,28.219,55.62,14.97,2.057,7305.58,10354.017,0.0,0.0,0.706,26.3,0.0
2017-04-02,24,39.59,20.37,27.534,54.288,20.11,1.393,7352.79,10371.952,0.0,0.0,0.709,26.47,0.0
2017-04-03,24,37.49,18.88,26.335,62.396,20.97,1.669,7422.3,10389.257,0.0,0.0,0.714,26.72,0.0
2017-04-04,24,38.78,17.07,27.088,54.086,19.14,2.473,7597.94,10405.93,0.0,0.0,0.73,27.353,0.0
2017-04-05,24,40.08,21.82,29.089,37.436,16.04,3.766,7588.41,10421.975,0.0,0.0,0.728,27.318,0.0
2017-04-06,24,38.08,19.78,27.22,42.374,15.68,2.933,7516.92,10437.394,0.0,0.0,0.72,27.061,0.0
2017-04-07,24,35.26,18.87,25.201,51.329,22.55,3.588,7511.29,10452.189,0.0,0.0,0.719,27.041,0.0
2017-04-08,24,32.22,17.65,23.584,61.39,29.57,3.108,7440.09,10466.364,0.0,0.0,0.711,26.784,0.0
2017-04-09,24,32.09,17.73,23.756,62.128,26.61,3.788,7422.34,10479.925,0.0,0.0,0.708,26.72,0.0
2017-04-10,24,32.6,18.88,25.106,55.804,31.78,4.046,7063.67,10492.875,0.0,0.0,0.673,25.429,0.0
2017-04-11,24,38.04,22.0,27.902,41.489,19.73,4.24,6382.08,10505.222,0.0,0.0,0.608,22.975,0.0
2017-04-12,24,39.32,22.47,30.432,34.644,12.53,3.695,5287.0,10516.971,0.0,0.0,0.503,19.033,0.0
2017-04-13,24,42.14,22.57,31.417,28.587,7.04,2.565,7464.49,10528.129,0.0,0.0,0.709,26.872,0.0
2017-04-14,24,42.22,23.5,31.758,27.095,9.57,2.937,7651.86,10538.705,0.0,0.0,0.726,27.547,0.0
2017-04-15,24,42.19,20.97,31.125,30.237,8.6,2.294,7670.59,10548.706,0.0,0.0,0.727,27.614,0.0
2017-04-16,24,38.54,22.78,29.089,38.537,16.18,3.075,7647.42,10558.142,0.0,0.0,0.724,27.531,0.0
2017-04-17,24,34.18,20.9,26.277,51.042,22.38,3.467,7557.49,10567.021,0.0,0.0,0.715,27.207,0.0
2017-04-18,24,32.32,19.7,24.625,61.742,28.34,3.819,7512.97,10575.353,0.0,0.0,0.71,27.047,0.0
2017-04-19,24,31.36,19.11,23.731,70.332,34.67,3.913,7472.23,10583.149,0.0,0.0,0.706,26.9,0.0
2017-04-20,24,30.28,18.46,23.312,71.877,38.8,3.918,7470.07,10590.419,0.0,0.0,0.705,26.892,0.0
2017-04-21,24,29.27,18.52,22.854,69.728,41.18,4.367,7495.53,10597.175,0.0,0.0,0.707,26.984,0.0
2017-04-22,24,32.94,18.74,24.413,65.001,32.45,3.719,7498.3,10603.427,0.0,0.0,0.707,26.994,0.0
2017-04-23,24,32.06,18.93,24.345,63.611,33.67,3.535,7593.25,10609.189,0.0,0.0,0.716,27.336,0.0
2017-04-24,24,30.23,18.43,23.223,69.298,40.0,3.49,7582.49,10614.471,0.0,0.0,0.714,27.297,0.0
2017-04-25,24,31.74,18.0,23.791,66.133,32.86,3.14,7595.11,10619.288,0.0,0.0,0.715,27.342,0.0
2017-04-26,24,34.63,19.1,25.98,53.179,27.49,3.533,7561.91,10623.65,0.0,0.0,0.712,27.223,0.0
2017-04-27,24,34.18,21.08,26.182,51.033,26.41,3.52,7124.42,10627.572,0.0,0.0,0.67,25.648,0.0
2017-04-28,24,32.95,20.89,25.541,56.879,34.0,3.901,7317.79,10631.066,0.0,0.0,0.688,26.344,0.0
2017-04-29,24,31.15,19.79,23.87,64.991,37.0,4.155,7318.34,10634.147,0.0,0.0,0.688,26.346,0.0
2017-04-30,24,30.78,19.73,23.842,66.162,40.33,4.175,7475.54,10636.828,0.0,0.0,0.703,26.912,0.0
2017-05-01,24,34.27,19.38,25.077,62.707,31.4,3.558,7460.04,10639.122,0.0,0.0,0.701,26.856,0.0
2017-05-02,24,32.23,19.9,24.917,64.845,34.53,2.663,7276.16,10641.044,0.0,0.0,0.684,26.194,0.0
2017-05-03,24,30.48,19.61,23.708,70.645,35.77,3.248,7051.2,10642.607,0.0,0.0,0.663,25.384,0.0
2017-05-04,24,29.1,19.09,22.777,72.94,43.21,3.311,6694.83,10643.826,0.0,0.0,0.629,24.101,0.0
2017-05-05,24,29.79,18.9,22.989,70.847,42.91,3.259,5850.56,10644.715,0.14,0.14,0.55,21.062,0.0
2017-05-06,24,33.13,19.2,24.718,64.356,35.26,3.552,7426.0,10645.289,0.0,0.0,0.698,26.734,0.14
2017-05-07,24,35.09,20.89,26.402,59.107,34.39,3.229,7105.72,10645.56,0.0,0.0,0.667,25.581,0.14
2017-05-08,24,33.48,21.19,25.583,70.503,40.44,1.963,7436.13,10645.544,0.0,0.0,0.699,26.77,0.14
2017-05-09,24,32.49,21.56,26.061,73.297,45.7,1.881,7255.27,10645.255,0.0,0.0,0.682,26.119,0.0
2017-05-10,24,32.74,21.71,25.985,69.454,41.59,2.149,7378.97,10644.706,0.0,0.0,0.693,26.564,0.0
2017-05-11,24,30.54,20.87,24.455,72.006,42.09,3.276,7252.87,10643.912,0.0,0.0,0.681,26.11,0.0
2017-05-12,24,30.99,20.86,24.651,66.689,42.36,3.777,7524.09,10642.887,0.0,0.0,0.707,27.087,0.0
2017-05-13,24,32.01,19.45,24.47,70.072,41.38,2.215,7390.3,10641.645,0.0,0.0,0.694,26.605,0.0
2017-05-14,24,33.06,19.83,25.764,69.722,40.7,1.831,7376.54,10640.199,0.0,0.0,0.693,26.556,0.0
2017-05-15,24,34.87,21.86,27.582,65.128,36.1,1.834,7235.4,10638.562,0.0,0.0,0.68,26.047,0.0
2017-05-16,24,35.25,23.08,27.305,63.901,31.05,2.535,7205.3,10636.749,0.01,0.0,0.677,25.939,0.0
2017-05-17,24,34.21,22.37,26.52,72.079,41.61,2.485,7443.92,10634.773,0.0,0.0,0.7,26.798,0.01
2017-05-18,24,31.04,22.92,25.825,78.878,52.35,2.473,7098.22,10632.646,0.0,0.0,0.668,25.554,0.01
2017-05-19,24,30.96,22.79,26.004,76.437,52.95,2.174,7080.37,10630.381,0.0,0.0,0.666,25.489,0.01
2017-05-20,24,31.18,21.79,24.843,73.945,42.79,2.33,7133.19,10627.991,0.0,0.0,0.671,25.679,0.0
2017-05-21,24,33.8,21.54,25.883,71.782,34.66,2.813,7011.41,10625.488,0.0,0.0,0.66,25.241,0.0
2017-05-22,24,30.86,20.68,24.696,75.833,45.99,2.774,6342.97,10622.884,0.2,0.0,0.597,22.835,0.0
2017-05-23,24,32.26,22.28,26.056,71.559,45.24,2.265,7243.46,10620.192,0.0,0.0,0.682,26.076,0.2
2017-05-24,24,31.46,22.03,25.869,71.895,45.3,2.364,6365.83,10617.422,0.02,0.02,0.6,22.917,0.2
2017-05-25,24,33.14,22.33,26.338,70.237,40.73,2.82,7313.29,10614.587,0.05,0.0,0.689,26.328,0.22
2017-05-26,24,32.94,21.04,25.941,72.495,40.86,2.189,7377.11,10611.697,0.0,0.0,0.695,26.558,0.07
2017-05-27,24,33.93,21.28,26.387,71.711,37.45,2.129,7427.47,10608.762,0.0,0.0,0.7,26.739,0.07
2017-05-28,24,30.95,21.36,25.275,76.774,43.02,1.818,5431.85,10605.794,0.01,0.0,0.512,19.555,0.05
2017-05-29,24,34.12,22.34,26.944,72.574,41.68,2.14,6827.75,10602.803,0.0,0.0,0.644,24.58,0.01
2017-05-30,24,36.84,22.74,28.514,69.915,37.69,2.04,7123.21,10599.797,0.0,0.0,0.672,25.644,0.01
2017-05-31,24,35.89,24.09,28.584,66.69,37.43,2.06,6739.43,10596.787,0.0,0.0,0.636,24.262,0.01
2017-06-01,24,34.38,22.56,27.341,71.509,39.3,2.871,7279.46,10593.783,0.0,0.0,0.687,26.206,0.0
2017-06-02,24,33.4,22.34,26.862,70.483,41.39,3.478,7455.78,10591.219,0.0,0.0,0.704,26.841,0.0
2017-06-03,24,33.41,21.4,26.445,72.206,41.22,3.37,7448.42,10589.846,0.0,0.0,0.703,26.814,0.0
2017-06-04,24,31.77,21.94,25.866,75.325,45.8,3.026,7297.76,10588.493,0.0,0.0,0.689,26.272,0.0
2017-06-05,24,32.85,22.07,26.15,75.699,42.94,2.482,6973.42,10587.166,0.0,0.0,0.659,25.104,0.0
2017-06-06,24,33.86,21.76,26.648,73.449,41.51,2.272,7204.29,10585.872,0.0,0.0,0.681,25.935,0.0
2017-06-07,24,33.19,22.56,26.749,73.986,41.06,2.092,7178.6,10584.616,0.0,0.0,0.678,25.843,0.0
2017-06-08,24,33.13,22.36,26.975,73.192,40.12,1.954,6833.98,10583.402,0.0,0.0,0.646,24.602,0.0
2017-06-09,24,34.79,23.14,27.629,70.935,34.87,2.111,7001.64,10582.236,0.0,0.0,0.662,25.206,0.0
2017-06-10,24,34.33,23.01,27.263,72.936,42.5,1.852,7027.66,10581.121,0.0,0.0,0.664,25.3,0.0
2017-06-11,24,33.4,23.14,27.175,74.005,43.93,1.61,6308.87,10580.063,0.0,0.0,0.596,22.712,0.0
2017-06-12,24,33.57,23.63,27.259,74.074,43.57,2.337,6877.78,10579.064,0.0,0.0,0.65,24.76,0.0
2017-06-13,24,32.71,22.73,26.745,73.454,42.52,2.667,7322.79,10578.127,0.0,0.0,0.692,26.362,0.0
2017-06-14,24,33.39,22.12,26.741,74.336,43.61,2.608,7359.35,10577.256,0.0,0.0,0.696,26.494,0.0
2017-06-15,24,34.46,22.66,27.402,72.095,41.71,2.442,7363.38,10576.452,0.0,0.0,0.696,26.508,0.0
2017-06-16,24,34.9,22.67,27.678,72.324,39.95,2.065,7352.72,10575.719,0.0,0.0,0.695,26.47,0.0
2017-06-17,24,33.45,23.45,27.077,73.33,43.46,1.918,7284.42,10575.057,0.0,0.0,0.689,26.224,0.0
2017-06-18,24,33.6,22.62,27.322,72.908,44.85,1.729,7017.29,10574.467,0.0,0.0,0.664,25.262,0.0
2017-06-19,24,35.32,23.77,27.979,68.419,35.45,2.53,7150.73,10573.952,0.0,0.0,0.676,25.743,0.0
2017-06-20,24,31.77,23.69,26.751,75.478,49.17,2.985,7120.02,10573.51,0.0,0.0,0.673,25.632,0.0
2017-06-21,24,30.98,23.5,26.615,74.557,56.29,2.925,6570.82,10573.143,0.0,0.0,0.621,23.655,0.0
2017-06-22,24,30.1,24.45,26.888,71.49,51.53,3.184,5621.05,10572.85,2.63,0.11,0.532,20.236,0.0
2017-06-23,24,35.1,24.15,28.838,69.811,41.71,1.267,6222.4,10572.63,0.87,0.02,0.589,22.401,2.63
2017-06-24,24,32.35,25.94,28.455,74.129,52.85,3.042,5482.8,10572.483,0.04,0.0,0.519,19.738,3.5
2017-06-25,24,32.63,25.53,28.148,75.744,55.71,2.885,7089.65,10572.407,0.0,0.0,0.671,25.523,3.54
2017-06-26,24,34.16,25.61,28.766,70.595,46.38,3.145,6631.46,10572.4,0.06,0.0,0.627,23.873,0.91
2017-06-27,24,29.39,24.78,26.74,82.008,69.24,1.056,3215.48,10572.461,5.09,4.94,0.304,11.576,0.1
2017-06-28,24,33.46,24.28,27.948,76.335,52.51,1.866,6195.4,10572.586,0.33,0.3,0.586,22.303,5.15
2017-06-29,24,34.28,25.11,29.039,73.508,48.58,2.526,6692.48,10572.773,0.22,0.14,0.633,24.093,5.48
2017-06-30,24,34.45,24.75,29.099,73.49,48.63,1.492,5669.8,10573.019,0.48,0.22,0.536,20.411,5.64
2017-07-01,24,33.15,25.31,28.327,72.586,49.33,1.592,5679.33,10573.319,0.54,0.03,0.537,20.446,1.03
2017-07-02,24,34.03,25.46,28.468,73.138,51.38,0.828,5805.12,10573.671,3.97,3.93,0.549,20.898,1.24
2017-07-03,24,34.87,25.16,29.226,74.988,47.35,1.08,5469.76,10574.07,0.81,0.8,0.517,19.691,4.99
2017-07-04,24,32.39,26.11,28.372,70.931,42.88,3.655,7166.45,10574.511,0.0,0.0,0.678,25.799,5.32
2017-07-05,24,32.85,25.04,28.128,70.91,50.67,2.895,7143.8,10574.989,0.0,0.0,0.676,25.718,4.78
2017-07-06,24,34.07,23.96,28.588,72.626,48.13,1.345,6342.54,10575.498,0.0,0.0,0.6,22.833,0.81
2017-07-07,24,34.06,24.9,28.897,76.076,51.87,1.81,5656.28,10576.034,1.86,1.86,0.535,20.363,0.0
2017-07-08,24,34.11,25.64,28.814,77.648,54.86,1.183,6256.97,10576.59,2.9,2.82,0.592,22.525,1.86
2017-07-09,24,33.43,25.63,28.514,75.334,50.62,2.376,7120.98,10577.159,0.01,0.0,0.673,25.636,4.76
2017-07-10,24,33.46,25.14,28.355,73.861,50.67,2.034,7192.11,10577.735,0.0,0.0,0.68,25.892,4.77
2017-07-11,24,33.91,25.19,28.683,72.502,48.81,1.645,6517.99,10578.31,0.04,0.0,0.616,23.465,2.91
2017-07-12,24,34.21,24.76,28.742,69.971,47.26,1.642,5995.21,10578.878,0.19,0.19,0.567,21.583,0.05
2017-07-13,24,33.25,25.81,28.696,70.915,52.42,1.935,5216.19,10579.43,3.48,3.48,0.493,18.778,0.23
2017-07-14,24,32.17,25.39,28.075,69.826,49.62,2.189,6912.26,10579.959,0.0,0.0,0.653,24.884,3.71
2017-07-15,24,33.61,23.62,28.11,68.085,45.03,1.43,6375.03,10580.456,0.0,0.0,0.603,22.95,3.67
2017-07-16,24,33.56,25.48,28.479,75.906,54.85,1.067,5105.87,10580.913,13.26,13.06,0.483,18.381,3.48
2017-07-17,24,32.25,26.04,28.394,77.491,59.05,2.463,5982.65,10581.32,0.5,0.36,0.565,21.538,13.26
2017-07-18,24,32.84,25.17,28.081,70.299,48.7,2.212,6606.5,10581.668,0.0,0.0,0.624,23.783,13.76
2017-07-19,24,33.99,24.63,28.944,69.306,49.57,1.283,6714.26,10581.948,0.0,0.0,0.635,24.171,13.76
2017-07-20,24,34.46,26.14,29.434,75.771,55.47,1.883,5139.79,10582.151,4.17,1.27,0.486,18.503,0.5
2017-07-21,24,29.25,25.79,27.278,80.848,66.39,2.887,5328.36,10582.265,0.28,0.23,0.504,19.182,4.17
2017-07-22,24,30.46,24.77,27.128,71.034,50.5,3.127,5338.37,10582.28,0.0,0.0,0.504,19.218,4.45
2017-07-23,24,33.94,23.47,28.221,70.51,45.76,1.68,7153.76,10582.186,0.0,0.0,0.676,25.754,4.45
2017-07-24,24,33.75,24.44,27.926,76.49,50.69,2.073,6862.0,10581.973,0.01,0.01,0.648,24.703,0.28
2017-07-25,24,33.16,24.36,28.118,73.556,49.82,2.07,6203.17,10581.628,0.0,0.0,0.586,22.331,0.01
2017-07-26,24,32.9,25.52,28.384,73.316,53.58,2.137,5521.55,10581.141,0.23,0.23,0.522,19.878,0.01
2017-07-27,24,33.11,25.62,28.214,71.193,49.43,2.416,6890.82,10580.501,0.0,0.0,0.651,24.807,0.24
2017-07-28,24,35.53,24.4,29.178,66.135,42.1,1.338,6875.6,10579.695,0.2,0.2,0.65,24.752,0.23
2017-07-29,24,35.7,22.93,28.426,76.835,47.07,1.238,5803.81,10578.712,13.18,9.16,0.549,20.894,0.43
2017-07-30,24,33.68,22.94,27.507,80.856,56.28,1.633,5837.52,10577.539,6.7,6.49,0.552,21.015,13.38
2017-07-31,24,29.58,24.25,26.842,82.576,67.9,2.138,2802.99,10576.165,1.26,1.11,0.265,10.091,20.08
2017-08-01,24,33.24,24.94,28.741,76.915,54.84,1.56,6031.11,10574.576,0.68,0.67,0.57,21.712,21.14
2017-08-02,24,31.7,25.9,28.106,78.05,59.71,2.492,6198.92,10572.762,0.01,0.01,0.586,22.316,8.64
2017-08-03,24,31.59,24.07,27.282,79.258,58.59,1.591,5240.77,10570.708,0.0,0.0,0.496,18.867,1.95
2017-08-04,24,34.57,25.19,29.033,75.536,49.0,1.527,6595.74,10568.402,0.03,0.03,0.624,23.745,0.69
2017-08-05,24,32.59,24.8,28.063,72.315,45.2,2.571,7305.45,10565.832,0.0,0.0,0.691,26.3,0.04
2017-08-06,24,31.37,25.0,27.698,68.972,53.54,2.404,6622.79,10562.985,0.0,0.0,0.627,23.842,0.03
2017-08-07,24,33.34,25.77,28.621,67.642,45.95,1.692,5863.01,10559.848,0.0,0.0,0.555,21.107,0.03
2017-08-08,24,33.04,25.16,28.974,70.897,50.22,1.709,5337.7,10556.407,0.56,0.56,0.506,19.216,0.0
2017-08-09,24,31.67,25.22,27.915,78.685,60.96,1.406,4103.19,10552.651,7.53,7.28,0.389,14.771,0.56
2017-08-10,24,32.62,25.84,28.765,73.562,53.06,2.185,6645.25,10548.565,0.0,0.0,0.63,23.923,8.09
2017-08-11,24,33.75,25.66,28.285,74.722,49.76,1.268,4122.78,10544.138,4.68,4.66,0.391,14.842,8.09
2017-08-12,24,30.5,25.82,27.604,83.519,65.64,0.814,4541.32,10539.356,17.3,16.79,0.431,16.349,12.21
2017-08-13,24,33.3,23.98,27.527,84.103,58.97,1.496,5567.81,10536.649,10.63,8.76,0.528,20.044,21.98
2017-08-14,24,32.59,24.78,28.124,80.389,57.94,1.887,6749.68,10533.897,0.47,0.47,0.641,24.299,32.61
2017-08-15,24,33.3,26.37,29.13,79.368,60.98,2.188,6882.4,10530.838,0.0,0.0,0.654,24.777,28.4
2017-08-16,24,33.05,25.18,28.653,74.414,54.84,1.744,5764.42,10527.459,0.0,0.0,0.548,20.752,11.1
2017-08-17,24,32.86,26.03,28.952,78.06,55.98,2.315,5701.99,10523.747,0.31,0.29,0.542,20.527,0.47
2017-08-18,24,28.41,26.36,27.212,83.798,71.74,3.31,5977.03,10519.688,0.37,0.37,0.568,21.517,0.31
2017-08-19,24,32.45,25.46,28.303,77.836,57.2,2.405,6559.09,10515.269,0.03,0.0,0.624,23.613,0.68
2017-08-20,24,28.74,23.86,26.629,85.345,72.2,2.356,2671.25,10510.477,18.31,16.92,0.254,9.616,0.71
2017-08-21,24,32.13,24.59,27.806,83.941,65.65,2.112,5053.14,10505.3,15.53,10.27,0.481,18.191,18.71
2017-08-22,24,30.72,26.18,28.355,81.497,67.27,2.848,5030.95,10499.726,3.39,3.23,0.479,18.111,33.87
2017-08-23,24,29.45,25.62,27.195,81.918,68.7,2.3,5997.09,10493.742,0.06,0.01,0.571,21.59,37.23
2017-08-24,24,27.3,24.26,25.72,92.15,85.89,1.535,741.62,10487.335,54.06,51.97,0.071,2.67,18.98
2017-08-25,24,31.69,25.24,27.949,82.98,65.49,1.429,5292.17,10480.494,0.84,0.79,0.505,19.052,57.51
2017-08-26,24,29.02,23.86,26.131,88.692,73.97,1.974,2682.38,10473.208,8.64,7.18,0.256,9.657,54.96
2017-08-27,24,32.17,24.59,27.487,84.824,62.65,1.576,5954.08,10465.465,19.57,12.35,0.569,21.435,63.54
2017-08-28,24,31.24,23.6,26.674,85.795,67.03,2.752,4773.5,10457.255,8.48,7.87,0.456,17.185,29.05
2017-08-29,24,31.23,25.99,28.07,82.31,68.06,2.425,5901.49,10448.567,0.39,0.36,0.565,21.245,36.69
2017-08-30,24,31.24,25.94,28.467,82.837,70.07,2.041,5931.39,10439.39,1.49,1.49,0.568,21.353,28.44
2017-08-31,24,28.21,24.77,26.804,85.931,77.45,2.09,6754.57,10429.716,0.02,0.01,0.648,24.316,10.36
2017-09-01,24,31.46,23.89,27.377,82.632,63.4,1.525,6967.76,10419.534,0.0,0.0,0.669,25.084,1.9
2017-09-02,24,30.05,24.94,27.18,82.792,69.43,2.081,6678.62,10408.837,0.0,0.0,0.642,24.043,1.51
2017-09-03,24,31.06,24.65,27.533,78.252,61.91,2.01,6416.17,10397.615,0.0,0.0,0.617,23.098,0.02
2017-09-04,24,31.59,25.31,28.098,79.627,62.32,1.589,6773.58,10385.861,0.0,0.0,0.652,24.385,0.0
2017-09-05,24,29.55,22.56,26.411,85.823,67.74,1.195,5249.72,10373.568,0.75,0.75,0.506,18.899,0.0
2017-09-06,24,33.2,24.07,28.199,84.75,59.98,0.988,6631.84,10360.728,0.1,0.1,0.64,23.875,0.75
2017-09-07,24,31.39,26.03,28.486,83.811,67.73,1.382,5654.84,10347.337,4.53,4.0,0.547,20.357,0.85
2017-09-08,24,30.12,24.26,27.1,84.273,66.2,1.66,5899.35,10333.388,0.08,0.08,0.571,21.238,5.38
2017-09-09,24,33.25,24.86,28.479,80.654,58.91,1.144,6660.23,10318.876,6.63,0.79,0.645,23.977,4.71
2017-09-10,24,32.26,25.84,28.706,83.23,68.87,2.129,6586.7,10303.797,0.04,0.0,0.639,23.712,11.24
2017-09-11,24,30.48,24.68,27.757,84.378,68.76,2.169,6632.85,10288.147,0.0,0.0,0.645,23.878,6.75
2017-09-12,24,33.77,24.61,29.208,79.021,58.11,1.251,6637.48,10271.924,0.25,0.25,0.646,23.895,6.67
2017-09-13,24,35.21,26.52,29.763,76.602,46.9,1.448,6519.83,10255.125,0.23,0.23,0.636,23.471,0.29
2017-09-14,24,31.29,24.87,27.859,83.401,64.72,2.07,5700.26,10237.749,0.0,0.0,0.557,20.521,0.48
2017-09-15,24,31.98,25.96,28.498,78.375,57.12,2.588,6988.21,10219.795,0.0,0.0,0.684,25.158,0.48
2017-09-16,24,31.53,24.87,27.665,78.482,58.7,2.375,6737.02,10201.262,0.0,0.0,0.66,24.253,0.23
2017-09-17,24,32.28,24.52,27.989,79.068,60.9,1.492,6884.13,10182.151,0.0,0.0,0.676,24.783,0.0
2017-09-18,24,34.18,25.09,28.689,77.399,53.43,1.379,5988.04,10162.465,3.61,0.39,0.589,21.557,0.0
2017-09-19,24,33.22,24.46,28.499,83.142,59.61,1.139,5448.66,10142.204,35.85,0.09,0.537,19.615,3.61
2017-09-20,24,31.21,26.88,28.524,85.733,71.23,2.689,5707.2,10121.372,0.08,0.08,0.564,20.546,39.46
2017-09-21,24,35.04,25.97,29.209,79.689,51.96,1.64,7181.08,10099.972,0.0,0.0,0.711,25.852,39.54
2017-09-22,24,31.97,24.31,27.679,78.527,55.94,2.076,7106.13,10078.009,0.0,0.0,0.705,25.582,35.93
2017-09-23,24,31.78,23.14,27.139,79.084,58.48,1.22,6093.94,10055.488,0.0,0.0,0.606,21.938,0.08
2017-09-24,24,31.62,25.0,27.185,83.887,65.64,1.1,4934.83,10032.416,27.73,15.58,0.492,17.765,0.0
2017-09-25,24,29.03,24.64,26.302,88.632,77.1,1.305,2202.95,10008.798,11.96,7.79,0.22,7.931,27.73
2017-09-26,24,31.48,24.77,27.592,84.759,62.08,0.875,3116.9,9984.643,0.39,0.39,0.312,11.221,39.69
2017-09-27,24,33.83,25.64,28.85,80.896,57.79,1.635,6487.97,9959.959,0.0,0.0,0.651,23.357,40.08
2017-09-28,24,35.13,26.02,29.352,78.241,48.32,1.549,6548.6,9934.755,0.0,0.0,0.659,23.575,12.35
2017-09-29,24,34.67,24.7,28.971,82.016,55.88,1.393,6679.93,9909.041,0.0,0.0,0.674,24.048,0.39
2017-09-30,24,32.6,25.76,28.462,84.768,61.84,1.96,6616.56,9882.828,0.0,0.0,0.67,23.82,0.0
2017-10-01,24,33.62,24.49,28.745,84.568,66.75,1.457,6722.93,9856.126,0.0,0.0,0.682,24.203,0.0
2017-10-02,24,33.62,24.12,28.64,83.534,63.15,1.499,6524.91,9828.949,0.0,0.0,0.664,23.49,0.0
2017-10-03,24,31.99,24.94,27.826,79.48,57.21,1.889,6625.55,9801.309,0.0,0.0,0.676,23.852,0.0
2017-10-04,24,29.52,24.61,27.089,84.04,64.91,0.965,5988.45,9773.219,0.95,0.95,0.613,21.558,0.0
2017-10-05,24,32.49,25.08,28.268,79.282,53.86,2.09,6239.79,9744.695,0.0,0.0,0.64,22.463,0.95
2017-10-06,24,38.08,24.97,30.081,69.2,30.0,2.009,6876.93,9715.75,0.0,0.0,0.708,24.757,0.95
2017-10-07,24,38.97,23.83,30.154,62.883,24.88,2.024,6797.41,9686.4,0.0,0.0,0.702,24.471,0.95
2017-10-08,24,33.38,25.7,28.942,80.614,59.86,2.244,6390.58,9656.663,0.0,0.0,0.662,23.006,0.0
2017-10-09,24,33.37,25.48,28.599,79.917,56.05,2.081,6534.53,9626.553,0.0,0.0,0.679,23.524,0.0
2017-10-10,24,33.83,25.25,28.745,76.188,47.29,2.496,6708.36,9596.09,0.0,0.0,0.699,24.15,0.0
2017-10-11,24,34.78,24.5,28.883,80.223,51.79,1.249,6514.12,9565.291,0.0,0.0,0.681,23.451,0.0
2017-10-12,24,34.16,24.36,28.635,78.512,52.08,1.133,5964.32,9534.175,0.03,0.03,0.626,21.472,0.0
2017-10-13,24,34.33,25.35,29.012,78.642,50.49,1.852,6524.56,9502.76,0.0,0.0,0.687,23.488,0.03
2017-10-14,24,36.97,26.29,30.12,76.465,44.35,1.668,6668.14,9471.067,0.0,0.0,0.704,24.005,0.03
2017-10-15,24,35.36,25.64,29.66,80.473,52.82,1.579,6547.72,9439.116,0.11,0.11,0.694,23.572,0.03
2017-10-16,24,34.94,26.08,29.126,78.001,48.11,2.007,6479.58,9406.927,0.0,0.0,0.689,23.326,0.11
2017-10-17,24,33.65,24.61,28.645,79.012,55.97,1.557,5182.53,9374.521,0.19,0.19,0.553,18.657,0.11
2017-10-18,24,37.16,25.18,29.748,67.359,34.53,1.692,6266.12,9341.92,0.0,0.0,0.671,22.558,0.3
2017-10-19,24,40.21,23.46,30.71,60.031,20.46,1.553,6456.32,9309.146,0.0,0.0,0.694,23.243,0.19
2017-10-20,24,38.08,25.66,30.402,71.325,34.29,1.478,6389.52,9276.22,0.0,0.0,0.689,23.002,0.19
2017-10-21,24,39.02,24.58,30.512,63.371,26.75,1.608,6471.93,9243.166,0.0,0.0,0.7,23.299,0.0
2017-10-22,24,40.61,24.75,31.327,42.18,13.09,2.599,6718.46,9210.006,0.0,0.0,0.729,24.186,0.0
2017-10-23,24,40.78,24.27,30.858,50.774,20.33,1.904,6627.32,9176.762,0.0,0.0,0.722,23.858,0.0
2017-10-24,24,37.82,25.01,30.205,72.05,36.16,1.347,6351.97,9143.459,0.0,0.0,0.695,22.867,0.0
2017-10-25,24,38.38,23.89,29.65,64.498,22.49,1.913,6575.43,9110.12,0.0,0.0,0.722,23.672,0.0
2017-10-26,24,37.51,22.29,28.746,68.524,30.53,1.842,6484.08,9076.768,0.0,0.0,0.714,23.343,0.0
2017-10-27,24,38.99,22.55,29.189,68.815,23.01,1.614,6363.2,9043.428,0.0,0.0,0.704,22.908,0.0
2017-10-28,24,40.21,24.04,30.689,62.423,24.98,2.23,6124.83,9010.123,0.0,0.0,0.68,22.049,0.0
2017-10-29,24,38.59,23.48,29.797,73.116,34.88,1.326,5931.96,8976.877,0.3,0.3,0.661,21.355,0.0
2017-10-30,24,36.39,24.99,29.493,73.94,35.72,1.531,6045.0,8943.714,0.0,0.0,0.676,21.762,0.3
2017-10-31,24,35.84,23.71,29.095,74.425,38.03,1.519,6067.34,8910.659,0.0,0.0,0.681,21.842,0.3
2017-11-01,24,36.75,23.72,29.216,73.051,33.59,1.594,5921.71,8877.735,0.0,0.0,0.667,21.318,0.3
2017-11-02,24,42.4,24.36,31.287,54.391,9.04,1.537,6352.52,8844.967,0.0,0.0,0.718,22.869,0.0
2017-11-03,24,39.78,24.64,30.916,54.792,17.27,1.412,5939.65,8812.379,0.0,0.0,0.674,21.383,0.0
2017-11-04,24,37.09,20.92,28.578,59.258,24.82,2.577,6317.87,8779.994,0.0,0.0,0.72,22.744,0.0
2017-11-05,24,36.57,21.62,28.389,68.698,30.5,2.358,6115.31,8747.837,0.0,0.0,0.699,22.015,0.0
2017-11-06,24,33.82,22.68,27.504,74.063,41.36,2.113,5906.93,8715.932,0.0,0.0,0.678,21.265,0.0
2017-11-07,24,32.48,24.03,27.475,73.726,46.73,2.14,5475.09,8684.302,0.0,0.0,0.63,19.71,0.0
2017-11-08,24,32.86,23.8,27.065,71.752,44.62,2.639,5552.57,8652.97,0.0,0.0,0.642,19.989,0.0
2017-11-09,24,35.32,22.93,28.08,69.046,35.3,2.74,5793.2,8621.961,0.0,0.0,0.672,20.856,0.0
2017-11-10,24,34.96,24.49,28.516,71.457,42.25,2.342,5834.09,8591.296,0.0,0.0,0.679,21.003,0.0
2017-11-11,24,38.39,23.17,29.375,69.732,28.75,1.234,5778.42,8560.999,0.0,0.0,0.675,20.802,0.0
2017-11-12,24,37.44,20.75,28.952,36.812,15.89,2.621,5863.53,8531.092,0.0,0.0,0.687,21.109,0.0
2017-11-13,24,35.66,21.13,27.488,34.655,16.07,2.121,5058.17,8501.598,0.0,0.0,0.595,18.209,0.0
2017-11-14,24,36.17,20.39,26.993,45.983,14.79,1.907,5892.31,8472.539,0.0,0.0,0.695,21.212,0.0
2017-11-15,24,36.37,18.07,25.833,52.702,17.12,1.65,5930.16,8443.936,0.0,0.0,0.702,21.349,0.0
2017-11-16,24,36.77,19.03,26.853,55.697,18.5,1.773,5760.1,8415.811,0.0,0.0,0.684,20.736,0.0
2017-11-17,24,34.72,19.76,26.369,52.659,16.74,1.772,4457.52,8388.185,0.0,0.0,0.531,16.047,0.0
2017-11-18,24,35.75,18.78,25.79,53.185,14.41,2.046,5911.91,8361.078,0.0,0.0,0.707,21.283,0.0
2017-11-19,24,35.34,19.9,25.942,45.771,15.48,2.364,6052.68,8334.511,0.0,0.0,0.726,21.79,0.0
2017-11-20,24,35.61,19.58,26.045,49.755,15.33,2.323,5894.52,8308.503,0.0,0.0,0.709,21.22,0.0
2017-11-21,24,36.68,19.6,26.651,55.265,13.79,2.203,5653.91,8283.074,0.0,0.0,0.683,20.354,0.0
2017-11-22,24,33.01,21.21,26.1,65.771,27.45,3.048,4861.99,8258.243,0.0,0.0,0.589,17.503,0.0
2017-11-23,24,34.42,21.22,26.697,64.246,29.68,2.828,5247.46,8234.029,0.0,0.0,0.637,18.891,0.0
2017-11-24,24,33.51,22.75,27.315,68.458,34.77,2.573,5342.63,8210.449,0.0,0.0,0.651,19.233,0.0
2017-11-25,24,35.17,23.91,28.217,59.854,29.02,2.375,5120.72,8187.522,0.0,0.0,0.625,18.435,0.0
2017-11-26,24,39.43,20.65,28.972,44.035,13.37,1.875,5331.47,8165.264,0.0,0.0,0.653,19.193,0.0
2017-11-27,24,38.69,21.01,28.772,44.616,14.8,2.182,5695.45,8143.693,0.0,0.0,0.699,20.504,0.0
2017-11-28,24,38.05,22.72,28.84,35.797,14.4,2.318,5369.64,8122.823,0.0,0.0,0.661,19.331,0.0
2017-11-29,24,35.42,20.9,26.805,39.867,13.69,1.622,4918.69,8102.672,0.0,0.0,0.607,17.707,0.0
2017-11-30,24,36.0,19.26,26.231,63.128,26.01,1.388,5279.56,8083.253,0.0,0.0,0.653,19.006,0.0
2017-12-01,24,37.91,20.96,27.789,43.107,14.82,2.459,5370.83,8064.582,0.0,0.0,0.666,19.335,0.0
2017-12-02,24,37.47,21.71,27.76,37.416,14.89,3.319,4806.59,8046.673,0.0,0.0,0.597,17.304,0.0
2017-12-03,24,36.18,20.6,26.937,59.314,20.99,3.099,5358.11,8029.539,0.0,0.0,0.667,19.289,0.0
2017-12-04,24,36.35,20.7,26.892,52.952,19.57,2.965,5598.05,8013.193,0.0,0.0,0.699,20.153,0.0
2017-12-05,24,37.45,20.25,27.127,47.243,19.98,2.822,5581.69,7997.648,0.0,0.0,0.698,20.094,0.0
2017-12-06,24,36.08,21.22,27.199,32.518,15.46,2.747,5613.71,7982.915,0.0,0.0,0.703,20.209,0.0
2017-12-07,24,34.63,19.69,25.811,33.224,17.97,2.672,5647.75,7969.005,0.0,0.0,0.709,20.332,0.0
2017-12-08,24,33.61,17.36,23.965,38.454,17.05,2.7,5563.48,7955.929,0.0,0.0,0.699,20.029,0.0
2017-12-09,24,33.64,17.2,24.087,38.539,16.7,2.549,5608.94,7943.698,0.0,0.0,0.706,20.192,0.0
2017-12-10,24,33.9,17.67,24.361,36.527,16.31,2.685,5605.11,7932.32,0.0,0.0,0.707,20.178,0.0
2017-12-11,24,34.05,18.38,24.587,39.38,16.04,2.568,5587.33,7921.804,0.0,0.0,0.705,20.114,0.0
2017-12-12,24,29.65,17.14,22.213,62.831,26.57,2.685,5601.16,7912.159,0.0,0.0,0.708,20.164,0.0
2017-12-13,24,29.06,16.08,21.804,63.868,29.83,3.23,5619.37,7903.392,0.0,0.0,0.711,20.23,0.0
2017-12-14,24,28.62,15.74,21.391,44.79,21.17,3.073,5613.96,7895.51,0.0,0.0,0.711,20.21,0.0
2017-12-15,24,31.94,15.83,23.146,35.967,17.51,2.891,5324.45,7888.52,0.0,0.0,0.675,19.168,0.0
2017-12-16,24,32.36,19.14,24.6,35.023,16.32,2.936,4711.21,7882.426,0.0,0.0,0.598,16.96,0.0
2017-12-17,24,31.99,20.06,24.353,37.909,18.26,3.195,5103.65,7877.236,0.0,0.0,0.648,18.373,0.0
2017-12-18,24,31.84,18.89,23.757,46.702,20.94,3.237,5249.72,7875.162,0.0,0.0,0.667,18.899,0.0
2017-12-19,24,33.13,18.09,24.066,53.946,23.29,2.696,5133.98,7874.475,0.0,0.0,0.652,18.482,0.0
2017-12-20,24,31.13,19.3,24.325,37.166,21.51,2.967,5186.11,7874.662,0.0,0.0,0.659,18.67,0.0
2017-12-21,24,29.89,19.49,24.05,29.299,23.35,3.41,4778.43,7875.724,0.0,0.0,0.607,17.202,0.0
2017-12-22,24,27.48,17.75,22.275,25.405,20.07,4.016,5088.56,7877.66,0.0,0.0,0.646,18.319,0.0
2017-12-23,24,26.81,17.15,21.627,24.727,17.51,3.828,4543.57,7880.47,0.0,0.0,0.577,16.357,0.0
2017-12-24,24,28.06,15.27,20.828,31.355,18.07,2.79,4960.08,7884.151,0.0,0.0,0.629,17.856,0.0
2017-12-25,24,31.63,15.7,22.191,34.44,16.09,2.2,5307.94,7888.703,0.0,0.0,0.673,19.109,0.0
2017-12-26,24,33.24,18.01,24.102,33.318,16.55,2.755,5090.98,7894.123,0.0,0.0,0.645,18.328,0.0
2017-12-27,24,33.43,20.35,25.252,31.771,17.65,2.908,5059.67,7900.406,0.0,0.0,0.64,18.215,0.0
2017-12-28,24,33.13,18.95,24.221,32.502,15.9,3.051,5387.12,7907.549,0.0,0.0,0.681,19.394,0.0
2017-12-29,24,32.77,17.0,23.031,32.501,12.98,2.802,5473.0,7915.548,0.0,0.0,0.691,19.703,0.0
2017-12-30,24,34.86,16.55,23.946,31.045,13.16,2.334,5485.03,7924.396,0.0,0.0,0.692,19.746,0.0
2017-12-31,24,35.6,16.73,24.172,30.818,11.05,2.543,5471.59,7934.089,0.0,0.0,0.69,19.698,0.0
2018-01-01,24,34.82,18.71,25.567,24.412,14.23,3.188,5407.73,7944.619,0.0,0.0,0.681,19.468,0.0
2018-01-02,24,32.44,18.97,24.639,28.648,15.71,2.802,4759.66,7955.98,0.0,0.0,0.598,17.135,0.0
2018-01-03,24,33.0,19.32,24.657,30.063,17.17,2.617,4929.04,7968.163,0.0,0.0,0.619,17.745,0.0
2018-01-04,24,34.8,18.72,25.135,29.185,13.39,2.537,5361.12,7981.161,0.0,0.0,0.672,19.3,0.0
2018-01-05,24,34.92,19.59,25.162,33.952,12.9,2.365,3999.08,7994.964,0.0,0.0,0.5,14.397,0.0
2018-01-06,24,32.18,18.01,22.905,43.33,14.83,3.269,5226.12,8009.563,0.0,0.0,0.652,18.814,0.0
2018-01-07,24,27.27,16.35,20.101,72.51,43.19,3.867,5579.95,8024.948,0.0,0.0,0.695,20.088,0.0
2018-01-08,24,30.63,15.34,21.015,66.3,29.01,2.826,5685.65,8041.107,0.0,0.0,0.707,20.468,0.0
2018-01-09,24,33.12,15.24,22.72,42.191,16.56,3.075,5744.83,8058.029,0.0,0.0,0.713,20.681,0.0
2018-01-10,24,32.88,15.78,23.041,38.825,18.41,2.952,5786.95,8075.703,0.0,0.0,0.717,20.833,0.0
2018-01-11,24,34.95,16.16,23.574,36.363,14.33,2.61,5714.5,8094.116,0.0,0.0,0.706,20.572,0.0
2018-01-12,24,35.07,16.42,23.955,32.074,11.85,2.488,5793.74,8113.255,0.0,0.0,0.714,20.857,0.0
2018-01-13,24,34.8,15.22,23.011,35.913,12.27,2.388,5653.93,8133.105,0.0,0.0,0.695,20.354,0.0
2018-01-14,24,36.37,14.42,23.732,35.394,12.21,2.524,5772.58,8153.653,0.0,0.0,0.708,20.781,0.0
2018-01-15,24,34.99,16.7,23.47,33.579,13.66,3.051,5841.17,8174.884,0.0,0.0,0.715,21.028,0.0
2018-01-16,24,29.01,16.24,20.959,45.742,25.08,4.02,5824.58,8196.782,0.0,0.0,0.711,20.968,0.0
2018-01-17,24,27.05,14.71,19.455,43.04,22.88,3.952,5874.35,8219.332,0.0,0.0,0.715,21.148,0.0
2018-01-18,24,29.23,14.34,20.282,40.909,19.49,3.602,5918.79,8242.517,0.0,0.0,0.718,21.308,0.0
2018-01-19,24,30.9,15.52,21.551,35.249,15.89,3.535,5924.31,8266.319,0.0,0.0,0.717,21.328,0.0
2018-01-20,24,32.75,16.4,22.576,37.474,16.3,3.226,5815.89,8290.723,0.0,0.0,0.701,20.937,0.0
2018-01-21,24,33.82,15.97,24.301,29.963,14.38,2.761,5616.76,8315.709,0.0,0.0,0.675,20.22,0.0
2018-01-22,24,33.93,18.88,25.225,25.932,13.6,2.712,5355.45,8341.259,0.0,0.0,0.642,19.28,0.0
2018-01-23,24,35.23,17.43,24.413,27.798,9.66,2.575,5883.24,8367.354,0.0,0.0,0.703,21.18,0.0
2018-01-24,24,36.32,15.86,24.451,27.325,9.52,2.344,5946.66,8393.975,0.0,0.0,0.708,21.408,0.0
2018-01-25,24,36.53,17.08,25.073,27.569,10.48,2.81,6002.69,8421.103,0.0,0.0,0.713,21.61,0.0
2018-01-26,24,34.55,17.8,24.428,26.026,10.35,3.234,5977.22,8448.716,0.0,0.0,0.707,21.518,0.0
2018-01-27,24,32.66,17.3,23.314,30.835,12.89,3.274,4836.29,8476.794,0.0,0.0,0.571,17.411,0.0
2018-01-28,24,29.51,15.64,21.191,48.133,20.89,3.478,5951.74,8505.317,0.0,0.0,0.7,21.426,0.0
2018-01-29,24,30.02,14.09,19.944,59.235,22.55,3.095,6064.07,8534.263,0.0,0.0,0.711,21.831,0.0
2018-01-30,24,27.96,13.73,19.104,61.634,23.35,3.694,5787.51,8563.609,0.0,0.0,0.676,20.835,0.0
2018-01-31,24,27.8,15.04,19.571,52.213,21.01,4.056,5817.87,8593.335,0.0,0.0,0.677,20.944,0.0
2018-02-01,24,25.98,14.98,19.1,63.105,33.0,4.046,5585.84,8623.417,0.0,0.0,0.648,20.109,0.0
2018-02-02,24,26.62,15.41,19.162,62.316,27.69,4.098,6065.86,8653.834,0.03,0.0,0.701,21.837,0.0
2018-02-03,24,28.85,14.15,20.435,49.878,21.89,3.785,5668.48,8684.561,0.0,0.0,0.653,20.407,0.03
2018-02-04,24,30.01,15.87,20.765,48.46,22.1,3.642,5643.0,8715.576,0.0,0.0,0.647,20.315,0.03
2018-02-05,24,28.76,16.2,21.105,49.92,23.79,3.418,5358.98,8746.856,0.0,0.0,0.613,19.292,0.03
2018-02-06,24,26.08,18.49,21.31,44.727,26.96,3.351,3490.07,8778.376,0.28,0.0,0.398,12.564,0.0
2018-02-07,24,27.65,18.84,21.794,42.345,23.11,3.661,4046.51,8810.113,0.12,0.12,0.459,14.567,0.28
2018-02-08,24,27.65,16.63,21.402,43.637,26.31,4.09,5662.21,8842.043,0.04,0.04,0.64,20.384,0.4
2018-02-09,24,29.33,17.83,21.78,40.198,23.36,4.305,5869.44,8874.142,0.05,0.05,0.661,21.13,0.44
2018-02-10,24,28.87,16.26,20.638,36.979,20.67,3.887,6103.42,8906.385,0.0,0.0,0.685,21.972,0.21
2018-02-11,24,31.46,15.77,22.61,24.942,11.78,3.528,6301.18,8938.749,0.0,0.0,0.705,22.684,0.09
2018-02-12,24,32.31,16.7,23.278,23.155,9.27,2.891,6263.97,8971.209,0.0,0.0,0.698,22.55,0.05
2018-02-13,24,35.81,17.85,24.986,27.552,9.82,2.502,6214.84,9003.741,0.0,0.0,0.69,22.373,0.0
2018-02-14,24,36.01,20.83,26.977,22.118,9.33,2.812,5846.24,9036.32,0.0,0.0,0.647,21.046,0.0
2018-02-15,24,31.24,19.79,24.13,38.688,15.21,5.068,5645.39,9068.922,0.0,0.0,0.622,20.323,0.0
2018-02-16,24,29.04,19.1,22.85,56.481,34.66,4.51,5896.27,9101.523,0.0,0.0,0.648,21.227,0.0
2018-02-17,24,28.39,17.57,21.242,68.828,43.26,3.428,6030.27,9134.099,0.0,0.0,0.66,21.709,0.0
2018-02-18,24,31.17,16.46,21.916,60.584,29.54,3.264,6223.08,9166.625,0.0,0.0,0.679,22.403,0.0
2018-02-19,24,30.19,16.89,21.567,60.378,28.68,2.985,6294.53,9199.079,0.0,0.0,0.684,22.66,0.0
2018-02-20,24,29.75,15.84,21.583,60.583,33.88,3.222,6228.18,9231.435,0.0,0.0,0.675,22.421,0.0
2018-02-21,24,29.71,15.7,21.262,61.635,31.6,3.445,6306.97,9263.671,0.0,0.0,0.681,22.705,0.0
2018-02-22,24,27.25,15.78,20.097,70.042,35.99,3.197,6284.54,9295.764,0.0,0.0,0.676,22.624,0.0
2018-02-23,24,25.52,16.34,20.008,74.041,44.22,2.478,6067.13,9327.69,0.0,0.0,0.65,21.842,0.0
2018-02-24,24,26.37,14.62,19.752,75.342,42.62,1.756,6512.57,9359.427,0.0,0.0,0.696,23.445,0.0
2018-02-25,24,29.34,15.64,20.775,73.942,36.23,1.69,6403.15,9390.953,0.0,0.0,0.682,23.051,0.0
2018-02-26,24,27.77,14.6,20.283,73.093,34.99,2.22,6627.84,9422.245,0.0,0.0,0.703,23.86,0.0
2018-02-27,24,28.65,16.33,21.106,75.764,39.26,2.646,6504.67,9453.282,0.0,0.0,0.688,23.417,0.0
2018-02-28,24,28.29,16.7,21.202,74.713,38.09,2.86,6420.37,9484.044,0.0,0.0,0.677,23.113,0.0
2018-03-01,24,29.49,16.99,21.586,71.4,31.98,3.435,6533.29,9517.529,0.0,0.0,0.686,23.52,0.0
2018-03-02,24,30.3,17.05,22.345,69.227,37.8,3.609,6570.78,9551.097,0.0,0.0,0.688,23.655,0.0
2018-03-03,24,32.06,18.09,23.113,59.101,26.67,4.249,6668.0,9584.396,0.0,0.0,0.696,24.005,0.0
2018-03-04,24,33.35,18.15,23.532,59.961,29.49,4.211,6665.39,9617.404,0.0,0.0,0.693,23.995,0.0
2018-03-05,24,36.06,18.69,24.715,53.036,21.5,3.746,6807.29,9650.1,0.0,0.0,0.705,24.506,0.0
2018-03-06,24,39.41,20.02,26.735,41.639,14.21,3.532,6911.32,9682.463,0.0,0.0,0.714,24.881,0.0
2018-03-07,24,38.54,18.83,25.732,51.07,19.65,3.21,6951.03,9714.473,0.0,0.0,0.716,25.024,0.0
2018-03-08,24,37.97,18.14,26.216,51.936,19.25,3.163,6935.45,9746.11,0.0,0.0,0.712,24.968,0.0
2018-03-09,24,41.84,19.96,28.357,40.25,12.47,2.685,6973.45,9777.355,0.0,0.0,0.713,25.104,0.0
2018-03-10,24,38.21,19.69,26.686,50.44,22.35,3.427,7013.53,9808.189,0.0,0.0,0.715,25.249,0.0
2018-03-11,24,38.19,19.7,26.7,50.783,21.66,3.824,7090.04,9838.594,0.0,0.0,0.721,25.524,0.0
2018-03-12,24,41.73,19.38,28.502,39.858,9.52,2.927,6931.68,9868.553,0.0,0.0,0.702,24.954,0.0
2018-03-13,24,41.4,21.1,28.761,34.143,11.3,3.114,7051.4,9898.05,0.0,0.0,0.712,25.385,0.0
2018-03-14,24,41.67,20.95,28.725,34.259,10.36,3.276,7124.25,9927.068,0.0,0.0,0.718,25.647,0.0
2018-03-15,24,34.2,19.79,25.1,54.363,29.32,3.692,7126.52,9955.592,0.0,0.0,0.716,25.655,0.0
2018-03-16,24,28.58,18.24,21.87,69.433,37.36,4.327,6528.47,9983.608,0.0,0.0,0.654,23.502,0.0
2018-03-17,24,33.28,17.71,23.784,62.783,31.35,3.611,6866.15,10011.103,0.0,0.0,0.686,24.718,0.0
2018-03-18,24,35.82,18.97,25.374,46.248,17.39,3.584,6457.99,10038.062,0.0,0.0,0.643,23.249,0.0
2018-03-19,24,37.1,17.81,25.348,43.07,13.86,3.62,7312.23,10064.475,0.0,0.0,0.727,26.324,0.0
2018-03-20,24,34.74,17.54,24.068,51.65,22.89,3.798,7270.3,10090.329,0.0,0.0,0.721,26.173,0.0
2018-03-21,24,35.42,17.52,24.158,48.592,19.37,3.482,7174.42,10115.615,0.0,0.0,0.709,25.828,0.0
2018-03-22,24,36.23,17.32,24.88,46.428,13.44,3.341,7364.31,10140.322,0.0,0.0,0.726,26.512,0.0
2018-03-23,24,37.03,19.22,27.147,34.268,13.47,3.262,7440.37,10164.441,0.0,0.0,0.732,26.785,0.0
2018-03-24,24,35.53,22.48,27.388,20.194,9.15,3.209,7300.69,10187.965,0.0,0.0,0.717,26.282,0.0
2018-03-25,24,37.68,21.38,26.902,24.586,11.78,3.055,7520.34,10210.886,0.0,0.0,0.737,27.073,0.0
2018-03-26,24,35.83,19.08,25.701,45.197,20.1,3.084,7215.69,10233.198,0.0,0.0,0.705,25.976,0.0
2018-03-27,24,32.74,19.88,24.515,55.551,27.83,3.009,6089.08,10254.895,0.0,0.0,0.594,21.921,0.0
2018-03-28,24,33.13,18.59,23.745,58.404,26.01,3.638,7231.43,10275.972,0.0,0.0,0.704,26.033,0.0
2018-03-29,24,29.08,16.77,21.535,71.779,35.04,3.778,6754.08,10296.426,0.0,0.0,0.656,24.315,0.0
2018-03-30,24,28.78,16.95,22.563,64.288,32.32,3.557,5627.95,10316.252,0.11,0.04,0.546,20.261,0.0
2018-03-31,24,32.31,17.35,23.017,62.51,24.49,3.3,7288.17,10335.45,0.05,0.0,0.705,26.237,0.11
2018-04-01,24,31.79,16.87,22.412,66.14,23.39,3.56,7429.1,10354.017,0.0,0.0,0.718,26.745,0.16
2018-04-02,24,29.05,16.3,20.593,73.95,35.75,3.958,7580.3,10371.952,0.0,0.0,0.731,27.289,0.16
2018-04-03,24,29.03,15.17,20.588,76.881,40.19,3.328,7479.8,10389.257,0.0,0.0,0.72,26.927,0.05
2018-04-04,24,33.82,16.84,23.014,67.955,26.21,2.946,7289.36,10405.93,0.0,0.0,0.701,26.242,0.0
2018-04-05,24,33.55,18.3,23.789,61.625,31.49,3.545,7340.22,10421.975,0.0,0.0,0.704,26.425,0.0
2018-04-06,24,35.12,19.53,24.929,54.591,24.94,4.458,7410.22,10437.394,0.0,0.0,0.71,26.677,0.0
2018-04-07,24,31.82,18.8,23.147,60.895,32.55,4.081,7370.1,10452.189,0.0,0.0,0.705,26.532,0.0
2018-04-08,24,31.05,18.45,22.886,61.022,33.74,3.015,7011.34,10466.364,0.0,0.0,0.67,25.241,0.0
2018-04-09,24,31.47,17.22,23.007,57.59,28.31,3.635,7429.46,10479.925,0.0,0.0,0.709,26.746,0.0
2018-04-10,24,37.16,18.51,25.504,44.833,18.09,3.94,7409.66,10492.875,0.0,0.0,0.706,26.675,0.0
2018-04-11,24,36.91,20.73,26.359,37.291,14.56,4.24,7394.67,10505.222,0.0,0.0,0.704,26.621,0.0
2018-04-12,24,34.89,18.54,24.947,45.0,18.6,4.213,7481.43,10516.971,0.0,0.0,0.711,26.933,0.0
2018-04-13,24,32.97,18.43,23.871,57.769,26.53,4.147,7466.96,10528.129,0.0,0.0,0.709,26.881,0.0
2018-04-14,24,33.88,17.49,24.028,57.593,28.25,3.676,7479.71,10538.705,0.0,0.0,0.71,26.927,0.0
2018-04-15,24,33.12,18.01,24.171,53.057,24.44,3.182,7457.51,10548.706,0.0,0.0,0.707,26.847,0.0
2018-04-16,24,31.49,17.39,22.931,63.222,25.59,3.072,7469.82,10558.142,0.0,0.0,0.707,26.891,0.0
2018-04-17,24,30.54,17.04,22.57,67.445,27.47,3.468,7472.01,10567.021,0.0,0.0,0.707,26.899,0.0
2018-04-18,24,27.41,16.88,21.043,74.226,39.98,3.795,7458.08,10575.353,0.0,0.0,0.705,26.849,0.0
2018-04-19,24,26.55,16.92,20.653,76.344,44.66,3.626,7440.06,10583.149,0.0,0.0,0.703,26.784,0.0
2018-04-20,24,26.57,17.07,20.622,75.506,44.62,3.805,7435.94,10590.419,0.0,0.0,0.702,26.769,0.0
2018-04-21,24,27.77,16.72,21.082,74.902,42.63,3.52,7431.43,10597.175,0.0,0.0,0.701,26.753,0.0
2018-04-22,24,27.87,16.63,21.315,72.081,39.67,3.536,7435.86,10603.427,0.0,0.0,0.701,26.769,0.0
2018-04-23,24,28.61,17.29,21.793,69.772,42.46,3.686,7210.79,10609.189,0.0,0.0,0.68,25.959,0.0
2018-04-24,24,29.47,18.05,22.7,65.665,38.37,3.991,7420.57,10614.471,0.0,0.0,0.699,26.714,0.0
2018-04-25,24,34.83,18.14,24.724,56.146,23.88,3.798,7490.27,10619.288,0.0,0.0,0.705,26.965,0.0
2018-04-26,24,34.84,18.93,25.429,52.641,26.2,3.596,7248.62,10623.65,0.0,0.0,0.682,26.095,0.0
2018-04-27,24,33.95,19.07,24.785,60.653,28.62,3.325,7492.02,10627.572,0.0,0.0,0.705,26.971,0.0
2018-04-28,24,32.11,17.96,23.482,66.602,32.82,3.482,7547.77,10631.066,0.0,0.0,0.71,27.172,0.0
2018-04-29,24,34.5,17.36,24.423,60.153,28.03,3.678,7632.82,10634.147,0.0,0.0,0.718,27.478,0.0
2018-04-30,24,33.97,18.34,24.884,53.497,23.88,3.802,7625.88,10636.828,0.0,0.0,0.717,27.453,0.0
2018-05-01,24,33.0,18.55,24.318,55.128,26.83,4.27,7587.7,10639.122,0.0,0.0,0.713,27.316,0.0
2018-05-02,24,34.8,18.79,25.56,48.77,18.85,3.685,7591.59,10641.044,0.0,0.0,0.713,27.33,0.0
2018-05-03,24,32.81,19.34,24.618,53.056,26.9,4.024,7619.57,10642.607,0.0,0.0,0.716,27.43,0.0
2018-05-04,24,32.56,18.12,23.542,62.838,28.18,3.693,7665.39,10643.826,0.0,0.0,0.72,27.595,0.0
2018-05-05,24,30.48,17.91,22.886,66.652,32.37,3.387,7623.0,10644.715,0.0,0.0,0.716,27.443,0.0
2018-05-06,24,29.46,17.49,22.166,66.368,37.39,4.062,7607.04,10645.289,0.0,0.0,0.715,27.385,0.0
2018-05-07,24,28.98,17.9,22.37,68.348,40.24,4.048,7575.65,10645.56,0.0,0.0,0.712,27.272,0.0
2018-05-08,24,29.59,18.24,22.844,65.923,38.19,4.033,6931.16,10645.544,0.0,0.0,0.651,24.952,0.0
2018-05-09,24,30.21,19.16,23.616,61.935,36.65,3.732,7437.31,10645.255,0.0,0.0,0.699,26.774,0.0
2018-05-10,24,31.04,18.07,23.544,64.237,34.47,3.309,7689.4,10644.706,0.0,0.0,0.722,27.682,0.0
2018-05-11,24,30.04,17.41,22.604,69.716,38.97,2.996,7685.54,10643.912,0.0,0.0,0.722,27.668,0.0
2018-05-12,24,30.77,17.27,22.655,74.207,34.02,2.7,7615.05,10642.887,0.0,0.0,0.716,27.414,0.0
2018-05-13,24,32.52,17.75,22.68,73.746,30.7,3.232,7483.82,10641.645,0.0,0.0,0.703,26.942,0.0
2018-05-14,24,29.78,18.21,22.695,74.518,38.53,3.344,7112.94,10640.199,0.0,0.0,0.668,25.607,0.0
2018-05-15,24,30.25,18.52,22.858,72.257,39.98,3.297,7356.66,10638.562,0.0,0.0,0.692,26.484,0.0
2018-05-16,24,28.3,18.69,22.39,72.292,44.3,3.615,7178.77,10636.749,0.0,0.0,0.675,25.844,0.0
2018-05-17,24,29.25,18.02,22.412,75.018,43.94,3.478,7532.47,10634.773,0.0,0.0,0.708,27.117,0.0
2018-05-18,24,29.2,17.79,22.349,74.258,41.33,3.474,7507.87,10632.646,0.0,0.0,0.706,27.028,0.0
2018-05-19,24,28.27,18.04,21.99,75.678,44.9,3.114,7454.36,10630.381,0.0,0.0,0.701,26.836,0.0
2018-05-20,24,29.51,17.42,22.351,75.197,41.35,2.927,7533.74,10627.991,0.0,0.0,0.709,27.121,0.0
2018-05-21,24,29.42,18.28,22.757,72.53,41.83,3.327,7549.75,10625.488,0.0,0.0,0.711,27.179,0.0
2018-05-22,24,29.23,18.63,22.993,69.446,40.45,3.876,7506.77,10622.884,0.0,0.0,0.707,27.024,0.0
2018-05-23,24,29.6,18.65,23.09,69.325,42.94,3.877,7597.92,10620.192,0.0,0.0,0.715,27.353,0.0
2018-05-24,24,29.57,19.16,23.179,69.509,42.83,3.657,7598.6,10617.422,0.0,0.0,0.716,27.355,0.0
2018-05-25,24,29.02,17.66,22.422,72.224,44.2,2.83,7501.77,10614.587,0.0,0.0,0.707,27.006,0.0
2018-05-26,24,30.19,18.14,22.716,72.798,38.47,2.795,7278.2,10611.697,0.0,0.0,0.686,26.202,0.0
2018-05-27,24,29.32,17.96,22.82,69.581,41.61,2.929,7550.43,10608.762,0.0,0.0,0.712,27.182,0.0
2018-05-28,24,31.74,18.65,24.453,63.703,38.61,2.463,7515.73,10605.794,0.0,0.0,0.709,27.057,0.0
2018-05-29,24,31.01,18.18,23.369,69.177,41.48,1.505,7452.53,10602.803,0.0,0.0,0.703,26.829,0.0
2018-05-30,24,31.53,19.75,24.432,71.841,40.07,1.824,7361.15,10599.797,0.0,0.0,0.694,26.5,0.0
2018-05-31,24,30.46,20.21,24.114,76.129,42.69,2.149,7278.63,10596.787,0.0,0.0,0.687,26.203,0.0
2018-06-01,24,33.72,19.59,24.79,73.59,40.39,2.0,7439.61,10593.783,0.0,0.0,0.702,26.783,0.0
2018-06-02,24,32.38,20.36,25.169,71.595,39.87,1.829,7426.06,10591.219,0.0,0.0,0.701,26.734,0.0
2018-06-03,24,30.99,21.08,24.885,72.198,40.92,2.198,7320.43,10589.846,0.0,0.0,0.691,26.354,0.0
2018-06-04,24,31.72,20.54,25.355,73.766,41.27,1.929,7259.38,10588.493,0.0,0.0,0.686,26.134,0.0
2018-06-05,24,29.98,22.07,24.981,73.814,48.41,1.657,3973.33,10587.166,0.9,0.44,0.375,14.304,0.0
2018-06-06,24,32.32,22.21,26.141,71.657,46.43,1.605,5138.69,10585.872,0.0,0.0,0.485,18.499,0.9
2018-06-07,24,32.71,22.37,26.496,68.08,41.53,2.491,6077.61,10584.616,0.0,0.0,0.574,21.879,0.9
2018-06-08,24,34.48,21.55,26.922,65.235,38.61,1.828,7389.87,10583.402,0.0,0.0,0.698,26.604,0.9
2018-06-09,24,34.52,20.63,25.987,68.264,34.83,2.101,7355.74,10582.236,0.0,0.0,0.695,26.481,0.0
2018-06-10,24,30.64,21.12,25.128,73.38,46.83,2.322,7329.73,10581.121,0.0,0.0,0.693,26.387,0.0
2018-06-11,24,34.69,20.81,25.528,70.728,39.07,2.344,7337.39,10580.063,0.0,0.0,0.694,26.415,0.0
2018-06-12,24,31.24,20.21,25.368,72.963,46.55,1.725,7238.08,10579.064,0.0,0.0,0.684,26.057,0.0
2018-06-13,24,32.24,22.23,26.717,69.1,41.79,1.902,7077.74,10578.127,0.0,0.0,0.669,25.48,0.0
2018-06-14,24,30.18,22.66,26.207,73.369,47.89,1.712,6201.26,10577.256,0.12,0.0,0.586,22.325,0.0
2018-06-15,24,33.21,23.08,27.004,69.341,44.54,1.73,6573.51,10576.452,0.0,0.0,0.622,23.665,0.12
2018-06-16,24,31.82,22.44,26.095,69.611,40.9,2.714,7148.51,10575.719,0.0,0.0,0.676,25.735,0.12
2018-06-17,24,29.92,21.44,24.732,69.808,39.81,3.535,7247.79,10575.057,0.0,0.0,0.685,26.092,0.12
2018-06-18,24,28.94,21.53,24.003,76.702,52.0,2.699,6738.62,10574.467,0.0,0.0,0.637,24.259,0.0
2018-06-19,24,29.89,21.53,24.684,75.088,49.6,2.829,6894.18,10573.952,0.0,0.0,0.652,24.819,0.0
2018-06-20,24,30.79,21.28,25.01,74.096,48.96,2.283,7234.32,10573.51,0.0,0.0,0.684,26.044,0.0
2018-06-21,24,29.24,21.82,24.795,78.196,56.59,2.253,7063.51,10573.143,0.0,0.0,0.668,25.429,0.0
2018-06-22,24,30.07,21.47,25.363,78.738,56.11,2.13,7247.55,10572.85,0.0,0.0,0.685,26.091,0.0
2018-06-23,24,30.57,23.16,26.399,77.481,58.3,2.343,6221.34,10572.63,0.0,0.0,0.588,22.397,0.0
2018-06-24,24,32.34,23.32,26.903,77.673,54.25,2.118,6939.84,10572.483,0.0,0.0,0.656,24.983,0.0
2018-06-25,24,31.3,22.34,25.925,72.934,47.31,2.468,7315.44,10572.407,0.0,0.0,0.692,26.336,0.0
2018-06-26,24,32.77,23.09,27.854,71.067,50.76,2.012,6503.58,10572.4,0.41,0.0,0.615,23.413,0.0
2018-06-27,24,32.23,23.0,26.681,79.247,59.34,2.052,6518.45,10572.461,2.3,2.02,0.617,23.466,0.41
2018-06-28,24,30.87,23.12,26.287,80.534,57.09,1.987,6695.73,10572.586,0.0,0.0,0.633,24.105,2.71
2018-06-29,24,31.2,23.23,26.476,79.659,57.93,2.077,7189.54,10572.773,0.0,0.0,0.68,25.882,2.71
2018-06-30,24,30.33,22.83,25.605,77.603,53.0,2.324,7013.19,10573.019,0.0,0.0,0.663,25.247,2.3
2018-07-01,24,30.53,22.06,25.436,77.275,52.3,1.869,7098.23,10573.319,0.0,0.0,0.671,25.554,0.0
2018-07-02,24,31.82,22.24,26.198,76.14,49.83,1.802,6498.95,10573.671,0.0,0.0,0.615,23.396,0.0
2018-07-03,24,30.41,23.11,26.261,75.517,54.82,2.19,7035.68,10574.07,0.0,0.0,0.665,25.328,0.0
2018-07-04,24,31.92,23.98,27.422,73.73,54.89,1.127,4094.08,10574.511,2.31,0.21,0.387,14.739,0.0
2018-07-05,24,33.76,25.03,28.456,72.163,48.95,1.673,6807.21,10574.989,0.0,0.0,0.644,24.506,2.31
2018-07-06,24,32.18,24.52,27.811,75.435,54.16,2.491,7176.05,10575.498,0.0,0.0,0.679,25.834,2.31
2018-07-07,24,33.08,23.92,27.902,76.16,50.15,1.542,5356.69,10576.034,0.0,0.0,0.506,19.284,2.31
2018-07-08,24,30.99,25.26,27.627,77.548,61.3,1.467,4345.78,10576.59,7.93,7.85,0.411,15.645,0.0
2018-07-09,24,32.14,24.99,27.626,77.479,57.8,2.182,5753.35,10577.159,0.14,0.14,0.544,20.712,7.93
2018-07-10,24,31.12,22.79,27.03,75.288,52.33,2.256,5231.95,10577.735,0.0,0.0,0.495,18.835,8.07
2018-07-11,24,33.96,22.12,27.556,77.718,53.16,1.624,6026.95,10578.31,0.03,0.03,0.57,21.697,8.07
2018-07-12,24,32.46,25.33,28.019,77.358,54.87,2.342,5996.88,10578.878,0.03,0.03,0.567,21.589,0.17
2018-07-13,24,31.4,24.73,27.361,70.918,53.71,2.355,6909.84,10579.43,0.0,0.0,0.653,24.875,0.06
2018-07-14,24,33.2,23.64,28.278,71.642,49.21,1.449,6207.94,10579.959,0.0,0.0,0.587,22.349,0.06
2018-07-15,24,32.74,25.45,28.452,75.983,58.08,2.928,6529.3,10580.456,0.0,0.0,0.617,23.505,0.03
2018-07-16,24,30.59,24.71,27.133,71.511,56.31,3.042,6774.48,10580.913,0.0,0.0,0.64,24.388,0.0
2018-07-17,24,31.58,25.43,28.191,67.343,50.73,2.711,6863.27,10581.32,0.0,0.0,0.649,24.708,0.0
2018-07-18,24,32.64,25.6,28.845,68.04,50.18,2.564,5908.16,10581.668,0.0,0.0,0.558,21.269,0.0
2018-07-19,24,29.19,24.21,26.395,85.64,68.13,0.944,4320.84,10581.948,8.17,7.28,0.408,15.555,0.0
2018-07-20,24,31.51,24.94,27.63,80.288,60.89,1.404,5057.35,10582.151,4.84,4.79,0.478,18.206,8.17
2018-07-21,24,31.72,24.47,27.607,74.685,52.38,2.193,7102.09,10582.265,0.0,0.0,0.671,25.568,13.01
2018-07-22,24,32.68,23.29,27.388,73.185,49.16,1.515,6700.44,10582.28,0.0,0.0,0.633,24.122,13.01
2018-07-23,24,31.18,25.41,27.903,76.915,61.19,1.909,3148.14,10582.186,0.76,0.75,0.297,11.333,4.84
2018-07-24,24,31.63,26.38,28.314,78.344,61.78,1.898,5596.64,10581.973,0.46,0.39,0.529,20.148,0.76
2018-07-25,24,31.42,24.7,27.698,73.938,55.22,2.817,6876.84,10581.628,0.02,0.0,0.65,24.757,1.22
2018-07-26,24,30.26,23.52,26.435,70.698,54.38,2.628,6912.43,10581.141,0.0,0.0,0.653,24.885,1.24
2018-07-27,24,30.91,24.48,27.225,65.42,51.64,2.688,6340.59,10580.501,0.0,0.0,0.599,22.826,0.48
2018-07-28,24,31.44,24.68,27.804,68.778,52.47,2.316,6065.4,10579.695,0.12,0.12,0.573,21.835,0.02
2018-07-29,24,31.06,24.72,27.07,75.586,57.83,1.851,5248.68,10578.712,3.88,1.7,0.496,18.895,0.12
2018-07-30,24,32.4,25.17,27.931,75.845,56.67,2.67,6795.14,10577.539,0.0,0.0,0.642,24.463,4.0
2018-07-31,24,31.69,24.99,27.972,78.128,58.79,3.007,7047.95,10576.165,0.0,0.0,0.666,25.373,4.0
2018-08-01,24,31.53,25.62,28.309,80.68,64.22,3.185,5279.36,10574.576,1.76,1.65,0.499,19.006,3.88
2018-08-02,24,31.29,24.65,27.973,82.305,66.55,2.453,5419.81,10572.762,2.06,1.53,0.513,19.511,1.76
2018-08-03,24,31.82,24.14,26.763,76.988,55.02,1.552,5914.7,10570.708,0.01,0.01,0.56,21.293,3.82
2018-08-04,24,33.31,24.19,28.063,76.197,53.48,1.083,5780.32,10568.402,0.85,0.85,0.547,20.809,3.83
2018-08-05,24,31.5,25.93,27.895,80.341,62.95,2.278,5290.06,10565.832,0.59,0.53,0.501,19.044,2.92
2018-08-06,24,31.54,24.77,27.417,75.31,58.29,2.54,6963.33,10562.985,0.04,0.04,0.659,25.068,1.45
2018-08-07,24,31.49,23.65,27.167,72.154,51.27,2.01,6575.36,10559.848,0.0,0.0,0.623,23.671,1.48
2018-08-08,24,32.27,24.09,27.504,73.177,51.63,1.892,6418.38,10556.407,0.62,0.0,0.608,23.106,0.63
2018-08-09,24,31.14,24.96,27.287,80.939,59.99,1.243,2964.77,10552.651,14.59,14.28,0.281,10.673,0.66
2018-08-10,24,30.84,24.8,27.161,82.959,66.1,2.712,4462.8,10548.565,2.22,2.01,0.423,16.066,15.21
2018-08-11,24,30.86,24.46,26.904,78.58,54.46,3.062,6684.63,10544.138,0.0,0.0,0.634,24.065,17.43
2018-08-12,24,30.56,23.52,26.33,76.322,57.72,2.403,6567.14,10539.356,0.0,0.0,0.623,23.642,16.81
2018-08-13,24,30.68,22.93,26.307,71.422,49.23,1.475,5906.87,10536.649,0.01,0.01,0.561,21.265,2.22
2018-08-14,24,32.6,22.87,27.189,69.799,44.3,1.863,6570.91,10533.897,0.0,0.0,0.624,23.655,0.01
2018-08-15,24,33.61,24.11,27.972,69.948,45.57,2.329,5158.89,10530.838,0.05,0.05,0.49,18.572,0.01
2018-08-16,24,34.05,25.05,28.352,73.927,50.95,1.949,6481.02,10527.459,2.68,2.68,0.616,23.332,0.06
2018-08-17,24,33.8,25.63,28.715,75.178,52.01,2.314,6390.95,10523.747,0.0,0.0,0.607,23.007,2.73
2018-08-18,24,30.86,24.82,27.363,76.471,59.53,2.81,6266.3,10519.688,0.0,0.0,0.596,22.559,2.73
2018-08-19,24,30.67,24.18,26.872,75.983,55.69,2.089,2621.19,10515.269,0.0,0.0,0.249,9.436,2.68
2018-08-20,24,32.76,24.18,27.474,73.017,45.67,2.008,6606.5,10510.477,0.0,0.0,0.629,23.783,0.0
2018-08-21,24,33.08,23.72,27.641,70.03,44.91,1.806,6746.9,10505.3,0.0,0.0,0.642,24.289,0.0
2018-08-22,24,33.51,23.6,27.946,70.915,46.43,1.526,6979.42,10499.726,0.1,0.1,0.665,25.126,0.0
2018-08-23,24,33.55,24.08,28.088,74.866,54.66,1.518,6310.75,10493.742,1.31,1.28,0.601,22.719,0.1
2018-08-24,24,30.47,23.43,26.592,86.711,70.36,1.06,3057.88,10487.335,15.39,9.98,0.292,11.008,1.41
2018-08-25,24,32.17,25.33,28.369,82.53,63.42,1.685,6237.61,10480.494,0.5,0.5,0.595,22.455,16.8
2018-08-26,24,31.47,24.27,27.23,84.525,64.86,2.338,6339.52,10473.208,0.05,0.05,0.605,22.822,17.2
2018-08-27,24,29.49,25.01,26.978,83.284,67.33,1.502,4919.1,10465.465,0.0,0.0,0.47,17.709,15.94
2018-08-28,24,30.22,24.32,27.054,87.351,72.88,1.74,3025.71,10457.255,20.29,14.85,0.289,10.893,0.55
2018-08-29,24,32.36,24.34,27.676,85.24,65.16,0.798,4779.62,10448.567,6.63,5.99,0.457,17.207,20.34
2018-08-30,24,28.63,25.25,26.308,90.458,78.78,1.683,2987.97,10439.39,32.45,31.95,0.286,10.757,26.92
2018-08-31,24,30.19,25.78,27.797,80.505,70.12,3.205,6072.73,10429.716,0.04,0.04,0.582,21.862,59.37
2018-09-01,24,30.1,25.06,27.448,82.556,69.75,1.981,5104.95,10419.534,0.81,0.81,0.49,18.378,39.12
2018-09-02,24,30.56,25.67,27.529,82.412,67.78,2.453,5451.04,10408.837,0.22,0.22,0.524,19.624,33.3
2018-09-03,24,32.23,24.56,27.606,80.396,61.8,1.918,6478.64,10397.615,8.46,2.11,0.623,23.323,1.07
2018-09-04,24,31.95,24.7,27.661,85.97,70.16,1.853,5737.95,10385.861,14.8,5.29,0.552,20.657,9.49
2018-09-05,24,31.12,24.64,27.402,83.871,67.76,1.762,5184.66,10373.568,9.43,6.12,0.5,18.665,23.48
2018-09-06,24,28.3,24.31,26.204,87.943,75.46,1.39,3845.49,10360.728,9.8,3.34,0.371,13.844,32.69
2018-09-07,24,30.38,23.01,26.051,85.097,64.31,3.757,3086.9,10347.337,34.59,6.1,0.298,11.113,34.03
2018-09-08,24,28.79,24.04,26.248,86.062,74.96,3.799,4025.1,10333.388,3.63,2.91,0.39,14.49,53.82
2018-09-09,24,30.31,23.87,27.127,83.278,68.51,2.221,5448.88,10318.876,1.55,1.51,0.528,19.616,48.02
2018-09-10,24,29.59,24.14,26.723,86.078,73.75,2.252,2888.58,10303.797,0.45,0.32,0.28,10.399,39.77
2018-09-11,24,29.52,25.61,27.235,83.266,70.14,1.928,5539.21,10288.147,0.0,0.0,0.538,19.941,5.63
2018-09-12,24,29.35,24.79,26.611,86.208,73.27,0.795,2525.87,10271.924,10.61,8.45,0.246,9.093,2.0
2018-09-13,24,30.69,24.9,27.238,85.601,71.68,1.048,5370.93,10255.125,2.06,2.02,0.524,19.335,11.06
2018-09-14,24,30.48,24.64,26.561,85.03,69.28,1.008,5941.48,10237.749,1.51,1.5,0.58,21.389,12.67
2018-09-15,24,32.16,24.16,27.76,84.37,65.11,1.154,6442.92,10219.795,0.51,0.51,0.63,23.195,14.18
2018-09-16,24,32.45,25.65,28.299,86.207,69.83,1.68,6772.85,10201.262,0.0,0.0,0.664,24.382,4.08
2018-09-17,24,30.46,25.62,27.697,85.006,67.82,1.583,6519.09,10182.151,0.0,0.0,0.64,23.469,2.02
2018-09-18,24,28.06,24.65,26.106,88.697,73.86,0.979,4896.4,10162.465,10.23,7.39,0.482,17.627,0.51
2018-09-19,24,31.63,23.96,27.184,86.767,69.12,1.062,4837.09,10142.204,6.45,6.45,0.477,17.414,10.23
2018-09-20,24,32.05,26.49,28.677,81.869,66.55,2.501,6333.55,10121.372,0.57,0.3,0.626,22.801,16.68
2018-09-21,24,35.24,26.66,29.937,74.722,47.0,2.319,6534.76,10099.972,0.0,0.0,0.647,23.525,17.25
2018-09-22,24,31.5,24.98,27.685,84.713,67.24,2.267,6638.33,10078.009,0.0,0.0,0.659,23.898,7.02
2018-09-23,24,30.34,24.9,27.125,85.195,70.49,2.027,6357.19,10055.488,0.01,0.01,0.632,22.886,0.57
2018-09-24,24,30.59,24.08,26.567,84.96,67.33,1.402,6786.83,10032.416,0.0,0.0,0.676,24.433,0.01
2018-09-25,24,30.24,24.05,26.065,90.289,71.61,1.736,3911.9,10008.798,16.46,16.46,0.391,14.083,0.01
2018-09-26,24,30.06,23.66,26.289,87.825,73.28,1.329,4084.19,9984.643,2.31,2.31,0.409,14.703,16.47
2018-09-27,24,31.9,24.97,27.853,83.172,63.8,1.943,6857.67,9959.959,0.0,0.0,0.689,24.688,18.77
2018-09-28,24,30.48,24.95,27.545,87.695,73.12,2.284,6737.67,9934.755,0.0,0.0,0.678,24.256,18.77
2018-09-29,24,28.72,24.23,26.303,85.92,70.56,1.915,5835.18,9909.041,0.12,0.12,0.589,21.007,2.31
2018-09-30,24,31.57,23.82,27.214,85.569,66.28,0.978,5500.52,9882.828,9.41,9.19,0.557,19.802,0.12
2018-10-01,24,32.79,24.84,27.967,84.416,65.16,1.126,5196.33,9856.126,8.88,8.88,0.527,18.707,9.53
2018-10-02,24,31.05,25.47,27.544,83.647,60.95,1.324,6315.44,9828.949,0.0,0.0,0.643,22.736,18.41
2018-10-03,24,33.35,25.39,28.672,84.979,65.57,0.847,5653.96,9801.309,0.72,0.72,0.577,20.354,18.29
2018-10-04,24,31.51,25.24,28.11,86.176,63.62,1.912,6425.86,9773.219,0.0,0.0,0.657,23.133,9.6
2018-10-05,24,32.4,25.15,28.051,84.96,61.88,2.1,6707.0,9744.695,0.0,0.0,0.688,24.145,0.72
2018-10-06,24,32.3,24.88,28.222,85.157,68.17,1.378,6480.77,9715.75,0.0,0.0,0.667,23.331,0.72
2018-10-07,24,33.34,24.86,28.283,85.274,65.92,0.992,5882.02,9686.4,1.21,1.21,0.607,21.175,0.0
2018-10-08,24,32.1,25.51,27.86,85.038,65.27,1.928,4819.37,9656.663,0.0,0.0,0.499,17.35,1.21
2018-10-09,24,32.42,26.13,28.76,83.48,68.22,1.852,6392.62,9626.553,0.0,0.0,0.664,23.013,1.21
2018-10-10,24,32.79,25.67,28.316,81.421,53.85,2.198,6432.02,9596.09,0.0,0.0,0.67,23.155,1.21
2018-10-11,24,33.42,24.65,28.138,78.759,52.12,2.227,6465.65,9565.291,0.0,0.0,0.676,23.276,0.0
2018-10-12,24,35.12,24.04,28.492,73.926,37.5,1.617,6642.81,9534.175,0.0,0.0,0.697,23.914,0.0
2018-10-13,24,33.38,24.44,27.695,75.947,45.67,2.142,6675.95,9502.76,0.0,0.0,0.703,24.033,0.0
2018-10-14,24,31.25,23.66,26.824,80.255,56.18,2.127,6513.73,9471.067,0.0,0.0,0.688,23.449,0.0
2018-10-15,24,32.48,23.27,27.325,78.396,58.6,1.291,6365.38,9439.116,0.01,0.01,0.674,22.915,0.0
2018-10-16,24,30.09,24.28,26.361,82.487,59.01,1.42,5544.08,9406.927,3.51,3.09,0.589,19.959,0.01
2018-10-17,24,32.76,24.51,27.865,76.935,55.63,2.463,6004.53,9374.521,0.04,0.04,0.641,21.616,3.52
2018-10-18,24,32.98,24.69,27.971,69.758,49.38,3.557,6308.28,9341.92,0.0,0.0,0.675,22.71,3.56
2018-10-19,24,32.91,24.62,27.842,69.898,48.76,2.384,6202.88,9309.146,0.0,0.0,0.666,22.33,3.55
2018-10-20,24,32.8,23.57,27.771,72.593,43.34,1.176,6328.02,9276.22,0.0,0.0,0.682,22.781,0.04
2018-10-21,24,32.46,23.58,27.629,76.664,45.08,1.375,4209.27,9243.166,0.0,0.0,0.455,15.153,0.0
2018-10-22,24,31.44,24.49,27.47,73.41,50.59,2.788,6282.9,9210.006,0.0,0.0,0.682,22.618,0.0
2018-10-23,24,35.25,23.37,28.445,74.415,42.48,1.589,6042.21,9176.762,0.0,0.0,0.658,21.752,0.0
2018-10-24,24,34.69,24.66,28.507,72.465,39.61,2.125,6237.5,9143.459,0.0,0.0,0.682,22.455,0.0
2018-10-25,24,34.03,23.7,28.216,73.189,45.06,2.677,6423.53,9110.12,0.0,0.0,0.705,23.125,0.0
2018-10-26,24,34.26,23.39,27.655,78.403,47.17,1.507,6138.1,9076.768,0.0,0.0,0.676,22.097,0.0
2018-10-27,24,32.43,23.84,27.229,76.163,49.11,2.024,6127.52,9043.428,0.0,0.0,0.678,22.059,0.0
2018-10-28,24,32.7,23.23,27.292,72.864,46.59,2.659,6156.84,9010.123,0.0,0.0,0.683,22.165,0.0
2018-10-29,24,33.44,23.92,27.263,71.266,42.18,2.911,5803.79,8976.877,0.0,0.0,0.647,20.894,0.0
2018-10-30,24,33.11,23.65,26.993,70.73,43.63,2.883,5921.02,8943.714,0.0,0.0,0.662,21.316,0.0
2018-10-31,24,32.69,23.37,27.028,66.102,41.94,3.324,5422.59,8910.659,0.0,0.0,0.609,19.521,0.0
2018-11-01,24,36.61,22.98,28.583,56.708,31.09,2.045,5925.57,8877.735,0.18,0.18,0.667,21.332,0.0
2018-11-02,24,37.43,23.79,29.209,58.0,31.38,1.793,5854.02,8844.967,0.65,0.08,0.662,21.074,0.18
2018-11-03,24,34.99,23.35,27.561,47.301,25.45,3.288,5974.67,8812.379,0.0,0.0,0.678,21.509,0.83
2018-11-04,24,32.6,21.57,25.782,70.439,36.96,2.805,5916.99,8779.994,0.0,0.0,0.674,21.301,0.83
2018-11-05,24,30.47,21.31,24.997,74.115,40.98,2.342,5977.63,8747.837,0.0,0.0,0.683,21.519,0.65
2018-11-06,24,32.03,21.45,25.489,74.871,35.95,2.395,5731.06,8715.932,0.0,0.0,0.658,20.632,0.0
2018-11-07,24,29.67,22.25,25.239,75.935,43.74,2.381,4187.6,8684.302,0.0,0.0,0.482,15.075,0.0
2018-11-08,24,35.01,21.2,26.752,65.376,29.35,2.09,5662.37,8652.97,0.0,0.0,0.654,20.385,0.0
2018-11-09,24,38.84,21.65,28.904,42.03,13.35,2.479,6034.16,8621.961,0.0,0.0,0.7,21.723,0.0
2018-11-10,24,38.0,20.24,28.148,45.654,16.6,2.507,5928.66,8591.296,0.0,0.0,0.69,21.343,0.0
2018-11-11,24,37.38,22.21,27.492,48.186,20.92,2.973,6019.34,8560.999,0.0,0.0,0.703,21.67,0.0
2018-11-12,24,29.98,21.8,24.842,67.41,46.15,3.921,5526.41,8531.092,0.0,0.0,0.648,19.895,0.0
2018-11-13,24,30.07,20.86,24.614,70.199,39.82,3.107,4882.49,8501.598,0.0,0.0,0.574,17.577,0.0
2018-11-14,24,30.55,20.65,24.582,69.082,39.07,2.683,5048.11,8472.539,0.0,0.0,0.596,18.173,0.0
2018-11-15,24,28.45,20.34,23.09,70.529,43.36,2.774,3588.56,8443.936,0.03,0.02,0.425,12.919,0.0
2018-11-16,24,30.85,20.17,24.666,65.698,35.64,2.85,5411.21,8415.811,0.0,0.0,0.643,19.48,0.03
2018-11-17,24,29.51,21.7,24.196,69.515,41.0,2.925,4486.73,8388.185,1.53,0.76,0.535,16.152,0.03
2018-11-18,24,29.58,20.88,23.787,69.947,41.23,2.34,5008.53,8361.078,0.62,0.0,0.599,18.031,1.56
2018-11-19,24,30.19,18.27,23.559,68.816,41.93,2.269,5698.27,8334.511,0.0,0.0,0.684,20.514,2.15
2018-11-20,24,31.73,19.24,24.21,67.106,38.5,3.053,5691.43,8308.503,0.0,0.0,0.685,20.489,2.15
2018-11-21,24,33.5,19.62,25.145,58.523,34.38,2.627,5591.51,8283.074,0.0,0.0,0.675,20.129,0.62
2018-11-22,24,32.56,20.8,24.978,59.806,35.71,3.572,5585.03,8258.243,0.0,0.0,0.676,20.106,0.0
2018-11-23,24,27.69,20.41,22.84,67.181,46.7,4.372,3670.09,8234.029,0.0,0.0,0.446,13.212,0.0
2018-11-24,24,28.75,19.81,22.983,62.289,39.51,3.87,4629.74,8210.449,0.0,0.0,0.564,16.667,0.0
2018-11-25,24,31.68,20.52,24.498,56.57,34.69,3.057,3392.05,8187.522,0.0,0.0,0.414,12.211,0.0
2018-11-26,24,33.1,21.11,25.83,46.461,32.16,2.605,4377.67,8165.264,0.0,0.0,0.536,15.76,0.0
2018-11-27,24,34.95,20.6,25.823,45.9,23.8,2.511,5532.62,8143.693,0.0,0.0,0.679,19.917,0.0
2018-11-28,24,37.03,18.48,25.643,51.781,19.89,2.264,5639.92,8122.823,0.0,0.0,0.694,20.304,0.0
2018-11-29,24,35.97,21.02,26.043,42.737,21.75,2.525,5418.29,8102.672,0.0,0.0,0.669,19.506,0.0
2018-11-30,24,36.2,20.32,25.906,40.507,18.33,2.41,4897.35,8083.253,0.0,0.0,0.606,17.63,0.0
2018-12-01,24,36.83,20.4,26.178,36.198,16.35,2.437,5673.42,8064.582,0.0,0.0,0.703,20.424,0.0
2018-12-02,24,36.53,19.29,25.892,35.584,15.96,2.074,5483.02,8046.673,0.0,0.0,0.681,19.739,0.0
2018-12-03,24,37.0,18.05,25.416,34.557,14.05,1.988,5758.72,8029.539,0.0,0.0,0.717,20.731,0.0
2018-12-04,24,36.43,16.39,24.547,39.424,13.99,1.867,5721.17,8013.193,0.0,0.0,0.714,20.596,0.0
2018-12-05,24,36.51,17.23,25.27,40.65,15.49,1.926,5592.47,7997.648,0.0,0.0,0.699,20.133,0.0
2018-12-06,24,37.72,19.75,26.708,41.553,12.75,1.992,5402.44,7982.915,0.0,0.0,0.677,19.449,0.0
2018-12-07,24,37.57,18.18,26.658,42.082,12.62,2.001,5504.91,7969.005,0.0,0.0,0.691,19.818,0.0
2018-12-08,24,36.82,20.27,26.764,34.198,13.47,1.952,5429.66,7955.929,0.0,0.0,0.682,19.547,0.0
2018-12-09,24,36.23,19.49,25.782,34.075,13.27,2.308,5578.34,7943.698,0.0,0.0,0.702,20.082,0.0
2018-12-10,24,35.98,17.82,25.218,38.365,14.0,2.36,5621.08,7932.32,0.0,0.0,0.709,20.236,0.0
2018-12-11,24,32.79,17.37,23.603,44.975,16.41,2.752,5617.73,7921.804,0.0,0.0,0.709,20.224,0.0
2018-12-12,24,33.87,17.3,23.791,46.53,16.13,2.602,5540.92,7912.159,0.0,0.0,0.7,19.947,0.0
2018-12-13,24,34.75,18.33,24.797,39.604,16.66,2.937,5422.46,7903.392,0.0,0.0,0.686,19.521,0.0
2018-12-14,24,34.9,21.36,27.004,29.378,16.89,2.989,3667.46,7895.51,0.0,0.0,0.464,13.203,0.0
2018-12-15,24,30.77,22.91,26.045,32.638,20.35,2.884,2457.61,7888.52,0.03,0.03,0.312,8.847,0.0
2018-12-16,24,32.79,20.07,24.779,41.516,24.76,3.058,5314.82,7882.426,0.0,0.0,0.674,19.133,0.03
2018-12-17,24,33.42,18.32,24.224,57.528,23.88,2.798,5329.89,7877.236,0.0,0.0,0.677,19.188,0.03
2018-12-18,24,34.43,17.18,24.621,46.355,14.58,2.58,5494.22,7875.162,0.0,0.0,0.698,19.779,0.03
2018-12-19,24,33.48,18.3,24.056,41.588,17.15,2.946,5452.46,7874.475,0.0,0.0,0.692,19.629,0.0
2018-12-20,24,36.58,18.2,25.199,37.316,14.09,2.472,5512.71,7874.662,0.0,0.0,0.7,19.846,0.0
2018-12-21,24,35.3,18.5,25.235,30.823,15.52,2.668,5306.79,7875.724,0.0,0.0,0.674,19.104,0.0
2018-12-22,24,35.71,18.06,25.287,31.284,14.68,2.27,5157.01,7877.66,0.0,0.0,0.655,18.565,0.0
2018-12-23,24,35.83,18.33,25.433,28.912,13.77,2.222,5568.74,7880.47,0.0,0.0,0.707,20.047,0.0
2018-12-24,24,35.28,17.85,24.602,29.48,13.86,2.218,5301.72,7884.151,0.0,0.0,0.672,19.086,0.0
2018-12-25,24,35.01,16.61,24.102,32.489,12.81,2.427,5340.18,7888.703,0.0,0.0,0.677,19.225,0.0
2018-12-26,24,33.83,16.56,23.842,30.03,9.44,2.397,5076.93,7894.123,0.0,0.0,0.643,18.277,0.0
2018-12-27,24,33.84,16.41,23.392,26.721,8.59,2.673,5550.43,7900.406,0.0,0.0,0.703,19.982,0.0
2018-12-28,24,33.8,15.25,23.314,28.782,8.64,2.514,5626.44,7907.549,0.0,0.0,0.712,20.255,0.0
2018-12-29,24,31.94,15.96,23.112,34.097,13.9,2.326,4009.69,7915.548,0.0,0.0,0.507,14.435,0.0
2018-12-30,24,34.54,15.65,23.31,38.167,12.75,1.904,5567.85,7924.396,0.0,0.0,0.703,20.044,0.0
2018-12-31,24,35.22,17.81,24.677,52.086,16.25,2.052,5109.12,7934.089,0.0,0.0,0.644,18.393,0.0
2019-01-01,24,37.7,19.2,26.678,46.088,17.26,2.458,5362.48,7944.619,0.0,0.0,0.675,19.305,0.0
2019-01-02,24,36.76,21.03,27.27,35.552,15.55,2.572,4951.7,7955.98,0.0,0.0,0.622,17.826,0.0
2019-01-03,24,35.02,19.62,25.17,31.988,11.44,2.742,5660.78,7968.163,0.0,0.0,0.71,20.379,0.0
2019-01-04,24,31.35,17.68,22.628,34.165,13.54,2.636,4767.8,7981.161,0.0,0.0,0.597,17.164,0.0
2019-01-05,24,33.76,18.82,24.388,32.497,10.97,2.321,5220.97,7994.964,0.0,0.0,0.653,18.795,0.0
2019-01-06,24,34.69,17.66,24.304,30.671,12.06,2.168,5419.05,8009.563,0.0,0.0,0.677,19.509,0.0
2019-01-07,24,33.43,17.77,24.256,32.662,12.95,1.84,5149.45,8024.948,0.0,0.0,0.642,18.538,0.0
2019-01-08,24,35.67,15.25,23.725,34.677,11.62,2.088,5578.49,8041.107,0.0,0.0,0.694,20.083,0.0
2019-01-09,24,36.09,16.98,24.208,41.708,9.88,2.22,5625.82,8058.029,0.0,0.0,0.698,20.253,0.0
2019-01-10,24,29.69,17.91,22.5,47.782,16.94,2.611,4164.45,8075.703,0.0,0.0,0.516,14.992,0.0
2019-01-11,24,30.64,17.22,22.864,48.532,19.26,2.34,4085.87,8094.116,0.0,0.0,0.505,14.709,0.0
2019-01-12,24,35.33,15.96,23.929,48.334,10.95,1.64,5526.44,8113.255,0.0,0.0,0.681,19.895,0.0
2019-01-13,24,37.04,17.32,25.236,50.382,13.01,1.91,5476.71,8133.105,0.0,0.0,0.673,19.716,0.0
2019-01-14,24,35.93,18.16,25.221,50.418,15.67,2.445,5456.7,8153.653,0.0,0.0,0.669,19.644,0.0
2019-01-15,24,32.37,17.66,23.14,58.91,28.25,3.252,5657.03,8174.884,0.0,0.0,0.692,20.365,0.0
2019-01-16,24,31.98,17.39,22.812,65.346,26.7,2.673,5668.36,8196.782,0.0,0.0,0.692,20.406,0.0
2019-01-17,24,32.27,17.86,23.014,57.744,16.64,3.189,5690.09,8219.332,0.0,0.0,0.692,20.484,0.0
2019-01-18,24,29.02,17.57,22.029,43.437,20.13,4.178,5730.14,8242.517,0.0,0.0,0.695,20.629,0.0
2019-01-19,24,29.09,16.44,21.921,32.933,19.32,3.697,5775.88,8266.319,0.0,0.0,0.699,20.793,0.0
2019-01-20,24,30.97,15.14,21.757,35.091,14.76,3.201,5827.58,8290.723,0.0,0.0,0.703,20.979,0.0
2019-01-21,24,31.53,15.3,21.444,34.298,11.76,3.212,5798.05,8315.709,0.0,0.0,0.697,20.873,0.0
2019-01-22,24,31.36,15.35,22.055,34.768,17.16,3.02,5427.54,8341.259,0.0,0.0,0.651,19.539,0.0
2019-01-23,24,29.61,16.49,21.432,45.596,23.38,2.65,4854.4,8367.354,0.0,0.0,0.58,17.476,0.0
2019-01-24,24,30.44,17.0,22.198,57.776,27.25,2.587,5381.63,8393.975,0.0,0.0,0.641,19.374,0.0
2019-01-25,24,30.09,17.12,22.194,63.462,25.45,2.208,5056.81,8421.103,0.0,0.0,0.6,18.205,0.0
2019-01-26,24,34.42,18.3,25.167,43.508,14.58,2.553,5039.58,8448.716,0.0,0.0,0.596,18.142,0.0
2019-01-27,24,35.87,19.68,26.308,32.018,11.77,2.968,5566.4,8476.794,0.0,0.0,0.657,20.039,0.0
2019-01-28,24,35.04,20.2,25.901,30.355,14.77,3.3,5633.05,8505.317,0.0,0.0,0.662,20.279,0.0
2019-01-29,24,32.48,17.65,23.162,45.423,20.52,3.35,5934.01,8534.263,0.0,0.0,0.695,21.362,0.0
2019-01-30,24,33.14,15.77,22.522,52.035,19.9,2.973,5782.51,8563.609,0.0,0.0,0.675,20.817,0.0
2019-01-31,24,30.92,17.26,22.282,49.238,23.28,2.792,5211.33,8593.335,0.0,0.0,0.606,18.761,0.0
2019-02-01,24,30.97,16.24,21.889,58.629,29.01,3.238,6069.17,8623.417,0.0,0.0,0.704,21.849,0.0
2019-02-02,24,30.71,16.34,21.768,63.428,28.75,3.403,5954.18,8653.834,0.0,0.0,0.688,21.435,0.0
2019-02-03,24,33.08,16.6,22.501,55.377,20.27,2.896,5825.21,8684.561,0.0,0.0,0.671,20.971,0.0
2019-02-04,24,30.53,16.47,22.065,61.162,26.59,3.032,5561.13,8715.576,0.0,0.0,0.638,20.02,0.0
2019-02-05,24,31.05,16.12,22.028,64.616,30.83,2.712,5837.17,8746.856,0.0,0.0,0.667,21.014,0.0
2019-02-06,24,36.28,16.9,24.927,42.126,11.01,2.577,6019.31,8778.376,0.0,0.0,0.686,21.67,0.0
2019-02-07,24,35.0,18.9,25.41,26.696,9.87,2.446,5844.0,8810.113,0.0,0.0,0.663,21.038,0.0
2019-02-08,24,35.13,19.79,25.784,24.621,9.78,2.168,4567.84,8842.043,0.0,0.0,0.517,16.444,0.0
2019-02-09,24,37.45,18.05,25.848,26.485,10.58,2.223,6301.57,8874.142,0.0,0.0,0.71,22.686,0.0
2019-02-10,24,38.07,18.93,26.687,26.022,6.84,2.06,5740.43,8906.385,0.0,0.0,0.645,20.666,0.0
2019-02-11,24,39.5,20.09,28.333,29.204,9.81,2.241,5992.63,8938.749,0.0,0.0,0.67,21.573,0.0
2019-02-12,24,38.83,20.27,28.212,23.357,10.53,2.582,6191.59,8971.209,0.0,0.0,0.69,22.29,0.0
2019-02-13,24,38.16,21.32,28.535,21.148,11.66,2.757,6303.18,9003.741,0.0,0.0,0.7,22.691,0.0
2019-02-14,24,37.59,22.46,28.012,21.02,8.23,2.611,5031.62,9036.32,0.0,0.0,0.557,18.114,0.0
2019-02-15,24,34.64,20.77,25.563,36.771,15.51,3.272,5351.13,9068.922,0.0,0.0,0.59,19.264,0.0
2019-02-16,24,27.34,18.15,21.835,61.898,38.34,4.296,5611.97,9101.523,0.0,0.0,0.617,20.203,0.0
2019-02-17,24,31.13,17.52,22.094,61.544,26.44,3.799,6022.09,9134.099,0.0,0.0,0.659,21.68,0.0
2019-02-18,24,29.12,17.28,21.738,61.224,27.52,3.331,6179.16,9166.625,0.0,0.0,0.674,22.245,0.0
2019-02-19,24,30.02,18.22,22.584,55.506,27.53,2.658,6240.59,9199.079,0.0,0.0,0.678,22.466,0.0
2019-02-20,24,34.26,15.8,23.457,51.712,15.89,2.348,6309.76,9231.435,0.0,0.0,0.684,22.715,0.0
2019-02-21,24,36.63,17.75,25.215,39.845,13.32,2.578,6398.52,9263.671,0.0,0.0,0.691,23.035,0.0
2019-02-22,24,38.02,19.61,26.932,30.606,10.87,3.106,6436.21,9295.764,0.0,0.0,0.692,23.17,0.0
2019-02-23,24,36.87,21.82,28.078,21.98,9.3,3.381,6596.81,9327.69,0.0,0.0,0.707,23.749,0.0
2019-02-24,24,34.78,21.09,26.412,25.305,10.76,3.185,6824.23,9359.427,0.0,0.0,0.729,24.567,0.0
2019-02-25,24,34.23,18.97,25.033,25.037,10.4,3.189,6967.72,9390.953,0.0,0.0,0.742,25.084,0.0
2019-02-26,24,33.62,18.28,24.514,23.259,9.85,3.274,6919.03,9422.245,0.0,0.0,0.734,24.909,0.0
2019-02-27,24,32.77,18.28,24.288,20.412,9.4,3.241,7044.34,9453.282,0.0,0.0,0.745,25.36,0.0
2019-02-28,24,32.76,17.76,24.652,19.377,9.47,3.605,7094.45,9484.044,0.0,0.0,0.748,25.54,0.0
2019-03-01,24,32.32,18.94,24.903,16.785,9.54,3.628,7171.25,9517.529,0.0,0.0,0.753,25.816,0.0
2019-03-02,24,33.37,16.67,23.587,28.866,12.44,3.106,7095.62,9551.097,0.0,0.0,0.743,25.544,0.0
2019-03-03,24,34.45,15.12,23.089,35.813,11.84,3.093,7074.36,9584.396,0.0,0.0,0.738,25.468,0.0
2019-03-04,24,34.76,15.79,23.226,38.976,12.79,3.27,7141.74,9617.404,0.0,0.0,0.743,25.71,0.0
2019-03-05,24,37.14,16.83,24.455,32.681,10.42,2.919,7009.92,9650.1,0.0,0.0,0.726,25.236,0.0
2019-03-06,24,32.87,17.98,23.313,53.812,22.34,3.814,7071.22,9682.463,0.0,0.0,0.73,25.456,0.0
2019-03-07,24,33.14,16.47,23.125,58.174,23.76,3.778,7187.53,9714.473,0.0,0.0,0.74,25.875,0.0
2019-03-08,24,34.24,17.31,23.627,51.889,17.19,3.76,7166.71,9746.11,0.0,0.0,0.735,25.8,0.0
2019-03-09,24,35.17,16.43,23.567,51.248,15.95,3.388,7176.74,9777.355,0.0,0.0,0.734,25.836,0.0
2019-03-10,24,37.23,16.87,25.079,47.121,15.76,2.652,7208.87,9808.189,0.0,0.0,0.735,25.952,0.0
2019-03-11,24,39.06,18.11,26.937,32.234,10.52,2.836,7299.78,9838.594,0.0,0.0,0.742,26.279,0.0
2019-03-12,24,37.47,20.34,27.361,29.684,11.57,3.314,7367.83,9868.553,0.0,0.0,0.747,26.524,0.0
2019-03-13,24,36.97,20.95,27.502,27.589,12.24,3.383,7359.34,9898.05,0.0,0.0,0.744,26.494,0.0
2019-03-14,24,37.54,20.26,27.774,22.607,9.22,3.33,7359.75,9927.068,0.0,0.0,0.741,26.495,0.0
2019-03-15,24,38.57,19.27,27.032,27.161,9.93,2.786,7387.11,9955.592,0.0,0.0,0.742,26.594,0.0
2019-03-16,24,35.26,17.45,24.749,47.933,19.47,2.455,7288.07,9983.608,0.0,0.0,0.73,26.237,0.0
2019-03-17,24,35.24,17.47,25.019,54.542,20.56,2.315,7248.7,10011.103,0.0,0.0,0.724,26.095,0.0
2019-03-18,24,38.23,18.32,26.379,46.492,13.45,2.582,7258.92,10038.062,0.0,0.0,0.723,26.132,0.0
2019-03-19,24,37.47,19.77,26.461,43.767,16.61,3.117,7247.54,10064.475,0.0,0.0,0.72,26.091,0.0
2019-03-20,24,36.31,19.89,25.464,53.352,18.34,2.892,7189.99,10090.329,0.0,0.0,0.713,25.884,0.0
2019-03-21,24,31.96,18.81,23.408,70.907,24.22,2.88,7152.85,10115.615,0.0,0.0,0.707,25.75,0.0
2019-03-22,24,26.57,18.96,21.728,76.828,48.55,3.085,5838.95,10140.322,0.01,0.01,0.576,21.02,0.0
2019-03-23,24,27.49,17.5,21.452,74.797,45.64,3.084,6884.73,10164.441,0.09,0.0,0.677,24.785,0.01
2019-03-24,24,27.48,16.95,21.101,74.232,43.45,2.959,7099.69,10187.965,0.0,0.0,0.697,25.559,0.1
2019-03-25,24,26.01,17.53,20.945,75.65,48.84,2.745,6983.19,10210.886,0.0,0.0,0.684,25.139,0.1
2019-03-26,24,27.46,17.51,21.663,69.371,43.32,2.756,7110.73,10233.198,0.0,0.0,0.695,25.599,0.09
2019-03-27,24,28.37,17.79,21.78,70.835,38.81,3.312,7107.67,10254.895,0.0,0.0,0.693,25.588,0.0
2019-03-28,24,28.23,18.36,22.078,70.559,39.69,3.565,7023.81,10275.972,0.0,0.0,0.684,25.286,0.0
2019-03-29,24,28.99,19.14,22.601,65.531,36.7,4.198,6317.92,10296.426,0.19,0.0,0.614,22.745,0.0
2019-03-30,24,30.36,18.41,22.716,59.879,32.38,4.493,6718.19,10316.252,0.5,0.0,0.651,24.185,0.19
2019-03-31,24,30.35,17.52,22.507,62.151,37.06,4.098,7166.02,10335.45,0.0,0.0,0.693,25.798,0.69
2019-04-01,24,31.33,18.69,23.585,59.219,34.16,3.784,7087.01,10354.017,0.0,0.0,0.684,25.513,0.69
2019-04-02,24,31.35,19.39,23.608,57.67,27.72,3.832,6920.43,10371.952,0.0,0.0,0.667,24.914,0.5
2019-04-03,24,29.6,18.82,22.558,66.307,37.26,4.051,6951.29,10389.257,0.0,0.0,0.669,25.025,0.0
2019-04-04,24,27.79,18.59,21.808,61.901,32.19,4.311,6692.81,10405.93,0.0,0.0,0.643,24.094,0.0
2019-04-05,24,30.6,17.48,22.424,61.353,32.64,4.054,7047.52,10421.975,0.0,0.0,0.676,25.371,0.0
2019-04-06,24,31.27,18.58,23.374,57.371,32.42,4.091,7181.46,10437.394,0.0,0.0,0.688,25.853,0.0
2019-04-07,24,36.25,19.33,25.87,40.407,18.2,3.659,7197.35,10452.189,0.0,0.0,0.689,25.91,0.0
2019-04-08,24,36.57,20.37,26.688,39.454,15.45,3.699,7124.04,10466.364,0.0,0.0,0.681,25.647,0.0
2019-04-09,24,36.45,20.59,26.848,39.585,21.84,3.907,7254.22,10479.925,0.0,0.0,0.692,26.115,0.0
2019-04-10,24,33.38,20.21,24.887,45.085,23.8,4.032,7269.62,10492.875,0.0,0.0,0.693,26.171,0.0
2019-04-11,24,31.64,18.11,23.351,49.443,23.22,3.999,7326.86,10505.222,0.0,0.0,0.697,26.377,0.0
2019-04-12,24,31.29,17.22,22.632,55.435,24.45,3.982,7527.45,10516.971,0.0,0.0,0.716,27.099,0.0
2019-04-13,24,32.94,15.92,23.132,57.774,25.85,3.16,7745.9,10528.129,0.0,0.0,0.736,27.885,0.0
2019-04-14,24,32.24,16.09,22.808,61.729,29.19,2.872,7691.17,10538.705,0.0,0.0,0.73,27.688,0.0
2019-04-15,24,31.69,16.89,23.136,61.241,29.47,3.312,7515.4,10548.706,0.0,0.0,0.712,27.055,0.0
2019-04-16,24,32.61,17.26,23.521,63.375,27.15,3.732,7535.47,10558.142,0.0,0.0,0.714,27.128,0.0
2019-04-17,24,31.11,17.92,22.793,63.248,34.03,4.165,7501.89,10567.021,0.0,0.0,0.71,27.007,0.0
2019-04-18,24,31.09,17.64,22.762,62.682,31.24,4.116,7435.01,10575.353,0.0,0.0,0.703,26.766,0.0
2019-04-19,24,32.82,18.51,23.768,59.862,30.5,3.756,7135.2,10583.149,0.0,0.0,0.674,25.687,0.0
2019-04-20,24,32.9,19.1,23.749,61.087,29.92,3.236,7220.14,10590.419,0.0,0.0,0.682,25.993,0.0
2019-04-21,24,28.34,17.76,22.089,71.307,38.2,3.121,7478.07,10597.175,0.0,0.0,0.706,26.921,0.0
2019-04-22,24,26.85,17.5,21.649,74.077,41.91,3.221,7398.81,10603.427,0.0,0.0,0.698,26.636,0.0
2019-04-23,24,27.62,17.36,21.713,73.617,41.53,3.209,7412.43,10609.189,0.0,0.0,0.699,26.685,0.0
2019-04-24,24,33.0,17.66,24.024,64.004,28.7,2.56,7481.34,10614.471,0.0,0.0,0.705,26.933,0.0
2019-04-25,24,34.72,19.55,25.675,54.634,27.38,2.988,7458.19,10619.288,0.0,0.0,0.702,26.849,0.0
2019-04-26,24,35.72,20.0,26.369,51.585,25.63,3.565,7541.88,10623.65,0.0,0.0,0.71,27.151,0.0
2019-04-27,24,35.93,20.56,27.027,49.047,26.87,3.546,7491.59,10627.572,0.0,0.0,0.705,26.97,0.0
2019-04-28,24,33.4,20.97,26.002,54.128,28.06,3.714,7432.25,10631.066,0.0,0.0,0.699,26.756,0.0
2019-04-29,24,32.67,20.4,25.342,51.147,29.06,4.232,7402.83,10634.147,0.0,0.0,0.696,26.65,0.0
2019-04-30,24,31.59,19.26,23.634,58.891,30.95,3.737,7525.05,10636.828,0.0,0.0,0.707,27.09,0.0
2019-05-01,24,26.32,18.34,21.859,77.544,47.83,3.264,7398.76,10639.122,0.0,0.0,0.695,26.636,0.0
2019-05-02,24,26.38,18.33,21.735,74.399,49.01,3.387,7334.89,10641.044,0.0,0.0,0.689,26.406,0.0
2019-05-03,24,26.47,17.95,21.671,74.754,44.07,3.234,7430.35,10642.607,0.0,0.0,0.698,26.749,0.0
2019-05-04,24,27.46,17.85,22.189,69.83,37.85,3.363,7461.91,10643.826,0.0,0.0,0.701,26.863,0.0
2019-05-05,24,31.59,18.8,24.063,62.982,34.36,3.873,7509.2,10644.715,0.0,0.0,0.705,27.033,0.0
2019-05-06,24,35.96,20.17,25.905,55.987,27.72,3.866,7528.71,10645.289,0.0,0.0,0.707,27.103,0.0
2019-05-07,24,35.29,21.53,27.274,49.105,29.49,3.352,5893.7,10645.56,0.03,0.0,0.554,21.217,0.0
2019-05-08,24,38.8,20.45,28.299,46.697,19.64,3.135,7568.69,10645.544,0.0,0.0,0.711,27.247,0.03
2019-05-09,24,34.45,18.96,25.122,63.2,34.22,2.256,7650.02,10645.255,0.0,0.0,0.719,27.54,0.03
2019-05-10,24,31.73,17.93,23.555,75.395,42.35,1.819,7595.32,10644.706,0.0,0.0,0.714,27.343,0.03
2019-05-11,24,32.42,18.31,23.574,76.099,38.51,2.037,7508.8,10643.912,0.0,0.0,0.705,27.032,0.0
2019-05-12,24,29.77,19.21,23.264,75.848,40.07,2.556,7626.17,10642.887,0.0,0.0,0.717,27.454,0.0
2019-05-13,24,27.37,18.46,22.438,75.845,48.82,3.663,7735.78,10641.645,0.0,0.0,0.727,27.849,0.0
2019-05-14,24,27.12,18.51,22.225,74.715,43.89,3.795,7743.34,10640.199,0.0,0.0,0.728,27.876,0.0
2019-05-15,24,30.61,18.56,22.848,79.443,55.6,2.305,7149.16,10638.562,0.0,0.0,0.672,25.737,0.0
2019-05-16,24,28.98,19.09,22.6,73.795,47.83,2.588,6674.02,10636.749,0.0,0.0,0.627,24.026,0.0
2019-05-17,24,29.1,18.22,22.86,75.15,39.45,2.773,7237.61,10634.773,0.0,0.0,0.681,26.055,0.0
2019-05-18,24,29.04,18.87,23.319,73.9,42.56,2.835,6798.69,10632.646,0.03,0.03,0.639,24.475,0.0
2019-05-19,24,27.84,19.8,23.091,72.75,43.81,3.583,7219.4,10630.381,0.07,0.0,0.679,25.99,0.03
2019-05-20,24,30.03,19.32,23.628,71.59,39.79,3.069,7379.3,10627.991,0.0,0.0,0.694,26.565,0.1
2019-05-21,24,31.92,19.01,24.561,68.694,38.43,3.112,7452.18,10625.488,0.0,0.0,0.701,26.828,0.1
2019-05-22,24,29.67,20.0,23.961,68.558,40.98,3.73,7514.87,10622.884,0.0,0.0,0.707,27.054,0.07
2019-05-23,24,30.25,19.15,23.351,71.15,42.31,3.66,7532.46,10620.192,0.0,0.0,0.709,27.117,0.0
2019-05-24,24,32.9,18.99,23.983,69.463,30.87,3.225,7539.71,10617.422,0.0,0.0,0.71,27.143,0.0
2019-05-25,24,32.31,19.2,24.02,72.441,36.6,2.691,7434.62,10614.587,0.0,0.0,0.7,26.765,0.0
2019-05-26,24,29.33,19.17,23.398,72.842,36.74,2.375,7275.64,10611.697,0.0,0.0,0.686,26.192,0.0
2019-05-27,24,30.32,20.12,24.282,71.848,36.5,2.581,7351.59,10608.762,0.0,0.0,0.693,26.466,0.0
2019-05-28,24,31.94,19.57,24.62,70.794,35.95,2.52,7362.57,10605.794,0.0,0.0,0.694,26.505,0.0
2019-05-29,24,30.82,20.91,25.175,60.853,34.43,3.732,7303.13,10602.803,0.0,0.0,0.689,26.291,0.0
2019-05-30,24,32.97,21.42,25.763,57.692,38.42,4.192,7470.0,10599.797,0.0,0.0,0.705,26.892,0.0
2019-05-31,24,31.82,19.78,24.709,66.663,41.91,2.773,6750.98,10596.787,0.0,0.0,0.637,24.304,0.0
2019-06-01,24,32.45,18.96,24.64,70.48,38.29,2.209,7481.51,10593.783,0.0,0.0,0.706,26.933,0.0
2019-06-02,24,29.16,18.91,23.441,75.24,43.98,2.918,7441.7,10591.219,0.0,0.0,0.703,26.79,0.0
2019-06-03,24,29.26,18.87,23.212,74.571,46.59,2.923,7493.97,10589.846,0.0,0.0,0.708,26.978,0.0
2019-06-04,24,29.54,20.26,23.885,75.954,47.27,2.262,7177.43,10588.493,0.0,0.0,0.678,25.839,0.0
2019-06-05,24,29.44,20.31,24.308,80.783,53.25,2.492,7107.32,10587.166,0.0,0.0,0.671,25.586,0.0
2019-06-06,24,31.01,20.96,24.717,77.165,50.18,2.187,7052.06,10585.872,0.0,0.0,0.666,25.387,0.0
2019-06-07,24,29.96,19.58,23.945,72.246,43.7,2.784,7511.76,10584.616,0.0,0.0,0.71,27.042,0.0
2019-06-08,24,29.33,19.7,23.646,72.266,42.94,3.265,7405.39,10583.402,0.0,0.0,0.7,26.659,0.0
2019-06-09,24,35.74,20.87,27.097,60.762,30.82,2.051,7233.53,10582.236,0.0,0.0,0.684,26.041,0.0
2019-06-10,24,31.1,21.84,26.367,70.622,43.66,2.302,7065.47,10581.121,0.0,0.0,0.668,25.436,0.0
2019-06-11,24,30.46,21.83,26.062,72.772,40.22,2.354,7264.81,10580.063,0.0,0.0,0.687,26.153,0.0
2019-06-12,24,30.51,20.74,24.863,75.548,49.12,1.995,7134.19,10579.064,0.0,0.0,0.674,25.683,0.0
2019-06-13,24,31.33,20.08,24.665,74.474,39.8,2.077,7407.99,10578.127,0.0,0.0,0.7,26.669,0.0
2019-06-14,24,31.61,20.62,25.038,73.21,40.21,2.27,7380.22,10577.256,0.0,0.0,0.698,26.569,0.0
2019-06-15,24,31.82,20.95,25.391,69.195,38.82,2.995,6979.46,10576.452,0.0,0.0,0.66,25.126,0.0
2019-06-16,24,35.86,21.06,27.643,57.856,31.41,1.655,7062.21,10575.719,0.0,0.0,0.668,25.424,0.0
2019-06-17,24,38.13,21.33,28.745,57.084,25.26,1.531,7415.2,10575.057,0.0,0.0,0.701,26.695,0.0
2019-06-18,24,32.83,22.8,26.987,69.171,42.75,1.695,7234.23,10574.467,0.0,0.0,0.684,26.043,0.0
2019-06-19,24,34.23,22.24,26.733,71.467,37.86,2.065,7161.28,10573.952,0.0,0.0,0.677,25.781,0.0
2019-06-20,24,30.47,21.84,25.532,75.317,50.07,2.569,7323.61,10573.51,0.0,0.0,0.693,26.365,0.0
2019-06-21,24,34.92,22.27,26.737,70.37,39.16,1.9,7291.34,10573.143,0.0,0.0,0.69,26.249,0.0
2019-06-22,24,31.05,21.7,25.481,76.022,50.7,1.855,6875.27,10572.85,0.0,0.0,0.65,24.751,0.0
2019-06-23,24,30.5,20.85,24.765,78.139,50.7,2.005,6837.4,10572.63,0.0,0.0,0.647,24.615,0.0
2019-06-24,24,31.58,20.87,25.341,75.423,42.95,2.231,7115.11,10572.483,0.0,0.0,0.673,25.614,0.0
2019-06-25,24,34.94,21.87,27.012,70.019,40.9,2.678,7428.87,10572.407,0.0,0.0,0.703,26.744,0.0
2019-06-26,24,34.88,22.1,27.431,70.338,41.26,1.624,7389.97,10572.4,0.0,0.0,0.699,26.604,0.0
2019-06-27,24,32.01,23.96,27.23,78.944,54.18,2.505,7126.43,10572.461,0.0,0.0,0.674,25.655,0.0
2019-06-28,24,30.15,22.9,26.224,76.33,53.23,2.997,7308.17,10572.586,0.0,0.0,0.691,26.309,0.0
2019-06-29,24,31.92,21.1,26.0,74.982,48.46,1.47,7092.45,10572.773,0.0,0.0,0.671,25.533,0.0
2019-06-30,24,32.07,22.3,26.64,78.68,57.45,1.766,5316.83,10573.019,0.0,0.0,0.503,19.141,0.0
2019-07-01,24,31.06,24.08,26.545,72.937,54.78,1.736,5275.35,10573.319,0.0,0.0,0.499,18.991,0.0
2019-07-02,24,32.2,22.24,26.819,72.24,51.12,1.875,7075.62,10573.671,0.0,0.0,0.669,25.472,0.0
2019-07-03,24,33.79,22.96,27.583,72.713,45.23,2.174,7014.33,10574.07,0.0,0.0,0.663,25.252,0.0
2019-07-04,24,30.65,23.35,26.504,73.965,49.86,2.639,7232.74,10574.511,0.0,0.0,0.684,26.038,0.0
2019-07-05,24,29.8,23.08,25.913,77.094,56.68,2.192,7055.49,10574.989,0.0,0.0,0.667,25.4,0.0
2019-07-06,24,30.46,22.68,26.228,75.458,55.51,2.238,6599.21,10575.498,0.0,0.0,0.624,23.757,0.0
2019-07-07,24,32.46,23.58,27.479,72.534,50.21,2.148,6978.73,10576.034,0.0,0.0,0.66,25.123,0.0
2019-07-08,24,31.02,24.26,26.746,74.98,53.46,2.253,6471.64,10576.59,0.03,0.03,0.612,23.298,0.0
2019-07-09,24,32.88,24.13,27.602,71.727,47.86,2.068,7015.62,10577.159,0.0,0.0,0.663,25.256,0.03
2019-07-10,24,31.13,22.77,26.349,74.035,47.17,2.3,7201.4,10577.735,0.0,0.0,0.681,25.925,0.03
2019-07-11,24,30.98,22.47,26.181,71.993,46.85,2.448,7071.53,10578.31,0.0,0.0,0.668,25.458,0.03
2019-07-12,24,31.03,22.2,26.405,74.145,47.58,1.675,7186.77,10578.878,0.0,0.0,0.679,25.872,0.0
2019-07-13,24,32.63,22.71,27.305,74.274,49.3,1.717,6827.56,10579.43,0.0,0.0,0.645,24.579,0.0
2019-07-14,24,33.22,24.76,28.07,72.279,53.41,2.71,6050.84,10579.959,0.0,0.0,0.572,21.783,0.0
2019-07-15,24,30.38,23.44,26.612,71.025,52.36,2.509,6939.26,10580.456,0.0,0.0,0.656,24.981,0.0
2019-07-16,24,31.27,23.53,26.941,66.283,48.28,1.841,6379.13,10580.913,0.0,0.0,0.603,22.965,0.0
2019-07-17,24,33.81,24.23,28.578,65.861,44.0,1.636,6373.55,10581.32,0.0,0.0,0.602,22.945,0.0
2019-07-18,24,30.29,25.22,27.448,73.383,60.78,3.282,6199.83,10581.668,0.0,0.0,0.586,22.319,0.0
2019-07-19,24,30.06,23.94,26.286,71.908,55.22,3.174,6911.63,10581.948,0.0,0.0,0.653,24.882,0.0
2019-07-20,24,31.48,22.27,26.609,67.792,45.54,1.524,6912.23,10582.151,0.0,0.0,0.653,24.884,0.0
2019-07-21,24,34.88,24.04,28.362,71.968,45.1,1.564,6499.61,10582.265,0.27,0.27,0.614,23.399,0.0
2019-07-22,24,30.28,23.95,26.876,73.311,51.7,3.043,6169.1,10582.28,0.0,0.0,0.583,22.209,0.27
2019-07-23,24,32.59,22.74,27.516,71.733,48.89,1.519,6948.33,10582.186,0.0,0.0,0.657,25.014,0.27
2019-07-24,24,33.51,25.0,28.784,72.784,52.95,1.904,6362.57,10581.973,0.16,0.16,0.601,22.905,0.27
2019-07-25,24,31.01,24.13,26.963,78.636,58.51,2.4,5908.79,10581.628,0.19,0.16,0.558,21.272,0.16
2019-07-26,24,32.16,23.71,27.259,72.248,49.65,1.82,6476.4,10581.141,0.0,0.0,0.612,23.315,0.35
2019-07-27,24,33.48,23.87,27.806,73.744,49.35,1.576,6383.93,10580.501,0.06,0.06,0.603,22.982,0.35
2019-07-28,24,31.05,25.18,27.347,76.163,57.55,1.982,6374.59,10579.695,0.08,0.07,0.603,22.949,0.25
2019-07-29,24,33.26,24.14,28.343,74.169,51.19,1.294,5589.9,10578.712,1.32,1.32,0.528,20.124,0.14
2019-07-30,24,33.94,25.67,28.989,77.75,52.06,1.791,5536.76,10577.539,0.43,0.38,0.523,19.932,1.46
2019-07-31,24,31.13,25.11,27.798,75.322,53.71,2.134,6888.91,10576.165,0.0,0.0,0.651,24.8,1.83
2019-08-01,24,32.95,23.99,27.68,69.964,41.68,2.064,7266.44,10574.576,0.0,0.0,0.687,26.159,1.75
2019-08-02,24,33.56,24.27,27.672,72.631,39.15,2.24,7268.14,10572.762,0.0,0.0,0.687,26.165,0.43
2019-08-03,24,32.07,24.1,27.341,75.412,49.89,2.122,7014.65,10570.708,0.0,0.0,0.664,25.253,0.0
2019-08-04,24,33.08,23.73,27.927,73.449,46.28,2.335,7231.24,10568.402,0.0,0.0,0.684,26.032,0.0
2019-08-05,24,32.01,24.31,27.761,75.151,55.34,2.807,6402.05,10565.832,0.01,0.01,0.606,23.047,0.0
2019-08-06,24,31.89,23.64,26.491,73.303,51.35,2.426,6918.93,10562.985,0.0,0.0,0.655,24.908,0.01
2019-08-07,24,31.68,23.33,26.866,65.334,44.72,1.621,6873.62,10559.848,0.0,0.0,0.651,24.745,0.01
2019-08-08,24,32.74,24.33,28.133,66.327,46.18,1.987,6349.65,10556.407,0.03,0.02,0.601,22.859,0.01
2019-08-09,24,32.86,24.69,28.354,72.232,51.94,1.654,6184.74,10552.651,0.12,0.12,0.586,22.265,0.03
2019-08-10,24,33.63,25.37,28.515,71.195,46.37,2.727,7131.2,10548.565,0.0,0.0,0.676,25.672,0.15
2019-08-11,24,32.08,24.82,28.09,71.65,52.59,2.959,7133.41,10544.138,0.0,0.0,0.677,25.68,0.15
2019-08-12,24,32.91,24.88,28.407,75.956,56.89,2.312,5601.63,10539.356,1.06,1.06,0.531,20.166,0.12
2019-08-13,24,33.27,25.66,28.496,75.441,54.0,2.785,7020.5,10536.649,0.1,0.0,0.666,25.274,1.06
2019-08-14,24,31.09,24.65,27.15,74.927,58.22,2.777,6612.82,10533.897,0.0,0.0,0.628,23.806,1.16
2019-08-15,24,31.79,24.07,27.75,73.186,54.55,2.638,6401.0,10530.838,0.0,0.0,0.608,23.044,1.16
2019-08-16,24,33.99,25.68,29.116,70.089,41.9,2.722,6535.4,10527.459,0.01,0.01,0.621,23.527,0.1
2019-08-17,24,32.85,25.25,28.59,72.653,50.39,1.843,4701.37,10523.747,0.21,0.15,0.447,16.925,0.01
2019-08-18,24,32.45,24.27,27.686,79.883,58.58,1.443,5007.52,10519.688,4.91,4.88,0.476,18.027,0.22
2019-08-19,24,31.78,24.04,27.152,83.318,63.38,1.661,4539.87,10515.269,6.28,4.29,0.432,16.344,5.13
2019-08-20,24,33.34,25.63,28.831,77.951,54.84,1.724,6529.95,10510.477,0.0,0.0,0.621,23.508,11.4
2019-08-21,24,30.7,25.9,27.98,78.721,60.41,2.246,6405.95,10505.3,0.0,0.0,0.61,23.061,11.19
2019-08-22,24,28.56,23.94,25.993,87.79,81.52,1.245,1888.89,10499.726,28.54,27.12,0.18,6.8,6.28
2019-08-23,24,30.16,24.52,27.059,79.711,64.03,2.72,5554.18,10493.742,2.27,2.06,0.529,19.995,28.54
2019-08-24,24,32.32,25.88,28.52,75.078,54.18,1.807,6808.08,10487.335,0.61,0.08,0.649,24.509,30.81
2019-08-25,24,32.7,26.05,28.656,72.415,53.34,2.285,6022.87,10480.494,0.0,0.0,0.575,21.682,31.42
2019-08-26,24,30.65,25.92,27.603,81.72,69.26,2.213,3292.69,10473.208,10.99,10.57,0.314,11.854,2.88
2019-08-27,24,31.14,25.1,27.891,82.074,66.51,1.675,4203.8,10465.465,6.15,3.23,0.402,15.134,11.6
2019-08-28,24,32.59,25.74,28.604,78.408,61.41,1.419,4465.03,10457.255,2.03,2.03,0.427,16.074,17.14
2019-08-29,24,30.33,25.78,27.562,85.588,73.57,1.015,3819.75,10448.567,12.31,8.62,0.366,13.751,19.17
2019-08-30,24,27.52,25.34,26.032,90.598,79.24,1.635,1340.64,10439.39,49.55,42.72,0.128,4.826,20.49
2019-08-31,24,30.36,24.52,27.15,84.753,70.44,1.728,4401.28,10429.716,13.9,13.5,0.422,15.845,63.89
2019-09-01,24,29.95,25.26,27.2,85.853,70.71,2.269,4963.55,10419.534,13.57,11.74,0.476,17.869,75.76
2019-09-02,24,30.46,25.05,27.407,84.798,70.37,1.382,4098.08,10408.837,12.11,5.49,0.394,14.753,77.02
2019-09-03,24,32.08,24.43,28.405,80.133,63.66,2.681,5860.77,10397.615,0.0,0.0,0.564,21.099,39.58
2019-09-04,24,32.39,25.73,28.985,81.31,64.0,2.08,5639.9,10385.861,0.89,0.76,0.543,20.304,25.68
2019-09-05,24,29.18,25.57,27.473,85.756,75.37,2.355,3469.89,10373.568,1.29,1.23,0.334,12.492,13.0
2019-09-06,24,30.62,24.12,27.531,82.764,66.32,1.13,5947.48,10360.728,2.2,1.95,0.574,21.411,2.18
2019-09-07,24,29.91,25.69,27.628,85.794,74.37,1.844,5414.45,10347.337,1.12,1.12,0.523,19.492,4.38
2019-09-08,24,31.91,25.4,28.235,80.519,62.91,2.18,4707.25,10333.388,0.01,0.01,0.456,16.946,4.61
2019-09-09,24,32.19,25.31,27.778,83.739,64.79,0.768,5300.47,10318.876,11.45,11.45,0.514,19.082,3.33
2019-09-10,24,32.77,25.1,28.189,84.612,65.79,1.031,5741.25,10303.797,5.89,4.74,0.557,20.668,12.58
2019-09-11,24,33.15,24.86,28.36,84.36,66.12,1.091,6215.01,10288.147,3.2,3.19,0.604,22.374,17.35
2019-09-12,24,31.86,25.22,28.631,85.927,73.03,1.372,5502.38,10271.924,2.95,2.94,0.536,19.809,20.54
2019-09-13,24,31.4,25.13,27.902,85.089,67.49,0.668,5447.47,10255.125,4.0,3.96,0.531,19.611,12.04
2019-09-14,24,32.35,24.59,27.418,86.43,67.74,1.124,5402.88,10237.749,36.78,36.72,0.528,19.45,10.15
2019-09-15,24,32.44,25.19,28.64,82.692,65.95,1.256,5335.24,10219.795,0.45,0.45,0.522,19.207,43.73
2019-09-16,24,31.13,24.06,27.293,86.639,74.13,1.758,5970.53,10201.262,0.05,0.05,0.585,21.494,41.23
2019-09-17,24,31.26,24.76,27.643,83.668,69.03,1.834,6792.56,10182.151,0.0,0.0,0.667,24.453,37.28
2019-09-18,24,32.14,25.97,28.761,80.397,64.54,1.489,5292.14,10162.465,0.4,0.4,0.521,19.052,0.5
2019-09-19,24,30.88,24.72,27.518,84.473,70.4,0.798,5775.37,10142.204,2.43,2.43,0.569,20.791,0.45
2019-09-20,24,30.67,25.22,27.5,86.894,73.1,1.325,2417.11,10121.372,0.55,0.21,0.239,8.702,2.83
2019-09-21,24,32.18,23.56,27.681,84.319,65.11,1.063,5507.17,10099.972,1.6,1.6,0.545,19.826,3.38
2019-09-22,24,31.51,26.66,28.522,84.591,65.76,1.711,5052.62,10078.009,2.74,2.62,0.501,18.189,4.58
2019-09-23,24,31.09,26.18,28.19,83.139,67.91,1.89,5667.22,10055.488,1.49,1.49,0.564,20.402,4.89
2019-09-24,24,32.02,25.71,28.287,81.508,66.68,1.787,5815.93,10032.416,0.51,0.51,0.58,20.937,5.83
2019-09-25,24,31.57,25.51,28.164,82.394,66.13,2.151,6254.5,10008.798,0.0,0.0,0.625,22.516,4.74
2019-09-26,24,32.06,25.36,28.158,83.807,63.93,2.236,6161.94,9984.643,0.0,0.0,0.617,22.183,2.0
2019-09-27,24,31.08,26.01,28.104,81.968,65.81,1.845,5646.64,9959.959,0.01,0.01,0.567,20.328,0.51
2019-09-28,24,31.33,25.5,27.984,80.742,65.93,2.03,6466.46,9934.755,0.0,0.0,0.651,23.279,0.01
2019-09-29,24,30.22,24.97,27.438,81.505,69.64,2.135,6170.8,9909.041,0.0,0.0,0.623,22.215,0.01
2019-09-30,24,32.3,23.68,27.623,81.828,59.99,1.473,5965.31,9882.828,0.0,0.0,0.604,21.475,0.01
2019-10-01,24,33.04,26.13,28.75,81.219,59.05,2.465,6763.33,9856.126,0.0,0.0,0.686,24.348,0.0
2019-10-02,24,32.49,23.88,28.318,81.197,63.04,1.997,6767.91,9828.949,0.0,0.0,0.689,24.364,0.0
2019-10-03,24,34.34,24.03,28.547,78.321,53.54,1.237,5158.43,9801.309,4.08,1.88,0.526,18.57,0.0
2019-10-04,24,34.15,26.27,29.504,81.613,60.93,1.348,6121.82,9773.219,0.46,0.3,0.626,22.039,4.08
2019-10-05,24,30.61,26.07,28.25,85.192,70.43,0.95,5643.04,9744.695,3.84,3.84,0.579,20.315,4.54
2019-10-06,24,32.98,25.92,28.744,82.312,61.34,1.568,4800.96,9715.75,0.0,0.0,0.494,17.283,8.38
2019-10-07,24,31.01,24.98,27.358,81.079,63.36,2.237,5700.58,9686.4,0.0,0.0,0.589,20.522,4.3
2019-10-08,24,32.07,25.12,28.016,79.701,60.69,1.054,5641.79,9656.663,13.35,3.93,0.584,20.31,3.84
2019-10-09,24,28.99,23.49,25.774,89.53,76.86,1.473,1941.66,9626.553,26.95,12.19,0.202,6.99,13.35
2019-10-10,24,31.46,24.95,28.221,83.916,71.94,1.031,3380.95,9596.09,0.48,0.46,0.352,12.171,40.3
2019-10-11,24,33.14,25.24,28.469,79.464,56.43,1.65,6628.68,9565.291,0.0,0.0,0.693,23.863,40.78
2019-10-12,24,34.76,25.61,29.202,76.407,51.04,2.097,6716.14,9534.175,0.0,0.0,0.704,24.178,27.43
2019-10-13,24,34.68,25.28,29.097,76.912,50.91,1.907,5299.9,9502.76,8.44,2.93,0.558,19.08,0.48
2019-10-14,24,29.42,25.12,26.668,87.05,76.39,2.637,2790.05,9471.067,11.25,7.51,0.295,10.044,8.44
2019-10-15,24,32.13,24.46,27.67,84.325,67.24,1.427,5106.62,9439.116,6.58,6.22,0.541,18.384,19.69
2019-10-16,24,32.39,24.19,27.943,83.466,64.96,1.672,5091.78,9406.927,1.49,1.49,0.541,18.33,26.27
2019-10-17,24,31.89,26.6,28.545,82.761,64.95,2.255,6372.76,9374.521,0.0,0.0,0.68,22.942,19.32
2019-10-18,24,33.84,25.61,28.843,86.103,65.09,1.559,6401.86,9341.92,0.0,0.0,0.685,23.047,8.07
2019-10-19,24,32.02,26.02,28.487,84.202,66.12,1.67,6349.75,9309.146,0.0,0.0,0.682,22.859,1.49
2019-10-20,24,33.1,24.68,27.909,80.234,54.77,2.038,6190.29,9276.22,0.0,0.0,0.667,22.285,0.0
2019-10-21,24,31.87,23.6,27.174,80.988,54.88,2.198,6478.4,9243.166,0.0,0.0,0.701,23.322,0.0
2019-10-22,24,30.19,23.71,26.335,79.11,56.58,3.069,6475.87,9210.006,0.0,0.0,0.703,23.313,0.0
2019-10-23,24,30.97,23.95,26.478,73.886,55.76,3.4,6395.03,9176.762,0.0,0.0,0.697,23.022,0.0
2019-10-24,24,32.79,24.01,27.881,76.195,60.31,1.857,5098.74,9143.459,0.67,0.6,0.558,18.355,0.0
2019-10-25,24,33.07,24.3,28.002,84.012,60.47,1.258,5645.61,9110.12,0.83,0.82,0.62,20.324,0.67
2019-10-26,24,32.92,25.36,28.234,82.1,58.33,2.468,6019.28,9076.768,0.0,0.0,0.663,21.669,1.5
2019-10-27,24,37.45,23.77,29.117,57.175,20.64,2.537,6425.83,9043.428,0.0,0.0,0.711,23.133,1.5
2019-10-28,24,36.11,19.27,26.405,46.456,20.49,1.706,6673.48,9010.123,0.0,0.0,0.741,24.025,0.83
2019-10-29,24,35.38,19.17,26.125,61.621,23.89,1.314,6640.27,8976.877,0.0,0.0,0.74,23.905,0.0
2019-10-30,24,37.51,18.68,27.214,52.339,16.1,2.14,6522.99,8943.714,0.0,0.0,0.729,23.483,0.0
2019-10-31,24,36.56,21.22,27.346,46.965,19.19,2.472,6450.48,8910.659,0.0,0.0,0.724,23.222,0.0
2019-11-01,24,37.63,21.38,27.678,39.698,19.02,2.574,6353.31,8877.735,0.0,0.0,0.716,22.872,0.0
2019-11-02,24,38.38,22.16,28.57,40.908,16.91,2.135,6308.18,8844.967,0.0,0.0,0.713,22.709,0.0
2019-11-03,24,34.47,21.53,27.665,57.731,27.48,1.185,4996.1,8812.379,0.0,0.0,0.567,17.986,0.0
2019-11-04,24,38.98,24.23,29.769,44.043,15.85,2.07,5925.87,8779.994,0.0,0.0,0.675,21.333,0.0
2019-11-05,24,38.73,24.16,29.52,40.331,18.53,2.31,6109.66,8747.837,0.0,0.0,0.698,21.995,0.0
2019-11-06,24,34.7,23.17,27.711,51.252,29.34,3.229,6125.54,8715.932,0.0,0.0,0.703,22.052,0.0
2019-11-07,24,32.73,22.34,26.027,61.339,32.75,3.095,5685.46,8684.302,0.0,0.0,0.655,20.468,0.0
2019-11-08,24,31.36,21.29,25.285,66.508,41.24,3.071,5543.94,8652.97,0.0,0.0,0.641,19.958,0.0
2019-11-09,24,32.63,21.08,25.723,66.438,38.68,2.95,5913.52,8621.961,0.0,0.0,0.686,21.289,0.0
2019-11-10,24,34.08,21.5,26.402,60.475,28.62,2.719,5164.65,8591.296,0.0,0.0,0.601,18.593,0.0
2019-11-11,24,37.09,21.79,27.432,53.542,21.52,2.808,5951.68,8560.999,0.0,0.0,0.695,21.426,0.0
2019-11-12,24,36.85,21.92,27.128,40.29,19.56,2.848,5980.8,8531.092,0.0,0.0,0.701,21.531,0.0
2019-11-13,24,35.89,19.64,25.929,51.061,19.34,2.228,5998.56,8501.598,0.0,0.0,0.706,21.595,0.0
2019-11-14,24,35.01,18.54,25.612,60.095,23.45,1.537,5752.96,8472.539,0.0,0.0,0.679,20.711,0.0
2019-11-15,24,32.56,21.34,25.678,70.77,31.89,1.844,5698.42,8443.936,0.0,0.0,0.675,20.514,0.0
2019-11-16,24,32.28,22.12,26.083,72.318,39.81,1.555,4487.71,8415.811,0.0,0.0,0.533,16.156,0.0
2019-11-17,24,35.38,22.34,27.341,60.823,30.11,1.722,5361.53,8388.185,0.0,0.0,0.639,19.302,0.0
2019-11-18,24,33.91,23.04,26.977,45.728,25.72,3.128,5225.85,8361.078,0.0,0.0,0.625,18.813,0.0
2019-11-19,24,32.49,22.01,26.215,51.498,31.06,3.06,4932.07,8334.511,0.0,0.0,0.592,17.755,0.0
2019-11-20,24,34.2,22.2,26.475,42.371,26.57,2.835,5548.93,8308.503,0.0,0.0,0.668,19.976,0.0
2019-11-21,24,33.47,20.2,25.244,51.436,24.18,3.083,5689.69,8283.074,0.0,0.0,0.687,20.483,0.0
2019-11-22,24,33.2,20.07,25.274,54.297,26.64,2.94,5759.34,8258.243,0.0,0.0,0.697,20.734,0.0
2019-11-23,24,35.61,19.74,25.567,52.731,23.04,3.068,5791.18,8234.029,0.0,0.0,0.703,20.848,0.0
2019-11-24,24,35.88,19.02,26.007,50.588,26.4,2.536,5793.24,8210.449,0.0,0.0,0.706,20.856,0.0
2019-11-25,24,36.78,20.36,26.844,47.759,22.28,2.7,5717.18,8187.522,0.0,0.0,0.698,20.582,0.0
2019-11-26,24,33.9,20.6,25.48,61.538,30.17,3.078,5669.86,8165.264,0.0,0.0,0.694,20.411,0.0
2019-11-27,24,32.01,19.47,24.427,71.048,36.53,3.08,5627.14,8143.693,0.0,0.0,0.691,20.258,0.0
2019-11-28,24,30.83,19.11,23.853,75.342,40.56,3.008,5618.88,8122.823,0.0,0.0,0.692,20.228,0.0
2019-11-29,24,31.38,19.63,23.958,72.546,39.84,3.481,5597.54,8102.672,0.0,0.0,0.691,20.151,0.0
2019-11-30,24,33.42,19.64,24.847,66.69,37.0,3.631,5559.22,8083.253,0.0,0.0,0.688,20.013,0.0
2019-12-01,24,33.94,19.76,25.468,65.417,30.08,2.842,4354.54,8064.582,0.0,0.0,0.54,15.676,0.0
2019-12-02,24,35.23,18.98,25.655,66.776,27.92,2.06,5612.9,8046.673,0.0,0.0,0.698,20.206,0.0
2019-12-03,24,34.67,19.05,25.41,61.371,28.06,2.752,5236.41,8029.539,0.0,0.0,0.652,18.851,0.0
2019-12-04,24,32.01,19.05,24.198,63.265,31.59,3.135,5233.57,8013.193,0.0,0.0,0.653,18.841,0.0
2019-12-05,24,28.53,19.1,22.689,68.855,40.14,3.202,5355.17,7997.648,0.0,0.0,0.67,19.279,0.0
2019-12-06,24,26.85,18.17,21.516,71.044,45.54,2.954,4741.92,7982.915,0.0,0.0,0.594,17.071,0.0
2019-12-07,24,29.38,17.5,22.772,63.636,30.36,2.999,4947.68,7969.005,0.01,0.0,0.621,17.812,0.0
2019-12-08,24,29.09,19.84,23.328,52.618,32.47,2.903,4494.61,7955.929,0.0,0.0,0.565,16.181,0.01
2019-12-09,24,29.72,19.93,23.778,51.43,29.63,2.793,3488.01,7943.698,0.0,0.0,0.439,12.557,0.01
2019-12-10,24,34.98,20.21,25.478,43.955,19.37,2.656,4609.41,7932.32,0.0,0.0,0.581,16.594,0.01
2019-12-11,24,33.04,20.38,25.398,34.91,19.63,2.515,5026.02,7921.804,0.0,0.0,0.634,18.094,0.0
2019-12-12,24,33.83,17.81,24.825,36.33,18.95,2.258,4864.95,7912.159,0.0,0.0,0.615,17.514,0.0
2019-12-13,24,35.28,19.39,24.95,37.424,16.55,2.379,5521.13,7903.392,0.0,0.0,0.699,19.876,0.0
2019-12-14,24,36.92,17.03,24.787,40.358,15.49,1.718,5526.54,7895.51,0.0,0.0,0.7,19.896,0.0
2019-12-15,24,35.71,18.72,24.92,59.238,22.1,2.04,5474.14,7888.52,0.0,0.0,0.694,19.707,0.0
2019-12-16,24,28.41,18.4,22.398,75.157,40.94,3.424,5180.7,7882.426,0.0,0.0,0.657,18.651,0.0
2019-12-17,24,30.71,17.48,22.395,67.449,29.2,3.35,5378.81,7877.236,0.0,0.0,0.683,19.364,0.0
2019-12-18,24,35.85,17.77,24.427,47.381,16.95,2.475,5413.18,7875.162,0.0,0.0,0.687,19.487,0.0
2019-12-19,24,36.1,18.46,25.14,39.973,16.18,2.47,5401.08,7874.475,0.0,0.0,0.686,19.444,0.0
2019-12-20,24,35.32,18.69,25.127,35.269,15.95,2.729,5394.45,7874.662,0.0,0.0,0.685,19.42,0.0
2019-12-21,24,34.41,17.83,24.373,33.001,15.92,2.686,5352.77,7875.724,0.0,0.0,0.68,19.27,0.0
2019-12-22,24,36.4,16.82,24.978,34.375,14.85,2.169,5501.27,7877.66,0.0,0.0,0.698,19.805,0.0
2019-12-23,24,37.9,17.98,26.123,37.957,14.56,2.165,5473.48,7880.47,0.0,0.0,0.695,19.705,0.0
2019-12-24,24,38.59,18.92,26.635,35.907,13.3,2.028,5511.85,7884.151,0.0,0.0,0.699,19.843,0.0
2019-12-25,24,36.05,18.69,25.292,42.775,15.38,2.08,5136.86,7888.703,0.0,0.0,0.651,18.493,0.0
2019-12-26,24,36.52,15.74,24.253,42.649,14.22,2.067,5629.5,7894.123,0.0,0.0,0.713,20.266,0.0
2019-12-27,24,34.97,17.16,23.878,56.778,20.42,2.41,5607.55,7900.406,0.0,0.0,0.71,20.187,0.0
2019-12-28,24,35.88,16.81,24.615,55.081,13.02,1.777,5579.36,7907.549,0.0,0.0,0.706,20.086,0.0
2019-12-29,24,36.7,17.06,25.057,40.062,12.8,2.075,5570.66,7915.548,0.0,0.0,0.704,20.054,0.0
2019-12-30,24,36.07,18.06,25.641,29.713,14.41,2.424,5605.28,7924.396,0.0,0.0,0.707,20.179,0.0
2019-12-31,24,34.52,19.64,25.548,26.365,15.42,2.831,5595.41,7934.089,0.0,0.0,0.705,20.143,0.0
2020-01-01,24,32.9,19.7,24.969,25.313,18.66,3.071,5537.94,7944.619,0.0,0.0,0.697,19.937,0.0
2020-01-02,24,31.48,17.94,23.59,27.213,17.9,2.783,4924.51,7955.98,0.0,0.0,0.619,17.728,0.0
2020-01-03,24,30.64,19.57,24.082,24.844,18.5,2.78,4171.42,7968.163,0.0,0.0,0.524,15.017,0.0
2020-01-04,24,31.43,19.2,23.659,28.186,17.41,2.893,5468.79,7981.161,0.0,0.0,0.685,19.688,0.0
2020-01-05,24,30.34,16.46,22.215,30.16,17.3,2.998,5696.63,7994.964,0.0,0.0,0.713,20.508,0.0
2020-01-06,24,29.33,15.89,21.758,29.793,16.11,3.363,5674.38,8009.563,0.0,0.0,0.708,20.428,0.0
2020-01-07,24,28.6,16.19,21.051,34.764,16.58,3.501,5540.03,8024.948,0.0,0.0,0.69,19.944,0.0
2020-01-08,24,29.21,14.75,21.207,29.422,15.96,3.489,5429.89,8041.107,0.0,0.0,0.675,19.548,0.0
2020-01-09,24,29.41,16.74,21.841,27.847,13.03,3.749,5600.96,8058.029,0.0,0.0,0.695,20.163,0.0
2020-01-10,24,29.83,15.29,21.331,27.082,14.67,3.667,5709.42,8075.703,0.0,0.0,0.707,20.554,0.0
2020-01-11,24,31.81,14.94,22.18,28.838,15.62,3.133,5655.76,8094.116,0.0,0.0,0.699,20.361,0.0
2020-01-12,24,31.76,17.06,23.305,28.421,12.95,3.026,5178.49,8113.255,0.0,0.0,0.638,18.643,0.0
2020-01-13,24,33.41,16.5,23.653,24.991,11.6,2.696,5763.14,8133.105,0.0,0.0,0.709,20.747,0.0
2020-01-14,24,33.08,17.65,23.698,27.18,13.96,2.74,5625.1,8153.653,0.0,0.0,0.69,20.25,0.0
2020-01-15,24,33.95,18.73,24.287,26.131,11.37,2.693,5115.14,8174.884,0.0,0.0,0.626,18.415,0.0
2020-01-16,24,34.44,17.24,24.077,28.356,12.13,3.025,5696.27,8196.782,0.0,0.0,0.695,20.507,0.0
2020-01-17,24,34.02,17.69,24.422,26.512,12.28,2.779,5704.77,8219.332,0.0,0.0,0.694,20.537,0.0
2020-01-18,24,34.5,18.26,25.451,23.738,12.08,2.768,5750.25,8242.517,0.0,0.0,0.698,20.701,0.0
2020-01-19,24,35.31,19.08,25.425,29.289,14.54,2.405,5782.29,8266.319,0.0,0.0,0.699,20.816,0.0
2020-01-20,24,34.36,17.34,24.448,37.71,15.98,1.937,5631.18,8290.723,0.0,0.0,0.679,20.272,0.0
2020-01-21,24,34.83,17.34,24.457,42.872,15.13,1.845,4445.32,8315.709,0.0,0.0,0.535,16.003,0.0
2020-01-22,24,33.49,19.36,25.091,40.974,18.39,2.245,4204.86,8341.259,0.0,0.0,0.504,15.137,0.0
2020-01-23,24,30.6,20.37,24.786,36.903,22.58,1.924,2435.43,8367.354,0.09,0.09,0.291,8.768,0.0
2020-01-24,24,36.61,21.28,27.075,37.965,20.46,2.383,5423.84,8393.975,0.0,0.0,0.646,19.526,0.09
2020-01-25,24,37.18,21.25,27.196,42.146,19.79,3.54,5559.56,8421.103,0.0,0.0,0.66,20.014,0.09
2020-01-26,24,35.39,21.34,27.622,38.279,19.41,4.39,5373.44,8448.716,0.0,0.0,0.636,19.344,0.09
2020-01-27,24,38.02,20.76,27.691,31.968,14.4,2.983,5893.54,8476.794,0.0,0.0,0.695,21.217,0.0
2020-01-28,24,38.88,19.36,26.643,39.868,12.09,2.338,6013.56,8505.317,0.0,0.0,0.707,21.649,0.0
2020-01-29,24,39.1,17.57,27.375,34.419,8.76,2.155,5761.81,8534.263,0.0,0.0,0.675,20.743,0.0
2020-01-30,24,38.88,21.16,28.352,25.656,11.47,2.499,6036.92,8563.609,0.0,0.0,0.705,21.733,0.0
2020-01-31,24,39.23,22.27,28.728,24.075,10.87,3.226,6044.63,8593.335,0.0,0.0,0.703,21.761,0.0
2020-02-01,24,37.83,19.83,26.469,31.245,14.38,2.757,6131.02,8623.417,0.0,0.0,0.711,22.072,0.0
2020-02-02,24,37.76,18.49,25.794,39.126,13.97,1.701,5867.54,8653.834,0.0,0.0,0.678,21.123,0.0
2020-02-03,24,36.95,19.18,26.574,53.06,19.52,0.992,5754.39,8684.561,0.0,0.0,0.663,20.716,0.0
2020-02-04,24,38.02,20.01,27.276,48.07,12.38,1.741,5585.31,8715.576,0.0,0.0,0.641,20.107,0.0
2020-02-05,24,37.97,19.29,26.897,27.763,7.51,2.663,6366.01,8746.856,0.0,0.0,0.728,22.918,0.0
2020-02-06,24,37.78,19.67,26.862,29.382,10.02,3.02,6343.13,8778.376,0.0,0.0,0.723,22.835,0.0
2020-02-07,24,37.7,19.32,26.919,31.086,10.28,2.962,6320.72,8810.113,0.0,0.0,0.717,22.755,0.0
2020-02-08,24,37.28,20.19,26.995,26.413,11.61,3.312,6380.76,8842.043,0.0,0.0,0.722,22.971,0.0
2020-02-09,24,36.43,20.43,26.202,29.006,11.29,3.474,6320.31,8874.142,0.0,0.0,0.712,22.753,0.0
2020-02-10,24,36.97,18.8,26.171,28.35,12.52,3.085,6331.23,8906.385,0.0,0.0,0.711,22.792,0.0
2020-02-11,24,37.96,19.79,26.835,30.316,11.53,2.924,6383.24,8938.749,0.0,0.0,0.714,22.98,0.0
2020-02-12,24,38.77,20.39,27.79,34.247,14.49,2.764,6233.99,8971.209,0.0,0.0,0.695,22.442,0.0
2020-02-13,24,38.44,23.12,29.213,30.892,14.18,2.599,6205.38,9003.741,0.0,0.0,0.689,22.339,0.0
2020-02-14,24,38.42,21.48,28.318,28.169,11.62,2.696,6263.17,9036.32,0.0,0.0,0.693,22.547,0.0
2020-02-15,24,38.01,23.03,28.583,29.258,14.21,2.953,5818.56,9068.922,0.0,0.0,0.642,20.947,0.0
2020-02-16,24,38.04,23.0,28.063,32.702,13.77,3.007,5920.76,9101.523,0.0,0.0,0.651,21.315,0.0
2020-02-17,24,38.96,22.86,29.18,29.182,10.05,2.998,6133.84,9134.099,0.0,0.0,0.672,22.082,0.0
2020-02-18,24,39.35,25.23,30.667,18.38,10.23,3.546,6096.48,9166.625,0.0,0.0,0.665,21.947,0.0
2020-02-19,24,39.3,22.43,28.533,26.59,11.36,2.918,6370.79,9199.079,0.0,0.0,0.693,22.935,0.0
2020-02-20,24,36.45,22.18,26.997,44.478,18.81,3.483,5703.83,9231.435,0.0,0.0,0.618,20.534,0.0
2020-02-21,24,33.25,20.28,25.122,58.792,27.1,3.425,6341.44,9263.671,0.0,0.0,0.685,22.829,0.0
2020-02-22,24,30.77,19.33,23.368,73.775,38.03,3.329,6387.47,9295.764,0.0,0.0,0.687,22.995,0.0
2020-02-23,24,30.58,19.63,23.323,73.218,37.92,3.375,4984.59,9327.69,0.06,0.06,0.534,17.945,0.0
2020-02-24,24,31.32,22.36,26.102,54.398,36.07,3.766,4852.97,9359.427,0.0,0.0,0.519,17.471,0.06
2020-02-25,24,38.37,24.59,31.325,21.115,8.51,3.799,6583.63,9390.953,0.0,0.0,0.701,23.701,0.06
2020-02-26,24,40.35,26.3,31.57,22.932,11.96,3.447,6613.98,9422.245,0.0,0.0,0.702,23.81,0.06
2020-02-27,24,40.07,23.36,29.959,22.725,9.95,3.076,6525.5,9453.282,0.0,0.0,0.69,23.492,0.0
2020-02-28,24,39.34,21.55,28.356,26.6,9.68,2.962,6856.91,9484.044,0.0,0.0,0.723,24.685,0.0
2020-02-29,24,38.53,20.02,27.02,39.597,11.08,3.609,6862.2,9517.529,0.0,0.0,0.721,24.704,0.0
2020-03-01,24,38.89,20.51,27.696,34.866,9.16,3.266,6849.85,9551.097,0.0,0.0,0.717,24.659,0.0
2020-03-02,24,39.8,20.81,28.802,24.465,7.91,2.887,6886.95,9584.396,0.0,0.0,0.719,24.793,0.0
2020-03-03,24,40.58,22.79,29.683,21.629,7.7,2.701,6924.75,9617.404,0.0,0.0,0.72,24.929,0.0
2020-03-04,24,40.48,20.79,28.432,29.282,10.3,2.738,7003.14,9650.1,0.0,0.0,0.726,25.211,0.0
2020-03-05,24,40.42,20.17,28.285,33.748,9.06,2.503,7072.58,9682.463,0.0,0.0,0.73,25.461,0.0
2020-03-06,24,40.47,19.87,28.126,39.218,13.56,2.593,7137.49,9714.473,0.0,0.0,0.735,25.695,0.0
2020-03-07,24,40.58,20.44,28.117,43.872,13.88,2.65,7080.34,9746.11,0.0,0.0,0.726,25.489,0.0
2020-03-08,24,38.15,19.35,27.202,48.902,15.72,3.161,7013.56,9777.355,0.0,0.0,0.717,25.249,0.0
2020-03-09,24,37.3,20.22,27.214,48.335,18.56,3.318,6913.5,9808.189,0.0,0.0,0.705,24.889,0.0
2020-03-10,24,40.67,20.66,28.654,40.607,10.52,2.923,7113.37,9838.594,0.0,0.0,0.723,25.608,0.0
2020-03-11,24,40.62,23.5,29.877,26.858,7.64,2.288,7135.12,9868.553,0.0,0.0,0.723,25.686,0.0
2020-03-12,24,39.91,21.49,29.269,28.834,10.29,3.07,7193.62,9898.05,0.0,0.0,0.727,25.897,0.0
2020-03-13,24,38.04,21.85,28.337,31.64,14.23,3.274,7175.84,9927.068,0.0,0.0,0.723,25.833,0.0
2020-03-14,24,35.0,20.68,26.496,48.32,16.56,3.012,7059.22,9955.592,0.0,0.0,0.709,25.413,0.0
2020-03-15,24,30.75,19.35,24.197,69.973,33.23,3.063,7138.96,9983.608,0.0,0.0,0.715,25.7,0.0
2020-03-16,24,31.53,19.85,24.215,63.798,29.5,3.815,7191.89,10011.103,0.0,0.0,0.718,25.891,0.0
2020-03-17,24,29.72,19.15,23.481,69.006,39.37,3.391,7130.35,10038.062,0.0,0.0,0.71,25.669,0.0
2020-03-18,24,29.49,19.23,23.483,72.444,39.93,3.03,7102.08,10064.475,0.0,0.0,0.706,25.567,0.0
2020-03-19,24,31.0,19.24,23.824,63.897,34.89,3.222,7079.43,10090.329,0.0,0.0,0.702,25.486,0.0
2020-03-20,24,34.41,18.56,24.916,54.934,22.98,3.188,7128.19,10115.615,0.0,0.0,0.705,25.661,0.0
2020-03-21,24,36.37,19.2,26.138,49.735,20.77,3.288,7133.56,10140.322,0.0,0.0,0.703,25.681,0.0
2020-03-22,24,31.12,20.3,24.398,57.968,30.93,3.948,7137.96,10164.441,0.0,0.0,0.702,25.697,0.0
2020-03-23,24,26.35,18.34,21.479,66.638,39.58,4.183,7150.73,10187.965,0.0,0.0,0.702,25.743,0.0
2020-03-24,24,28.51,17.13,21.445,65.611,35.18,3.693,7094.04,10210.886,0.0,0.0,0.695,25.539,0.0
2020-03-25,24,32.87,16.18,23.043,62.612,26.3,2.832,7191.35,10233.198,0.0,0.0,0.703,25.889,0.0
2020-03-26,24,30.58,18.06,23.4,65.4,32.85,3.124,7146.31,10254.895,0.0,0.0,0.697,25.727,0.0
2020-03-27,24,28.43,18.85,22.577,62.453,35.3,3.969,7028.58,10275.972,0.0,0.0,0.684,25.303,0.0
2020-03-28,24,31.43,18.39,23.445,59.939,33.61,3.789,7075.43,10296.426,0.0,0.0,0.687,25.472,0.0
2020-03-29,24,34.58,19.45,25.435,53.19,26.5,3.438,7118.33,10316.252,0.0,0.0,0.69,25.626,0.0
2020-03-30,24,35.49,20.05,26.336,49.178,23.8,3.402,7122.83,10335.45,0.0,0.0,0.689,25.642,0.0
2020-03-31,24,38.42,21.21,27.9,40.93,17.42,3.634,7237.38,10354.017,0.0,0.0,0.699,26.055,0.0
2020-04-01,24,38.19,21.73,28.147,48.961,24.73,4.027,7244.04,10371.952,0.0,0.0,0.698,26.079,0.0
2020-04-02,24,35.36,21.65,27.265,48.386,29.81,4.212,7235.19,10389.257,0.0,0.0,0.696,26.047,0.0
2020-04-03,24,33.83,20.84,25.941,48.936,26.98,4.067,7273.6,10405.93,0.0,0.0,0.699,26.185,0.0
2020-04-04,24,31.14,18.9,23.634,62.878,36.39,4.207,7356.24,10421.975,0.0,0.0,0.706,26.482,0.0
2020-04-05,24,31.51,18.35,23.625,67.539,38.4,3.966,7352.28,10437.394,0.0,0.0,0.704,26.468,0.0
2020-04-06,24,35.42,18.67,25.847,59.673,27.03,3.514,7429.35,10452.189,0.0,0.0,0.711,26.746,0.0
2020-04-07,24,41.16,19.78,28.415,47.893,15.58,3.323,7501.65,10466.364,0.0,0.0,0.717,27.006,0.0
2020-04-08,24,41.12,20.85,28.813,43.339,13.84,3.047,7521.99,10479.925,0.0,0.0,0.718,27.079,0.0
2020-04-09,24,40.34,20.9,28.688,45.95,15.2,3.457,7626.22,10492.875,0.0,0.0,0.727,27.454,0.0
2020-04-10,24,40.7,19.99,28.373,45.111,13.77,2.326,7622.18,10505.222,0.0,0.0,0.726,27.44,0.0
2020-04-11,24,38.15,21.13,27.443,54.18,24.88,1.591,7486.14,10516.971,0.0,0.0,0.712,26.95,0.0
2020-04-12,24,36.88,18.52,25.908,65.981,30.97,1.779,7244.59,10528.129,0.0,0.0,0.688,26.081,0.0
2020-04-13,24,34.93,19.76,25.442,64.479,29.89,1.692,6382.31,10538.705,0.0,0.0,0.606,22.976,0.0
2020-04-14,24,30.89,20.19,24.397,66.396,40.25,3.189,6397.4,10548.706,0.0,0.0,0.606,23.031,0.0
2020-04-15,24,31.13,19.08,23.622,63.221,34.09,3.795,7413.96,10558.142,0.0,0.0,0.702,26.69,0.0
2020-04-16,24,30.3,19.72,23.478,68.72,41.56,3.975,6571.7,10567.021,0.0,0.0,0.622,23.658,0.0
2020-04-17,24,28.88,19.7,23.46,66.246,38.23,4.274,6984.78,10575.353,0.0,0.0,0.66,25.145,0.0
2020-04-18,24,26.12,19.13,22.059,69.206,47.41,4.666,6955.22,10583.149,0.0,0.0,0.657,25.039,0.0
2020-04-19,24,30.21,18.2,22.918,68.907,40.39,3.708,7349.1,10590.419,0.0,0.0,0.694,26.457,0.0
2020-04-20,24,32.61,18.88,24.324,60.362,34.26,3.705,7396.76,10597.175,0.0,0.0,0.698,26.628,0.0
2020-04-21,24,35.23,19.14,25.742,51.486,21.72,3.37,7501.18,10603.427,0.0,0.0,0.707,27.004,0.0
2020-04-22,24,31.49,19.44,24.247,62.303,37.71,3.612,7465.68,10609.189,0.0,0.0,0.704,26.876,0.0
2020-04-23,24,28.78,19.08,22.495,72.899,43.29,3.549,6271.97,10614.471,0.0,0.0,0.591,22.579,0.0
2020-04-24,24,28.28,18.24,21.947,72.699,41.96,3.689,7409.72,10619.288,0.0,0.0,0.698,26.675,0.0
2020-04-25,24,30.73,18.37,23.201,68.211,36.62,3.243,7065.61,10623.65,0.0,0.0,0.665,25.436,0.0
2020-04-26,24,31.1,19.57,24.146,62.969,35.34,3.498,6915.28,10627.572,0.0,0.0,0.651,24.895,0.0
2020-04-27,24,35.51,20.72,26.042,54.595,24.02,4.269,7322.6,10631.066,0.0,0.0,0.689,26.361,0.0
2020-04-28,24,34.04,20.0,25.674,54.371,31.98,4.13,7216.76,10634.147,0.0,0.0,0.679,25.98,0.0
2020-04-29,24,33.24,20.89,26.078,54.642,35.62,4.043,7484.77,10636.828,0.0,0.0,0.704,26.945,0.0
2020-04-30,24,37.35,21.73,28.021,46.718,25.46,3.651,7330.04,10639.122,0.0,0.0,0.689,26.388,0.0
2020-05-01,24,42.4,21.45,29.875,41.406,17.29,2.326,7436.59,10641.044,0.0,0.0,0.699,26.772,0.0
2020-05-02,24,36.0,19.31,26.308,60.484,27.94,2.114,7520.14,10642.607,0.0,0.0,0.707,27.073,0.0
2020-05-03,24,34.62,19.64,25.588,60.822,29.31,2.621,7586.32,10643.826,0.0,0.0,0.713,27.311,0.0
2020-05-04,24,34.19,20.41,26.027,56.611,32.27,3.723,7630.24,10644.715,0.0,0.0,0.717,27.469,0.0
2020-05-05,24,34.4,20.12,26.123,61.202,36.54,2.769,7635.18,10645.289,0.0,0.0,0.717,27.487,0.0
2020-05-06,24,32.54,18.38,24.561,70.48,38.51,2.339,7626.12,10645.56,0.0,0.0,0.716,27.454,0.0
2020-05-07,24,31.57,19.96,24.076,67.172,37.37,3.246,7579.6,10645.544,0.0,0.0,0.712,27.287,0.0
2020-05-08,24,30.77,20.99,24.367,66.209,42.84,4.01,7032.73,10645.255,0.0,0.0,0.661,25.318,0.0
2020-05-09,24,30.34,20.44,24.185,66.965,41.73,4.424,7500.16,10644.706,0.0,0.0,0.705,27.001,0.0
2020-05-10,24,29.35,19.87,23.554,71.369,46.77,2.329,7359.33,10643.912,0.0,0.0,0.691,26.494,0.0
2020-05-11,24,32.17,19.59,24.728,70.277,38.9,1.962,7561.29,10642.887,0.0,0.0,0.71,27.221,0.0
2020-05-12,24,31.94,19.24,24.798,69.941,42.56,2.11,7453.45,10641.645,0.0,0.0,0.7,26.832,0.0
2020-05-13,24,31.51,20.76,24.632,67.864,43.17,3.921,7142.0,10640.199,0.0,0.0,0.671,25.711,0.0
2020-05-14,24,31.88,19.96,24.745,65.977,39.24,2.955,7590.59,10638.562,0.0,0.0,0.713,27.326,0.0
2020-05-15,24,30.82,20.16,24.273,66.796,41.12,3.557,7625.0,10636.749,0.0,0.0,0.717,27.45,0.0
2020-05-16,24,32.72,20.07,24.931,62.832,35.48,3.626,7635.42,10634.773,0.0,0.0,0.718,27.488,0.0
2020-05-17,24,32.27,20.59,25.147,63.281,39.05,3.394,7615.31,10632.646,0.0,0.0,0.716,27.415,0.0
2020-05-18,24,32.42,19.77,24.837,70.119,36.85,2.734,7498.37,10630.381,0.0,0.0,0.705,26.994,0.0
2020-05-19,24,30.72,19.06,23.944,72.227,39.4,2.52,7457.89,10627.991,0.0,0.0,0.702,26.848,0.0
2020-05-20,24,29.67,19.54,23.59,73.265,41.98,3.26,7492.24,10625.488,0.0,0.0,0.705,26.972,0.0
2020-05-21,24,31.5,19.38,24.109,73.585,40.75,3.133,7506.17,10622.884,0.0,0.0,0.707,27.022,0.0
2020-05-22,24,32.25,19.11,24.871,69.697,40.96,2.977,7549.78,10620.192,0.0,0.0,0.711,27.179,0.0
2020-05-23,24,32.98,18.79,24.525,71.78,36.21,2.017,7446.31,10617.422,0.0,0.0,0.701,26.807,0.0
2020-05-24,24,31.64,19.45,23.887,76.732,42.24,2.075,7520.7,10614.587,0.0,0.0,0.709,27.075,0.0
2020-05-25,24,32.51,19.89,24.406,77.108,43.9,2.28,7452.64,10611.697,0.0,0.0,0.702,26.83,0.0
2020-05-26,24,33.9,20.35,24.972,72.298,37.71,2.578,7667.35,10608.762,0.0,0.0,0.723,27.602,0.0
2020-05-27,24,36.21,19.27,25.838,72.108,31.37,1.568,6409.72,10605.794,0.0,0.0,0.604,23.075,0.0
2020-05-28,24,32.83,21.94,26.104,75.615,40.83,1.816,7433.78,10602.803,0.0,0.0,0.701,26.762,0.0
2020-05-29,24,34.63,22.51,27.318,68.84,32.73,2.112,7386.21,10599.797,0.0,0.0,0.697,26.59,0.0
2020-05-30,24,33.78,22.36,26.522,68.98,35.98,2.309,7369.79,10596.787,0.0,0.0,0.695,26.531,0.0
2020-05-31,24,32.51,20.6,25.451,69.27,35.45,2.556,7398.38,10593.783,0.0,0.0,0.698,26.634,0.0
2020-06-01,24,31.2,20.33,24.93,73.972,42.39,2.22,5672.09,10591.219,0.0,0.0,0.536,20.42,0.0
2020-06-02,24,32.17,21.28,25.993,69.501,36.89,2.746,7216.32,10589.846,0.0,0.0,0.681,25.979,0.0
2020-06-03,24,32.26,21.67,25.912,67.806,37.03,3.39,6888.53,10588.493,0.0,0.0,0.651,24.799,0.0
2020-06-04,24,30.49,22.27,25.424,69.727,44.63,3.922,7326.3,10587.166,0.0,0.0,0.692,26.375,0.0
2020-06-05,24,30.17,22.33,25.477,69.122,45.26,3.493,7349.11,10585.872,0.0,0.0,0.694,26.457,0.0
2020-06-06,24,31.7,22.03,25.91,70.467,45.59,2.999,6941.58,10584.616,0.0,0.0,0.656,24.99,0.0
2020-06-07,24,33.85,22.47,27.078,71.082,46.14,1.742,7161.89,10583.402,0.0,0.0,0.677,25.783,0.0
2020-06-08,24,34.28,22.32,27.242,71.432,45.13,1.836,6809.41,10582.236,0.0,0.0,0.643,24.514,0.0
2020-06-09,24,33.18,24.48,27.647,72.096,47.9,2.167,7038.19,10581.121,0.04,0.0,0.665,25.337,0.0
2020-06-10,24,32.27,23.65,27.307,74.188,47.26,2.056,6995.4,10580.063,0.0,0.0,0.661,25.183,0.04
2020-06-11,24,33.88,24.55,27.874,72.152,42.25,2.307,7181.04,10579.064,0.0,0.0,0.679,25.852,0.04
2020-06-12,24,33.14,24.49,28.295,73.673,48.62,2.5,7061.21,10578.127,0.0,0.0,0.668,25.42,0.04
2020-06-13,24,31.05,23.24,26.811,78.328,53.7,2.066,6702.59,10577.256,0.08,0.08,0.634,24.129,0.0
2020-06-14,24,33.29,24.77,27.954,72.625,46.97,2.063,7350.25,10576.452,0.0,0.0,0.695,26.461,0.08
2020-06-15,24,33.46,23.62,27.928,74.021,51.83,2.169,7046.66,10575.719,0.0,0.0,0.666,25.368,0.08
2020-06-16,24,33.18,25.12,28.667,71.743,48.38,2.305,6737.43,10575.057,0.0,0.0,0.637,24.255,0.08
2020-06-17,24,32.9,25.13,28.199,78.979,52.23,2.652,7314.95,10574.467,0.0,0.0,0.692,26.334,0.0
2020-06-18,24,34.58,26.02,28.822,79.75,52.07,2.352,7229.1,10573.952,0.0,0.0,0.684,26.025,0.0
2020-06-19,24,31.81,26.2,28.359,78.491,60.47,2.952,7122.93,10573.51,0.0,0.0,0.674,25.643,0.0
2020-06-20,24,33.14,25.23,28.296,75.764,51.85,2.005,7128.1,10573.143,0.0,0.0,0.674,25.661,0.0
2020-06-21,24,34.27,24.39,28.274,74.953,48.54,2.109,7080.48,10572.85,0.0,0.0,0.67,25.49,0.0
2020-06-22,24,31.19,25.01,27.604,72.982,50.67,2.807,7337.05,10572.63,0.0,0.0,0.694,26.413,0.0
2020-06-23,24,32.26,25.14,28.026,75.62,53.8,2.916,7115.43,10572.483,0.0,0.0,0.673,25.616,0.0
2020-06-24,24,35.33,24.92,29.114,73.174,43.83,1.78,7095.25,10572.407,0.0,0.0,0.671,25.543,0.0
2020-06-25,24,31.4,24.34,27.249,76.169,49.64,2.323,7210.91,10572.4,0.0,0.0,0.682,25.959,0.0
2020-06-26,24,33.37,23.87,27.86,74.312,46.65,1.672,7060.5,10572.461,0.0,0.0,0.668,25.418,0.0
2020-06-27,24,32.45,24.02,27.5,75.828,51.28,2.49,6996.5,10572.586,0.0,0.0,0.662,25.187,0.0
2020-06-28,24,32.19,24.1,27.252,74.021,50.75,2.662,7294.67,10572.773,0.0,0.0,0.69,26.261,0.0
2020-06-29,24,31.65,24.39,27.64,73.223,56.08,2.384,6830.27,10573.019,0.0,0.0,0.646,24.589,0.0
2020-06-30,24,32.58,25.41,28.302,71.037,52.74,2.219,7102.18,10573.319,0.0,0.0,0.672,25.568,0.0
2020-07-01,24,34.2,24.65,28.298,74.526,48.34,1.762,6660.73,10573.671,0.0,0.0,0.63,23.979,0.0
2020-07-02,24,33.94,24.6,27.925,74.84,47.72,2.217,5926.76,10574.07,0.01,0.01,0.56,21.336,0.0
2020-07-03,24,32.67,23.91,27.782,74.332,49.62,2.022,7017.17,10574.511,0.0,0.0,0.664,25.262,0.01
2020-07-04,24,32.94,24.89,27.977,75.622,49.96,2.983,6945.98,10574.989,0.0,0.0,0.657,25.006,0.01
2020-07-05,24,31.35,25.38,27.939,71.201,55.57,3.023,6500.04,10575.498,0.01,0.0,0.615,23.4,0.01
2020-07-06,24,32.93,26.43,28.99,69.867,49.44,2.315,6242.15,10576.034,0.0,0.0,0.59,22.472,0.01
2020-07-07,24,34.69,25.69,29.178,76.184,54.69,1.696,5922.94,10576.59,3.55,3.55,0.56,21.323,0.01
2020-07-08,24,32.41,25.95,28.587,73.506,56.93,3.505,7125.41,10577.159,0.0,0.0,0.674,25.651,3.56
2020-07-09,24,31.23,25.54,27.848,71.418,56.0,3.112,6281.12,10577.735,0.0,0.0,0.594,22.612,3.55
2020-07-10,24,32.84,26.03,28.815,68.838,49.87,3.116,6849.44,10578.31,0.0,0.0,0.647,24.658,3.55
2020-07-11,24,32.41,25.36,28.629,73.807,53.67,2.087,6271.04,10578.878,0.03,0.03,0.593,22.576,0.0
2020-07-12,24,31.36,25.48,27.694,77.578,53.49,1.425,4594.56,10579.43,8.32,5.72,0.434,16.54,0.03
2020-07-13,24,33.4,24.95,28.554,78.43,54.27,1.239,5806.26,10579.959,1.45,1.2,0.549,20.903,8.35
2020-07-14,24,30.48,23.62,26.845,83.143,66.0,2.867,4514.75,10580.456,1.55,1.49,0.427,16.253,9.8
2020-07-15,24,31.61,24.27,27.266,74.44,53.54,1.737,6754.57,10580.913,0.0,0.0,0.638,24.316,11.32
2020-07-16,24,31.53,24.42,27.497,76.389,61.6,1.358,3754.5,10581.32,0.29,0.29,0.355,13.516,3.0
2020-07-17,24,30.27,24.62,26.742,78.165,60.85,1.577,4544.14,10581.668,3.61,3.61,0.429,16.359,1.84
2020-07-18,24,31.06,24.37,27.051,80.272,62.44,1.548,4640.24,10581.948,3.73,3.69,0.439,16.705,3.9
2020-07-19,24,31.73,25.25,27.989,81.6,63.46,1.204,4854.01,10582.151,0.77,0.75,0.459,17.474,7.63
2020-07-20,24,32.85,26.01,28.554,78.185,57.21,1.995,6252.65,10582.265,0.04,0.04,0.591,22.51,8.11
2020-07-21,24,31.66,24.99,27.046,84.478,62.99,0.988,3756.07,10582.28,36.94,33.35,0.355,13.522,4.54
2020-07-22,24,32.08,25.0,28.092,80.809,62.09,1.905,5705.75,10582.186,0.19,0.11,0.539,20.541,37.75
2020-07-23,24,31.05,26.54,28.41,79.556,66.09,2.489,4750.44,10581.973,0.1,0.1,0.449,17.102,37.17
2020-07-24,24,32.02,25.79,28.8,81.136,64.74,1.64,5332.49,10581.628,1.38,1.38,0.504,19.197,37.23
2020-07-25,24,29.64,26.13,27.698,81.042,70.95,2.371,4918.51,10581.141,0.93,0.93,0.465,17.707,1.67
2020-07-26,24,30.97,26.16,28.142,81.328,68.25,2.732,5785.19,10580.501,0.6,0.51,0.547,20.827,2.41
2020-07-27,24,32.62,25.2,28.217,75.963,53.55,1.164,5455.22,10579.695,1.76,0.24,0.516,19.639,2.91
2020-07-28,24,31.6,25.08,27.604,85.728,67.33,1.364,4528.97,10578.712,6.2,6.17,0.428,16.304,3.29
2020-07-29,24,31.3,25.52,28.257,79.871,61.04,1.435,3985.34,10577.539,0.62,0.29,0.377,14.347,8.56
2020-07-30,24,30.94,24.08,27.068,82.38,65.04,1.798,4016.7,10576.165,4.52,3.84,0.38,14.46,8.58
2020-07-31,24,31.23,25.24,28.09,82.913,70.27,2.814,5211.88,10574.576,3.89,1.57,0.493,18.763,11.34
2020-08-01,24,32.3,25.94,28.796,78.638,61.98,1.675,5888.74,10572.762,1.23,1.04,0.557,21.199,9.03
2020-08-02,24,32.54,25.41,28.662,79.406,63.82,2.57,5725.28,10570.708,0.02,0.02,0.542,20.611,9.64
2020-08-03,24,31.54,26.98,28.87,78.683,62.71,3.178,5568.19,10568.402,0.53,0.53,0.527,20.045,5.14
2020-08-04,24,31.16,26.23,28.578,76.739,62.12,2.57,6105.72,10565.832,0.08,0.07,0.578,21.981,1.78
2020-08-05,24,31.5,25.83,28.112,81.198,68.48,2.277,5011.45,10562.985,7.54,7.41,0.474,18.041,0.63
2020-08-06,24,31.14,25.28,27.961,82.428,69.32,2.092,5323.13,10559.848,1.65,1.17,0.504,19.163,8.15
2020-08-07,24,31.82,26.39,28.444,81.265,66.69,2.456,5898.27,10556.407,1.48,1.16,0.559,21.234,9.27
2020-08-08,24,33.33,25.57,28.725,76.802,56.54,1.59,6952.69,10552.651,0.0,0.0,0.659,25.03,10.67
2020-08-09,24,31.19,26.42,28.584,79.608,66.79,1.882,4490.29,10548.565,1.07,1.05,0.426,16.165,3.13
2020-08-10,24,31.53,26.38,28.578,76.05,60.59,2.005,5539.1,10544.138,0.12,0.11,0.525,19.941,2.55
2020-08-11,24,32.19,25.54,28.302,73.724,54.24,1.705,6817.1,10539.356,0.03,0.03,0.647,24.542,1.19
2020-08-12,24,32.94,25.43,28.332,75.083,57.27,1.768,6081.64,10536.649,0.01,0.01,0.577,21.894,1.22
2020-08-13,24,31.61,25.63,27.692,80.278,62.59,1.356,4284.03,10533.897,8.94,8.59,0.407,15.423,0.16
2020-08-14,24,32.11,24.58,27.718,83.425,62.59,1.069,5220.44,10530.838,9.61,4.02,0.496,18.794,8.98
2020-08-15,24,32.77,24.43,27.733,82.643,63.94,1.711,5817.93,10527.459,1.67,1.33,0.553,20.945,18.56
2020-08-16,24,33.82,25.05,28.863,80.583,57.93,1.458,6772.44,10523.747,0.18,0.18,0.644,24.381,20.22
2020-08-17,24,32.33,27.64,29.29,80.752,64.65,2.675,5472.28,10519.688,0.1,0.08,0.52,19.7,11.46
2020-08-18,24,32.87,27.06,29.344,79.488,62.87,2.566,5840.89,10515.269,1.03,0.97,0.555,21.027,1.95
2020-08-19,24,32.03,27.22,29.011,81.394,64.81,2.294,6060.94,10510.477,0.16,0.1,0.577,21.819,1.31
2020-08-20,24,32.81,25.2,28.662,79.178,58.65,1.506,5808.62,10505.3,1.9,1.89,0.553,20.911,1.29
2020-08-21,24,30.42,23.8,26.688,87.272,68.77,2.339,3369.62,10499.726,9.58,6.13,0.321,12.131,3.09
2020-08-22,24,31.47,25.36,27.955,81.09,67.06,1.716,4953.28,10493.742,0.91,0.91,0.472,17.832,11.64
2020-08-23,24,30.1,25.88,27.765,81.755,70.25,2.305,4684.33,10487.335,0.02,0.02,0.447,16.864,12.39
2020-08-24,24,32.57,26.17,29.121,79.253,62.35,1.919,6079.02,10480.494,0.15,0.15,0.58,21.884,10.51
2020-08-25,24,32.59,26.4,29.059,77.242,59.33,2.411,5968.79,10473.208,0.23,0.21,0.57,21.488,1.08
2020-08-26,24,30.19,24.25,26.896,86.139,70.58,1.444,3848.59,10465.465,19.72,11.47,0.368,13.855,0.4
2020-08-27,24,30.36,24.78,26.673,88.385,74.09,0.855,3920.09,10457.255,37.76,24.88,0.375,14.112,20.1
2020-08-28,24,31.69,25.38,27.926,85.693,71.26,1.479,4899.55,10448.567,5.55,5.34,0.469,17.638,57.71
2020-08-29,24,30.23,26.49,28.132,83.932,71.21,2.522,4249.63,10439.39,2.24,2.17,0.407,15.299,63.03
2020-08-30,24,32.06,25.96,28.596,82.022,65.45,2.116,4322.4,10429.716,1.57,0.74,0.414,15.561,45.55
2020-08-31,24,31.43,26.21,28.528,81.336,67.81,1.36,5108.92,10419.534,1.69,1.41,0.49,18.392,9.36
2020-09-01,24,31.82,25.27,27.936,85.968,72.5,1.625,5019.94,10408.837,4.16,3.93,0.482,18.072,5.5
2020-09-02,24,28.62,24.63,26.205,88.685,75.7,1.868,2482.23,10397.615,16.52,15.52,0.239,8.936,7.42
2020-09-03,24,29.92,24.41,26.638,87.03,72.03,2.593,4172.27,10385.861,11.65,10.15,0.402,15.02,22.37
2020-09-04,24,29.71,25.55,26.95,85.739,68.96,2.09,4512.19,10373.568,18.63,18.59,0.435,16.244,32.33
2020-09-05,24,27.35,24.79,25.823,91.522,86.45,2.415,1879.32,10360.728,35.61,30.32,0.181,6.766,46.8
2020-09-06,24,26.18,22.88,24.556,94.527,90.1,1.624,1014.39,10347.337,41.34,23.82,0.098,3.652,65.89
2020-09-07,24,28.72,23.92,26.074,87.106,74.64,3.347,3936.01,10333.388,8.95,7.24,0.381,14.17,95.58
2020-09-08,24,30.92,24.91,27.652,81.822,67.86,2.489,5954.86,10318.876,0.67,0.59,0.577,21.437,85.9
2020-09-09,24,31.94,24.21,27.577,82.238,65.39,2.033,5608.42,10303.797,0.24,0.2,0.544,20.19,50.96
2020-09-10,24,31.84,24.55,27.646,86.145,67.77,1.779,4450.03,10288.147,18.09,7.58,0.433,16.02,9.86
2020-09-11,24,30.96,24.3,27.114,86.044,70.62,1.681,4610.03,10271.924,20.59,14.39,0.449,16.596,19.0
2020-09-12,24,29.94,24.61,26.893,86.473,71.23,2.606,3576.43,10255.125,1.34,1.07,0.349,12.875,38.92
2020-09-13,24,31.25,25.2,27.873,82.795,69.71,1.755,5694.92,10237.749,0.76,0.7,0.556,20.502,40.02
2020-09-14,24,30.88,24.8,28.02,82.19,69.09,1.962,5645.61,10219.795,0.81,0.81,0.552,20.324,22.69
2020-09-15,24,33.4,25.23,28.711,84.346,65.72,1.255,6417.65,10201.262,4.82,4.09,0.629,23.104,2.91
2020-09-16,24,32.71,25.49,28.49,83.16,64.65,1.437,5691.27,10182.151,0.52,0.26,0.559,20.489,6.39
2020-09-17,24,30.47,26.33,28.278,85.257,76.54,2.748,6065.92,10162.465,0.14,0.14,0.597,21.837,6.15
2020-09-18,24,31.89,26.22,28.654,82.327,67.17,2.345,5996.28,10142.204,0.09,0.08,0.591,21.587,5.48
2020-09-19,24,30.52,24.13,27.045,86.786,68.71,0.986,3228.41,10121.372,18.61,18.55,0.319,11.622,0.75
2020-09-20,24,31.5,25.37,27.94,84.366,66.8,1.298,4046.75,10099.972,8.67,7.11,0.401,14.568,18.84
2020-09-21,24,29.83,23.9,26.847,86.01,70.83,1.075,4476.49,10078.009,1.01,1.01,0.444,16.115,27.37
2020-09-22,24,32.92,24.65,28.875,83.405,65.26,1.606,5722.69,10055.488,1.99,1.99,0.569,20.602,28.29
2020-09-23,24,32.61,26.75,29.205,80.285,64.88,2.069,6245.51,10032.416,0.0,0.0,0.623,22.484,11.67
2020-09-24,24,31.69,24.75,27.52,81.836,64.73,1.185,5931.61,10008.798,4.58,1.86,0.593,21.354,3.0
2020-09-25,24,32.33,24.68,28.412,83.585,67.29,1.166,5643.31,9984.643,0.66,0.63,0.565,20.316,6.57
2020-09-26,24,31.53,25.0,27.794,86.921,69.83,1.752,5975.46,9959.959,0.56,0.56,0.6,21.512,5.24
2020-09-27,24,32.02,24.72,28.157,82.354,64.59,1.76,5517.87,9934.755,0.14,0.14,0.555,19.864,5.8
2020-09-28,24,31.6,24.5,27.887,82.615,67.52,1.541,5829.8,9909.041,0.06,0.06,0.588,20.987,1.36
2020-09-29,24,32.23,24.7,28.35,82.326,66.49,1.364,6491.99,9882.828,0.09,0.09,0.657,23.371,0.76
2020-09-30,24,33.22,25.77,28.737,81.49,61.99,1.919,6178.21,9856.126,0.21,0.21,0.627,22.242,0.29
2020-10-01,24,31.75,25.5,27.88,83.026,63.05,2.124,6391.36,9828.949,0.0,0.0,0.65,23.009,0.36
2020-10-02,24,34.35,25.59,28.809,83.925,60.23,1.597,6746.39,9801.309,0.0,0.0,0.688,24.287,0.3
2020-10-03,24,33.65,25.16,28.729,79.652,55.24,1.989,6846.97,9773.219,0.0,0.0,0.701,24.649,0.21
2020-10-04,24,31.64,22.69,27.302,81.442,62.79,1.585,5507.03,9744.695,1.35,1.17,0.565,19.825,0.0
2020-10-05,24,31.96,25.11,27.43,82.788,66.73,1.142,4636.27,9715.75,3.73,2.35,0.477,16.691,1.35
2020-10-06,24,32.28,23.79,27.576,82.161,59.66,1.217,5735.18,9686.4,3.45,3.43,0.592,20.647,5.08
2020-10-07,24,32.96,26.03,28.991,82.019,64.63,2.152,5067.22,9656.663,4.37,4.37,0.525,18.242,8.53
2020-10-08,24,30.56,25.32,27.38,84.32,68.02,2.155,5449.9,9626.553,0.16,0.16,0.566,19.62,11.55
2020-10-09,24,32.5,25.81,28.454,86.783,68.65,1.791,6291.54,9596.09,0.0,0.0,0.656,22.65,7.98
2020-10-10,24,32.39,25.73,28.677,84.052,66.74,2.077,6472.5,9565.291,0.0,0.0,0.677,23.301,4.53
2020-10-11,24,32.37,25.12,28.287,82.535,63.84,1.461,6249.11,9534.175,0.0,0.0,0.655,22.497,0.16
2020-10-12,24,31.25,24.49,27.448,84.538,66.79,1.579,5448.12,9502.76,4.25,4.19,0.573,19.613,0.0
2020-10-13,24,30.67,24.22,26.735,85.426,65.88,1.191,2949.47,9471.067,5.99,2.0,0.311,10.618,4.25
2020-10-14,24,33.41,23.95,28.263,81.743,60.58,1.227,5858.08,9439.116,0.52,0.52,0.621,21.089,10.24
2020-10-15,24,32.58,25.69,28.51,83.869,65.8,1.559,6060.78,9406.927,0.49,0.49,0.644,21.819,10.76
2020-10-16,24,32.99,25.72,28.631,84.612,60.22,1.686,6487.6,9374.521,0.0,0.0,0.692,23.355,7.0
2020-10-17,24,32.92,25.28,28.441,85.918,65.11,1.677,6441.49,9341.92,0.0,0.0,0.69,23.189,1.01
2020-10-18,24,33.84,25.76,29.047,82.985,57.79,1.628,6490.61,9309.146,0.0,0.0,0.697,23.366,0.49
2020-10-19,24,37.42,26.0,30.13,76.388,42.05,1.28,6428.1,9276.22,0.0,0.0,0.693,23.141,0.0
2020-10-20,24,37.39,25.36,30.071,68.242,32.66,1.493,6586.18,9243.166,0.0,0.0,0.713,23.71,0.0
2020-10-21,24,36.6,25.07,29.444,68.23,30.58,1.372,6428.92,9210.006,0.0,0.0,0.698,23.144,0.0
2020-10-22,24,35.26,23.22,28.574,74.631,38.75,1.969,6512.28,9176.762,0.0,0.0,0.71,23.444,0.0
2020-10-23,24,34.16,24.83,28.7,74.532,42.43,1.551,5936.65,9143.459,0.0,0.0,0.649,21.372,0.0
2020-10-24,24,35.79,24.31,29.02,76.506,45.25,1.139,6090.79,9110.12,0.87,0.87,0.669,21.927,0.0
2020-10-25,24,36.31,24.61,29.298,73.729,42.23,1.701,6347.94,9076.768,0.0,0.0,0.699,22.853,0.87
2020-10-26,24,37.61,24.33,29.427,74.65,34.22,1.294,6432.28,9043.428,0.0,0.0,0.711,23.156,0.87
2020-10-27,24,37.92,22.73,29.098,69.509,27.12,1.58,6515.56,9010.123,0.0,0.0,0.723,23.456,0.87
2020-10-28,24,37.57,21.49,28.322,60.288,27.13,0.928,6504.21,8976.877,0.0,0.0,0.725,23.415,0.0
2020-10-29,24,37.95,23.11,28.908,65.31,23.87,2.218,6465.66,8943.714,0.0,0.0,0.723,23.276,0.0
2020-10-30,24,35.88,24.42,28.638,53.511,28.26,3.449,6371.52,8910.659,0.0,0.0,0.715,22.937,0.0
2020-10-31,24,33.83,22.36,26.97,69.721,40.65,3.115,5854.72,8877.735,0.0,0.0,0.659,21.077,0.0
2020-11-01,24,37.01,21.05,28.03,67.067,32.27,1.612,6282.12,8844.967,0.0,0.0,0.71,22.616,0.0
2020-11-02,24,37.69,21.26,28.05,56.533,23.02,1.963,6334.97,8812.379,0.0,0.0,0.719,22.806,0.0
2020-11-03,24,38.11,22.17,28.465,54.156,21.68,1.923,6068.81,8779.994,0.0,0.0,0.691,21.848,0.0
2020-11-04,24,34.53,20.44,27.354,72.435,44.35,1.606,6095.35,8747.837,0.0,0.0,0.697,21.943,0.0
2020-11-05,24,33.58,24.15,28.041,79.779,51.75,1.777,5691.46,8715.932,0.0,0.0,0.653,20.489,0.0
2020-11-06,24,33.69,24.54,28.23,78.429,53.92,1.749,5298.82,8684.302,0.73,0.73,0.61,19.076,0.0
2020-11-07,24,35.39,24.55,28.834,70.835,41.64,2.701,5797.25,8652.97,0.0,0.0,0.67,20.87,0.73
2020-11-08,24,37.9,25.28,29.748,62.967,31.71,2.93,6003.95,8621.961,0.0,0.0,0.696,21.614,0.73
2020-11-09,24,39.01,23.02,28.978,57.353,20.41,1.6,6159.31,8591.296,0.0,0.0,0.717,22.174,0.73
2020-11-10,24,35.79,20.56,27.527,67.155,39.86,1.311,6010.88,8560.999,0.0,0.0,0.702,21.639,0.0
2020-11-11,24,37.36,22.87,28.492,69.285,30.74,1.628,6055.73,8531.092,0.0,0.0,0.71,21.801,0.0
2020-11-12,24,38.1,19.89,28.68,41.65,20.4,2.295,6169.57,8501.598,0.0,0.0,0.726,22.21,0.0
2020-11-13,24,37.2,19.59,27.779,36.245,18.96,1.789,6160.05,8472.539,0.0,0.0,0.727,22.176,0.0
2020-11-14,24,36.79,18.69,27.242,40.763,19.05,2.118,6162.01,8443.936,0.0,0.0,0.73,22.183,0.0
2020-11-15,24,36.96,18.95,27.09,57.202,20.57,1.694,6110.99,8415.811,0.0,0.0,0.726,22.0,0.0
2020-11-16,24,37.38,17.77,27.008,49.432,17.96,1.939,6071.32,8388.185,0.0,0.0,0.724,21.857,0.0
2020-11-17,24,37.54,21.19,27.853,47.626,18.74,2.196,5955.88,8361.078,0.0,0.0,0.712,21.441,0.0
2020-11-18,24,37.53,19.75,27.459,48.708,17.75,2.329,5989.37,8334.511,0.0,0.0,0.719,21.562,0.0
2020-11-19,24,35.95,19.7,26.87,42.696,19.05,2.382,5927.46,8308.503,0.0,0.0,0.713,21.339,0.0
2020-11-20,24,36.43,19.29,26.45,51.245,20.42,1.855,5645.99,8283.074,0.0,0.0,0.682,20.326,0.0
2020-11-21,24,37.76,19.96,27.323,60.459,21.87,1.342,5697.83,8258.243,0.0,0.0,0.69,20.512,0.0
2020-11-22,24,36.4,21.12,27.432,70.039,34.99,1.415,5618.29,8234.029,0.0,0.0,0.682,20.226,0.0
2020-11-23,24,37.12,21.61,28.172,60.552,21.98,1.331,5285.54,8210.449,0.0,0.0,0.644,19.028,0.0
2020-11-24,24,35.21,23.15,27.977,42.747,21.67,2.121,5235.84,8187.522,0.0,0.0,0.639,18.849,0.0
2020-11-25,24,32.07,20.62,25.251,40.766,20.99,2.17,4362.36,8165.264,0.0,0.0,0.534,15.704,0.0
2020-11-26,24,32.59,20.27,25.347,45.896,20.88,2.368,4503.8,8143.693,0.0,0.0,0.553,16.214,0.0
2020-11-27,24,31.82,19.34,24.541,62.66,30.2,3.34,5688.27,8122.823,0.0,0.0,0.7,20.478,0.0
2020-11-28,24,31.09,19.08,24.157,57.135,32.35,3.003,5653.43,8102.672,0.0,0.0,0.698,20.352,0.0
2020-11-29,24,31.47,20.31,25.09,67.508,41.5,2.381,5381.78,8083.253,0.0,0.0,0.666,19.374,0.0
2020-11-30,24,30.2,21.68,25.122,73.51,51.32,2.442,5004.35,8064.582,0.0,0.0,0.621,18.016,0.0
2020-12-01,24,32.44,21.86,25.555,73.259,44.34,2.781,4917.05,8046.673,0.0,0.0,0.611,17.701,0.0
2020-12-02,24,31.96,21.83,25.737,75.637,49.56,3.103,5349.34,8029.539,0.0,0.0,0.666,19.258,0.0
2020-12-03,24,32.0,21.65,25.556,70.077,41.78,3.098,5393.61,8013.193,0.0,0.0,0.673,19.417,0.0
2020-12-04,24,32.29,20.72,25.307,74.685,42.59,3.044,4900.44,7997.648,0.0,0.0,0.613,17.642,0.0
2020-12-05,24,32.55,21.33,25.511,71.698,39.88,3.255,5359.3,7982.915,0.0,0.0,0.671,19.293,0.0
2020-12-06,24,32.56,20.93,25.436,64.899,36.76,3.328,5509.61,7969.005,0.0,0.0,0.691,19.835,0.0
2020-12-07,24,32.61,19.52,24.948,55.12,30.31,3.099,5478.87,7955.929,0.0,0.0,0.689,19.724,0.0
2020-12-08,24,32.65,19.12,24.638,54.918,30.13,2.937,5462.1,7943.698,0.0,0.0,0.688,19.664,0.0
2020-12-09,24,33.57,19.47,24.875,55.156,25.47,2.978,5381.26,7932.32,0.0,0.0,0.678,19.373,0.0
2020-12-10,24,33.43,19.6,24.829,46.629,22.56,2.804,5481.41,7921.804,0.0,0.0,0.692,19.733,0.0
2020-12-11,24,34.55,17.83,24.708,41.938,17.4,2.168,5482.35,7912.159,0.0,0.0,0.693,19.736,0.0
2020-12-12,24,34.39,18.92,25.086,51.436,24.08,2.388,5447.83,7903.392,0.0,0.0,0.689,19.612,0.0
2020-12-13,24,33.16,18.52,24.092,61.99,27.89,2.409,4549.08,7895.51,0.0,0.0,0.576,16.377,0.0
2020-12-14,24,32.76,18.71,24.275,66.449,27.8,2.573,5439.74,7888.52,0.0,0.0,0.69,19.583,0.0
2020-12-15,24,32.94,17.82,24.002,68.422,29.79,2.272,5285.14,7882.426,0.0,0.0,0.67,19.027,0.0
2020-12-16,24,31.78,18.47,23.917,71.93,37.01,2.748,5426.18,7877.236,0.0,0.0,0.689,19.534,0.0
2020-12-17,24,33.05,19.44,24.506,62.742,27.7,3.073,5466.71,7875.162,0.0,0.0,0.694,19.68,0.0
2020-12-18,24,31.75,19.88,23.933,51.13,25.2,3.415,5452.87,7874.475,0.0,0.0,0.692,19.63,0.0
2020-12-19,24,31.64,17.5,23.185,52.905,23.88,2.988,5352.28,7874.662,0.0,0.0,0.68,19.268,0.0
2020-12-20,24,32.88,17.14,23.573,39.687,20.94,2.85,5462.56,7875.724,0.0,0.0,0.694,19.665,0.0
2020-12-21,24,33.67,17.83,23.782,38.613,20.21,2.621,5514.28,7877.66,0.0,0.0,0.7,19.851,0.0
2020-12-22,24,34.28,16.45,23.399,41.301,18.84,2.255,5504.3,7880.47,0.0,0.0,0.698,19.815,0.0
2020-12-23,24,32.75,15.27,22.634,47.654,20.73,1.743,5310.7,7884.151,0.0,0.0,0.674,19.119,0.0
2020-12-24,24,32.33,15.73,22.75,64.561,26.84,1.197,4498.74,7888.703,0.0,0.0,0.57,16.195,0.0
2020-12-25,24,31.43,18.43,23.323,70.357,32.74,2.034,4711.64,7894.123,0.0,0.0,0.597,16.962,0.0
2020-12-26,24,30.86,20.02,24.107,65.678,35.28,2.945,3877.21,7900.406,0.0,0.0,0.491,13.958,0.0
2020-12-27,24,33.04,20.68,25.226,58.446,34.55,3.418,5275.55,7907.549,0.0,0.0,0.667,18.992,0.0
2020-12-28,24,33.57,21.05,25.585,60.768,30.56,3.39,4957.96,7915.548,0.0,0.0,0.626,17.849,0.0
2020-12-29,24,34.33,21.0,25.697,61.332,31.89,3.285,5068.22,7924.396,0.0,0.0,0.64,18.246,0.0
2020-12-30,24,32.56,20.7,24.938,64.99,37.48,3.464,5230.57,7934.089,0.0,0.0,0.659,18.83,0.0
2020-12-31,24,34.33,20.06,25.493,58.502,29.52,3.334,5216.84,7944.619,0.0,0.0,0.657,18.781,0.0
2021-01-01,24,34.9,20.73,25.844,47.162,25.84,3.365,5358.47,7944.619,0.0,0.0,0.674,19.29,0.0
2021-01-02,24,31.68,19.17,23.795,49.771,27.75,3.03,5440.86,7955.98,0.0,0.0,0.684,19.587,0.0
2021-01-03,24,32.5,17.35,23.684,52.884,30.47,2.817,5397.24,7968.163,0.0,0.0,0.677,19.43,0.0
2021-01-04,24,35.92,17.99,25.151,42.254,18.5,2.324,5466.49,7981.161,0.0,0.0,0.685,19.679,0.0
2021-01-05,24,36.55,19.63,26.222,40.158,20.01,2.532,5455.1,7994.964,0.0,0.0,0.682,19.638,0.0
2021-01-06,24,36.91,20.42,26.875,42.726,22.09,2.106,4961.44,8009.563,0.0,0.0,0.619,17.861,0.0
2021-01-07,24,37.41,20.23,26.598,50.703,22.84,2.49,5527.61,8024.948,0.0,0.0,0.689,19.899,0.0
2021-01-08,24,29.97,19.59,23.62,70.464,44.21,3.668,5482.75,8041.107,0.0,0.0,0.682,19.738,0.0
2021-01-09,24,27.13,18.78,21.545,75.178,47.1,4.788,5490.38,8058.029,0.0,0.0,0.681,19.765,0.0
2021-01-10,24,27.93,17.84,21.68,57.309,35.82,4.591,5081.89,8075.703,0.0,0.0,0.629,18.295,0.0
2021-01-11,24,27.15,18.08,21.773,42.75,29.54,4.032,4784.76,8094.116,0.0,0.0,0.591,17.225,0.0
2021-01-12,24,29.64,18.88,22.746,44.571,28.28,3.381,4744.15,8113.255,0.0,0.0,0.585,17.079,0.0
2021-01-13,24,30.65,18.27,22.512,43.325,23.74,3.52,5437.67,8133.105,0.0,0.0,0.669,19.576,0.0
2021-01-14,24,33.17,18.26,23.534,42.87,20.29,3.407,5572.62,8153.653,0.0,0.0,0.683,20.061,0.0
2021-01-15,24,33.44,18.63,23.807,37.35,19.52,3.163,5337.1,8174.884,0.0,0.0,0.653,19.214,0.0
2021-01-16,24,31.13,19.01,23.582,31.979,19.65,2.748,5064.9,8196.782,0.0,0.0,0.618,18.234,0.0
2021-01-17,24,30.28,20.07,23.637,25.455,21.0,2.77,3721.09,8219.332,0.0,0.0,0.453,13.396,0.0
2021-01-18,24,29.74,18.98,23.294,30.294,22.08,2.568,4321.05,8242.517,0.0,0.0,0.524,15.556,0.0
2021-01-19,24,33.46,17.97,23.466,33.011,17.69,2.847,5762.3,8266.319,0.0,0.0,0.697,20.744,0.0
2021-01-20,24,34.37,17.6,23.583,38.179,19.0,2.693,5559.81,8290.723,0.0,0.0,0.671,20.015,0.0
2021-01-21,24,36.37,17.98,24.956,36.868,16.12,2.797,5614.61,8315.709,0.0,0.0,0.675,20.213,0.0
2021-01-22,24,34.88,20.52,26.007,26.297,13.41,2.776,5532.1,8341.259,0.0,0.0,0.663,19.916,0.0
2021-01-23,24,33.06,18.5,24.381,27.095,14.32,2.385,3948.49,8367.354,0.0,0.0,0.472,14.215,0.0
2021-01-24,24,35.32,15.56,23.56,31.167,10.87,2.38,6134.99,8393.975,0.0,0.0,0.731,22.086,0.0
2021-01-25,24,36.55,15.63,24.059,31.379,10.52,2.295,6092.09,8421.103,0.0,0.0,0.723,21.932,0.0
2021-01-26,24,37.13,16.85,24.792,31.228,10.13,2.285,6103.24,8448.716,0.0,0.0,0.722,21.972,0.0
2021-01-27,24,37.36,15.65,24.45,31.111,9.14,2.142,6178.96,8476.794,0.0,0.0,0.729,22.244,0.0
2021-01-28,24,36.89,16.03,24.73,30.403,11.62,2.475,6134.38,8505.317,0.0,0.0,0.721,22.084,0.0
2021-01-29,24,35.78,17.54,24.615,33.34,12.52,2.719,5962.15,8534.263,0.0,0.0,0.699,21.464,0.0
2021-01-30,24,36.9,17.42,25.064,35.743,11.82,2.67,5995.14,8563.609,0.0,0.0,0.7,21.583,0.0
2021-01-31,24,35.43,18.79,26.157,26.068,13.0,2.56,5555.04,8593.335,0.0,0.0,0.646,19.998,0.0
2021-02-01,24,35.84,18.81,26.098,26.383,12.6,2.283,5523.35,8623.417,0.0,0.0,0.641,19.884,0.0
2021-02-02,24,36.66,18.39,25.289,34.051,11.92,2.289,6137.02,8653.834,0.0,0.0,0.709,22.093,0.0
2021-02-03,24,35.89,17.85,24.675,43.341,14.92,2.176,5141.55,8684.561,0.0,0.0,0.592,18.51,0.0
2021-02-04,24,29.15,19.03,21.975,68.42,35.26,3.173,4466.49,8715.576,0.0,0.0,0.512,16.079,0.0
2021-02-05,24,23.64,17.55,19.792,78.809,58.2,4.182,5482.5,8746.856,0.0,0.0,0.627,19.737,0.0
2021-02-06,24,23.56,17.15,19.186,68.34,42.26,4.31,4214.1,8778.376,0.0,0.0,0.48,15.171,0.0
2021-02-07,24,30.57,15.62,21.77,49.844,23.74,3.676,6136.96,8810.113,0.0,0.0,0.697,22.093,0.0
2021-02-08,24,32.25,16.88,23.066,39.146,21.32,3.252,5913.84,8842.043,0.0,0.0,0.669,21.29,0.0
2021-02-09,24,31.8,18.95,23.341,41.412,20.68,3.021,5072.08,8874.142,0.0,0.0,0.572,18.259,0.0
2021-02-10,24,32.97,18.63,23.695,37.369,18.26,2.82,5680.57,8906.385,0.0,0.0,0.638,20.45,0.0
2021-02-11,24,33.83,17.54,23.9,43.692,23.29,3.023,6179.5,8938.749,0.0,0.0,0.691,22.246,0.0
2021-02-12,24,34.79,18.38,24.43,39.639,16.96,3.49,6299.73,8971.209,0.0,0.0,0.702,22.679,0.0
2021-02-13,24,34.63,18.14,24.144,43.887,17.9,3.618,6261.49,9003.741,0.0,0.0,0.695,22.541,0.0
2021-02-14,24,36.21,18.33,25.301,41.194,14.33,2.805,6261.77,9036.32,0.0,0.0,0.693,22.542,0.0
2021-02-15,24,37.35,20.59,27.142,32.671,14.11,2.167,6064.43,9068.922,0.0,0.0,0.669,21.832,0.0
2021-02-16,24,36.44,19.94,26.263,37.295,16.7,2.117,5608.95,9101.523,0.0,0.0,0.616,20.192,0.0
2021-02-17,24,29.04,21.37,24.65,46.507,31.0,1.88,3068.98,9134.099,0.02,0.02,0.336,11.048,0.0
2021-02-18,24,31.03,20.84,23.879,50.934,32.16,2.609,4607.64,9166.625,0.0,0.0,0.503,16.588,0.02
2021-02-19,24,32.02,20.65,24.318,51.613,26.12,3.259,6319.73,9199.079,0.0,0.0,0.687,22.751,0.02
2021-02-20,24,30.4,18.7,23.28,56.714,33.29,3.173,6307.48,9231.435,0.0,0.0,0.683,22.707,0.02
2021-02-21,24,31.56,18.06,22.83,53.562,28.45,3.882,6493.53,9263.671,0.0,0.0,0.701,23.377,0.0
2021-02-22,24,35.6,18.07,24.727,44.842,17.59,3.641,6599.4,9295.764,0.0,0.0,0.71,23.758,0.0
2021-02-23,24,38.55,20.32,27.189,36.907,12.84,2.902,6657.94,9327.69,0.0,0.0,0.714,23.969,0.0
2021-02-24,24,38.41,20.2,26.732,40.931,13.47,2.84,6756.38,9359.427,0.0,0.0,0.722,24.323,0.0
2021-02-25,24,38.07,19.0,26.675,39.413,11.6,2.899,6824.34,9390.953,0.0,0.0,0.727,24.568,0.0
2021-02-26,24,34.9,20.69,26.243,29.641,15.89,3.738,6785.22,9422.245,0.0,0.0,0.72,24.427,0.0
2021-02-27,24,32.67,19.43,23.9,33.574,16.23,3.648,6808.73,9453.282,0.0,0.0,0.72,24.511,0.0
2021-02-28,24,29.08,17.2,21.54,55.312,27.1,3.753,6711.11,9484.044,0.0,0.0,0.708,24.16,0.0
2021-03-01,24,30.86,16.17,21.845,57.172,28.32,3.429,6700.11,9517.529,0.0,0.0,0.704,24.12,0.0
2021-03-02,24,36.03,17.95,25.231,41.896,18.05,3.025,6612.37,9551.097,0.0,0.0,0.692,23.805,0.0
2021-03-03,24,37.31,21.13,26.432,36.935,18.46,3.269,6683.22,9584.396,0.0,0.0,0.697,24.06,0.0
2021-03-04,24,33.16,19.24,24.202,49.037,24.59,3.593,6502.04,9617.404,0.0,0.0,0.676,23.407,0.0
2021-03-05,24,34.15,18.34,24.149,53.654,26.28,3.072,6724.27,9650.1,0.0,0.0,0.697,24.207,0.0
2021-03-06,24,33.86,18.85,24.483,51.44,24.15,3.528,6789.83,9682.463,0.0,0.0,0.701,24.443,0.0
2021-03-07,24,33.62,18.62,23.843,52.925,26.04,4.068,6815.38,9714.473,0.0,0.0,0.702,24.535,0.0
2021-03-08,24,31.42,17.4,22.48,55.793,27.92,4.251,6896.98,9746.11,0.0,0.0,0.708,24.829,0.0
2021-03-09,24,31.89,16.84,22.486,57.08,25.17,4.1,6927.14,9777.355,0.0,0.0,0.708,24.938,0.0
2021-03-10,24,32.33,17.52,22.965,54.779,25.22,3.941,6863.7,9808.189,0.0,0.0,0.7,24.709,0.0
2021-03-11,24,33.71,17.02,23.367,46.526,17.76,3.059,6274.41,9838.594,0.0,0.0,0.638,22.588,0.0
2021-03-12,24,36.0,16.79,25.452,37.991,15.55,2.787,7181.17,9868.553,0.0,0.0,0.728,25.852,0.0
2021-03-13,24,36.46,18.08,26.01,36.928,14.9,2.502,7226.84,9898.05,0.0,0.0,0.73,26.017,0.0
2021-03-14,24,37.78,18.89,26.755,40.336,14.7,2.289,7161.96,9927.068,0.0,0.0,0.721,25.783,0.0
2021-03-15,24,34.74,19.74,25.4,48.462,21.42,2.615,7187.22,9955.592,0.0,0.0,0.722,25.874,0.0
2021-03-16,24,33.22,17.15,23.642,65.256,26.37,2.299,7322.7,9983.608,0.0,0.0,0.733,26.362,0.0
2021-03-17,24,32.13,17.14,22.486,76.028,30.07,2.196,7262.91,10011.103,0.0,0.0,0.725,26.146,0.0
2021-03-18,24,30.53,17.43,22.373,75.196,30.31,2.123,7262.17,10038.062,0.0,0.0,0.723,26.144,0.0
2021-03-19,24,28.94,17.97,22.098,75.313,43.07,2.754,7265.57,10064.475,0.0,0.0,0.722,26.156,0.0
2021-03-20,24,30.44,17.83,22.834,67.626,36.85,3.465,7284.24,10090.329,0.0,0.0,0.722,26.223,0.0
2021-03-21,24,29.65,17.92,22.637,68.0,37.06,3.257,7266.6,10115.615,0.0,0.0,0.718,26.16,0.0
2021-03-22,24,30.14,17.43,22.837,68.47,37.99,3.128,7240.09,10140.322,0.0,0.0,0.714,26.064,0.0
2021-03-23,24,31.8,17.49,23.56,64.596,30.89,3.383,7140.56,10164.441,0.0,0.0,0.703,25.706,0.0
2021-03-24,24,33.09,19.28,24.507,60.22,30.94,3.955,7002.34,10187.965,0.0,0.0,0.687,25.208,0.0
2021-03-25,24,32.81,19.65,24.294,61.562,35.04,4.055,7112.73,10210.886,0.0,0.0,0.697,25.606,0.0
2021-03-26,24,30.36,18.66,23.235,66.571,39.73,4.369,7267.79,10233.198,0.0,0.0,0.71,26.164,0.0
2021-03-27,24,30.87,18.4,22.448,69.889,41.02,4.609,7286.43,10254.895,0.0,0.0,0.711,26.231,0.0
2021-03-28,24,29.17,17.86,21.916,69.351,44.04,4.691,7282.97,10275.972,0.0,0.0,0.709,26.219,0.0
2021-03-29,24,29.52,17.59,21.88,68.345,41.85,4.285,7345.31,10296.426,0.0,0.0,0.713,26.443,0.0
2021-03-30,24,27.8,17.68,21.378,74.208,45.93,3.557,7228.17,10316.252,0.0,0.0,0.701,26.021,0.0
2021-03-31,24,27.99,17.45,21.542,70.67,38.49,4.02,6968.9,10335.45,0.0,0.0,0.674,25.088,0.0
2021-04-01,24,31.04,17.58,23.078,65.347,38.23,3.968,7292.67,10354.017,0.0,0.0,0.704,26.254,0.0
2021-04-02,24,37.83,19.4,26.846,54.285,25.61,2.665,7442.82,10371.952,0.0,0.0,0.718,26.794,0.0
2021-04-03,24,36.72,19.51,26.288,58.345,26.96,2.051,7451.58,10389.257,0.0,0.0,0.717,26.826,0.0
2021-04-04,24,37.31,17.96,26.803,53.45,24.51,2.993,7422.82,10405.93,0.0,0.0,0.713,26.722,0.0
2021-04-05,24,36.88,21.02,27.435,46.073,25.33,3.258,7467.29,10421.975,0.0,0.0,0.716,26.882,0.0
2021-04-06,24,37.3,19.99,27.22,45.929,22.25,2.857,7464.7,10437.394,0.0,0.0,0.715,26.873,0.0
2021-04-07,24,37.24,20.39,26.935,49.814,23.51,3.532,7409.57,10452.189,0.0,0.0,0.709,26.674,0.0
2021-04-08,24,34.57,20.15,25.864,52.608,32.17,4.316,7454.16,10466.364,0.0,0.0,0.712,26.835,0.0
2021-04-09,24,34.23,19.24,24.468,62.123,33.99,4.018,7466.81,10479.925,0.0,0.0,0.712,26.881,0.0
2021-04-10,24,34.29,18.48,24.602,63.327,31.96,3.464,7470.39,10492.875,0.0,0.0,0.712,26.893,0.0
2021-04-11,24,34.15,19.07,25.344,59.177,31.88,3.11,7479.15,10505.222,0.0,0.0,0.712,26.925,0.0
2021-04-12,24,39.69,20.27,27.866,47.726,21.12,3.739,7487.5,10516.971,0.0,0.0,0.712,26.955,0.0
2021-04-13,24,38.63,21.25,27.649,45.6,19.03,3.642,7456.36,10528.129,0.0,0.0,0.708,26.843,0.0
2021-04-14,24,35.66,21.16,26.757,47.906,23.19,3.491,7503.74,10538.705,0.0,0.0,0.712,27.013,0.0
2021-04-15,24,30.01,19.65,23.476,68.227,46.55,3.479,7340.1,10548.706,0.0,0.0,0.696,26.424,0.0
2021-04-16,24,30.6,18.77,23.452,70.806,45.56,3.892,7405.23,10558.142,0.0,0.0,0.701,26.659,0.0
2021-04-17,24,32.69,19.16,24.658,62.248,37.04,3.668,7329.56,10567.021,0.0,0.0,0.694,26.386,0.0
2021-04-18,24,33.45,19.68,25.21,58.995,36.18,3.483,7256.06,10575.353,0.0,0.0,0.686,26.122,0.0
2021-04-19,24,34.23,20.38,25.691,58.619,33.82,3.625,7424.04,10583.149,0.0,0.0,0.701,26.727,0.0
2021-04-20,24,31.34,19.12,23.902,70.527,40.69,3.573,7464.67,10590.419,0.0,0.0,0.705,26.873,0.0
2021-04-21,24,29.13,18.35,22.775,76.28,47.06,3.303,7372.87,10597.175,0.0,0.0,0.696,26.542,0.0
2021-04-22,24,29.89,18.3,23.196,75.192,45.16,3.009,7401.82,10603.427,0.0,0.0,0.698,26.647,0.0
2021-04-23,24,31.61,18.57,23.611,73.072,38.18,3.372,7442.32,10609.189,0.0,0.0,0.701,26.792,0.0
2021-04-24,24,30.13,18.54,23.049,75.861,42.34,3.334,7238.05,10614.471,0.0,0.0,0.682,26.057,0.0
2021-04-25,24,28.76,18.82,22.815,74.758,46.39,3.64,7414.92,10619.288,0.0,0.0,0.698,26.694,0.0
2021-04-26,24,30.53,18.77,23.168,72.991,40.84,3.611,7474.84,10623.65,0.0,0.0,0.704,26.909,0.0
2021-04-27,24,30.0,18.87,23.448,70.266,43.62,3.55,7388.61,10627.572,0.0,0.0,0.695,26.599,0.0
2021-04-28,24,30.98,19.42,23.915,66.978,37.7,3.783,7033.95,10631.066,0.0,0.0,0.662,25.322,0.0
2021-04-29,24,30.62,19.46,23.788,67.649,38.65,4.018,7463.36,10634.147,0.0,0.0,0.702,26.868,0.0
2021-04-30,24,30.5,19.62,23.638,67.911,38.99,4.037,7374.51,10636.828,0.0,0.0,0.693,26.548,0.0
2021-05-01,24,29.28,19.33,23.278,74.46,47.54,4.03,7450.81,10639.122,0.0,0.0,0.7,26.823,0.0
2021-05-02,24,29.24,19.12,22.862,74.117,43.69,3.787,6859.18,10641.044,0.0,0.0,0.645,24.693,0.0
2021-05-03,24,27.76,18.41,22.2,76.085,46.36,3.701,7458.24,10642.607,0.0,0.0,0.701,26.85,0.0
2021-05-04,24,28.3,18.7,22.651,73.98,47.72,3.332,7316.18,10643.826,0.0,0.0,0.687,26.338,0.0
2021-05-05,24,29.84,19.43,23.489,71.616,44.36,3.195,7469.35,10644.715,0.0,0.0,0.702,26.89,0.0
2021-05-06,24,31.68,19.63,24.3,65.478,36.22,3.135,6488.15,10645.289,0.0,0.0,0.609,23.357,0.0
2021-05-07,24,33.74,20.19,25.231,64.548,33.65,3.393,7525.81,10645.56,0.0,0.0,0.707,27.093,0.0
2021-05-08,24,30.76,19.51,23.722,68.87,37.89,3.864,7597.43,10645.544,0.0,0.0,0.714,27.351,0.0
2021-05-09,24,28.59,18.79,22.537,76.635,47.0,3.269,7537.75,10645.255,0.0,0.0,0.708,27.136,0.0
2021-05-10,24,31.36,18.53,23.439,73.707,41.89,2.858,7585.71,10644.706,0.0,0.0,0.713,27.309,0.0
2021-05-11,24,35.14,19.2,25.674,63.084,34.61,2.12,7559.46,10643.912,0.0,0.0,0.71,27.214,0.0
2021-05-12,24,33.53,19.57,26.062,66.729,37.72,1.96,6897.17,10642.887,0.0,0.0,0.648,24.83,0.0
2021-05-13,24,35.84,22.43,27.19,58.508,30.82,2.119,6809.79,10641.645,0.0,0.0,0.64,24.515,0.0
2021-05-14,24,38.05,21.3,27.785,51.566,23.69,3.69,7481.58,10640.199,0.0,0.0,0.703,26.934,0.0
2021-05-15,24,35.33,20.91,26.489,57.337,30.45,3.037,7610.85,10638.562,0.0,0.0,0.715,27.399,0.0
2021-05-16,24,32.14,19.56,24.557,70.732,41.48,2.93,7621.29,10636.749,0.0,0.0,0.717,27.437,0.0
2021-05-17,24,32.24,19.78,24.603,71.631,42.23,3.502,7350.96,10634.773,0.0,0.0,0.691,26.463,0.0
2021-05-18,24,35.97,20.37,26.707,59.368,34.86,3.434,7572.64,10632.646,0.0,0.0,0.712,27.262,0.0
2021-05-19,24,38.18,21.76,28.103,56.656,27.54,1.745,7536.82,10630.381,0.0,0.0,0.709,27.133,0.0
2021-05-20,24,31.93,21.35,25.623,74.285,46.32,1.974,7273.71,10627.991,0.0,0.0,0.684,26.185,0.0
2021-05-21,24,31.01,19.4,24.147,74.974,42.48,2.036,7580.37,10625.488,0.0,0.0,0.713,27.289,0.0
2021-05-22,24,29.57,19.71,23.314,77.011,48.28,2.307,7246.99,10622.884,0.0,0.0,0.682,26.089,0.0
2021-05-23,24,29.55,18.7,23.262,78.291,50.86,2.464,7542.28,10620.192,0.0,0.0,0.71,27.152,0.0
2021-05-24,24,29.68,19.98,23.727,79.149,52.04,2.969,7265.2,10617.422,0.0,0.0,0.684,26.155,0.0
2021-05-25,24,31.27,20.42,24.58,73.386,47.22,2.725,6165.44,10614.587,0.17,0.17,0.581,22.196,0.0
2021-05-26,24,33.06,20.97,25.635,68.399,43.93,2.735,7479.74,10611.697,0.02,0.02,0.705,26.927,0.17
2021-05-27,24,32.37,20.43,24.78,73.768,42.64,2.454,7485.95,10608.762,0.0,0.0,0.706,26.949,0.19
2021-05-28,24,31.06,19.94,24.28,74.402,41.68,2.817,7485.22,10605.794,0.0,0.0,0.706,26.947,0.19
2021-05-29,24,30.22,20.8,24.388,73.605,47.78,3.06,7481.99,10602.803,0.0,0.0,0.706,26.935,0.02
2021-05-30,24,31.14,19.59,24.551,75.274,49.23,2.679,7406.57,10599.797,0.0,0.0,0.699,26.664,0.0
2021-05-31,24,30.71,20.5,24.812,76.837,50.72,2.254,6944.14,10596.787,0.0,0.0,0.655,24.999,0.0
2021-06-01,24,31.05,21.25,24.975,78.052,53.47,2.162,7004.95,10593.783,0.0,0.0,0.661,25.218,0.0
2021-06-02,24,30.78,20.79,24.979,72.763,44.52,2.621,7274.12,10591.219,0.0,0.0,0.687,26.187,0.0
2021-06-03,24,30.61,21.63,25.915,64.876,43.58,3.747,7214.24,10589.846,0.0,0.0,0.681,25.971,0.0
2021-06-04,24,35.05,24.13,28.222,58.109,38.75,2.878,7384.73,10588.493,0.0,0.0,0.697,26.585,0.0
2021-06-05,24,33.43,22.05,27.093,66.46,45.65,1.573,7064.66,10587.166,0.0,0.0,0.667,25.433,0.0
2021-06-06,24,33.61,22.12,26.707,65.74,37.67,1.803,7404.48,10585.872,0.0,0.0,0.699,26.656,0.0
2021-06-07,24,35.95,21.28,27.17,66.045,33.3,1.539,7479.75,10584.616,0.0,0.0,0.707,26.927,0.0
2021-06-08,24,34.73,22.49,28.091,69.075,40.11,1.633,7192.72,10583.402,0.0,0.0,0.68,25.894,0.0
2021-06-09,24,33.72,23.9,27.784,72.337,45.05,2.542,7172.26,10582.236,0.0,0.0,0.678,25.82,0.0
2021-06-10,24,32.56,23.05,27.317,75.209,51.68,2.024,7190.85,10581.121,0.0,0.0,0.68,25.887,0.0
2021-06-11,24,32.29,23.48,27.095,76.793,52.82,1.679,6476.65,10580.063,0.12,0.12,0.612,23.316,0.0
2021-06-12,24,33.89,24.28,28.834,72.388,51.13,1.515,6785.0,10579.064,0.0,0.0,0.641,24.426,0.12
2021-06-13,24,32.47,24.34,27.977,74.43,53.17,2.587,7173.24,10578.127,0.0,0.0,0.678,25.824,0.12
2021-06-14,24,31.08,23.89,26.681,78.099,55.67,2.566,6946.67,10577.256,0.0,0.0,0.657,25.008,0.12
2021-06-15,24,33.23,24.41,27.957,76.2,49.97,2.345,6994.81,10576.452,0.0,0.0,0.661,25.181,0.0
2021-06-16,24,33.05,24.07,27.639,73.002,45.62,2.265,7126.62,10575.719,0.0,0.0,0.674,25.656,0.0
2021-06-17,24,32.57,22.7,26.897,76.973,52.16,1.886,7209.23,10575.057,0.0,0.0,0.682,25.953,0.0
2021-06-18,24,31.85,22.65,26.705,77.267,48.08,2.167,7380.63,10574.467,0.0,0.0,0.698,26.57,0.0
2021-06-19,24,31.91,22.71,26.291,76.705,49.37,2.618,7407.59,10573.952,0.0,0.0,0.701,26.667,0.0
2021-06-20,24,31.37,22.32,26.022,74.712,49.6,3.116,7431.56,10573.51,0.0,0.0,0.703,26.754,0.0
2021-06-21,24,31.45,22.7,26.85,74.182,51.05,1.345,6112.98,10573.143,0.0,0.0,0.578,22.007,0.0
2021-06-22,24,33.14,23.83,28.005,74.257,52.05,1.675,6724.11,10572.85,0.0,0.0,0.636,24.207,0.0
2021-06-23,24,31.42,23.4,26.901,75.004,52.92,2.828,7331.27,10572.63,0.0,0.0,0.693,26.393,0.0
2021-06-24,24,35.0,22.62,28.455,69.246,40.35,1.482,7321.82,10572.483,0.1,0.0,0.693,26.359,0.0
2021-06-25,24,33.89,25.41,29.34,71.55,51.74,1.819,6491.47,10572.407,0.01,0.0,0.614,23.369,0.1
2021-06-26,24,28.87,24.74,26.612,84.041,70.17,1.46,6399.47,10572.4,9.73,0.01,0.605,23.038,0.11
2021-06-27,24,31.73,23.78,27.124,76.215,51.37,2.093,7120.77,10572.461,0.0,0.0,0.674,25.635,9.84
2021-06-28,24,34.12,23.73,28.122,75.055,47.06,2.092,6823.85,10572.586,0.0,0.0,0.645,24.566,9.74
2021-06-29,24,32.99,24.07,27.651,73.102,49.15,2.379,7227.32,10572.773,0.0,0.0,0.684,26.018,9.73
2021-06-30,24,30.82,23.79,26.629,76.53,55.75,2.022,7205.34,10573.019,0.0,0.0,0.681,25.939,0.0
2021-07-01,24,30.38,22.94,26.039,75.386,52.54,1.871,6871.54,10573.319,0.0,0.0,0.65,24.738,0.0
2021-07-02,24,32.85,23.31,27.042,74.988,51.8,1.678,7032.78,10573.671,0.0,0.0,0.665,25.318,0.0
2021-07-03,24,30.59,24.2,26.552,78.603,60.32,2.578,7045.44,10574.07,0.0,0.0,0.666,25.364,0.0
2021-07-04,24,29.12,23.67,25.833,76.479,58.62,2.78,6596.35,10574.511,0.0,0.0,0.624,23.747,0.0
2021-07-05,24,31.66,23.59,27.246,74.148,56.95,2.809,6983.67,10574.989,0.0,0.0,0.66,25.141,0.0
2021-07-06,24,31.5,25.25,27.93,75.526,58.25,1.81,5807.52,10575.498,0.01,0.01,0.549,20.907,0.0
2021-07-07,24,35.1,24.76,29.041,71.287,46.24,2.236,7175.45,10576.034,0.0,0.0,0.678,25.832,0.01
2021-07-08,24,32.56,24.63,27.834,72.567,51.53,2.652,7244.09,10576.59,0.0,0.0,0.685,26.079,0.01
2021-07-09,24,30.5,24.88,27.047,75.322,58.08,2.89,7150.66,10577.159,0.0,0.0,0.676,25.742,0.01
2021-07-10,24,31.52,24.22,27.111,72.013,53.92,2.172,6491.85,10577.735,0.05,0.05,0.614,23.371,0.0
2021-07-11,24,31.29,23.35,26.65,67.861,47.4,1.502,6772.13,10578.31,0.0,0.0,0.64,24.38,0.05
2021-07-12,24,32.8,22.97,27.332,74.281,50.37,1.549,6350.2,10578.878,2.89,2.89,0.6,22.861,0.05
2021-07-13,24,32.56,24.89,28.205,76.259,54.54,2.219,5681.46,10579.43,0.0,0.0,0.537,20.453,2.94
2021-07-14,24,33.24,25.18,28.265,74.183,48.94,2.948,7106.8,10579.959,0.0,0.0,0.672,25.584,2.89
2021-07-15,24,31.38,25.21,27.608,72.441,52.11,2.592,7091.18,10580.456,0.0,0.0,0.67,25.528,2.89
2021-07-16,24,32.99,24.63,28.47,71.153,48.79,2.004,7113.63,10580.913,0.0,0.0,0.672,25.609,0.0
2021-07-17,24,32.6,24.31,27.853,77.568,56.7,1.824,6326.34,10581.32,0.0,0.0,0.598,22.775,0.0
2021-07-18,24,34.13,25.89,29.097,72.577,49.62,2.514,6975.04,10581.668,0.0,0.0,0.659,25.11,0.0
2021-07-19,24,33.01,25.43,28.286,72.838,48.29,2.634,6522.83,10581.948,0.0,0.0,0.616,23.482,0.0
2021-07-20,24,34.13,24.85,28.825,73.431,52.05,1.95,7174.83,10582.151,0.0,0.0,0.678,25.829,0.0
2021-07-21,24,34.58,25.81,29.518,74.677,53.44,2.167,6732.76,10582.265,0.0,0.0,0.636,24.238,0.0
2021-07-22,24,32.18,25.11,28.223,72.668,52.91,2.97,7105.57,10582.28,0.0,0.0,0.671,25.58,0.0
2021-07-23,24,30.86,23.98,26.82,66.638,50.87,2.588,6027.83,10582.186,0.0,0.0,0.57,21.7,0.0
2021-07-24,24,32.69,21.93,26.842,68.698,45.99,1.563,7241.44,10581.973,0.0,0.0,0.684,26.069,0.0
2021-07-25,24,32.53,24.32,28.043,71.312,51.26,1.322,5121.95,10581.628,0.0,0.0,0.484,18.439,0.0
2021-07-26,24,33.05,25.05,28.499,75.022,55.54,2.51,6993.59,10581.141,0.0,0.0,0.661,25.177,0.0
2021-07-27,24,32.0,25.33,28.107,72.098,55.0,2.641,6854.26,10580.501,0.0,0.0,0.648,24.675,0.0
2021-07-28,24,32.58,25.02,28.339,68.408,52.69,2.208,7136.33,10579.695,0.0,0.0,0.675,25.691,0.0
2021-07-29,24,32.69,25.28,28.673,72.192,55.61,1.422,4909.23,10578.712,0.04,0.04,0.464,17.673,0.0
2021-07-30,24,33.24,25.99,28.646,78.903,59.15,1.672,5253.67,10577.539,11.55,9.06,0.497,18.913,0.04
2021-07-31,24,28.85,25.03,26.665,84.49,72.66,1.992,2298.79,10576.165,5.14,0.39,0.217,8.276,11.59
2021-08-01,24,32.08,24.51,28.031,75.708,57.01,1.023,5751.95,10574.576,0.04,0.04,0.544,20.707,16.73
2021-08-02,24,29.19,24.74,26.612,88.715,79.35,1.316,2092.07,10572.762,15.55,14.73,0.198,7.531,16.73
2021-08-03,24,27.98,25.07,26.226,90.618,82.43,2.095,1890.77,10570.708,30.94,26.79,0.179,6.807,20.73
2021-08-04,24,31.04,25.17,27.895,83.672,68.13,1.878,5593.58,10568.402,1.33,1.29,0.529,20.137,46.53
2021-08-05,24,32.06,25.78,28.315,82.255,64.23,2.168,5618.7,10565.832,0.08,0.03,0.532,20.227,47.82
2021-08-06,24,31.95,24.64,28.217,78.809,58.62,2.146,4982.7,10562.985,0.35,0.35,0.472,17.938,32.35
2021-08-07,24,31.05,25.12,28.032,79.625,66.33,2.6,4684.01,10559.848,2.74,1.36,0.444,16.862,1.76
2021-08-08,24,31.61,24.7,27.976,80.655,65.72,2.195,5950.37,10556.407,1.44,1.29,0.564,21.421,3.17
2021-08-09,24,30.57,24.61,27.247,82.419,68.48,2.411,5457.86,10552.651,0.94,0.03,0.517,19.648,4.53
2021-08-10,24,32.29,24.86,28.36,81.145,63.03,1.797,6846.71,10548.565,0.0,0.0,0.649,24.648,5.12
2021-08-11,24,31.69,25.27,27.941,79.808,57.52,2.611,7270.7,10544.138,0.0,0.0,0.69,26.175,2.38
2021-08-12,24,31.71,25.22,28.015,80.601,61.32,2.584,7123.71,10539.356,0.0,0.0,0.676,25.645,0.94
2021-08-13,24,31.28,25.22,28.045,82.802,66.49,1.708,6238.43,10536.649,0.0,0.0,0.592,22.458,0.0
2021-08-14,24,32.4,25.85,28.724,80.874,63.03,1.644,5928.65,10533.897,1.04,1.04,0.563,21.343,0.0
2021-08-15,24,30.0,23.48,27.194,82.277,68.22,1.64,3816.91,10530.838,1.59,0.41,0.362,13.741,1.04
2021-08-16,24,31.8,25.42,27.974,81.628,62.42,1.299,4997.41,10527.459,4.2,3.84,0.475,17.991,2.63
2021-08-17,24,30.21,24.37,27.17,85.37,70.41,1.581,2261.86,10523.747,9.71,2.26,0.215,8.143,6.83
2021-08-18,24,30.64,24.24,26.851,86.855,70.42,0.934,4777.68,10519.688,17.42,16.94,0.454,17.2,15.5
2021-08-19,24,27.71,24.88,25.883,92.355,84.65,1.32,1979.53,10515.269,28.13,15.32,0.188,7.126,31.33
2021-08-20,24,28.83,24.55,26.254,90.449,78.29,1.34,3185.42,10510.477,14.06,8.12,0.303,11.468,55.26
2021-08-21,24,31.36,24.29,27.53,83.377,64.13,1.06,5992.27,10505.3,0.07,0.01,0.57,21.572,59.61
2021-08-22,24,30.73,25.55,27.897,85.556,73.68,2.485,7002.05,10499.726,0.0,0.0,0.667,25.207,42.26
2021-08-23,24,31.97,25.92,28.466,83.523,68.21,2.088,5614.03,10493.742,0.03,0.0,0.535,20.211,14.13
2021-08-24,24,31.82,25.75,28.144,84.697,70.04,1.082,5210.21,10487.335,13.64,11.99,0.497,18.757,0.1
2021-08-25,24,31.74,24.98,27.811,84.481,69.36,1.572,6257.5,10480.494,0.56,0.45,0.597,22.527,13.67
2021-08-26,24,30.84,24.8,27.723,82.574,69.07,1.989,6030.32,10473.208,0.01,0.01,0.576,21.709,14.23
2021-08-27,24,32.05,25.71,28.528,82.902,66.1,1.818,6601.24,10465.465,0.07,0.02,0.631,23.764,14.21
2021-08-28,24,29.72,24.11,26.96,88.75,78.04,1.072,2458.79,10457.255,8.82,6.34,0.235,8.852,0.64
2021-08-29,24,31.74,25.23,28.343,82.184,66.24,1.882,6434.19,10448.567,0.57,0.24,0.616,23.163,8.9
2021-08-30,24,30.59,22.95,26.716,86.553,72.71,2.168,6219.78,10439.39,0.07,0.0,0.596,22.391,9.46
2021-08-31,24,33.7,24.25,27.879,85.192,62.41,1.875,5936.53,10429.716,2.47,2.45,0.569,21.372,9.46
2021-09-01,24,31.19,23.7,27.083,86.088,71.11,0.697,4362.45,10419.534,31.33,23.84,0.419,15.705,3.11
2021-09-02,24,33.39,24.42,28.583,84.032,62.73,1.102,5512.86,10408.837,6.5,0.89,0.53,19.846,33.87
2021-09-03,24,32.23,24.17,28.552,87.365,74.23,2.183,6269.11,10397.615,0.03,0.03,0.603,22.569,40.3
2021-09-04,24,31.75,24.37,27.855,82.646,65.87,2.208,6048.14,10385.861,0.1,0.0,0.582,21.773,37.86
2021-09-05,24,29.58,25.52,27.416,84.052,74.51,2.108,4926.91,10373.568,1.8,1.8,0.475,17.737,6.63
2021-09-06,24,32.11,24.89,28.614,80.091,65.64,1.535,6936.21,10360.728,0.15,0.15,0.669,24.97,1.93
2021-09-07,24,30.61,25.54,28.216,82.185,72.36,2.226,4625.27,10347.337,3.18,3.18,0.447,16.651,2.05
2021-09-08,24,31.97,24.14,28.325,82.009,64.99,1.165,6576.16,10333.388,0.06,0.06,0.636,23.674,5.13
2021-09-09,24,32.98,25.22,29.032,83.565,67.45,2.183,6963.69,10318.876,0.0,0.0,0.675,25.069,3.39
2021-09-10,24,27.97,24.08,26.651,87.597,78.13,2.34,5591.07,10303.797,12.19,0.06,0.543,20.128,3.24
2021-09-11,24,30.69,23.87,26.977,86.232,69.1,2.634,4311.5,10288.147,5.43,1.22,0.419,15.521,12.25
2021-09-12,24,32.39,24.93,28.248,83.732,63.11,1.041,5451.1,10271.924,2.1,2.1,0.531,19.624,17.62
2021-09-13,24,32.02,25.87,28.611,83.039,67.48,2.565,6239.96,10255.125,0.02,0.02,0.608,22.464,19.72
2021-09-14,24,32.78,25.82,28.985,83.755,65.19,1.398,5649.71,10237.749,0.12,0.04,0.552,20.339,7.55
2021-09-15,24,32.87,26.26,29.199,83.45,65.73,1.883,6109.66,10219.795,0.13,0.13,0.598,21.995,2.24
2021-09-16,24,30.02,23.44,26.675,87.647,75.41,1.432,2354.71,10201.262,0.79,0.74,0.231,8.477,0.27
2021-09-17,24,30.32,24.9,27.165,90.122,76.88,0.878,3010.51,10182.151,19.2,14.52,0.296,10.838,1.04
2021-09-18,24,31.47,24.34,27.778,84.312,66.87,1.574,5272.63,10162.465,8.55,0.56,0.519,18.981,20.12
2021-09-19,24,28.23,24.08,25.972,90.727,80.82,1.384,5555.04,10142.204,6.04,5.94,0.548,19.998,28.54
2021-09-20,24,33.53,24.48,28.612,84.358,61.16,1.417,6696.01,10121.372,0.38,0.37,0.662,24.106,33.79
2021-09-21,24,33.72,26.43,29.31,81.017,60.13,1.541,6670.75,10099.972,0.0,0.0,0.66,24.015,14.97
2021-09-22,24,33.25,25.56,28.886,84.565,65.97,1.307,6845.54,10078.009,0.0,0.0,0.679,24.644,6.42
2021-09-23,24,30.08,25.11,27.393,86.661,71.64,1.46,6657.83,10055.488,0.0,0.0,0.662,23.968,0.38
2021-09-24,24,32.07,24.28,27.887,80.902,62.49,1.348,5969.1,10032.416,0.03,0.03,0.595,21.489,0.0
2021-09-25,24,31.36,25.69,28.015,81.935,63.55,1.003,4819.58,10008.798,0.85,0.84,0.482,17.35,0.03
2021-09-26,24,31.92,24.93,28.067,82.095,57.85,1.576,6315.53,9984.643,0.03,0.03,0.633,22.736,0.88
2021-09-27,24,33.2,25.87,28.961,83.253,57.23,1.589,6792.45,9959.959,0.0,0.0,0.682,24.453,0.91
2021-09-28,24,33.54,25.65,28.852,85.628,62.16,1.178,6562.63,9934.755,0.97,0.97,0.661,23.625,0.88
2021-09-29,24,32.45,26.17,28.75,82.19,66.09,2.6,6506.71,9909.041,0.05,0.05,0.657,23.424,1.0
2021-09-30,24,32.53,25.77,28.671,79.904,62.27,2.062,6545.53,9882.828,0.0,0.0,0.662,23.564,1.02
2021-10-01,24,32.36,25.38,27.986,82.664,65.93,1.77,6427.77,9856.126,0.0,0.0,0.652,23.14,1.02
2021-10-02,24,32.75,24.25,28.222,83.049,61.62,1.473,6451.45,9828.949,0.3,0.3,0.656,23.225,0.05
2021-10-03,24,34.15,23.81,28.499,81.994,58.27,0.85,5828.12,9801.309,0.51,0.51,0.595,20.981,0.3
2021-10-04,24,33.05,26.67,29.387,84.03,64.44,1.942,6329.64,9773.219,0.0,0.0,0.648,22.787,0.81
2021-10-05,24,29.65,24.22,26.755,84.174,63.45,2.236,6404.86,9744.695,0.0,0.0,0.657,23.057,0.81
2021-10-06,24,33.5,23.58,28.279,82.44,60.45,1.101,6470.62,9715.75,0.0,0.0,0.666,23.294,0.51
2021-10-07,24,33.92,25.71,28.971,80.285,52.2,1.88,6542.49,9686.4,0.0,0.0,0.675,23.553,0.0
2021-10-08,24,31.83,25.25,28.226,79.869,58.66,2.034,3588.07,9656.663,0.0,0.0,0.372,12.917,0.0
2021-10-09,24,32.83,25.52,28.705,83.372,58.7,1.643,6265.73,9626.553,0.0,0.0,0.651,22.557,0.0
2021-10-10,24,32.38,25.32,28.31,83.242,61.48,2.154,6273.59,9596.09,0.0,0.0,0.654,22.585,0.0
2021-10-11,24,34.02,24.2,28.244,81.433,57.68,1.526,6465.74,9565.291,0.0,0.0,0.676,23.277,0.0
2021-10-12,24,33.16,24.32,27.943,76.594,50.76,2.092,6474.56,9534.175,0.0,0.0,0.679,23.308,0.0
2021-10-13,24,32.54,23.3,27.458,76.829,53.2,2.391,6458.79,9502.76,0.0,0.0,0.68,23.252,0.0
2021-10-14,24,33.53,24.33,28.187,75.84,48.14,2.5,6609.5,9471.067,0.0,0.0,0.698,23.794,0.0
2021-10-15,24,34.99,24.74,28.818,78.407,48.3,2.149,6573.9,9439.116,0.0,0.0,0.696,23.666,0.0
2021-10-16,24,34.08,24.94,28.576,81.832,55.19,1.722,6291.81,9406.927,0.0,0.0,0.669,22.651,0.0
2021-10-17,24,33.74,25.81,28.636,82.513,56.45,1.651,6264.21,9374.521,0.02,0.02,0.668,22.551,0.0
2021-10-18,24,33.09,25.68,28.621,81.988,58.14,1.805,6400.33,9341.92,0.0,0.0,0.685,23.041,0.02
2021-10-19,24,35.05,25.05,29.075,75.117,38.13,1.768,6547.51,9309.146,0.0,0.0,0.703,23.571,0.02
2021-10-20,24,40.24,24.86,30.587,54.113,18.29,2.441,6761.01,9276.22,0.0,0.0,0.729,24.34,0.02
2021-10-21,24,38.07,21.64,29.118,69.92,33.38,1.22,6189.35,9243.166,0.0,0.0,0.67,22.282,0.0
2021-10-22,24,38.57,24.29,29.675,57.403,12.57,1.767,6593.45,9210.006,0.0,0.0,0.716,23.736,0.0
2021-10-23,24,37.47,22.45,29.155,48.014,18.13,2.275,6557.92,9176.762,0.0,0.0,0.715,23.609,0.0
2021-10-24,24,34.7,24.43,28.736,66.262,45.07,1.311,4787.21,9143.459,0.61,0.5,0.524,17.234,0.0
2021-10-25,24,32.01,24.03,27.563,71.373,47.95,1.622,3461.78,9110.12,0.4,0.21,0.38,12.462,0.61
2021-10-26,24,32.61,24.94,28.195,75.118,48.42,1.298,5737.39,9076.768,0.0,0.0,0.632,20.655,1.01
2021-10-27,24,36.52,24.27,28.883,58.316,26.97,2.181,5696.83,9043.428,0.0,0.0,0.63,20.509,1.01
2021-10-28,24,35.68,24.02,29.189,55.348,27.78,1.571,5478.46,9010.123,0.0,0.0,0.608,19.722,0.4
2021-10-29,24,35.26,25.24,29.213,57.442,30.26,2.215,3778.2,8976.877,0.13,0.05,0.421,13.602,0.0
2021-10-30,24,35.46,25.57,29.515,56.671,31.25,2.39,5332.18,8943.714,0.0,0.0,0.596,19.196,0.13
2021-10-31,24,35.35,24.7,28.832,71.586,40.76,2.027,4530.18,8910.659,0.0,0.0,0.508,16.309,0.13
2021-11-01,24,35.8,25.93,29.573,52.194,28.55,3.185,5195.49,8877.735,0.0,0.0,0.585,18.704,0.13
2021-11-02,24,35.76,24.17,28.769,58.406,24.29,2.328,5425.66,8844.967,0.0,0.0,0.613,19.532,0.0
2021-11-03,24,33.98,22.56,27.502,79.205,46.05,1.4,5726.72,8812.379,0.0,0.0,0.65,20.616,0.0
2021-11-04,24,34.69,23.45,28.122,77.125,41.61,1.502,6096.33,8779.994,0.0,0.0,0.694,21.947,0.0
2021-11-05,24,34.84,23.16,27.896,72.644,35.91,1.631,5887.87,8747.837,0.0,0.0,0.673,21.196,0.0
2021-11-06,24,36.81,23.57,28.834,64.489,31.24,2.565,6036.27,8715.932,0.0,0.0,0.693,21.731,0.0
2021-11-07,24,35.79,24.06,28.449,63.948,30.72,2.886,5928.49,8684.302,0.0,0.0,0.683,21.343,0.0
2021-11-08,24,34.32,22.66,27.38,68.873,37.18,2.67,5304.88,8652.97,0.0,0.0,0.613,19.098,0.0
2021-11-09,24,33.65,22.59,27.204,70.595,34.8,2.852,5906.92,8621.961,0.0,0.0,0.685,21.265,0.0
2021-11-10,24,31.05,22.37,26.44,70.132,47.29,3.641,5894.48,8591.296,0.0,0.0,0.686,21.22,0.0
2021-11-11,24,33.66,22.95,27.364,52.831,26.62,2.395,5235.18,8560.999,0.05,0.0,0.612,18.847,0.0
2021-11-12,24,34.4,23.95,28.122,52.176,24.85,1.602,4924.86,8531.092,0.08,0.08,0.577,17.729,0.05
2021-11-13,24,34.43,24.64,28.068,67.754,35.33,1.189,3953.48,8501.598,0.57,0.53,0.465,14.233,0.13
2021-11-14,24,33.25,24.16,27.916,73.724,43.38,1.253,5057.93,8472.539,0.0,0.0,0.597,18.209,0.7
2021-11-15,24,34.93,23.95,28.107,68.078,34.94,2.129,5732.63,8443.936,0.0,0.0,0.679,20.637,0.65
2021-11-16,24,34.13,23.6,27.854,70.809,37.31,2.616,5759.0,8415.811,0.0,0.0,0.684,20.732,0.57
2021-11-17,24,33.27,23.92,27.445,74.915,43.87,2.436,5375.96,8388.185,0.0,0.0,0.641,19.353,0.0
2021-11-18,24,33.07,23.45,27.168,73.427,42.24,2.857,5333.74,8361.078,0.0,0.0,0.638,19.201,0.0
2021-11-19,24,34.98,23.28,28.01,64.388,31.48,3.022,5203.99,8334.511,0.0,0.0,0.624,18.734,0.0
2021-11-20,24,38.07,23.64,29.107,61.049,24.41,3.121,5661.07,8308.503,0.0,0.0,0.681,20.38,0.0
2021-11-21,24,38.63,24.38,29.689,44.595,22.29,2.942,5689.69,8283.074,0.0,0.0,0.687,20.483,0.0
2021-11-22,24,38.63,23.09,28.89,55.895,22.2,3.097,5698.99,8258.243,0.0,0.0,0.69,20.516,0.0
2021-11-23,24,38.65,21.31,28.56,56.971,20.92,1.49,5756.98,8234.029,0.0,0.0,0.699,20.725,0.0
2021-11-24,24,38.02,22.02,28.647,70.532,30.13,1.246,5463.94,8210.449,0.0,0.0,0.665,19.67,0.0
2021-11-25,24,37.22,23.51,28.22,73.288,31.97,1.825,4881.13,8187.522,0.0,0.0,0.596,17.572,0.0
2021-11-26,24,35.87,22.76,28.068,68.741,29.02,1.931,5214.01,8165.264,0.0,0.0,0.639,18.77,0.0
2021-11-27,24,33.89,22.4,27.09,69.75,38.35,3.609,5637.29,8143.693,0.0,0.0,0.692,20.294,0.0
2021-11-28,24,33.32,22.05,26.232,54.472,27.52,3.937,5656.41,8122.823,0.0,0.0,0.696,20.363,0.0
2021-11-29,24,31.85,21.02,24.89,43.688,23.36,3.722,5605.02,8102.672,0.0,0.0,0.692,20.178,0.0
2021-11-30,24,31.26,19.54,23.978,51.994,28.7,3.02,5185.16,8083.253,0.0,0.0,0.641,18.667,0.0
2021-12-01,24,32.76,19.78,24.955,56.647,26.32,2.701,5395.11,8064.582,0.0,0.0,0.669,19.422,0.0
2021-12-02,24,32.9,21.62,25.535,50.746,26.4,3.172,5358.56,8046.673,0.0,0.0,0.666,19.291,0.0
2021-12-03,24,34.36,20.76,25.558,49.785,20.84,3.005,5260.29,8029.539,0.0,0.0,0.655,18.937,0.0
2021-12-04,24,35.61,21.13,26.076,41.853,16.77,2.43,5265.44,8013.193,0.0,0.0,0.657,18.956,0.0
2021-12-05,24,35.87,19.75,26.344,42.517,16.59,2.476,5393.86,7997.648,0.0,0.0,0.674,19.418,0.0
2021-12-06,24,35.81,20.61,26.197,35.712,13.97,2.59,5457.02,7982.915,0.0,0.0,0.684,19.645,0.0
2021-12-07,24,35.17,18.22,24.992,34.524,15.23,2.295,5558.86,7969.005,0.0,0.0,0.698,20.012,0.0
2021-12-08,24,34.7,18.58,24.981,40.87,15.51,2.48,5396.65,7955.929,0.0,0.0,0.678,19.428,0.0
2021-12-09,24,36.21,19.74,25.387,41.205,16.73,2.632,5190.27,7943.698,0.0,0.0,0.653,18.685,0.0
2021-12-10,24,35.48,19.42,25.216,40.012,16.29,2.595,5313.02,7932.32,0.0,0.0,0.67,19.127,0.0
2021-12-11,24,35.66,18.69,24.87,46.03,16.07,1.832,5377.41,7921.804,0.0,0.0,0.679,19.359,0.0
2021-12-12,24,36.56,16.77,25.751,56.775,22.27,1.301,5412.96,7912.159,0.0,0.0,0.684,19.487,0.0
2021-12-13,24,36.54,21.42,26.855,41.559,12.64,1.969,5122.0,7903.392,0.0,0.0,0.648,18.439,0.0
2021-12-14,24,33.94,22.21,26.064,41.184,16.15,2.757,4540.24,7895.51,0.0,0.0,0.575,16.345,0.0
2021-12-15,24,29.94,21.01,24.108,65.967,33.7,2.195,2970.93,7888.52,0.04,0.0,0.377,10.695,0.0
2021-12-16,24,29.46,20.33,23.858,63.443,33.77,3.166,5090.69,7882.426,0.0,0.0,0.646,18.326,0.04
2021-12-17,24,31.16,21.59,25.229,61.203,36.21,2.675,4678.85,7877.236,0.53,0.0,0.594,16.844,0.04
2021-12-18,24,31.67,21.65,25.078,59.5,39.41,3.908,4841.93,7875.162,0.0,0.0,0.615,17.431,0.57
2021-12-19,24,27.09,21.33,24.191,65.291,39.61,4.887,2650.61,7874.475,0.03,0.03,0.337,9.542,0.53
2021-12-20,24,31.11,22.85,26.108,40.447,28.73,2.188,2953.99,7874.662,0.11,0.11,0.375,10.634,0.56
2021-12-21,24,28.54,21.98,24.505,49.517,34.36,1.418,2154.83,7875.724,0.01,0.0,0.274,7.757,0.14
2021-12-22,24,32.0,21.96,25.65,53.803,33.06,2.579,3899.13,7877.66,0.0,0.0,0.495,14.037,0.15
2021-12-23,24,35.39,20.41,26.374,46.422,19.6,2.447,5108.04,7880.47,0.0,0.0,0.648,18.389,0.12
2021-12-24,24,35.99,20.07,26.907,38.717,15.73,2.163,4351.1,7884.151,0.0,0.0,0.552,15.664,0.01
2021-12-25,24,34.58,23.56,27.785,31.957,19.64,2.282,4485.93,7888.703,0.03,0.0,0.569,16.149,0.0
2021-12-26,24,33.67,21.64,26.143,39.962,19.93,2.342,4142.24,7894.123,0.0,0.0,0.525,14.912,0.03
2021-12-27,24,36.29,19.71,26.256,46.833,19.22,2.413,5092.08,7900.406,0.0,0.0,0.645,18.331,0.03
2021-12-28,24,37.23,18.16,26.06,40.857,15.04,1.85,5472.89,7907.549,0.0,0.0,0.692,19.702,0.03
2021-12-29,24,36.96,18.14,25.684,36.593,10.93,2.032,5573.1,7915.548,0.0,0.0,0.704,20.063,0.0
2021-12-30,24,36.88,17.56,25.351,36.9,11.55,2.015,5582.29,7924.396,0.0,0.0,0.704,20.096,0.0
2021-12-31,24,36.21,17.62,25.488,33.82,11.21,2.281,5231.73,7934.089,0.0,0.0,0.659,18.834,0.0
2022-01-01,24,36.91,19.34,26.278,29.802,11.2,2.567,5025.64,7944.619,0.0,0.0,0.633,18.092,0.0
2022-01-02,24,35.68,19.63,25.859,25.285,10.67,2.921,5649.53,7955.98,0.0,0.0,0.71,20.338,0.0
2022-01-03,24,35.15,17.11,24.624,29.125,9.53,2.723,5706.07,7968.163,0.0,0.0,0.716,20.542,0.0
2022-01-04,24,35.64,15.55,24.663,33.542,13.75,2.352,5648.89,7981.161,0.0,0.0,0.708,20.336,0.0
2022-01-05,24,34.95,19.2,25.691,27.572,14.15,2.583,5554.91,7994.964,0.0,0.0,0.695,19.998,0.0
2022-01-06,24,33.87,18.89,24.945,32.756,14.68,2.78,5116.36,8009.563,0.0,0.0,0.639,18.419,0.0
2022-01-07,24,33.52,17.68,24.232,43.524,16.12,2.888,5552.3,8024.948,0.0,0.0,0.692,19.988,0.0
2022-01-08,24,34.26,18.94,24.733,45.276,11.09,2.733,5554.64,8041.107,0.0,0.0,0.691,19.997,0.0
2022-01-09,24,32.22,21.58,25.615,38.96,15.75,2.691,3942.43,8058.029,0.0,0.0,0.489,14.193,0.0
2022-01-10,24,28.3,21.29,23.865,47.273,29.1,1.814,2399.71,8075.703,0.12,0.0,0.297,8.639,0.0
2022-01-11,24,29.44,19.3,24.082,67.64,47.44,1.88,2751.63,8094.116,0.12,0.01,0.34,9.906,0.12
2022-01-12,24,34.75,19.72,26.198,51.823,21.69,1.815,5395.38,8113.255,0.0,0.0,0.665,19.423,0.24
2022-01-13,24,32.53,21.17,25.679,60.535,31.57,2.544,5400.57,8133.105,0.0,0.0,0.664,19.442,0.24
2022-01-14,24,31.85,20.67,24.966,70.98,36.09,2.832,5473.71,8153.653,0.0,0.0,0.671,19.705,0.12
2022-01-15,24,33.38,19.96,24.983,71.172,33.16,2.838,5501.18,8174.884,0.0,0.0,0.673,19.804,0.0
2022-01-16,24,33.78,19.79,25.577,63.255,29.55,1.813,5069.13,8196.782,0.0,0.0,0.618,18.249,0.0
2022-01-17,24,36.27,20.21,26.608,67.243,25.2,1.646,5507.21,8219.332,0.0,0.0,0.67,19.826,0.0
2022-01-18,24,36.77,20.15,26.621,53.7,13.61,1.835,5683.18,8242.517,0.0,0.0,0.689,20.459,0.0
2022-01-19,24,37.7,18.13,26.55,42.268,11.5,1.894,5749.41,8266.319,0.0,0.0,0.696,20.698,0.0
2022-01-20,24,38.02,18.26,26.368,50.228,11.55,1.673,5787.94,8290.723,0.0,0.0,0.698,20.837,0.0
2022-01-21,24,35.32,19.68,25.927,60.778,18.92,1.7,4767.2,8315.709,0.0,0.0,0.573,17.162,0.0
2022-01-22,24,36.74,22.55,28.558,40.434,13.89,2.335,4569.09,8341.259,0.0,0.0,0.548,16.449,0.0
2022-01-23,24,36.8,21.86,28.688,21.322,11.71,2.873,5808.34,8367.354,0.0,0.0,0.694,20.91,0.0
2022-01-24,24,35.04,21.73,28.111,18.975,12.39,2.933,5320.83,8393.975,0.0,0.0,0.634,19.155,0.0
2022-01-25,24,34.77,22.83,27.382,23.296,11.66,2.818,5309.87,8421.103,0.0,0.0,0.631,19.116,0.0
2022-01-26,24,35.45,21.9,26.55,32.894,10.06,3.302,4993.86,8448.716,0.0,0.0,0.591,17.978,0.0
2022-01-27,24,30.63,19.94,23.541,66.311,34.89,3.753,5699.42,8476.794,0.0,0.0,0.672,20.518,0.0
2022-01-28,24,29.92,18.49,22.863,64.36,32.38,3.404,5641.96,8505.317,0.0,0.0,0.663,20.311,0.0
2022-01-29,24,30.07,18.68,23.027,62.568,33.69,3.36,5841.32,8534.263,0.0,0.0,0.684,21.029,0.0
2022-01-30,24,29.64,20.28,23.342,64.516,37.64,3.965,5431.34,8563.609,0.0,0.0,0.634,19.553,0.0
2022-01-31,24,34.01,20.21,25.029,56.228,23.72,3.757,5756.36,8593.335,0.0,0.0,0.67,20.723,0.0
2022-02-01,24,38.28,20.97,27.505,42.243,12.52,3.348,5896.49,8623.417,0.0,0.0,0.684,21.227,0.0
2022-02-02,24,37.93,22.48,28.832,23.484,8.97,2.92,5893.61,8653.834,0.0,0.0,0.681,21.217,0.0
2022-02-03,24,37.39,18.6,26.795,33.069,9.77,1.776,6134.91,8684.561,0.0,0.0,0.706,22.086,0.0
2022-02-04,24,36.57,19.53,25.954,30.438,9.61,2.065,6173.4,8715.576,0.0,0.0,0.708,22.224,0.0
2022-02-05,24,36.67,17.15,25.164,43.046,14.26,2.515,6231.63,8746.856,0.0,0.0,0.712,22.434,0.0
2022-02-06,24,36.33,19.25,25.217,49.267,17.63,2.744,6218.45,8778.376,0.0,0.0,0.708,22.386,0.0
2022-02-07,24,37.8,19.03,26.179,50.855,16.49,2.339,6242.69,8810.113,0.0,0.0,0.709,22.474,0.0
2022-02-08,24,37.96,19.44,26.518,40.485,13.61,2.183,6271.87,8842.043,0.0,0.0,0.709,22.579,0.0
2022-02-09,24,37.94,17.49,26.467,34.854,13.53,2.461,6355.62,8874.142,0.0,0.0,0.716,22.88,0.0
2022-02-10,24,36.25,20.81,27.659,20.878,10.65,3.266,5129.54,8906.385,0.0,0.0,0.576,18.466,0.0
2022-02-11,24,36.34,23.32,28.719,18.233,11.4,3.817,6302.52,8938.749,0.0,0.0,0.705,22.689,0.0
2022-02-12,24,34.41,20.62,26.044,23.984,9.94,3.711,6356.65,8971.209,0.0,0.0,0.709,22.884,0.0
2022-02-13,24,34.36,19.04,25.375,29.111,13.39,3.322,6317.88,9003.741,0.0,0.0,0.702,22.744,0.0
2022-02-14,24,35.37,17.56,25.345,32.563,12.78,2.925,6303.48,9036.32,0.0,0.0,0.698,22.693,0.0
2022-02-15,24,34.73,20.2,26.108,25.752,12.86,3.097,6256.87,9068.922,0.0,0.0,0.69,22.525,0.0
2022-02-16,24,34.55,19.8,25.621,27.216,12.23,3.068,6359.73,9101.523,0.0,0.0,0.699,22.895,0.0
2022-02-17,24,34.71,19.35,25.69,30.627,13.98,2.792,6082.78,9134.099,0.0,0.0,0.666,21.898,0.0
2022-02-18,24,33.02,21.37,25.862,36.832,18.68,2.573,6224.44,9166.625,0.0,0.0,0.679,22.408,0.0
2022-02-19,24,31.88,18.91,23.934,52.541,27.06,3.284,6281.65,9199.079,0.0,0.0,0.683,22.614,0.0
2022-02-20,24,34.38,19.29,24.935,47.147,19.51,3.619,6439.1,9231.435,0.0,0.0,0.698,23.181,0.0
2022-02-21,24,33.57,19.79,24.552,50.749,21.95,3.372,5947.57,9263.671,0.0,0.0,0.642,21.411,0.0
2022-02-22,24,32.66,19.22,23.838,63.372,32.14,3.434,6301.91,9295.764,0.0,0.0,0.678,22.687,0.0
2022-02-23,24,29.25,18.26,22.412,71.221,40.48,3.896,6458.05,9327.69,0.0,0.0,0.692,23.249,0.0
2022-02-24,24,28.14,18.14,21.336,72.704,35.56,3.95,6515.1,9359.427,0.0,0.0,0.696,23.454,0.0
2022-02-25,24,28.71,17.65,21.598,77.929,43.31,3.722,6579.76,9390.953,0.0,0.0,0.701,23.687,0.0
2022-02-26,24,24.97,17.64,20.271,78.324,51.28,4.322,6515.53,9422.245,0.0,0.0,0.692,23.456,0.0
2022-02-27,24,26.75,17.39,20.786,70.65,43.95,4.496,6544.68,9453.282,0.0,0.0,0.692,23.561,0.0
2022-02-28,24,26.97,16.38,20.666,69.499,37.4,4.415,6874.6,9484.044,0.0,0.0,0.725,24.749,0.0
2022-03-01,24,27.45,16.23,20.597,74.491,41.66,3.935,6879.88,9517.529,0.0,0.0,0.723,24.768,0.0
2022-03-02,24,33.23,16.48,23.134,63.641,26.56,3.373,6817.84,9551.097,0.0,0.0,0.714,24.544,0.0
2022-03-03,24,36.22,17.52,25.819,48.118,15.15,3.694,6922.9,9584.396,0.0,0.0,0.722,24.922,0.0
2022-03-04,24,34.71,19.83,25.341,33.489,12.96,3.855,7073.36,9617.404,0.0,0.0,0.735,25.464,0.0
2022-03-05,24,32.7,16.67,22.809,46.938,14.9,3.636,7221.81,9650.1,0.0,0.0,0.748,25.999,0.0
2022-03-06,24,30.68,16.18,21.876,56.996,26.62,3.64,7027.82,9682.463,0.0,0.0,0.726,25.3,0.0
2022-03-07,24,35.68,16.68,24.218,50.71,15.82,3.382,6986.44,9714.473,0.0,0.0,0.719,25.151,0.0
2022-03-08,24,35.13,18.08,24.703,38.368,14.79,3.51,6827.38,9746.11,0.0,0.0,0.701,24.579,0.0
2022-03-09,24,30.06,17.9,22.559,57.7,31.67,3.34,6613.88,9777.355,0.0,0.0,0.676,23.81,0.0
2022-03-10,24,33.19,17.1,23.679,55.536,25.43,3.087,6976.25,9808.189,0.0,0.0,0.711,25.114,0.0
2022-03-11,24,38.98,17.85,26.918,38.715,10.73,2.735,7058.74,9838.594,0.0,0.0,0.717,25.411,0.0
2022-03-12,24,38.88,22.2,28.496,25.966,10.69,2.856,7082.85,9868.553,0.0,0.0,0.718,25.498,0.0
2022-03-13,24,38.84,21.27,27.412,28.864,12.42,2.896,7159.23,9898.05,0.0,0.0,0.723,25.773,0.0
2022-03-14,24,32.66,18.52,23.654,58.536,28.2,3.969,7138.35,9927.068,0.0,0.0,0.719,25.698,0.0
2022-03-15,24,27.16,16.98,20.454,70.667,43.31,4.644,7110.43,9955.592,0.0,0.0,0.714,25.598,0.0
2022-03-16,24,30.29,16.2,21.789,62.734,31.48,3.696,7161.64,9983.608,0.0,0.0,0.717,25.782,0.0
2022-03-17,24,33.05,16.12,23.235,53.549,24.25,3.285,7191.78,10011.103,0.0,0.0,0.718,25.89,0.0
2022-03-18,24,32.58,16.66,23.637,55.159,26.21,2.836,7178.55,10038.062,0.0,0.0,0.715,25.843,0.0
2022-03-19,24,29.62,17.43,22.01,66.642,37.34,3.382,7164.99,10064.475,0.0,0.0,0.712,25.794,0.0
2022-03-20,24,28.53,16.6,21.513,70.859,39.81,3.322,7133.96,10090.329,0.0,0.0,0.707,25.682,0.0
2022-03-21,24,30.87,17.67,22.638,66.849,33.53,3.246,7075.46,10115.615,0.0,0.0,0.699,25.472,0.0
2022-03-22,24,30.25,17.63,22.285,67.792,36.64,3.799,7150.66,10140.322,0.0,0.0,0.705,25.742,0.0
2022-03-23,24,30.77,17.92,22.704,64.94,33.59,4.22,7200.81,10164.441,0.0,0.0,0.708,25.923,0.0
2022-03-24,24,30.42,17.97,22.57,64.739,34.38,3.786,7272.3,10187.965,0.0,0.0,0.714,26.18,0.0
2022-03-25,24,29.84,16.65,21.948,67.883,36.09,3.159,7281.33,10210.886,0.0,0.0,0.713,26.213,0.0
2022-03-26,24,32.58,16.48,22.838,65.358,27.64,2.799,7348.41,10233.198,0.0,0.0,0.718,26.454,0.0
2022-03-27,24,28.42,16.77,21.83,70.362,37.08,3.02,7198.21,10254.895,0.0,0.0,0.702,25.914,0.0
2022-03-28,24,29.48,17.73,22.417,70.371,38.79,4.03,7098.81,10275.972,0.0,0.0,0.691,25.556,0.0
2022-03-29,24,27.85,18.49,22.217,66.337,45.33,4.588,7048.21,10296.426,0.0,0.0,0.685,25.374,0.0
2022-03-30,24,30.29,18.61,22.91,67.876,40.33,4.215,7075.52,10316.252,0.0,0.0,0.686,25.472,0.0
2022-03-31,24,31.74,18.79,24.047,61.68,35.25,3.09,6884.76,10335.45,0.0,0.0,0.666,24.785,0.0
2022-04-01,24,34.77,19.8,25.223,56.946,28.53,3.015,7334.92,10354.017,0.0,0.0,0.708,26.406,0.0
2022-04-02,24,31.63,18.85,23.715,64.347,32.19,3.332,7323.27,10371.952,0.0,0.0,0.706,26.364,0.0
2022-04-03,24,26.91,17.72,21.346,77.634,48.32,3.312,7280.68,10389.257,0.0,0.0,0.701,26.21,0.0
2022-04-04,24,27.73,17.48,21.476,76.549,45.29,3.624,7325.09,10405.93,0.0,0.0,0.704,26.37,0.0
2022-04-05,24,26.97,17.95,21.493,75.305,48.07,3.867,7169.45,10421.975,0.0,0.0,0.688,25.81,0.0
2022-04-06,24,31.69,18.01,23.455,63.598,33.21,3.556,6853.0,10437.394,0.0,0.0,0.657,24.671,0.0
2022-04-07,24,36.2,20.14,26.772,47.164,23.08,3.952,7302.57,10452.189,0.0,0.0,0.699,26.289,0.0
2022-04-08,24,38.35,22.4,28.786,37.285,17.43,3.751,6998.49,10466.364,0.0,0.0,0.669,25.195,0.0
2022-04-09,24,36.51,21.84,27.558,42.166,23.4,3.705,7414.63,10479.925,0.0,0.0,0.708,26.693,0.0
2022-04-10,24,31.79,19.08,24.118,61.842,37.52,4.076,7419.8,10492.875,0.0,0.0,0.707,26.711,0.0
2022-04-11,24,28.92,17.51,21.66,76.815,41.36,3.901,7448.75,10505.222,0.0,0.0,0.709,26.816,0.0
2022-04-12,24,29.84,17.49,22.092,77.302,44.34,3.184,7412.2,10516.971,0.0,0.0,0.705,26.684,0.0
2022-04-13,24,29.21,18.15,22.325,77.787,46.48,2.851,7417.36,10528.129,0.0,0.0,0.705,26.702,0.0
2022-04-14,24,30.75,18.61,23.173,71.875,39.81,3.005,7396.98,10538.705,0.0,0.0,0.702,26.629,0.0
2022-04-15,24,29.65,18.36,22.974,74.244,42.29,3.058,7269.16,10548.706,0.0,0.0,0.689,26.169,0.0
2022-04-16,24,29.45,18.22,22.154,76.472,39.49,3.12,7161.29,10558.142,0.0,0.0,0.678,25.781,0.0
2022-04-17,24,29.31,17.91,22.011,76.572,41.16,3.409,6339.47,10567.021,0.0,0.0,0.6,22.822,0.0
2022-04-18,24,28.97,18.27,22.486,74.218,43.82,3.462,6642.59,10575.353,0.0,0.0,0.628,23.913,0.0
2022-04-19,24,32.61,18.63,23.514,71.6,40.22,2.97,7249.09,10583.149,0.0,0.0,0.685,26.097,0.0
2022-04-20,24,32.17,20.31,24.441,67.262,36.22,2.887,6722.63,10590.419,0.0,0.0,0.635,24.201,0.0
2022-04-21,24,33.95,20.41,25.536,55.578,30.06,3.699,7481.2,10597.175,0.0,0.0,0.706,26.932,0.0
2022-04-22,24,36.51,20.87,26.678,47.97,23.38,4.08,7525.64,10603.427,0.0,0.0,0.71,27.092,0.0
2022-04-23,24,36.93,20.51,27.205,45.884,21.66,3.605,7553.24,10609.189,0.0,0.0,0.712,27.192,0.0
2022-04-24,24,38.12,21.52,28.287,42.498,18.91,3.785,7541.62,10614.471,0.0,0.0,0.711,27.15,0.0
2022-04-25,24,37.48,21.46,27.761,46.16,23.74,4.17,7576.66,10619.288,0.0,0.0,0.713,27.276,0.0
2022-04-26,24,31.08,19.55,24.229,58.553,36.38,4.567,7525.38,10623.65,0.0,0.0,0.708,27.091,0.0
2022-04-27,24,33.16,18.43,24.204,63.785,31.53,3.47,7578.34,10627.572,0.0,0.0,0.713,27.282,0.0
2022-04-28,24,35.76,19.52,25.709,57.76,28.19,3.021,7587.81,10631.066,0.0,0.0,0.714,27.316,0.0
2022-04-29,24,31.7,20.15,24.639,61.929,37.1,3.344,7600.18,10634.147,0.0,0.0,0.715,27.361,0.0
2022-04-30,24,35.64,19.65,25.024,66.576,31.66,2.853,7571.79,10636.828,0.0,0.0,0.712,27.258,0.0
2022-05-01,24,34.63,18.93,25.052,66.401,32.74,2.773,7568.02,10639.122,0.0,0.0,0.711,27.245,0.0
2022-05-02,24,33.54,19.5,24.99,68.645,33.93,2.86,7588.62,10641.044,0.0,0.0,0.713,27.319,0.0
2022-05-03,24,32.07,18.85,23.763,77.07,38.47,2.406,7373.62,10642.607,0.0,0.0,0.693,26.545,0.0
2022-05-04,24,32.01,19.36,24.228,73.813,37.15,2.39,6582.2,10643.826,0.0,0.0,0.618,23.696,0.0
2022-05-05,24,35.03,20.28,26.188,63.246,30.63,2.786,7463.25,10644.715,0.0,0.0,0.701,26.868,0.0
2022-05-06,24,35.69,21.86,27.65,48.2,25.31,3.99,7469.03,10645.289,0.0,0.0,0.702,26.889,0.0
2022-05-07,24,34.73,22.05,27.245,51.347,27.99,4.4,7163.67,10645.56,0.0,0.0,0.673,25.789,0.0
2022-05-08,24,31.7,20.92,24.964,66.012,40.08,2.878,7368.82,10645.544,0.0,0.0,0.692,26.528,0.0
2022-05-09,24,32.11,19.88,24.794,74.862,43.07,1.929,5616.09,10645.255,0.0,0.0,0.528,20.218,0.0
2022-05-10,24,32.87,20.4,25.057,71.512,39.46,2.597,5960.79,10644.706,0.0,0.0,0.56,21.459,0.0
2022-05-11,24,36.7,20.55,26.623,67.856,31.92,2.287,7670.26,10643.912,0.0,0.0,0.721,27.613,0.0
2022-05-12,24,38.99,20.47,28.062,63.026,22.99,1.45,7690.54,10642.887,0.0,0.0,0.723,27.686,0.0
2022-05-13,24,34.91,20.23,26.07,76.161,42.0,1.547,7632.02,10641.645,0.0,0.0,0.717,27.475,0.0
2022-05-14,24,37.36,20.77,27.54,72.108,38.18,1.605,7625.29,10640.199,0.0,0.0,0.717,27.451,0.0
2022-05-15,24,39.5,21.26,29.008,64.879,27.43,1.557,7694.14,10638.562,0.0,0.0,0.723,27.699,0.0
2022-05-16,24,39.01,21.93,28.456,67.429,27.22,1.45,7603.52,10636.749,0.0,0.0,0.715,27.373,0.0
2022-05-17,24,36.38,23.14,28.469,71.116,35.31,1.82,7696.92,10634.773,0.0,0.0,0.724,27.709,0.0
2022-05-18,24,37.65,22.78,28.418,68.069,30.36,1.802,7679.49,10632.646,0.0,0.0,0.722,27.646,0.0
2022-05-19,24,35.0,21.25,27.055,67.751,34.63,2.919,7722.26,10630.381,0.0,0.0,0.726,27.8,0.0
2022-05-20,24,33.43,21.68,26.295,68.683,38.9,3.475,7689.21,10627.991,0.0,0.0,0.723,27.681,0.0
2022-05-21,24,32.05,20.93,24.925,78.896,47.47,2.22,7600.78,10625.488,0.0,0.0,0.715,27.363,0.0
2022-05-22,24,28.88,20.29,23.735,78.682,50.57,2.682,6827.5,10622.884,0.0,0.0,0.643,24.579,0.0
2022-05-23,24,27.96,20.67,23.41,76.189,55.03,2.81,7461.74,10620.192,0.0,0.0,0.703,26.862,0.0
2022-05-24,24,29.84,19.55,23.648,77.738,50.07,2.768,7409.15,10617.422,0.0,0.0,0.698,26.673,0.0
2022-05-25,24,29.58,20.84,24.23,77.815,52.56,2.37,7434.11,10614.587,0.0,0.0,0.7,26.763,0.0
2022-05-26,24,32.68,20.55,25.53,76.118,43.24,1.549,6380.11,10611.697,0.0,0.0,0.601,22.968,0.0
2022-05-27,24,33.64,22.75,26.68,75.055,48.93,1.569,4136.1,10608.762,0.14,0.14,0.39,14.89,0.0
2022-05-28,24,32.0,23.23,26.802,71.788,53.48,1.822,3942.84,10605.794,0.0,0.0,0.372,14.194,0.14
2022-05-29,24,34.19,23.48,27.756,65.313,39.74,3.093,7247.06,10602.803,0.0,0.0,0.684,26.089,0.14
2022-05-30,24,35.14,24.18,27.801,61.79,32.44,3.01,7379.36,10599.797,0.0,0.0,0.696,26.566,0.14
2022-05-31,24,33.7,23.51,27.224,66.098,48.33,2.161,7074.37,10596.787,0.0,0.0,0.668,25.468,0.0
2022-06-01,24,36.6,22.28,28.427,64.948,34.7,1.623,7159.18,10593.783,0.0,0.0,0.676,25.773,0.0
2022-06-02,24,36.07,24.0,28.577,60.779,34.14,2.114,7271.2,10591.219,0.0,0.0,0.687,26.176,0.0
2022-06-03,24,38.61,24.74,29.959,55.948,30.54,1.67,7341.54,10589.846,0.0,0.0,0.693,26.43,0.0
2022-06-04,24,35.02,22.81,27.404,63.57,37.48,2.0,7418.55,10588.493,0.0,0.0,0.701,26.707,0.0
2022-06-05,24,35.11,21.63,27.12,68.535,38.8,1.647,7406.0,10587.166,0.0,0.0,0.7,26.662,0.0
2022-06-06,24,32.48,23.15,26.702,77.032,48.66,2.344,7238.12,10585.872,0.0,0.0,0.684,26.057,0.0
2022-06-07,24,31.18,22.64,26.105,78.601,51.02,2.288,7396.62,10584.616,0.0,0.0,0.699,26.628,0.0
2022-06-08,24,32.4,22.87,27.211,77.018,51.34,2.245,7070.96,10583.402,0.0,0.0,0.668,25.455,0.0
2022-06-09,24,30.5,23.23,26.61,79.555,61.11,2.482,6882.93,10582.236,0.0,0.0,0.65,24.779,0.0
2022-06-10,24,31.62,24.0,26.767,76.655,52.83,2.332,7314.27,10581.121,0.0,0.0,0.691,26.331,0.0
2022-06-11,24,31.28,23.01,26.294,79.239,56.16,2.212,7350.04,10580.063,0.0,0.0,0.695,26.46,0.0
2022-06-12,24,30.52,23.28,26.419,80.234,61.7,2.218,7297.67,10579.064,0.0,0.0,0.69,26.272,0.0
2022-06-13,24,30.97,23.94,26.574,77.183,57.75,1.989,6897.36,10578.127,0.0,0.0,0.652,24.83,0.0
2022-06-14,24,33.02,23.01,27.635,73.436,50.25,1.667,6591.88,10577.256,0.03,0.03,0.623,23.731,0.0
2022-06-15,24,30.5,23.97,26.536,82.918,62.3,1.892,3847.3,10576.452,0.09,0.09,0.364,13.85,0.03
2022-06-16,24,31.55,23.69,26.883,72.525,46.6,2.919,7242.53,10575.719,0.0,0.0,0.685,26.073,0.12
2022-06-17,24,31.84,24.01,27.169,71.654,52.64,2.816,7330.2,10575.057,0.0,0.0,0.693,26.389,0.12
2022-06-18,24,33.21,23.62,27.59,79.685,55.57,1.676,5459.48,10574.467,5.56,5.5,0.516,19.654,0.09
2022-06-19,24,31.83,24.65,27.236,78.796,55.38,2.66,4941.08,10573.952,2.19,1.19,0.467,17.788,5.56
2022-06-20,24,30.88,25.35,27.643,79.832,67.57,2.463,4997.65,10573.51,6.64,6.15,0.473,17.992,7.75
2022-06-21,24,33.37,24.82,28.328,76.96,51.21,1.061,6036.99,10573.143,1.79,1.76,0.571,21.733,14.39
2022-06-22,24,33.84,25.24,28.741,73.152,50.81,2.85,6688.06,10572.85,2.91,2.91,0.633,24.077,10.62
2022-06-23,24,33.29,25.2,28.243,73.295,52.27,2.23,5897.32,10572.63,4.42,2.95,0.558,21.23,11.34
2022-06-24,24,33.84,25.36,28.853,75.122,51.5,1.999,6536.45,10572.483,1.91,0.0,0.618,23.531,9.12
2022-06-25,24,32.74,24.29,27.952,74.133,48.55,1.783,7067.23,10572.407,0.0,0.0,0.668,25.442,9.24
2022-06-26,24,32.42,24.27,27.807,75.943,52.1,2.086,7222.95,10572.4,0.0,0.0,0.683,26.003,6.33
2022-06-27,24,34.0,24.15,28.258,76.282,46.96,1.745,7339.9,10572.461,0.0,0.0,0.694,26.424,1.91
2022-06-28,24,30.39,24.38,26.715,81.224,58.64,2.343,7158.4,10572.586,0.0,0.0,0.677,25.77,0.0
2022-06-29,24,32.61,23.63,27.645,78.05,54.86,1.581,7089.58,10572.773,0.0,0.0,0.671,25.522,0.0
2022-06-30,24,33.12,23.79,27.941,77.663,52.93,1.836,7140.45,10573.019,0.0,0.0,0.675,25.706,0.0
2022-07-01,24,33.01,24.81,28.017,74.457,48.19,2.482,7248.97,10573.319,0.0,0.0,0.686,26.096,0.0
2022-07-02,24,31.04,23.57,26.752,77.635,55.75,2.554,6721.92,10573.671,0.0,0.0,0.636,24.199,0.0
2022-07-03,24,31.68,24.02,27.715,75.493,53.53,1.747,5308.0,10574.07,0.0,0.0,0.502,19.109,0.0
2022-07-04,24,31.91,24.22,27.855,76.354,58.81,1.315,5752.77,10574.511,0.11,0.11,0.544,20.71,0.0
2022-07-05,24,33.54,25.71,28.965,75.061,53.19,1.794,5690.65,10574.989,0.31,0.31,0.538,20.486,0.11
2022-07-06,24,33.2,25.99,28.745,78.824,58.68,2.486,5757.73,10575.498,0.25,0.09,0.544,20.728,0.42
2022-07-07,24,31.7,25.93,28.218,75.348,57.07,2.616,6697.45,10576.034,0.02,0.0,0.633,24.111,0.67
2022-07-08,24,33.23,25.09,28.676,74.188,55.14,2.104,6685.64,10576.59,0.0,0.0,0.632,24.068,0.58
2022-07-09,24,32.22,25.23,28.122,75.63,58.77,2.215,6562.25,10577.159,0.01,0.01,0.62,23.624,0.27
2022-07-10,24,32.14,25.74,28.173,74.738,58.69,2.103,6987.52,10577.735,0.0,0.0,0.661,25.155,0.03
2022-07-11,24,33.11,25.26,28.516,74.892,55.09,2.06,7035.88,10578.31,0.0,0.0,0.665,25.329,0.01
2022-07-12,24,34.13,24.79,28.723,77.262,56.44,2.118,6207.14,10578.878,0.0,0.0,0.587,22.346,0.01
2022-07-13,24,32.47,24.69,28.0,75.371,53.72,2.555,6927.82,10579.43,0.0,0.0,0.655,24.94,0.0
2022-07-14,24,33.84,24.17,28.116,71.43,49.1,1.775,6910.12,10579.959,0.0,0.0,0.653,24.876,0.0
2022-07-15,24,34.97,24.62,28.87,72.674,46.41,1.57,6691.72,10580.456,0.0,0.0,0.632,24.09,0.0
2022-07-16,24,33.47,25.87,28.746,75.789,55.98,2.54,6218.62,10580.913,0.03,0.03,0.588,22.387,0.0
2022-07-17,24,31.16,26.22,28.005,71.921,52.66,3.265,6640.44,10581.32,0.01,0.0,0.628,23.906,0.03
2022-07-18,24,31.92,25.42,28.442,71.155,57.01,2.43,5414.31,10581.668,0.26,0.25,0.512,19.492,0.04
2022-07-19,24,33.6,26.18,29.188,72.46,56.13,2.308,6098.28,10581.948,0.3,0.3,0.576,21.954,0.3
2022-07-20,24,31.56,26.27,28.213,79.739,62.05,2.323,4607.74,10582.151,1.54,1.51,0.435,16.588,0.57
2022-07-21,24,33.9,26.28,28.921,76.874,54.58,1.588,5535.82,10582.265,0.36,0.14,0.523,19.929,2.1
2022-07-22,24,31.88,25.35,27.481,84.473,62.46,1.697,3827.96,10582.28,22.71,20.45,0.362,13.781,2.2
2022-07-23,24,29.53,25.01,26.681,89.369,76.19,2.237,2746.03,10582.186,3.31,2.92,0.259,9.886,24.61
2022-07-24,24,27.19,23.42,25.695,87.993,76.53,1.43,5087.94,10581.973,6.06,5.23,0.481,18.317,26.38
2022-07-25,24,32.85,24.53,28.145,78.941,56.32,1.393,6307.41,10581.628,1.94,0.15,0.596,22.707,32.08
2022-07-26,24,31.62,25.03,28.082,82.192,65.59,1.892,4944.38,10581.141,3.22,1.34,0.467,17.8,11.31
2022-07-27,24,31.33,26.24,28.58,80.149,66.02,2.422,5607.91,10580.501,1.1,1.08,0.53,20.188,11.22
2022-07-28,24,31.05,26.38,28.357,77.636,62.95,3.795,5462.26,10579.695,0.27,0.27,0.516,19.664,6.26
2022-07-29,24,31.33,26.56,28.721,75.263,63.6,3.662,6085.66,10578.712,0.14,0.11,0.575,21.908,4.59
2022-07-30,24,30.86,25.89,27.984,79.368,64.37,2.856,6010.46,10577.539,0.78,0.5,0.568,21.638,1.51
2022-07-31,24,28.15,25.16,26.483,83.575,75.95,2.141,4434.0,10576.165,3.61,3.33,0.419,15.962,1.19
2022-08-01,24,31.38,25.05,27.625,82.285,68.24,2.011,4965.78,10574.576,4.91,4.91,0.47,17.877,4.53
2022-08-02,24,32.25,25.61,28.649,77.005,59.28,1.955,5979.07,10572.762,0.74,0.72,0.566,21.525,9.3
2022-08-03,24,30.23,26.02,27.683,80.804,69.17,1.604,4708.58,10570.708,3.96,2.23,0.445,16.951,9.26
2022-08-04,24,31.89,25.17,28.24,82.098,63.29,0.688,4474.28,10568.402,4.85,4.61,0.423,16.107,9.61
2022-08-05,24,30.77,25.53,27.507,86.982,70.55,1.132,4378.89,10565.832,21.92,21.55,0.414,15.764,9.55
2022-08-06,24,31.15,24.88,27.226,87.521,69.52,1.27,4939.13,10562.985,6.52,6.47,0.468,17.781,30.73
2022-08-07,24,32.85,25.26,28.658,82.966,63.29,1.264,5712.87,10559.848,3.15,2.36,0.541,20.566,33.29
2022-08-08,24,32.34,25.43,28.647,81.734,63.81,1.06,5605.15,10556.407,1.38,1.13,0.531,20.179,31.59
2022-08-09,24,31.76,25.59,28.329,83.478,68.53,1.625,5027.1,10552.651,0.93,0.93,0.476,18.098,11.05
2022-08-10,24,32.06,26.91,28.824,81.545,65.33,2.825,5346.4,10548.565,0.14,0.14,0.507,19.247,5.46
2022-08-11,24,30.95,25.75,28.127,79.403,66.53,2.341,6307.63,10544.138,0.01,0.0,0.598,22.707,2.45
2022-08-12,24,30.87,26.22,28.042,82.203,67.06,2.349,5011.43,10539.356,7.56,7.5,0.475,18.041,1.08
2022-08-13,24,31.2,26.06,28.018,81.315,67.91,3.576,3345.77,10536.649,1.74,1.56,0.318,12.045,7.71
2022-08-14,24,32.23,26.17,28.807,76.399,60.16,2.202,5664.72,10533.897,0.29,0.29,0.538,20.393,9.31
2022-08-15,24,31.04,25.64,27.425,81.005,66.57,2.038,5532.5,10530.838,0.1,0.1,0.525,19.917,9.59
2022-08-16,24,31.7,26.29,28.562,79.484,66.66,2.5,5716.48,10527.459,0.0,0.0,0.543,20.579,2.13
2022-08-17,24,31.14,25.53,27.985,79.067,63.84,2.263,5858.23,10523.747,0.06,0.02,0.557,21.09,0.39
2022-08-18,24,30.69,25.7,27.4,84.78,72.88,1.352,5032.67,10519.688,6.98,6.4,0.478,18.118,0.16
2022-08-19,24,29.61,24.72,26.675,88.711,72.74,1.847,3918.38,10515.269,11.06,9.65,0.373,14.106,7.04
2022-08-20,24,29.46,25.02,26.911,85.97,70.9,2.585,3830.39,10510.477,10.93,6.4,0.364,13.789,18.1
2022-08-21,24,31.13,24.92,27.439,82.095,65.14,1.688,5570.7,10505.3,2.94,1.57,0.53,20.055,28.97
2022-08-22,24,31.77,26.44,28.803,79.79,65.69,2.391,5922.23,10499.726,1.11,1.11,0.564,21.32,24.93
2022-08-23,24,31.95,25.97,29.014,78.903,64.42,1.808,5030.99,10493.742,0.11,0.04,0.479,18.112,14.98
2022-08-24,24,29.66,25.73,27.25,81.877,69.01,2.005,5598.46,10487.335,0.0,0.0,0.534,20.154,4.16
2022-08-25,24,30.77,25.25,27.287,83.038,68.15,1.984,3873.09,10480.494,7.68,7.48,0.37,13.943,1.22
2022-08-26,24,29.71,24.55,26.813,88.629,75.57,1.584,4238.21,10473.208,18.25,13.1,0.405,15.258,7.79
2022-08-27,24,31.37,24.96,28.002,82.969,68.6,1.866,5126.76,10465.465,4.39,1.33,0.49,18.456,25.93
2022-08-28,24,33.07,26.14,28.888,81.705,65.64,1.698,5644.93,10457.255,3.1,3.06,0.54,20.322,30.32
2022-08-29,24,31.21,25.71,28.225,86.948,72.26,1.255,4908.62,10448.567,13.88,8.51,0.47,17.671,25.74
2022-08-30,24,27.09,24.74,25.522,94.734,90.01,3.148,2204.8,10439.39,47.22,43.92,0.211,7.937,21.37
2022-08-31,24,29.13,24.98,26.517,88.796,76.5,3.705,4431.91,10429.716,6.98,4.01,0.425,15.955,64.2
2022-09-01,24,28.72,24.9,26.365,88.505,78.73,2.797,2414.66,10419.534,14.44,11.99,0.232,8.693,68.08
2022-09-02,24,29.73,24.06,26.688,88.107,75.36,1.608,4500.13,10408.837,30.89,27.08,0.432,16.2,68.64
2022-09-03,24,27.41,24.41,25.718,93.838,88.32,0.609,1907.5,10397.615,31.37,20.75,0.183,6.867,52.31
2022-09-04,24,30.91,24.3,26.876,88.17,69.13,1.327,4928.66,10385.861,5.82,4.28,0.475,17.743,76.7
2022-09-05,24,30.49,24.85,27.33,86.259,75.59,1.875,5818.56,10373.568,1.72,0.98,0.561,20.947,68.08
2022-09-06,24,31.9,24.75,27.865,84.168,68.31,1.722,6499.91,10360.728,0.02,0.02,0.627,23.4,38.91
2022-09-07,24,31.6,25.75,28.423,83.716,72.7,2.723,5521.17,10347.337,0.0,0.0,0.534,19.876,7.56
2022-09-08,24,32.12,24.26,28.13,83.311,67.36,1.751,5497.35,10333.388,1.69,1.42,0.532,19.79,1.74
2022-09-09,24,28.43,24.07,26.066,89.74,79.34,1.206,4382.27,10318.876,21.63,2.71,0.425,15.776,1.71
2022-09-10,24,29.7,24.44,26.715,83.759,67.03,1.783,5755.08,10303.797,0.09,0.08,0.559,20.718,23.32
2022-09-11,24,30.86,25.51,27.544,82.023,66.52,2.466,5378.28,10288.147,0.13,0.13,0.523,19.362,23.41
2022-09-12,24,31.7,24.89,27.126,89.022,74.84,1.8,4299.26,10271.924,12.02,11.41,0.419,15.477,21.85
2022-09-13,24,31.24,25.0,27.77,86.455,69.43,1.685,5496.71,10255.125,4.55,4.03,0.536,19.788,12.24
2022-09-14,24,29.46,23.47,26.376,90.14,78.67,1.593,4002.74,10237.749,0.09,0.09,0.391,14.41,16.7
2022-09-15,24,32.12,26.17,28.785,85.143,69.74,1.772,7001.87,10219.795,0.0,0.0,0.685,25.207,16.66
2022-09-16,24,32.74,25.97,28.804,87.026,68.76,1.33,5944.96,10201.262,0.02,0.02,0.583,21.402,4.64
2022-09-17,24,30.22,25.64,27.657,87.608,74.84,2.068,6343.36,10182.151,0.2,0.2,0.623,22.836,0.11
2022-09-18,24,30.32,23.89,27.024,85.025,71.92,1.437,5577.06,10162.465,0.0,0.0,0.549,20.077,0.22
2022-09-19,24,30.81,25.32,27.605,83.357,66.24,1.44,5870.92,10142.204,0.18,0.05,0.579,21.135,0.22
2022-09-20,24,31.55,25.84,28.099,84.496,67.56,1.656,5196.65,10121.372,3.12,2.71,0.513,18.708,0.38
2022-09-21,24,31.85,25.77,28.023,87.025,70.79,1.501,5924.17,10099.972,0.04,0.02,0.587,21.327,3.3
2022-09-22,24,28.49,24.96,26.346,91.697,83.41,1.993,1954.87,10078.009,37.07,31.34,0.194,7.038,3.34
2022-09-23,24,29.91,24.33,26.794,88.74,74.26,3.485,4256.99,10055.488,6.76,2.23,0.423,15.325,40.23
2022-09-24,24,31.3,25.71,28.046,85.019,68.9,2.027,5393.37,10032.416,2.79,2.71,0.538,19.416,43.87
2022-09-25,24,30.17,23.7,27.098,85.218,70.11,1.095,4136.64,10008.798,2.06,2.06,0.413,14.892,46.62
2022-09-26,24,31.29,24.62,27.468,86.687,69.73,1.214,4586.9,9984.643,11.4,11.26,0.459,16.513,11.61
2022-09-27,24,31.63,24.23,27.568,84.668,64.93,1.812,5783.05,9959.959,0.91,0.88,0.581,20.819,16.25
2022-09-28,24,32.1,24.64,28.17,86.042,70.48,1.672,6322.51,9934.755,0.28,0.28,0.636,22.761,14.37
2022-09-29,24,31.14,25.97,28.04,85.869,69.92,1.888,5585.23,9909.041,0.0,0.0,0.564,20.107,12.59
2022-09-30,24,32.23,25.32,28.416,85.086,69.0,1.734,6231.96,9882.828,0.67,0.67,0.631,22.435,1.19
2022-10-01,24,31.65,25.03,28.046,84.408,69.82,1.781,6072.54,9856.126,0.06,0.06,0.616,21.861,0.95
2022-10-02,24,31.86,24.58,27.799,81.178,63.77,1.4,5080.58,9828.949,0.03,0.03,0.517,18.29,0.73
2022-10-03,24,31.1,25.43,27.655,85.071,70.35,1.363,3727.8,9801.309,6.22,6.21,0.38,13.42,0.76
2022-10-04,24,33.36,24.37,28.54,83.114,64.3,1.115,6608.6,9773.219,0.25,0.25,0.676,23.791,6.31
2022-10-05,24,32.88,26.48,28.79,86.792,70.16,2.527,6549.51,9744.695,0.0,0.0,0.672,23.578,6.5
2022-10-06,24,32.73,26.12,28.693,84.646,68.06,2.061,6180.36,9715.75,0.01,0.01,0.636,22.249,6.47
2022-10-07,24,33.22,25.21,28.713,85.119,67.15,1.383,5994.07,9686.4,0.0,0.0,0.619,21.579,0.26
2022-10-08,24,31.77,24.28,27.466,86.167,68.0,1.755,5425.26,9656.663,0.0,0.0,0.562,19.531,0.01
2022-10-09,24,29.68,23.46,26.331,87.87,68.83,1.283,4396.31,9626.553,2.52,1.83,0.457,15.827,0.01
2022-10-10,24,31.58,24.64,27.386,85.199,65.26,1.527,4167.96,9596.09,0.26,0.06,0.434,15.005,2.52
2022-10-11,24,33.03,24.49,28.348,84.473,63.21,1.694,6238.35,9565.291,0.0,0.0,0.652,22.458,2.78
2022-10-12,24,33.27,25.82,28.665,86.08,63.71,1.451,6527.88,9534.175,0.0,0.0,0.685,23.5,2.78
2022-10-13,24,32.74,25.91,28.532,86.763,67.49,1.645,5735.3,9502.76,0.07,0.07,0.604,20.647,0.26
2022-10-14,24,31.41,24.27,27.433,86.341,67.76,1.692,5915.58,9471.067,0.03,0.02,0.625,21.296,0.07
2022-10-15,24,31.72,25.17,27.741,85.132,64.85,2.119,6390.78,9439.116,0.0,0.0,0.677,23.007,0.1
2022-10-16,24,30.95,25.36,27.702,80.064,64.24,2.243,6348.86,9406.927,0.0,0.0,0.675,22.856,0.1
2022-10-17,24,34.03,25.14,28.686,82.876,60.68,1.282,5181.52,9374.521,3.86,3.86,0.553,18.653,0.03
2022-10-18,24,33.69,25.91,28.897,85.497,63.98,1.377,5941.89,9341.92,0.35,0.35,0.636,21.391,3.86
2022-10-19,24,33.91,25.14,28.691,83.138,57.33,1.88,6374.07,9309.146,0.0,0.0,0.685,22.947,4.21
2022-10-20,24,32.43,25.18,27.848,86.053,64.98,2.28,6226.62,9276.22,0.0,0.0,0.671,22.416,4.21
2022-10-21,24,32.97,24.63,27.854,84.769,60.57,1.747,6296.89,9243.166,0.0,0.0,0.681,22.669,0.35
2022-10-22,24,33.01,25.0,28.055,85.09,61.78,1.904,6135.85,9210.006,0.0,0.0,0.666,22.089,0.0
2022-10-23,24,33.5,24.87,28.318,83.121,58.64,1.468,6224.29,9176.762,0.16,0.16,0.678,22.407,0.0
2022-10-24,24,29.42,24.2,26.397,84.479,67.99,0.992,4869.81,9143.459,6.34,5.93,0.533,17.531,0.16
2022-10-25,24,32.02,24.62,27.791,83.523,63.25,1.692,5131.03,9110.12,0.53,0.23,0.563,18.472,6.5
2022-10-26,24,34.75,25.89,29.053,79.849,51.34,2.708,6244.55,9076.768,0.0,0.0,0.688,22.48,7.03
2022-10-27,24,37.16,24.46,29.144,68.406,34.07,2.328,6207.62,9043.428,0.0,0.0,0.686,22.347,6.87
2022-10-28,24,35.76,24.21,28.538,63.011,31.89,1.335,6409.09,9010.123,0.0,0.0,0.711,23.073,0.53
2022-10-29,24,33.84,24.33,28.054,83.911,53.25,1.409,6196.57,8976.877,0.0,0.0,0.69,22.308,0.0
2022-10-30,24,35.83,23.31,28.409,79.489,46.39,0.955,5959.8,8943.714,0.0,0.0,0.666,21.455,0.0
2022-10-31,24,36.08,23.6,28.561,76.72,39.21,0.989,6226.91,8910.659,0.0,0.0,0.699,22.417,0.0
2022-11-01,24,37.47,22.52,28.675,59.536,23.83,1.929,6345.63,8877.735,0.0,0.0,0.715,22.844,0.0
2022-11-02,24,37.85,20.51,28.213,53.213,21.56,1.795,6343.2,8844.967,0.0,0.0,0.717,22.836,0.0
2022-11-03,24,37.53,22.66,28.267,47.42,19.37,2.125,6350.27,8812.379,0.0,0.0,0.721,22.861,0.0
2022-11-04,24,36.82,19.73,27.094,58.101,21.54,1.92,6323.86,8779.994,0.0,0.0,0.72,22.766,0.0
2022-11-05,24,36.0,21.57,26.97,48.559,20.11,1.885,5869.47,8747.837,0.0,0.0,0.671,21.13,0.0
2022-11-06,24,34.19,21.16,26.641,61.817,23.13,1.593,3874.12,8715.932,0.0,0.0,0.444,13.947,0.0
2022-11-07,24,34.53,21.41,26.831,71.05,28.41,2.299,6144.31,8684.302,0.0,0.0,0.708,22.12,0.0
2022-11-08,24,32.8,22.71,26.993,75.382,37.71,2.41,5704.16,8652.97,0.0,0.0,0.659,20.535,0.0
2022-11-09,24,35.33,24.13,28.144,76.215,39.56,1.92,5964.86,8621.961,0.0,0.0,0.692,21.473,0.0
2022-11-10,24,35.82,23.96,28.093,75.836,35.72,1.646,5794.29,8591.296,0.0,0.0,0.674,20.859,0.0
2022-11-11,24,34.82,23.02,27.488,73.413,31.01,1.301,5776.5,8560.999,0.0,0.0,0.675,20.795,0.0
2022-11-12,24,34.22,23.22,27.488,70.468,28.41,2.49,6025.89,8531.092,0.0,0.0,0.706,21.693,0.0
2022-11-13,24,32.72,22.13,26.252,71.952,37.33,2.116,4248.72,8501.598,0.0,0.0,0.5,15.295,0.0
2022-11-14,24,33.09,22.0,26.476,80.208,44.8,2.158,5830.85,8472.539,0.0,0.0,0.688,20.991,0.0
2022-11-15,24,32.07,23.12,26.522,79.428,46.21,2.11,5194.1,8443.936,0.0,0.0,0.615,18.699,0.0
2022-11-16,24,34.23,21.58,27.223,75.396,37.78,1.11,5789.67,8415.811,0.0,0.0,0.688,20.843,0.0
2022-11-17,24,36.18,23.8,28.572,70.985,34.84,1.904,5549.5,8388.185,0.0,0.0,0.662,19.978,0.0
2022-11-18,24,36.12,21.74,27.663,51.501,21.95,2.129,5909.52,8361.078,0.0,0.0,0.707,21.274,0.0
2022-11-19,24,34.52,18.63,25.67,50.71,18.65,2.403,5892.3,8334.511,0.0,0.0,0.707,21.212,0.0
2022-11-20,24,33.94,19.17,25.367,63.915,25.63,2.561,5758.92,8308.503,0.0,0.0,0.693,20.732,0.0
2022-11-21,24,36.5,19.1,26.3,55.123,21.27,2.442,5769.22,8283.074,0.0,0.0,0.697,20.769,0.0
2022-11-22,24,36.2,20.05,26.538,41.536,19.06,2.836,5888.84,8258.243,0.0,0.0,0.713,21.2,0.0
2022-11-23,24,34.8,20.4,25.649,37.554,19.94,3.052,5925.6,8234.029,0.0,0.0,0.72,21.332,0.0
2022-11-24,24,31.8,19.39,24.362,47.764,25.25,2.571,4628.54,8210.449,0.0,0.0,0.564,16.663,0.0
2022-11-25,24,33.01,21.75,25.741,57.089,25.3,2.531,3831.75,8187.522,0.0,0.0,0.468,13.794,0.0
2022-11-26,24,35.8,22.51,27.428,47.902,17.56,2.199,5276.2,8165.264,0.0,0.0,0.646,18.994,0.0
2022-11-27,24,35.1,19.94,25.598,51.284,18.13,2.407,5735.28,8143.693,0.0,0.0,0.704,20.647,0.0
2022-11-28,24,35.25,18.64,25.358,60.737,23.35,2.238,5803.39,8122.823,0.0,0.0,0.714,20.892,0.0
2022-11-29,24,35.69,18.3,25.085,51.135,22.21,1.859,5751.33,8102.672,0.0,0.0,0.71,20.705,0.0
2022-11-30,24,34.97,20.11,26.108,53.132,22.15,2.38,5581.47,8083.253,0.0,0.0,0.69,20.093,0.0
2022-12-01,24,31.93,20.85,25.308,65.108,33.65,3.077,5627.7,8064.582,0.0,0.0,0.698,20.26,0.0
2022-12-02,24,30.51,20.21,24.136,76.058,42.93,2.556,5640.8,8046.673,0.0,0.0,0.701,20.307,0.0
2022-12-03,24,30.25,19.04,23.435,74.372,44.61,2.057,5530.91,8029.539,0.0,0.0,0.689,19.911,0.0
2022-12-04,24,30.27,18.58,23.542,73.068,47.06,1.924,5328.73,8013.193,0.0,0.0,0.665,19.183,0.0
2022-12-05,24,32.55,20.26,25.125,76.106,46.92,1.972,5133.6,7997.648,0.0,0.0,0.642,18.481,0.0
2022-12-06,24,33.71,22.14,26.589,74.156,39.67,2.781,5361.43,7982.915,0.0,0.0,0.672,19.301,0.0
2022-12-07,24,34.19,23.06,27.01,73.918,42.43,3.194,5343.73,7969.005,0.0,0.0,0.671,19.237,0.0
2022-12-08,24,34.39,23.14,27.032,71.762,43.84,3.273,5327.62,7955.929,0.0,0.0,0.67,19.179,0.0
2022-12-09,24,35.9,22.69,27.586,60.825,32.15,3.027,5392.68,7943.698,0.0,0.0,0.679,19.414,0.0
2022-12-10,24,37.42,22.91,27.916,62.912,29.32,2.453,5399.71,7932.32,0.0,0.0,0.681,19.439,0.0
2022-12-11,24,38.52,22.44,28.232,60.151,23.44,2.3,5435.72,7921.804,0.0,0.0,0.686,19.569,0.0
2022-12-12,24,37.68,19.85,27.445,45.74,14.01,2.285,5581.13,7912.159,0.0,0.0,0.705,20.092,0.0
2022-12-13,24,37.68,19.53,26.903,32.517,13.18,1.952,5646.35,7903.392,0.0,0.0,0.714,20.327,0.0
2022-12-14,24,37.86,18.0,26.185,48.897,11.55,2.12,5605.77,7895.51,0.0,0.0,0.71,20.181,0.0
2022-12-15,24,37.46,17.51,26.01,46.025,15.19,2.299,5566.74,7888.52,0.0,0.0,0.706,20.04,0.0
2022-12-16,24,35.63,19.12,26.072,56.697,24.81,2.579,5533.21,7882.426,0.0,0.0,0.702,19.92,0.0
2022-12-17,24,36.82,19.36,26.316,55.267,18.22,2.315,5586.62,7877.236,0.0,0.0,0.709,20.112,0.0
2022-12-18,24,36.85,19.03,26.207,45.758,15.56,2.344,5446.45,7875.162,0.0,0.0,0.692,19.607,0.0
2022-12-19,24,36.73,19.42,26.497,39.341,13.92,2.63,5403.7,7874.475,0.0,0.0,0.686,19.453,0.0
2022-12-20,24,36.28,19.8,26.544,29.985,16.51,3.078,5581.77,7874.662,0.0,0.0,0.709,20.094,0.0
2022-12-21,24,35.04,18.83,25.333,34.331,17.07,3.057,5596.52,7875.724,0.0,0.0,0.711,20.147,0.0
2022-12-22,24,35.22,17.47,24.883,35.571,16.84,2.499,5611.22,7877.66,0.0,0.0,0.712,20.2,0.0
2022-12-23,24,32.54,17.84,24.019,33.339,18.93,2.788,5649.59,7880.47,0.0,0.0,0.717,20.339,0.0
2022-12-24,24,34.13,16.24,23.714,37.94,20.81,2.552,5551.52,7884.151,0.0,0.0,0.704,19.985,0.0
2022-12-25,24,34.05,16.92,24.13,41.039,17.02,2.479,5556.04,7888.703,0.0,0.0,0.704,20.002,0.0
2022-12-26,24,32.87,17.03,23.345,61.741,21.37,2.347,5425.13,7894.123,0.0,0.0,0.687,19.53,0.0
2022-12-27,24,28.29,18.73,22.231,79.476,46.92,2.64,5360.08,7900.406,0.0,0.0,0.678,19.296,0.0
2022-12-28,24,28.66,17.77,22.458,79.343,51.66,1.854,5091.73,7907.549,0.0,0.0,0.644,18.33,0.0
2022-12-29,24,28.59,18.69,23.373,73.268,46.53,0.993,3874.66,7915.548,0.88,0.84,0.489,13.949,0.0
2022-12-30,24,29.72,20.18,24.297,70.297,38.83,1.495,4847.15,7924.396,0.02,0.0,0.612,17.45,0.88
2022-12-31,24,34.36,18.34,25.56,50.082,21.18,2.409,5494.43,7934.089,0.0,0.0,0.693,19.78,0.9
2023-01-01,24,36.52,19.04,26.385,33.059,16.7,2.473,5399.85,7944.619,0.0,0.0,0.68,19.439,0.9
2023-01-02,24,35.2,19.41,25.998,33.418,13.54,2.246,5050.34,7955.98,0.0,0.0,0.635,18.181,0.02
2023-01-03,24,36.05,17.84,25.99,41.673,16.18,2.193,5290.83,7968.163,0.0,0.0,0.664,19.047,0.0
2023-01-04,24,34.13,20.48,26.312,28.026,14.96,2.862,4797.1,7981.161,0.0,0.0,0.601,17.27,0.0
2023-01-05,24,34.43,19.99,25.601,30.426,14.64,2.582,4859.57,7994.964,0.0,0.0,0.608,17.494,0.0
2023-01-06,24,34.13,18.17,24.384,39.241,13.13,2.199,5223.44,8009.563,0.0,0.0,0.652,18.804,0.0
2023-01-07,24,31.99,18.47,24.338,38.946,17.79,2.615,4303.16,8024.948,0.0,0.0,0.536,15.491,0.0
2023-01-08,24,28.92,21.78,24.329,36.894,26.49,2.037,2307.9,8041.107,0.18,0.1,0.287,8.308,0.0
2023-01-09,24,28.51,21.46,24.621,36.309,26.06,3.246,2396.3,8058.029,0.0,0.0,0.297,8.627,0.18
2023-01-10,24,34.3,21.76,26.633,24.55,17.23,3.124,4328.31,8075.703,0.0,0.0,0.536,15.582,0.18
2023-01-11,24,34.62,18.33,24.933,34.015,18.25,2.894,5598.71,8094.116,0.0,0.0,0.692,20.155,0.18
2023-01-12,24,33.63,18.63,23.922,38.17,14.91,2.944,5580.96,8113.255,0.0,0.0,0.688,20.091,0.0
2023-01-13,24,34.87,17.38,24.57,32.498,12.32,2.636,5613.84,8133.105,0.0,0.0,0.69,20.21,0.0
2023-01-14,24,36.2,18.14,25.04,31.708,13.84,2.169,5667.47,8153.653,0.0,0.0,0.695,20.403,0.0
2023-01-15,24,36.36,17.75,25.335,28.757,11.62,2.171,5777.85,8174.884,0.0,0.0,0.707,20.8,0.0
2023-01-16,24,35.0,17.97,25.302,28.119,15.12,2.135,4820.73,8196.782,0.0,0.0,0.588,17.355,0.0
2023-01-17,24,37.55,21.12,27.377,24.223,12.24,2.475,5527.5,8219.332,0.0,0.0,0.672,19.899,0.0
2023-01-18,24,36.27,21.29,27.158,27.89,11.6,2.946,4753.54,8242.517,0.0,0.0,0.577,17.113,0.0
2023-01-19,24,34.82,19.65,24.911,40.372,14.65,3.48,5725.54,8266.319,0.0,0.0,0.693,20.612,0.0
2023-01-20,24,29.7,18.0,22.303,64.744,33.62,3.465,5713.71,8290.723,0.0,0.0,0.689,20.569,0.0
2023-01-21,24,27.32,16.5,20.583,73.446,45.53,3.173,5760.4,8315.709,0.0,0.0,0.693,20.737,0.0
2023-01-22,24,28.64,15.94,20.912,72.248,36.07,2.027,5805.51,8341.259,0.0,0.0,0.696,20.9,0.0
2023-01-23,24,30.46,16.65,21.652,75.151,30.13,1.485,5806.02,8367.354,0.0,0.0,0.694,20.902,0.0
2023-01-24,24,30.34,16.22,22.526,77.898,41.3,1.4,5558.63,8393.975,0.0,0.0,0.662,20.011,0.0
2023-01-25,24,29.93,18.72,23.414,80.438,51.24,1.476,5290.72,8421.103,0.0,0.0,0.628,19.047,0.0
2023-01-26,24,33.27,20.69,25.135,71.681,37.82,2.039,5651.98,8448.716,0.0,0.0,0.669,20.347,0.0
2023-01-27,24,38.74,19.99,27.533,42.946,17.04,3.116,5789.89,8476.794,0.0,0.0,0.683,20.844,0.0
2023-01-28,24,34.49,19.14,25.609,33.168,17.39,3.503,5959.54,8505.317,0.0,0.0,0.701,21.454,0.0
2023-01-29,24,30.94,15.73,21.666,39.951,18.42,3.2,6138.36,8534.263,0.0,0.0,0.719,22.098,0.0
2023-01-30,24,31.19,15.03,21.338,51.618,18.48,2.847,6065.13,8563.609,0.0,0.0,0.708,21.834,0.0
2023-01-31,24,32.91,15.18,22.154,51.495,18.77,2.774,6138.91,8593.335,0.0,0.0,0.714,22.1,0.0
2023-02-01,24,32.19,15.94,22.406,59.235,23.92,3.145,6076.06,8623.417,0.0,0.0,0.705,21.874,0.0
2023-02-02,24,32.49,15.98,22.579,61.203,27.52,2.975,6118.47,8653.834,0.0,0.0,0.707,22.026,0.0
2023-02-03,24,34.38,16.41,23.562,40.478,16.31,2.302,5936.94,8684.561,0.0,0.0,0.684,21.373,0.0
2023-02-04,24,33.04,16.41,23.399,35.267,15.06,2.74,6041.01,8715.576,0.0,0.0,0.693,21.748,0.0
2023-02-05,24,32.25,16.6,22.682,35.445,16.46,2.998,6054.52,8746.856,0.0,0.0,0.692,21.796,0.0
2023-02-06,24,29.31,17.26,21.503,58.163,26.97,3.817,6057.33,8778.376,0.0,0.0,0.69,21.806,0.0
2023-02-07,24,29.23,17.05,21.549,52.225,24.73,3.898,5910.44,8810.113,0.0,0.0,0.671,21.278,0.0
2023-02-08,24,33.13,18.29,23.707,46.924,20.07,2.857,5936.88,8842.043,0.0,0.0,0.671,21.373,0.0
2023-02-09,24,33.83,19.45,25.043,41.828,20.59,3.152,6000.99,8874.142,0.0,0.0,0.676,21.604,0.0
2023-02-10,24,29.61,19.3,22.953,64.545,38.62,3.87,5873.19,8906.385,0.0,0.0,0.659,21.143,0.0
2023-02-11,24,32.45,18.45,23.801,57.368,25.37,2.758,5991.46,8938.749,0.0,0.0,0.67,21.569,0.0
2023-02-12,24,30.7,19.88,23.557,63.853,40.75,3.614,5480.54,8971.209,0.0,0.0,0.611,19.73,0.0
2023-02-13,24,30.53,21.01,25.105,59.602,46.97,5.778,5765.23,9003.741,0.0,0.0,0.64,20.755,0.0
2023-02-14,24,28.73,19.34,23.519,58.742,37.68,4.488,5002.28,9036.32,0.0,0.0,0.554,18.008,0.0
2023-02-15,24,26.91,18.72,21.585,72.744,50.02,4.006,5711.48,9068.922,0.0,0.0,0.63,20.561,0.0
2023-02-16,24,27.81,19.33,22.116,67.72,47.72,3.878,5368.78,9101.523,0.0,0.0,0.59,19.328,0.0
2023-02-17,24,29.29,17.99,21.716,65.946,39.88,3.724,6231.46,9134.099,0.0,0.0,0.682,22.433,0.0
2023-02-18,24,31.95,18.52,23.416,58.77,34.5,3.946,6218.34,9166.625,0.0,0.0,0.678,22.386,0.0
2023-02-19,24,32.64,20.26,25.009,50.229,28.24,3.583,5447.4,9199.079,0.0,0.0,0.592,19.611,0.0
2023-02-20,24,35.33,20.87,26.193,47.557,24.37,2.882,5909.88,9231.435,0.0,0.0,0.64,21.276,0.0
2023-02-21,24,32.36,19.69,24.42,57.425,33.4,4.472,6389.63,9263.671,0.0,0.0,0.69,23.003,0.0
2023-02-22,24,33.85,20.02,24.892,48.214,25.8,4.178,6421.85,9295.764,0.0,0.0,0.691,23.119,0.0
2023-02-23,24,29.24,17.61,22.273,59.008,37.27,4.339,6494.73,9327.69,0.0,0.0,0.696,23.381,0.0
2023-02-24,24,29.61,17.3,21.586,66.681,38.24,3.689,6492.34,9359.427,0.0,0.0,0.694,23.372,0.0
2023-02-25,24,31.06,17.06,21.801,67.345,35.41,3.418,6508.78,9390.953,0.0,0.0,0.693,23.432,0.0
2023-02-26,24,30.64,16.94,21.761,68.674,37.0,3.223,6519.13,9422.245,0.0,0.0,0.692,23.469,0.0
2023-02-27,24,31.82,16.86,22.771,62.295,30.45,3.222,6552.7,9453.282,0.0,0.0,0.693,23.59,0.0
2023-02-28,24,37.19,18.35,26.021,44.502,18.61,2.985,6648.57,9484.044,0.0,0.0,0.701,23.935,0.0
2023-03-01,24,38.39,20.15,27.405,32.786,13.14,2.856,6766.22,9517.529,0.0,0.0,0.711,24.358,0.0
2023-03-02,24,37.5,20.74,27.286,35.604,16.86,3.16,6729.74,9551.097,0.0,0.0,0.705,24.227,0.0
2023-03-03,24,34.87,17.0,24.678,50.59,22.38,2.92,6971.43,9584.396,0.0,0.0,0.727,25.097,0.0
2023-03-04,24,38.03,17.68,25.858,45.206,12.55,2.414,6856.33,9617.404,0.0,0.0,0.713,24.683,0.0
2023-03-05,24,39.15,18.84,26.738,42.278,11.54,1.965,6720.47,9650.1,0.0,0.0,0.696,24.194,0.0
2023-03-06,24,34.52,19.63,25.574,54.028,25.84,1.4,4962.66,9682.463,0.0,0.0,0.513,17.866,0.0
2023-03-07,24,40.71,20.16,28.392,40.595,9.19,2.449,6868.83,9714.473,0.0,0.0,0.707,24.728,0.0
2023-03-08,24,41.66,21.7,30.515,26.029,9.06,3.033,7032.79,9746.11,0.0,0.0,0.722,25.318,0.0
2023-03-09,24,38.69,21.73,28.275,32.277,13.4,3.09,7118.39,9777.355,0.0,0.0,0.728,25.626,0.0
2023-03-10,24,40.28,18.51,27.918,40.314,10.89,2.879,7169.64,9808.189,0.0,0.0,0.731,25.811,0.0
2023-03-11,24,41.53,20.38,29.038,33.652,8.12,2.88,7145.04,9838.594,0.0,0.0,0.726,25.722,0.0
2023-03-12,24,39.35,20.72,28.039,40.763,15.34,2.919,7148.55,9868.553,0.0,0.0,0.724,25.735,0.0
2023-03-13,24,39.16,21.08,28.032,44.512,15.64,2.573,7205.51,9898.05,0.0,0.0,0.728,25.94,0.0
2023-03-14,24,35.6,20.43,26.307,55.555,20.12,2.135,7172.72,9927.068,0.0,0.0,0.723,25.822,0.0
2023-03-15,24,32.13,19.47,24.021,73.47,30.39,1.991,7029.81,9955.592,0.0,0.0,0.706,25.307,0.0
2023-03-16,24,30.28,19.97,23.415,77.134,44.32,2.155,5665.55,9983.608,0.0,0.0,0.567,20.396,0.0
2023-03-17,24,31.29,20.09,23.896,74.424,39.41,2.302,6351.34,10011.103,0.0,0.0,0.634,22.865,0.0
2023-03-18,24,33.02,19.7,24.715,74.975,37.4,2.824,7033.95,10038.062,0.0,0.0,0.701,25.322,0.0
2023-03-19,24,35.03,20.05,25.762,66.107,31.12,3.315,7127.55,10064.475,0.0,0.0,0.708,25.659,0.0
2023-03-20,24,35.04,20.37,25.641,62.272,30.62,2.866,7188.87,10090.329,0.0,0.0,0.712,25.88,0.0
2023-03-21,24,30.48,19.01,23.34,74.509,38.14,3.301,7223.84,10115.615,0.0,0.0,0.714,26.006,0.0
2023-03-22,24,27.87,18.72,22.162,78.641,51.79,2.817,7062.41,10140.322,0.0,0.0,0.696,25.425,0.0
2023-03-23,24,27.62,17.93,21.582,77.695,48.09,2.799,6948.84,10164.441,0.0,0.0,0.684,25.016,0.0
2023-03-24,24,28.05,17.77,21.961,73.831,42.94,2.756,7157.44,10187.965,0.0,0.0,0.703,25.767,0.0
2023-03-25,24,33.48,18.5,24.086,72.749,33.62,2.592,7057.88,10210.886,0.0,0.0,0.691,25.408,0.0
2023-03-26,24,35.27,20.65,26.285,62.706,29.51,2.724,7236.6,10233.198,0.0,0.0,0.707,26.052,0.0
2023-03-27,24,37.84,20.4,27.616,54.85,21.05,2.857,7339.54,10254.895,0.0,0.0,0.716,26.422,0.0
2023-03-28,24,36.58,20.01,27.591,50.416,20.46,3.107,7451.03,10275.972,0.0,0.0,0.725,26.824,0.0
2023-03-29,24,36.69,21.03,27.248,55.355,22.25,3.365,7386.0,10296.426,0.0,0.0,0.717,26.59,0.0
2023-03-30,24,37.1,20.35,26.956,65.136,25.96,2.731,7359.35,10316.252,0.0,0.0,0.713,26.494,0.0
2023-03-31,24,38.98,20.76,27.889,63.042,23.0,1.648,7142.6,10335.45,0.0,0.0,0.691,25.713,0.0
2023-04-01,24,41.61,21.0,30.057,39.351,10.52,1.875,7506.78,10354.017,0.0,0.0,0.725,27.024,0.0
2023-04-02,24,38.89,22.51,28.515,51.534,18.2,2.022,7403.96,10371.952,0.0,0.0,0.714,26.654,0.0
2023-04-03,24,33.24,20.55,25.828,72.345,36.24,2.068,7350.13,10389.257,0.0,0.0,0.707,26.46,0.0
2023-04-04,24,34.19,21.26,26.273,73.262,34.38,1.473,7075.76,10405.93,0.0,0.0,0.68,25.473,0.0
2023-04-05,24,37.31,20.01,26.41,59.408,18.22,3.052,7442.38,10421.975,0.0,0.0,0.714,26.793,0.0
2023-04-06,24,35.65,20.18,26.041,56.389,24.3,3.493,7144.72,10437.394,0.0,0.0,0.685,25.721,0.0
2023-04-07,24,33.16,19.9,25.005,67.79,35.48,3.215,7351.83,10452.189,0.0,0.0,0.703,26.467,0.0
2023-04-08,24,30.76,20.1,24.06,72.892,39.07,3.552,6666.65,10466.364,0.0,0.0,0.637,24.0,0.0
2023-04-09,24,28.94,19.8,23.029,71.568,39.49,3.971,7084.08,10479.925,0.0,0.0,0.676,25.503,0.0
2023-04-10,24,28.64,19.92,22.993,72.905,44.3,3.543,6537.44,10492.875,0.0,0.0,0.623,23.535,0.0
2023-04-11,24,31.03,19.66,23.537,75.869,39.44,2.746,6369.92,10505.222,0.01,0.0,0.606,22.932,0.0
2023-04-12,24,32.59,20.49,25.232,67.448,38.14,3.233,5951.2,10516.971,0.31,0.0,0.566,21.424,0.01
2023-04-13,24,37.13,21.73,27.813,53.0,27.13,2.992,7135.9,10528.129,0.0,0.0,0.678,25.689,0.32
2023-04-14,24,38.99,23.06,29.485,46.963,24.41,3.594,7251.76,10538.705,0.0,0.0,0.688,26.106,0.32
2023-04-15,24,38.56,23.67,29.352,45.988,23.52,3.605,7261.13,10548.706,0.0,0.0,0.688,26.14,0.31
2023-04-16,24,39.81,23.76,29.885,46.712,22.2,3.583,7261.21,10558.142,0.0,0.0,0.688,26.14,0.0
2023-04-17,24,35.02,22.21,26.931,55.251,32.3,4.191,7093.83,10567.021,0.0,0.0,0.671,25.538,0.0
2023-04-18,24,32.95,20.67,24.774,62.334,35.47,4.506,7295.85,10575.353,0.0,0.0,0.69,26.265,0.0
2023-04-19,24,30.89,19.9,23.546,65.964,40.12,4.16,7043.38,10583.149,0.0,0.0,0.666,25.356,0.0
2023-04-20,24,29.49,19.17,23.155,72.01,45.18,3.976,7231.93,10590.419,0.0,0.0,0.683,26.035,0.0
2023-04-21,24,28.24,19.85,22.645,76.483,48.75,3.811,7033.6,10597.175,0.0,0.0,0.664,25.321,0.0
2023-04-22,24,30.55,18.98,23.291,67.662,40.67,3.467,7318.2,10603.427,0.08,0.0,0.69,26.346,0.0
2023-04-23,24,32.2,18.93,24.043,71.553,36.61,3.405,7205.58,10609.189,0.0,0.0,0.679,25.94,0.08
2023-04-24,24,34.59,19.02,25.271,70.552,33.84,3.036,7428.42,10614.471,0.0,0.0,0.7,26.742,0.08
2023-04-25,24,34.14,20.41,25.127,71.409,34.72,3.14,6775.84,10619.288,0.0,0.0,0.638,24.393,0.08
2023-04-26,24,31.69,20.38,24.389,74.925,40.43,3.459,7463.02,10623.65,0.0,0.0,0.702,26.867,0.0
2023-04-27,24,31.29,19.62,24.105,75.982,40.32,3.405,7510.74,10627.572,0.0,0.0,0.707,27.039,0.0
2023-04-28,24,33.65,19.76,25.274,67.492,32.37,3.777,7610.91,10631.066,0.0,0.0,0.716,27.399,0.0
2023-04-29,24,35.76,19.6,25.901,66.81,34.66,2.436,7583.87,10634.147,0.0,0.0,0.713,27.302,0.0
2023-04-30,24,33.17,18.83,24.728,73.779,39.55,2.012,7606.54,10636.828,0.0,0.0,0.715,27.384,0.0
2023-05-01,24,32.05,19.28,24.713,77.506,42.57,1.845,7574.53,10639.122,0.0,0.0,0.712,27.268,0.0
2023-05-02,24,30.27,20.95,24.433,81.852,56.51,2.198,7190.91,10641.044,0.0,0.0,0.676,25.887,0.0
2023-05-03,24,33.94,21.8,26.227,77.512,43.75,1.65,6837.02,10642.607,0.0,0.0,0.642,24.613,0.0
2023-05-04,24,36.09,20.95,27.178,68.808,32.6,1.648,7446.37,10643.826,0.0,0.0,0.7,26.807,0.0
2023-05-05,24,38.48,22.44,28.427,60.672,27.52,3.487,7603.25,10644.715,0.0,0.0,0.714,27.372,0.0
2023-05-06,24,32.38,21.29,25.476,70.328,43.68,3.438,7531.26,10645.289,0.0,0.0,0.707,27.113,0.0
2023-05-07,24,32.28,21.4,25.278,73.187,43.57,2.828,7002.53,10645.56,0.0,0.0,0.658,25.209,0.0
2023-05-08,24,35.02,21.35,26.75,69.033,34.97,2.195,7586.26,10645.544,0.0,0.0,0.713,27.311,0.0
2023-05-09,24,34.97,20.93,26.787,70.856,37.21,2.48,7401.7,10645.255,0.0,0.0,0.695,26.646,0.0
2023-05-10,24,33.46,22.12,26.68,70.542,42.18,2.974,6154.29,10644.706,0.09,0.08,0.578,22.155,0.0
2023-05-11,24,31.82,22.17,25.989,71.115,42.2,3.013,7486.75,10643.912,0.0,0.0,0.703,26.952,0.09
2023-05-12,24,32.2,21.36,25.713,73.893,42.86,3.441,6803.37,10642.887,0.0,0.0,0.639,24.492,0.09
2023-05-13,24,33.48,21.52,26.011,74.898,41.93,2.188,7394.07,10641.645,0.0,0.0,0.695,26.619,0.09
2023-05-14,24,33.27,22.25,25.848,73.838,36.28,2.471,7535.73,10640.199,0.0,0.0,0.708,27.129,0.0
2023-05-15,24,30.9,21.67,25.183,75.071,47.9,3.501,7514.61,10638.562,0.0,0.0,0.706,27.053,0.0
2023-05-16,24,31.66,21.72,25.547,73.955,43.11,3.007,7236.91,10636.749,0.0,0.0,0.68,26.053,0.0
2023-05-17,24,32.53,21.8,26.123,72.801,40.48,3.273,7185.9,10634.773,0.0,0.0,0.676,25.869,0.0
2023-05-18,24,33.25,22.66,27.08,64.089,37.42,3.807,7327.88,10632.646,0.0,0.0,0.689,26.38,0.0
2023-05-19,24,33.56,23.33,27.157,63.009,39.1,3.342,7426.81,10630.381,0.0,0.0,0.699,26.737,0.0
2023-05-20,24,33.6,23.16,27.09,65.295,35.24,3.538,7467.98,10627.991,0.0,0.0,0.703,26.885,0.0
2023-05-21,24,34.22,22.7,27.034,66.175,33.12,3.147,7431.34,10625.488,0.0,0.0,0.699,26.753,0.0
2023-05-22,24,31.69,22.44,25.886,66.655,40.23,3.328,7358.12,10622.884,0.0,0.0,0.693,26.489,0.0
2023-05-23,24,30.4,22.49,25.436,69.185,47.89,3.165,5791.2,10620.192,0.0,0.0,0.545,20.848,0.0
2023-05-24,24,33.68,23.09,27.168,64.477,41.78,3.202,6827.94,10617.422,0.01,0.0,0.643,24.581,0.0
2023-05-25,24,36.98,24.68,28.747,58.75,32.06,3.332,6798.62,10614.587,0.03,0.0,0.64,24.475,0.01
2023-05-26,24,35.3,24.44,28.713,62.793,39.21,2.334,5695.79,10611.697,0.0,0.0,0.537,20.505,0.04
2023-05-27,24,36.8,24.61,29.204,65.078,37.07,2.997,6264.54,10608.762,0.0,0.0,0.591,22.552,0.04
2023-05-28,24,37.8,25.33,30.248,58.491,33.13,3.771,7184.02,10605.794,0.0,0.0,0.677,25.862,0.03
2023-05-29,24,38.03,25.0,30.185,55.189,33.37,3.585,7351.74,10602.803,0.0,0.0,0.693,26.466,0.0
2023-05-30,24,40.5,24.87,31.034,52.915,25.12,1.726,7316.02,10599.797,0.0,0.0,0.69,26.338,0.0
2023-05-31,24,33.11,25.03,28.049,64.5,43.35,2.464,6755.22,10596.787,0.0,0.0,0.637,24.319,0.0
2023-06-01,24,33.23,23.48,27.231,68.539,43.47,2.19,6396.28,10593.783,0.0,0.0,0.604,23.027,0.0
2023-06-02,24,32.56,22.2,26.367,75.01,46.39,2.821,7366.86,10591.219,0.0,0.0,0.696,26.521,0.0
2023-06-03,24,32.6,22.11,26.275,75.574,46.73,2.906,7412.51,10589.846,0.0,0.0,0.7,26.685,0.0
2023-06-04,24,33.08,21.99,26.471,75.508,44.17,2.444,7446.01,10588.493,0.0,0.0,0.703,26.806,0.0
2023-06-05,24,35.24,22.47,27.353,73.598,34.17,2.494,7372.81,10587.166,0.0,0.0,0.696,26.542,0.0
2023-06-06,24,34.11,23.2,27.311,72.428,37.16,2.964,7353.23,10585.872,0.0,0.0,0.695,26.472,0.0
2023-06-07,24,34.74,23.23,27.513,76.245,44.19,2.998,7295.19,10584.616,0.0,0.0,0.689,26.263,0.0
2023-06-08,24,32.14,23.21,27.048,78.794,51.51,3.59,7384.01,10583.402,0.0,0.0,0.698,26.582,0.0
2023-06-09,24,33.64,23.65,27.605,75.442,49.08,2.544,7257.17,10582.236,0.0,0.0,0.686,26.126,0.0
2023-06-10,24,34.5,22.97,28.078,70.645,44.65,2.215,6840.79,10581.121,0.0,0.0,0.647,24.627,0.0
2023-06-11,24,36.42,23.47,28.976,68.015,39.45,2.037,7189.07,10580.063,0.0,0.0,0.679,25.881,0.0
2023-06-12,24,35.41,24.45,29.471,67.039,41.33,1.718,7213.56,10579.064,0.0,0.0,0.682,25.969,0.0
2023-06-13,24,34.33,24.35,28.7,73.759,48.03,1.482,7189.12,10578.127,0.0,0.0,0.68,25.881,0.0
2023-06-14,24,33.47,23.77,27.766,76.433,45.93,1.664,7117.4,10577.256,0.0,0.0,0.673,25.623,0.0
2023-06-15,24,32.28,23.71,27.429,74.498,47.97,1.72,6899.31,10576.452,0.0,0.0,0.652,24.838,0.0
2023-06-16,24,36.62,24.57,29.088,73.765,38.89,1.455,6975.85,10575.719,0.0,0.0,0.66,25.113,0.0
2023-06-17,24,34.87,25.56,29.19,73.524,46.03,2.266,7192.11,10575.057,0.0,0.0,0.68,25.892,0.0
2023-06-18,24,33.41,24.46,28.219,75.374,48.58,2.702,7043.3,10574.467,0.0,0.0,0.666,25.356,0.0
2023-06-19,24,34.18,24.77,29.015,74.921,49.91,1.769,6288.22,10573.952,0.09,0.09,0.595,22.638,0.0
2023-06-20,24,33.38,25.58,28.696,74.833,53.13,2.532,7014.81,10573.51,0.0,0.0,0.663,25.253,0.09
2023-06-21,24,33.0,24.36,27.862,75.762,49.07,2.796,7251.15,10573.143,0.0,0.0,0.686,26.104,0.09
2023-06-22,24,35.27,25.66,29.64,72.378,48.1,1.808,6951.61,10572.85,0.0,0.0,0.657,25.026,0.09
2023-06-23,24,34.46,26.68,29.369,76.797,55.44,2.714,6954.45,10572.63,0.0,0.0,0.658,25.036,0.0
2023-06-24,24,32.63,25.4,28.255,76.045,54.56,2.815,7264.26,10572.483,0.0,0.0,0.687,26.151,0.0
2023-06-25,24,33.14,25.05,28.246,78.588,56.92,2.188,6990.94,10572.407,0.0,0.0,0.661,25.167,0.0
2023-06-26,24,34.0,23.71,27.972,75.736,50.16,1.667,7237.69,10572.4,0.0,0.0,0.685,26.056,0.0
2023-06-27,24,32.23,24.48,27.694,75.947,55.34,2.088,7135.4,10572.461,0.0,0.0,0.675,25.687,0.0
2023-06-28,24,32.87,24.11,27.735,74.956,49.71,2.09,7106.25,10572.586,0.0,0.0,0.672,25.582,0.0
2023-06-29,24,32.09,24.94,28.123,77.839,58.4,1.68,5106.93,10572.773,0.0,0.0,0.483,18.385,0.0
2023-06-30,24,34.42,25.49,29.375,77.219,52.64,1.95,7003.37,10573.019,0.0,0.0,0.662,25.212,0.0
2023-07-01,24,33.37,24.52,28.198,79.018,56.04,1.851,5485.19,10573.319,2.29,2.0,0.519,19.747,0.0
2023-07-02,24,33.87,26.21,29.039,77.665,56.2,0.985,6114.96,10573.671,0.94,0.94,0.578,22.014,2.29
2023-07-03,24,33.56,24.99,28.62,78.498,54.77,0.996,6245.03,10574.07,1.15,1.08,0.591,22.482,3.23
2023-07-04,24,36.25,25.86,30.298,73.531,45.05,1.606,6942.06,10574.511,0.01,0.01,0.656,24.991,4.38
2023-07-05,24,33.28,27.01,29.33,76.117,54.21,2.808,7211.05,10574.989,0.0,0.0,0.682,25.96,2.1
2023-07-06,24,31.52,26.47,28.708,74.108,61.17,2.201,6835.39,10575.498,0.0,0.0,0.646,24.607,1.16
2023-07-07,24,33.87,26.31,29.558,71.857,51.36,1.618,6145.94,10576.034,0.14,0.14,0.581,22.125,0.01
2023-07-08,24,34.64,24.96,29.405,74.524,51.75,1.968,6151.4,10576.59,0.17,0.17,0.582,22.145,0.14
2023-07-09,24,33.39,26.24,29.162,75.327,54.0,2.379,7264.01,10577.159,0.0,0.0,0.687,26.15,0.31
2023-07-10,24,34.23,25.22,29.131,76.198,50.2,2.572,7168.85,10577.735,0.0,0.0,0.678,25.808,0.31
2023-07-11,24,32.41,24.51,28.24,77.722,57.85,1.925,6669.27,10578.31,0.01,0.0,0.63,24.009,0.17
2023-07-12,24,34.06,26.73,29.82,71.396,49.93,1.346,5892.12,10578.878,0.64,0.57,0.557,21.212,0.01
2023-07-13,24,34.9,26.3,29.991,73.869,51.01,1.86,6961.49,10579.43,0.0,0.0,0.658,25.061,0.65
2023-07-14,24,33.2,25.65,29.262,72.437,55.27,2.165,7115.96,10579.959,0.0,0.0,0.673,25.617,0.65
2023-07-15,24,33.62,26.71,29.807,74.662,56.18,2.218,5971.8,10580.456,2.87,2.87,0.564,21.498,0.64
2023-07-16,24,33.05,27.32,29.468,77.937,61.82,2.074,5631.88,10580.913,2.27,2.12,0.532,20.275,2.87
2023-07-17,24,32.05,25.6,28.249,73.572,53.47,2.202,6037.04,10581.32,0.09,0.0,0.571,21.733,5.14
2023-07-18,24,31.01,25.52,27.806,80.307,64.09,1.235,3849.23,10581.668,1.78,1.66,0.364,13.857,5.23
2023-07-19,24,33.17,26.01,29.258,78.437,58.28,1.39,5330.98,10581.948,0.62,0.62,0.504,19.192,4.14
2023-07-20,24,31.42,24.08,27.395,82.402,61.1,1.77,5954.77,10582.151,0.16,0.01,0.563,21.437,2.49
2023-07-21,24,33.36,26.67,29.232,78.364,60.2,2.312,6949.55,10582.265,0.24,0.16,0.657,25.018,2.56
2023-07-22,24,32.34,25.73,28.443,74.862,55.74,1.846,6816.86,10582.28,0.0,0.0,0.644,24.541,1.02
2023-07-23,24,33.19,26.26,29.382,74.17,59.43,1.453,5181.76,10582.186,1.13,0.97,0.49,18.654,0.4
2023-07-24,24,32.06,24.73,27.251,84.942,62.16,1.059,4934.75,10581.973,42.0,29.24,0.466,17.765,1.37
2023-07-25,24,32.21,24.54,28.134,83.271,63.92,1.246,5023.08,10581.628,1.6,1.35,0.475,18.083,43.13
2023-07-26,24,32.37,26.76,29.028,81.41,63.29,1.521,5011.77,10581.141,0.58,0.58,0.474,18.042,44.73
2023-07-27,24,32.47,26.6,29.094,82.97,68.48,2.092,7168.09,10580.501,0.0,0.0,0.677,25.805,44.18
2023-07-28,24,32.78,26.09,28.904,78.598,61.48,1.77,6763.63,10579.695,0.0,0.0,0.639,24.349,2.18
2023-07-29,24,32.15,25.42,28.015,84.677,67.82,2.607,6093.07,10578.712,1.71,1.66,0.576,21.935,0.58
2023-07-30,24,30.65,24.68,27.672,83.443,69.61,2.804,3755.29,10577.539,3.76,3.03,0.355,13.519,1.71
2023-07-31,24,30.12,26.02,27.682,85.9,73.99,1.693,4379.77,10576.165,14.68,13.78,0.414,15.767,5.47
2023-08-01,24,31.22,26.09,28.304,84.538,73.0,1.932,5422.12,10574.576,2.29,2.27,0.513,19.52,20.15
2023-08-02,24,32.86,26.55,29.05,79.045,64.21,1.652,7063.2,10572.762,0.0,0.0,0.668,25.428,20.73
2023-08-03,24,32.6,26.4,28.995,80.911,65.73,1.287,4805.44,10570.708,1.43,1.43,0.455,17.3,16.97
2023-08-04,24,32.64,26.09,29.211,80.313,65.05,1.852,6566.74,10568.402,0.02,0.02,0.621,23.64,3.72
2023-08-05,24,32.71,27.17,29.392,80.278,65.45,1.964,5912.03,10565.832,0.24,0.24,0.56,21.283,1.45
2023-08-06,24,33.27,26.14,29.065,81.872,62.93,1.853,5640.36,10562.985,1.43,1.41,0.534,20.305,1.69
2023-08-07,24,30.79,25.69,28.11,84.251,72.45,2.195,4894.37,10559.848,1.91,1.36,0.463,17.62,1.69
2023-08-08,24,31.21,25.16,27.773,77.062,63.38,2.218,7026.62,10556.407,0.0,0.0,0.666,25.296,3.58
2023-08-09,24,31.37,23.55,27.322,75.431,58.8,1.699,7298.04,10552.651,0.0,0.0,0.692,26.273,3.34
2023-08-10,24,32.07,24.65,28.039,75.31,58.46,1.905,7107.76,10548.565,0.0,0.0,0.674,25.588,1.91
2023-08-11,24,32.77,26.36,28.941,73.349,57.24,1.826,6867.54,10544.138,0.0,0.0,0.651,24.723,0.0
2023-08-12,24,32.11,25.5,28.278,83.109,69.14,1.002,4159.16,10539.356,6.69,5.23,0.395,14.973,0.0
2023-08-13,24,33.21,24.67,27.912,86.727,63.44,1.01,4992.24,10536.649,18.83,18.83,0.474,17.972,6.69
2023-08-14,24,32.52,26.24,29.025,83.53,66.64,1.901,5626.27,10533.897,1.24,0.97,0.534,20.255,25.52
2023-08-15,24,29.69,26.66,28.006,85.834,75.62,1.865,4935.02,10530.838,4.55,1.03,0.469,17.766,26.76
2023-08-16,24,30.35,24.45,26.218,90.947,71.09,2.001,3586.98,10527.459,26.54,18.12,0.341,12.913,24.62
2023-08-17,24,30.74,25.05,27.49,87.947,75.26,2.23,4966.4,10523.747,9.56,7.92,0.472,17.879,32.33
2023-08-18,24,30.7,26.76,28.408,84.979,77.2,2.429,5245.47,10519.688,1.7,1.64,0.499,18.884,40.65
2023-08-19,24,30.11,26.49,28.1,87.498,73.49,1.695,4645.59,10515.269,5.62,3.79,0.442,16.724,37.8
2023-08-20,24,29.7,24.4,26.551,88.985,75.18,2.738,4502.63,10510.477,1.9,1.78,0.428,16.209,16.88
2023-08-21,24,31.38,25.9,28.312,85.575,72.18,1.673,6094.65,10505.3,3.44,3.42,0.58,21.941,9.22
2023-08-22,24,30.4,26.64,28.063,88.227,76.97,1.825,6825.29,10499.726,0.0,0.0,0.65,24.571,10.96
2023-08-23,24,32.63,26.54,29.081,84.084,64.82,1.659,5797.13,10493.742,0.05,0.05,0.552,20.87,5.34
2023-08-24,24,28.17,25.02,26.27,91.194,80.59,1.195,4771.94,10487.335,9.16,9.13,0.455,17.179,3.49
2023-08-25,24,31.87,24.54,27.258,87.342,69.18,1.073,2796.8,10480.494,30.01,29.99,0.267,10.068,9.21
2023-08-26,24,32.56,25.15,28.699,82.029,65.91,1.57,6237.96,10473.208,0.01,0.01,0.596,22.457,39.22
2023-08-27,24,32.19,26.22,29.121,82.007,70.05,2.785,6248.7,10465.465,0.03,0.03,0.597,22.495,39.18
2023-08-28,24,30.28,25.2,28.139,85.363,76.21,2.708,4317.16,10457.255,12.99,2.3,0.413,15.542,30.05
2023-08-29,24,29.54,24.86,26.825,90.275,81.38,2.824,4584.37,10448.567,42.86,13.94,0.439,16.504,13.03
2023-08-30,24,29.51,24.78,26.737,89.255,79.02,2.667,4325.23,10439.39,12.13,10.97,0.414,15.571,55.88
2023-08-31,24,31.32,25.13,27.622,88.194,72.51,2.149,4603.43,10429.716,12.7,8.49,0.441,16.572,67.98
2023-09-01,24,32.56,25.4,28.527,84.895,68.43,2.278,5652.63,10419.534,0.29,0.24,0.543,20.349,67.69
2023-09-02,24,31.79,24.94,28.27,85.232,70.38,2.286,6310.72,10408.837,0.02,0.0,0.606,22.719,25.12
2023-09-03,24,32.51,26.06,29.064,86.314,70.03,1.935,6929.69,10397.615,0.01,0.01,0.666,24.947,13.01
2023-09-04,24,32.25,25.29,28.403,86.796,70.55,2.364,5445.98,10385.861,0.11,0.11,0.524,19.606,0.32
2023-09-05,24,30.81,25.15,27.646,89.017,77.34,0.953,2924.65,10373.568,12.31,12.15,0.282,10.529,0.14
2023-09-06,24,31.48,25.43,28.209,84.983,73.08,3.374,4570.13,10360.728,0.97,0.64,0.441,16.452,12.43
2023-09-07,24,32.1,24.22,27.988,86.388,73.68,1.656,5918.08,10347.337,8.59,2.98,0.572,21.305,13.39
2023-09-08,24,29.81,24.26,26.453,90.94,78.5,1.342,2834.39,10333.388,36.96,35.74,0.274,10.204,21.87
2023-09-09,24,32.12,26.34,28.968,84.139,69.53,1.806,6162.99,10318.876,0.0,0.0,0.597,22.187,46.52
2023-09-10,24,32.52,25.32,28.559,84.823,66.6,1.237,5106.95,10303.797,1.21,0.17,0.496,18.385,45.55
2023-09-11,24,31.99,26.05,28.736,85.978,72.66,1.325,5756.88,10288.147,5.09,4.63,0.56,20.725,38.17
2023-09-12,24,30.85,25.28,27.403,88.877,72.52,0.838,2506.93,10271.924,21.0,20.97,0.244,9.025,6.3
2023-09-13,24,32.37,25.87,28.836,85.528,68.04,1.539,6137.7,10255.125,0.02,0.02,0.599,22.096,27.3
2023-09-14,24,31.69,27.17,28.934,86.382,72.6,2.185,6679.12,10237.749,0.01,0.01,0.652,24.045,26.11
2023-09-15,24,31.95,26.95,29.015,85.982,73.03,2.055,6130.15,10219.795,0.0,0.0,0.6,22.069,21.03
2023-09-16,24,31.17,25.85,27.997,87.408,71.77,1.14,5103.74,10201.262,0.28,0.28,0.5,18.373,0.03
2023-09-17,24,32.15,25.04,28.283,86.993,71.7,1.395,4980.33,10182.151,9.17,9.16,0.489,17.929,0.29
2023-09-18,24,31.52,24.74,27.566,87.226,69.23,1.319,4619.74,10162.465,0.07,0.07,0.455,16.631,9.45
2023-09-19,24,32.91,25.39,28.405,85.833,66.56,1.358,6603.07,10142.204,0.0,0.0,0.651,23.771,9.52
2023-09-20,24,31.21,25.59,28.039,85.602,67.5,2.01,5470.93,10121.372,0.79,0.79,0.541,19.695,9.24
2023-09-21,24,32.35,25.68,28.311,87.474,70.36,1.091,6474.85,10099.972,4.49,4.21,0.641,23.309,0.86
2023-09-22,24,32.95,26.28,29.336,86.456,72.17,1.659,5400.11,10078.009,3.16,3.16,0.536,19.44,5.28
2023-09-23,24,31.37,24.81,27.855,89.757,73.12,1.686,5266.4,10055.488,0.25,0.24,0.524,18.959,8.44
2023-09-24,24,33.18,25.56,29.05,86.675,68.32,1.128,6357.15,10032.416,0.33,0.33,0.634,22.886,7.9
2023-09-25,24,30.62,25.32,27.563,87.731,74.57,1.667,6151.18,10008.798,0.93,0.93,0.615,22.144,3.74
2023-09-26,24,32.46,24.67,28.113,87.907,70.0,1.635,6314.0,9984.643,0.0,0.0,0.632,22.73,1.51
2023-09-27,24,32.51,25.23,28.532,85.544,67.96,1.788,6812.06,9959.959,0.0,0.0,0.684,24.523,1.26
2023-09-28,24,31.34,26.21,28.287,88.246,73.15,1.693,6262.53,9934.755,0.0,0.0,0.63,22.545,0.93
2023-09-29,24,32.47,25.96,28.364,87.918,68.88,1.991,6496.08,9909.041,0.0,0.0,0.656,23.386,0.0
2023-09-30,24,32.32,26.12,28.822,84.221,69.51,2.39,6586.89,9882.828,0.0,0.0,0.666,23.713,0.0
2023-10-01,24,33.4,25.5,28.82,85.629,66.69,1.494,6758.61,9856.126,0.0,0.0,0.686,24.331,0.0
2023-10-02,24,33.45,26.26,29.134,85.75,65.18,1.564,6735.46,9828.949,0.0,0.0,0.685,24.248,0.0
2023-10-03,24,33.62,25.49,29.16,84.366,67.43,1.295,6218.92,9801.309,0.01,0.01,0.634,22.388,0.0
2023-10-04,24,31.68,25.49,28.83,85.431,69.69,1.902,5716.12,9773.219,0.0,0.0,0.585,20.578,0.01
2023-10-05,24,33.03,25.67,28.951,84.27,65.35,1.79,6256.92,9744.695,0.0,0.0,0.642,22.525,0.01
2023-10-06,24,34.52,26.7,29.448,80.416,54.74,1.588,6455.27,9715.75,0.01,0.01,0.664,23.239,0.01
2023-10-07,24,34.11,26.07,29.361,83.053,62.38,0.981,6009.05,9686.4,2.57,0.51,0.62,21.633,0.01
2023-10-08,24,33.19,24.27,28.511,84.249,65.99,1.291,5086.16,9656.663,0.69,0.69,0.527,18.31,2.58
2023-10-09,24,33.55,25.61,28.873,84.222,60.08,1.567,6020.69,9626.553,0.0,0.0,0.625,21.674,3.27
2023-10-10,24,33.57,25.88,28.926,80.689,56.91,1.918,6182.18,9596.09,0.0,0.0,0.644,22.256,3.26
2023-10-11,24,32.09,25.7,28.723,82.445,66.87,1.532,5031.04,9565.291,0.15,0.15,0.526,18.112,0.69
2023-10-12,24,33.52,26.23,29.487,80.732,59.92,1.492,6118.72,9534.175,0.0,0.0,0.642,22.027,0.15
2023-10-13,24,33.91,25.23,28.7,84.057,63.25,1.085,5368.62,9502.76,12.43,12.1,0.565,19.327,0.15
2023-10-14,24,32.72,25.0,28.236,85.699,64.33,1.157,4158.85,9471.067,0.16,0.16,0.439,14.972,12.58
2023-10-15,24,33.56,26.28,29.342,83.501,59.83,1.876,6187.48,9439.116,0.0,0.0,0.656,22.275,12.59
2023-10-16,24,35.59,25.63,29.617,80.325,47.61,1.666,6544.5,9406.927,0.0,0.0,0.696,23.56,12.59
2023-10-17,24,33.37,25.65,28.706,82.922,61.12,1.698,6493.33,9374.521,0.0,0.0,0.693,23.376,0.16
2023-10-18,24,33.56,24.81,29.072,79.724,59.25,1.222,5909.5,9341.92,0.05,0.05,0.633,21.274,0.0
2023-10-19,24,34.31,26.7,29.77,80.01,55.68,2.16,5903.98,9309.146,0.0,0.0,0.634,21.254,0.05
2023-10-20,24,34.84,26.65,29.688,75.36,46.58,2.887,6373.26,9276.22,0.0,0.0,0.687,22.944,0.05
2023-10-21,24,34.22,25.17,28.864,79.602,54.47,1.869,6405.02,9243.166,0.0,0.0,0.693,23.058,0.05
2023-10-22,24,32.27,24.66,28.008,80.36,60.58,2.127,5881.39,9210.006,0.35,0.35,0.639,21.173,0.0
2023-10-23,24,31.42,24.8,27.594,78.639,60.22,2.471,5680.89,9176.762,0.01,0.01,0.619,20.451,0.35
2023-10-24,24,33.47,24.42,28.256,76.058,52.96,2.759,6160.97,9143.459,0.0,0.0,0.674,22.179,0.36
2023-10-25,24,34.81,25.7,28.975,75.628,49.55,2.474,5461.62,9110.12,0.0,0.0,0.6,19.662,0.36
2023-10-26,24,36.39,25.42,29.872,75.588,41.09,1.645,6270.0,9076.768,0.0,0.0,0.691,22.572,0.01
2023-10-27,24,38.06,26.24,30.416,65.47,26.94,2.392,6375.12,9043.428,0.0,0.0,0.705,22.95,0.0
2023-10-28,24,34.15,22.73,27.847,70.43,44.91,1.978,6373.14,9010.123,0.0,0.0,0.707,22.943,0.0
2023-10-29,24,33.8,23.47,28.093,79.628,50.55,1.473,6055.45,8976.877,0.0,0.0,0.675,21.8,0.0
2023-10-30,24,33.4,24.69,28.497,80.418,58.77,1.44,5571.94,8943.714,0.55,0.55,0.623,20.059,0.0
2023-10-31,24,34.44,25.76,28.971,73.822,43.03,2.189,5822.39,8910.659,0.0,0.0,0.653,20.961,0.55
2023-11-01,24,34.77,26.02,29.329,76.573,49.23,1.866,5825.68,8877.735,0.0,0.0,0.656,20.972,0.55
2023-11-02,24,38.17,25.07,30.11,75.972,39.32,1.51,6226.65,8844.967,0.0,0.0,0.704,22.416,0.55
2023-11-03,24,38.34,24.33,29.6,74.65,33.82,1.438,6224.49,8812.379,0.0,0.0,0.706,22.408,0.0
2023-11-04,24,35.89,24.24,28.47,80.208,46.81,1.371,6166.15,8779.994,0.0,0.0,0.702,22.198,0.0
2023-11-05,24,36.46,23.51,28.753,72.777,37.59,1.359,6105.6,8747.837,0.0,0.0,0.698,21.98,0.0
2023-11-06,24,37.81,23.47,28.92,60.235,22.2,2.507,6052.33,8715.932,0.0,0.0,0.694,21.788,0.0
2023-11-07,24,35.98,22.61,28.064,58.812,24.37,3.441,6188.1,8684.302,0.0,0.0,0.713,22.277,0.0
2023-11-08,24,33.72,22.31,26.425,60.255,29.49,3.273,6175.55,8652.97,0.0,0.0,0.714,22.232,0.0
2023-11-09,24,33.38,20.3,25.582,60.414,25.82,2.476,5953.46,8621.961,0.0,0.0,0.69,21.432,0.0
2023-11-10,24,34.98,21.19,26.312,69.226,27.93,2.069,6167.5,8591.296,0.0,0.0,0.718,22.203,0.0
2023-11-11,24,36.2,20.47,26.916,66.7,26.77,1.6,6183.27,8560.999,0.0,0.0,0.722,22.26,0.0
2023-11-12,24,36.77,19.75,27.361,61.453,22.37,1.797,6150.29,8531.092,0.0,0.0,0.721,22.141,0.0
2023-11-13,24,37.49,21.96,28.252,47.41,21.82,2.73,6086.86,8501.598,0.0,0.0,0.716,21.913,0.0
2023-11-14,24,38.88,22.59,28.732,43.973,16.0,2.675,6188.33,8472.539,0.0,0.0,0.73,22.278,0.0
2023-11-15,24,39.21,20.83,28.072,48.212,14.82,2.005,6070.1,8443.936,0.0,0.0,0.719,21.852,0.0
2023-11-16,24,38.62,20.35,27.68,49.186,16.74,1.956,6126.86,8415.811,0.0,0.0,0.728,22.057,0.0
2023-11-17,24,37.66,20.04,27.679,46.306,16.42,2.171,6119.09,8388.185,0.0,0.0,0.729,22.029,0.0
2023-11-18,24,38.31,21.0,28.037,52.741,19.18,1.88,5958.28,8361.078,0.0,0.0,0.713,21.45,0.0
2023-11-19,24,36.1,21.3,27.669,75.31,35.96,1.486,5356.81,8334.511,0.0,0.0,0.643,19.285,0.0
2023-11-20,24,30.98,23.63,26.929,85.832,59.07,1.628,3343.38,8308.503,0.0,0.0,0.402,12.036,0.0
2023-11-21,24,34.2,24.49,28.048,73.084,35.7,2.427,4913.17,8283.074,0.0,0.0,0.593,17.687,0.0
2023-11-22,24,36.36,21.66,27.503,44.846,16.04,2.572,5792.96,8258.243,0.0,0.0,0.701,20.855,0.0
2023-11-23,24,36.32,21.2,27.052,39.708,14.81,2.55,5599.26,8234.029,0.0,0.0,0.68,20.157,0.0
2023-11-24,24,35.39,19.86,26.493,51.335,20.69,2.913,5821.95,8210.449,0.0,0.0,0.709,20.959,0.0
2023-11-25,24,32.56,20.99,25.532,68.121,33.43,2.454,5790.62,8187.522,0.0,0.0,0.707,20.846,0.0
2023-11-26,24,33.99,19.98,25.585,66.232,29.42,1.62,5779.49,8165.264,0.0,0.0,0.708,20.806,0.0
2023-11-27,24,35.45,19.28,25.695,67.05,20.18,1.473,5802.26,8143.693,0.0,0.0,0.712,20.888,0.0
2023-11-28,24,34.49,18.7,25.834,70.304,30.29,1.95,5685.25,8122.823,0.0,0.0,0.7,20.467,0.0
2023-11-29,24,36.36,20.45,26.743,61.351,18.38,2.197,5732.71,8102.672,0.0,0.0,0.708,20.638,0.0
2023-11-30,24,36.06,20.69,27.049,58.523,20.83,1.732,5635.12,8083.253,0.0,0.0,0.697,20.286,0.0
2023-12-01,24,34.2,20.34,26.427,61.872,25.96,2.7,5064.98,8064.582,0.0,0.0,0.628,18.234,0.0
2023-12-02,24,35.79,21.9,26.979,59.856,27.27,3.225,4466.2,8046.673,0.0,0.0,0.555,16.078,0.0
2023-12-03,24,36.3,22.6,27.439,62.79,29.43,3.618,5435.24,8029.539,0.0,0.0,0.677,19.567,0.0
2023-12-04,24,36.21,21.9,27.038,69.121,32.92,3.133,5510.56,8013.193,0.0,0.0,0.688,19.838,0.0
2023-12-05,24,32.0,21.89,25.687,77.551,44.41,2.798,5505.6,7997.648,0.0,0.0,0.688,19.82,0.0
2023-12-06,24,34.78,20.91,26.279,72.784,29.77,2.045,5557.89,7982.915,0.0,0.0,0.696,20.008,0.0
2023-12-07,24,36.39,20.46,26.977,58.667,19.85,2.386,5543.78,7969.005,0.0,0.0,0.696,19.958,0.0
2023-12-08,24,35.95,19.19,26.105,48.446,19.93,2.427,5526.1,7955.929,0.0,0.0,0.695,19.894,0.0
2023-12-09,24,37.5,20.29,27.692,42.078,14.47,2.688,5611.59,7943.698,0.0,0.0,0.706,20.202,0.0
2023-12-10,24,35.61,19.96,26.09,39.149,15.89,2.27,5564.79,7932.32,0.0,0.0,0.702,20.033,0.0
2023-12-11,24,35.5,20.04,26.103,47.025,16.43,1.805,5526.06,7921.804,0.0,0.0,0.698,19.894,0.0
2023-12-12,24,35.75,17.66,25.483,55.86,19.35,1.603,5512.85,7912.159,0.0,0.0,0.697,19.846,0.0
2023-12-13,24,37.21,19.98,26.571,53.957,18.19,1.938,5539.05,7903.392,0.0,0.0,0.701,19.941,0.0
2023-12-14,24,35.68,19.42,25.885,44.24,18.29,2.123,5557.33,7895.51,0.0,0.0,0.704,20.006,0.0
2023-12-15,24,33.87,17.7,24.612,40.977,17.98,2.344,4431.95,7888.52,0.0,0.0,0.562,15.955,0.0
2023-12-16,24,33.46,18.21,24.798,44.534,17.88,2.24,4519.28,7882.426,0.0,0.0,0.573,16.269,0.0
2023-12-17,24,31.04,18.52,24.147,33.23,20.63,2.641,4560.49,7877.236,0.0,0.0,0.579,16.418,0.0
2023-12-18,24,30.32,19.43,24.348,28.668,20.62,3.087,4500.05,7875.162,0.0,0.0,0.571,16.2,0.0
2023-12-19,24,28.95,19.65,23.645,24.495,18.39,3.39,5293.1,7874.475,0.0,0.0,0.672,19.055,0.0
2023-12-20,24,27.43,16.25,21.82,25.066,18.26,3.637,4825.43,7874.662,0.0,0.0,0.613,17.372,0.0
2023-12-21,24,29.38,17.19,21.976,27.476,15.69,3.152,5580.92,7875.724,0.0,0.0,0.709,20.091,0.0
2023-12-22,24,30.39,15.14,21.485,37.365,19.58,2.605,5596.08,7877.66,0.0,0.0,0.71,20.146,0.0
2023-12-23,24,32.54,15.19,22.261,44.026,19.47,1.979,5463.46,7880.47,0.0,0.0,0.693,19.668,0.0
2023-12-24,24,34.41,18.58,24.907,51.88,19.73,2.009,5336.8,7884.151,0.0,0.0,0.677,19.212,0.0
2023-12-25,24,35.01,19.54,25.325,49.919,20.07,2.615,5350.23,7888.703,0.0,0.0,0.678,19.261,0.0
2023-12-26,24,35.64,20.0,25.903,43.428,20.63,2.792,5399.66,7894.123,0.0,0.0,0.684,19.439,0.0
2023-12-27,24,37.4,20.33,26.78,45.921,16.44,2.805,5427.83,7900.406,0.0,0.0,0.687,19.54,0.0
2023-12-28,24,38.54,21.06,27.601,42.146,12.95,2.648,5469.4,7907.549,0.0,0.0,0.692,19.69,0.0
2023-12-29,24,39.44,19.64,27.304,39.214,9.65,1.987,5536.51,7915.548,0.0,0.0,0.699,19.931,0.0
2023-12-30,24,37.33,17.66,26.107,39.055,12.67,2.043,5626.09,7924.396,0.0,0.0,0.71,20.254,0.0
2023-12-31,24,37.05,19.45,26.138,38.156,12.05,2.373,5533.17,7934.089,0.0,0.0,0.697,19.919,0.0
2024-01-01,24,36.02,18.25,25.705,43.189,13.79,2.219,5442.21,7944.619,0.0,0.0,0.685,19.592,0.0
2024-01-02,24,35.76,21.25,26.093,41.955,14.13,2.175,4442.43,7955.98,0.0,0.0,0.558,15.993,0.0
2024-01-03,24,35.7,18.74,25.311,48.45,14.09,2.19,5547.7,7968.163,0.0,0.0,0.696,19.972,0.0
2024-01-04,24,35.75,19.24,25.482,56.984,16.67,2.152,5500.11,7981.161,0.0,0.0,0.689,19.8,0.0
2024-01-05,24,36.8,19.42,25.891,47.164,14.64,2.249,5476.62,7994.964,0.0,0.0,0.685,19.716,0.0
2024-01-06,24,37.99,18.41,26.272,42.905,14.3,2.238,5642.68,8009.563,0.0,0.0,0.704,20.314,0.0
2024-01-07,24,37.82,18.45,26.347,36.773,12.95,2.24,5656.61,8024.948,0.0,0.0,0.705,20.364,0.0
2024-01-08,24,35.79,18.48,25.905,37.999,17.01,2.29,5378.3,8041.107,0.0,0.0,0.669,19.362,0.0
2024-01-09,24,34.69,20.12,25.782,55.8,21.46,2.308,5342.27,8058.029,0.0,0.0,0.663,19.232,0.0
2024-01-10,24,32.71,20.21,24.767,72.234,28.09,2.279,5471.42,8075.703,0.0,0.0,0.678,19.697,0.0
2024-01-11,24,33.28,18.41,24.254,72.701,27.65,2.36,5620.81,8094.116,0.0,0.0,0.694,20.235,0.0
2024-01-12,24,32.66,18.73,24.46,69.94,28.6,2.716,5391.29,8113.255,0.0,0.0,0.665,19.409,0.0
2024-01-13,24,36.77,20.78,26.67,57.773,16.76,2.575,4441.67,8133.105,0.0,0.0,0.546,15.99,0.0
2024-01-14,24,38.14,20.25,27.767,41.282,12.55,2.314,5538.55,8153.653,0.0,0.0,0.679,19.939,0.0
2024-01-15,24,37.11,18.67,26.029,35.463,10.88,1.885,5835.1,8174.884,0.0,0.0,0.714,21.006,0.0
2024-01-16,24,37.25,16.54,25.623,51.81,13.62,1.467,5728.91,8196.782,0.0,0.0,0.699,20.624,0.0
2024-01-17,24,37.17,19.22,26.139,51.816,12.97,2.015,5668.59,8219.332,0.0,0.0,0.69,20.407,0.0
2024-01-18,24,33.93,19.69,25.41,63.74,26.15,2.338,5651.74,8242.517,0.0,0.0,0.686,20.346,0.0
2024-01-19,24,27.2,21.13,23.256,78.359,52.65,3.156,5331.58,8266.319,0.0,0.0,0.645,19.194,0.0
2024-01-20,24,28.06,18.85,22.578,76.9,51.96,2.668,5400.18,8290.723,0.0,0.0,0.651,19.441,0.0
2024-01-21,24,29.79,19.37,23.26,75.99,48.4,2.363,4890.59,8315.709,0.0,0.0,0.588,17.606,0.0
2024-01-22,24,36.41,19.96,26.926,50.276,15.02,2.585,5541.53,8341.259,0.0,0.0,0.664,19.95,0.0
2024-01-23,24,34.25,22.45,27.408,20.574,11.69,3.245,5152.42,8367.354,0.0,0.0,0.616,18.549,0.0
2024-01-24,24,33.42,20.04,25.831,29.058,17.24,2.504,5793.07,8393.975,0.0,0.0,0.69,20.855,0.0
2024-01-25,24,36.36,19.07,25.9,34.561,13.22,2.318,5952.44,8421.103,0.0,0.0,0.707,21.429,0.0
2024-01-26,24,36.41,18.52,26.379,40.574,14.12,2.378,6010.09,8448.716,0.0,0.0,0.711,21.636,0.0
2024-01-27,24,35.23,19.72,25.848,31.826,12.93,2.441,5891.59,8476.794,0.0,0.0,0.695,21.21,0.0
2024-01-28,24,35.76,18.13,25.281,41.945,11.6,2.691,6058.95,8505.317,0.0,0.0,0.712,21.812,0.0
2024-01-29,24,34.8,18.01,24.795,39.231,13.19,2.772,6105.72,8534.263,0.0,0.0,0.715,21.981,0.0
2024-01-30,24,35.49,17.19,24.789,39.924,12.61,2.592,5974.72,8563.609,0.0,0.0,0.698,21.509,0.0
2024-01-31,24,36.67,17.33,26.258,40.202,11.66,2.434,6010.85,8593.335,0.0,0.0,0.699,21.639,0.0
2024-02-01,24,33.28,21.92,26.71,32.867,13.91,2.303,3036.3,8623.417,0.0,0.0,0.352,10.931,0.0
2024-02-02,24,37.23,20.4,27.345,29.541,12.72,2.515,5999.77,8653.834,0.0,0.0,0.693,21.599,0.0
2024-02-03,24,37.08,19.81,26.764,31.516,12.09,2.622,5928.74,8684.561,0.0,0.0,0.683,21.343,0.0
2024-02-04,24,37.27,17.88,26.117,33.399,11.64,2.41,6144.24,8715.576,0.0,0.0,0.705,22.119,0.0
2024-02-05,24,38.57,18.09,26.66,32.778,10.62,2.318,6191.09,8746.856,0.0,0.0,0.708,22.288,0.0
2024-02-06,24,39.28,19.62,28.025,30.801,11.42,2.314,6160.9,8778.376,0.0,0.0,0.702,22.179,0.0
2024-02-07,24,38.82,21.96,28.698,31.2,11.97,2.493,6139.03,8810.113,0.0,0.0,0.697,22.101,0.0
2024-02-08,24,39.34,21.98,28.205,32.701,12.74,2.64,6180.41,8842.043,0.0,0.0,0.699,22.249,0.0
2024-02-09,24,39.72,21.24,28.019,38.546,12.62,2.729,6226.11,8874.142,0.0,0.0,0.702,22.414,0.0
2024-02-10,24,36.75,20.32,26.357,50.591,18.33,2.909,6306.79,8906.385,0.0,0.0,0.708,22.704,0.0
2024-02-11,24,36.3,18.47,25.917,60.212,18.53,2.479,6339.55,8938.749,0.0,0.0,0.709,22.822,0.0
2024-02-12,24,38.03,19.66,27.03,62.079,20.77,2.131,6327.15,8971.209,0.0,0.0,0.705,22.778,0.0
2024-02-13,24,35.38,19.53,26.184,70.786,28.62,2.343,6202.3,9003.741,0.0,0.0,0.689,22.328,0.0
2024-02-14,24,33.72,19.8,25.254,73.308,34.9,3.382,6164.1,9036.32,0.0,0.0,0.682,22.191,0.0
2024-02-15,24,34.37,21.15,25.798,69.518,36.31,3.852,5501.96,9068.922,0.0,0.0,0.607,19.807,0.0
2024-02-16,24,40.56,21.33,28.447,55.682,18.3,3.293,6024.99,9101.523,0.0,0.0,0.662,21.69,0.0
2024-02-17,24,40.18,22.97,29.592,40.837,13.48,2.637,5652.98,9134.099,0.0,0.0,0.619,20.351,0.0
2024-02-18,24,40.57,21.99,29.369,38.132,10.89,2.73,6380.36,9166.625,0.0,0.0,0.696,22.969,0.0
2024-02-19,24,40.4,22.03,30.499,28.712,10.37,2.664,6494.85,9199.079,0.0,0.0,0.706,23.381,0.0
2024-02-20,24,36.8,21.81,29.015,26.938,14.56,3.362,6290.83,9231.435,0.0,0.0,0.681,22.647,0.0
2024-02-21,24,35.14,21.63,26.969,30.238,13.23,3.042,6404.56,9263.671,0.0,0.0,0.691,23.056,0.0
2024-02-22,24,35.26,21.18,27.552,25.262,13.86,3.415,6673.08,9295.764,0.0,0.0,0.718,24.023,0.0
2024-02-23,24,35.18,20.33,26.328,32.027,14.35,3.315,6539.0,9327.69,0.0,0.0,0.701,23.54,0.0
2024-02-24,24,35.12,20.07,25.425,36.849,11.67,3.181,6476.73,9359.427,0.0,0.0,0.692,23.316,0.0
2024-02-25,24,36.5,17.56,25.312,56.125,17.88,2.754,6746.48,9390.953,0.0,0.0,0.718,24.287,0.0
2024-02-26,24,35.87,19.01,25.075,62.114,23.56,2.773,6738.68,9422.245,0.0,0.0,0.715,24.259,0.0
2024-02-27,24,33.75,18.93,24.485,65.744,23.7,2.636,6621.51,9453.282,0.0,0.0,0.7,23.837,0.0
2024-02-28,24,32.67,18.49,24.554,67.822,32.17,2.617,6646.5,9484.044,0.0,0.0,0.701,23.927,0.0
2024-02-29,24,31.09,19.24,23.973,61.328,33.32,3.435,6792.21,9517.529,0.0,0.0,0.714,24.452,0.0
2024-03-01,24,33.21,18.78,23.992,70.805,31.49,3.11,6750.66,9551.097,0.0,0.0,0.707,24.302,0.0
2024-03-02,24,32.91,19.41,24.123,68.076,30.1,3.296,6756.1,9584.396,0.0,0.0,0.705,24.322,0.0
2024-03-03,24,33.89,19.09,24.285,60.961,21.36,3.58,6819.98,9617.404,0.0,0.0,0.709,24.552,0.0
2024-03-04,24,35.44,18.44,25.373,50.899,18.25,2.942,6857.24,9650.1,0.0,0.0,0.711,24.686,0.0
2024-03-05,24,35.56,18.17,25.032,52.957,19.62,2.706,6904.63,9682.463,0.0,0.0,0.713,24.857,0.0
2024-03-06,24,32.18,17.9,23.544,65.256,29.16,3.097,6891.06,9714.473,0.0,0.0,0.709,24.808,0.0
2024-03-07,24,28.55,18.31,22.045,79.615,43.71,3.667,6829.84,9746.11,0.0,0.0,0.701,24.587,0.0
2024-03-08,24,28.82,18.24,22.248,71.662,40.79,3.353,6852.22,9777.355,0.0,0.0,0.701,24.668,0.0
2024-03-09,24,30.81,18.53,22.99,64.438,33.58,3.498,6910.29,9808.189,0.0,0.0,0.705,24.877,0.0
2024-03-10,24,33.08,18.38,24.008,56.278,26.66,3.476,6945.25,9838.594,0.0,0.0,0.706,25.003,0.0
2024-03-11,24,34.41,18.06,24.594,56.152,25.65,3.127,6985.33,9868.553,0.0,0.0,0.708,25.147,0.0
2024-03-12,24,34.35,18.79,25.248,51.817,24.16,3.146,7050.9,9898.05,0.0,0.0,0.712,25.383,0.0
2024-03-13,24,31.86,19.15,24.295,58.332,31.5,3.43,7106.93,9927.068,0.0,0.0,0.716,25.585,0.0
2024-03-14,24,34.14,18.17,24.521,61.997,29.01,3.113,7191.6,9955.592,0.0,0.0,0.722,25.89,0.0
2024-03-15,24,40.25,18.63,27.653,46.335,14.1,2.39,7203.28,9983.608,0.0,0.0,0.722,25.932,0.0
2024-03-16,24,40.99,20.64,28.855,42.721,14.66,2.993,7319.39,10011.103,0.0,0.0,0.731,26.35,0.0
2024-03-17,24,40.67,20.48,28.413,41.179,12.03,2.848,7393.5,10038.062,0.0,0.0,0.737,26.617,0.0
2024-03-18,24,35.48,19.74,25.518,56.358,26.95,3.323,7281.36,10064.475,0.0,0.0,0.723,26.213,0.0
2024-03-19,24,32.46,19.22,23.948,69.931,38.26,2.888,7268.76,10090.329,0.0,0.0,0.72,26.168,0.0
2024-03-20,24,31.54,18.69,23.63,75.06,38.85,2.867,7196.23,10115.615,0.0,0.0,0.711,25.906,0.0
2024-03-21,24,32.08,19.41,24.102,71.087,36.58,2.416,7218.58,10140.322,0.0,0.0,0.712,25.987,0.0
2024-03-22,24,29.33,19.16,22.836,71.571,43.6,3.774,7200.74,10164.441,0.0,0.0,0.708,25.923,0.0
2024-03-23,24,26.02,18.16,20.983,72.531,43.71,4.035,7138.1,10187.965,0.0,0.0,0.701,25.697,0.0
2024-03-24,24,28.96,18.01,22.019,71.68,42.15,3.472,5819.72,10210.886,0.01,0.0,0.57,20.951,0.0
2024-03-25,24,29.25,18.26,22.472,68.53,40.22,3.876,7167.23,10233.198,0.12,0.0,0.7,25.802,0.01
2024-03-26,24,30.72,17.79,23.13,67.963,42.56,3.782,6610.12,10254.895,0.0,0.0,0.645,23.796,0.13
2024-03-27,24,32.99,18.82,24.165,61.534,33.76,3.621,6883.07,10275.972,0.0,0.0,0.67,24.779,0.13
2024-03-28,24,32.44,19.23,24.268,62.713,36.32,3.305,7143.74,10296.426,0.0,0.0,0.694,25.717,0.12
2024-03-29,24,27.33,19.01,21.992,66.636,42.54,4.094,7170.68,10316.252,0.0,0.0,0.695,25.814,0.0
2024-03-30,24,28.04,17.97,21.773,71.423,47.56,3.952,7152.29,10335.45,0.0,0.0,0.692,25.748,0.0
2024-03-31,24,29.94,18.49,22.647,67.905,39.65,3.602,7188.65,10354.017,0.0,0.0,0.694,25.879,0.0
2024-04-01,24,33.24,19.43,24.27,66.545,34.6,3.365,7207.27,10371.952,0.0,0.0,0.695,25.946,0.0
2024-04-02,24,32.95,20.0,24.793,65.76,39.04,3.842,7212.39,10389.257,0.0,0.0,0.694,25.965,0.0
2024-04-03,24,38.13,20.67,27.3,53.36,27.99,4.167,7313.63,10405.93,0.0,0.0,0.703,26.329,0.0
2024-04-04,24,37.04,21.14,27.15,51.526,26.14,2.406,7042.83,10421.975,0.0,0.0,0.676,25.354,0.0
2024-04-05,24,32.77,18.24,23.974,68.288,36.98,2.528,7364.82,10437.394,0.0,0.0,0.706,26.513,0.0
2024-04-06,24,29.04,18.32,21.93,78.162,42.14,2.839,7123.53,10452.189,0.0,0.0,0.682,25.645,0.0
2024-04-07,24,30.37,17.96,22.594,75.17,45.94,3.815,7356.09,10466.364,0.0,0.0,0.703,26.482,0.0
2024-04-08,24,29.84,18.71,23.283,66.873,40.68,4.005,7383.08,10479.925,0.0,0.0,0.704,26.579,0.0
2024-04-09,24,31.95,17.9,23.685,60.644,29.81,3.437,7650.33,10492.875,0.0,0.0,0.729,27.541,0.0
2024-04-10,24,31.75,17.91,23.22,73.632,38.09,2.569,7457.71,10505.222,0.0,0.0,0.71,26.848,0.0
2024-04-11,24,34.37,18.86,24.818,69.357,31.23,2.646,7385.57,10516.971,0.0,0.0,0.702,26.588,0.0
2024-04-12,24,33.28,20.11,25.838,64.267,33.08,3.114,7319.9,10528.129,0.0,0.0,0.695,26.352,0.0
2024-04-13,24,38.59,23.44,29.65,45.49,25.0,2.548,6926.97,10538.705,0.0,0.0,0.657,24.937,0.0
2024-04-14,24,38.03,22.6,28.481,56.368,27.18,1.091,7047.22,10548.706,0.0,0.0,0.668,25.37,0.0
2024-04-15,24,41.13,20.84,29.494,51.093,11.2,2.023,7563.62,10558.142,0.0,0.0,0.716,27.229,0.0
2024-04-16,24,40.46,22.15,29.912,30.954,11.6,2.899,7735.18,10567.021,0.0,0.0,0.732,27.847,0.0
2024-04-17,24,41.07,23.96,30.708,33.517,13.18,2.899,7625.96,10575.353,0.0,0.0,0.721,27.453,0.0
2024-04-18,24,41.26,23.59,31.115,35.941,15.5,3.109,7621.06,10583.149,0.0,0.0,0.72,27.436,0.0
2024-04-19,24,38.05,23.19,29.487,47.102,25.27,3.547,7554.74,10590.419,0.0,0.0,0.713,27.197,0.0
2024-04-20,24,32.99,21.91,25.853,64.79,38.8,3.933,7502.93,10597.175,0.0,0.0,0.708,27.011,0.0
2024-04-21,24,30.11,20.41,23.909,73.252,41.48,3.267,7508.79,10603.427,0.0,0.0,0.708,27.032,0.0
2024-04-22,24,28.51,19.96,22.974,76.23,48.96,2.356,7305.83,10609.189,0.0,0.0,0.689,26.301,0.0
2024-04-23,24,29.85,18.87,23.413,77.144,45.24,2.141,7242.88,10614.471,0.01,0.01,0.682,26.074,0.0
2024-04-24,24,31.57,20.33,24.778,74.237,40.58,2.558,7341.06,10619.288,0.0,0.0,0.691,26.428,0.01
2024-04-25,24,33.05,20.85,25.688,70.824,35.28,2.886,7437.55,10623.65,0.0,0.0,0.7,26.775,0.01
2024-04-26,24,36.58,21.46,27.657,63.236,34.17,3.822,7426.23,10627.572,0.0,0.0,0.699,26.734,0.01
2024-04-27,24,33.09,23.13,27.273,57.875,36.79,4.398,7309.32,10631.066,0.0,0.0,0.688,26.314,0.0
2024-04-28,24,32.74,22.79,27.035,57.553,42.78,3.973,7270.28,10634.147,0.0,0.0,0.684,26.173,0.0
2024-04-29,24,37.55,24.1,28.596,50.679,29.37,3.782,7332.65,10636.828,0.0,0.0,0.689,26.398,0.0
2024-04-30,24,40.8,26.0,31.37,41.001,22.27,3.673,7254.24,10639.122,0.0,0.0,0.682,26.115,0.0
2024-05-01,24,39.3,25.85,30.692,37.24,21.7,3.41,7483.47,10641.044,0.0,0.0,0.703,26.94,0.0
2024-05-02,24,38.54,22.87,28.58,47.716,22.63,3.389,7177.67,10642.607,0.0,0.0,0.674,25.84,0.0
2024-05-03,24,36.69,22.51,28.45,52.729,30.81,3.446,7290.54,10643.826,0.0,0.0,0.685,26.246,0.0
2024-05-04,24,36.4,22.54,27.702,55.34,28.02,3.771,7587.68,10644.715,0.0,0.0,0.713,27.316,0.0
2024-05-05,24,36.97,21.33,27.318,62.414,28.77,3.177,7640.81,10645.289,0.0,0.0,0.718,27.507,0.0
2024-05-06,24,35.71,21.46,26.744,67.472,27.64,3.085,7687.81,10645.56,0.0,0.0,0.722,27.676,0.0
2024-05-07,24,34.68,20.65,26.078,74.8,36.69,1.897,7606.64,10645.544,0.0,0.0,0.715,27.384,0.0
2024-05-08,24,34.5,20.28,25.859,74.972,31.33,1.983,7496.62,10645.255,0.0,0.0,0.704,26.988,0.0
2024-05-09,24,32.98,21.13,25.69,76.274,43.24,1.888,7004.74,10644.706,0.0,0.0,0.658,25.217,0.0
2024-05-10,24,34.01,21.51,26.377,73.01,39.8,2.37,7416.54,10643.912,0.0,0.0,0.697,26.7,0.0
2024-05-11,24,34.68,21.55,26.63,71.357,37.98,2.737,6615.71,10642.887,0.04,0.04,0.622,23.817,0.0
2024-05-12,24,35.28,22.18,26.757,72.469,41.04,1.935,7191.61,10641.645,0.0,0.0,0.676,25.89,0.04
2024-05-13,24,33.86,21.34,26.263,74.452,43.49,2.758,7513.18,10640.199,0.0,0.0,0.706,27.047,0.04
2024-05-14,24,33.62,21.89,25.965,72.805,40.75,2.962,7557.25,10638.562,0.0,0.0,0.71,27.206,0.04
2024-05-15,24,31.28,21.09,24.716,78.466,47.74,1.963,7439.47,10636.749,0.0,0.0,0.699,26.782,0.0
2024-05-16,24,31.06,20.22,24.464,77.176,46.66,2.238,7485.0,10634.773,0.0,0.0,0.704,26.946,0.0
2024-05-17,24,32.26,19.6,25.152,75.799,43.95,2.364,7557.29,10632.646,0.0,0.0,0.711,27.206,0.0
2024-05-18,24,33.03,21.51,26.067,71.856,39.58,3.095,7403.85,10630.381,0.0,0.0,0.696,26.654,0.0
2024-05-19,24,32.77,22.05,26.161,71.638,41.53,3.412,6813.8,10627.991,0.0,0.0,0.641,24.53,0.0
2024-05-20,24,33.44,22.47,26.5,70.905,39.19,3.297,7028.38,10625.488,0.0,0.0,0.661,25.302,0.0
2024-05-21,24,35.24,22.83,27.733,61.665,37.55,3.914,7485.71,10622.884,0.0,0.0,0.705,26.949,0.0
2024-05-22,24,34.28,22.74,27.068,61.895,36.73,3.311,7479.32,10620.192,0.0,0.0,0.704,26.926,0.0
2024-05-23,24,32.58,20.94,25.732,70.884,44.01,2.728,7496.94,10617.422,0.0,0.0,0.706,26.989,0.0
2024-05-24,24,33.98,20.7,26.135,73.621,39.31,2.376,7281.08,10614.587,0.0,0.0,0.686,26.212,0.0
2024-05-25,24,34.41,20.68,26.783,67.639,39.45,2.638,7541.71,10611.697,0.0,0.0,0.711,27.15,0.0
2024-05-26,24,38.43,22.38,28.973,52.149,28.3,2.528,7586.54,10608.762,0.0,0.0,0.715,27.312,0.0
2024-05-27,24,36.87,21.79,28.717,55.735,31.46,1.742,7394.55,10605.794,0.0,0.0,0.697,26.62,0.0
2024-05-28,24,31.95,23.28,26.801,74.199,48.11,1.651,5325.84,10602.803,0.01,0.01,0.502,19.173,0.0
2024-05-29,24,32.65,22.75,26.32,77.573,48.99,2.167,6756.37,10599.797,0.0,0.0,0.637,24.323,0.01
2024-05-30,24,32.2,22.77,25.826,71.27,41.08,3.532,7376.47,10596.787,0.0,0.0,0.696,26.555,0.01
2024-05-31,24,30.11,21.89,24.864,74.31,48.72,3.445,7452.68,10593.783,0.0,0.0,0.703,26.83,0.01
2024-06-01,24,28.12,20.82,23.99,77.33,56.28,2.986,7403.38,10591.219,0.0,0.0,0.699,26.652,0.0
2024-06-02,24,29.11,21.11,24.342,76.746,54.39,2.871,7358.12,10589.846,0.0,0.0,0.695,26.489,0.0
2024-06-03,24,31.0,21.07,25.17,77.52,49.91,2.601,7464.42,10588.493,0.0,0.0,0.705,26.872,0.0
2024-06-04,24,32.21,21.25,25.635,77.385,46.72,2.658,7500.7,10587.166,0.0,0.0,0.708,27.003,0.0
2024-06-05,24,33.6,21.74,26.232,75.939,44.79,2.511,7410.99,10585.872,0.0,0.0,0.7,26.68,0.0
2024-06-06,24,32.4,22.52,26.194,74.8,44.28,3.03,7330.83,10584.616,0.0,0.0,0.693,26.391,0.0
2024-06-07,24,32.09,22.44,25.74,73.61,43.21,3.181,7428.83,10583.402,0.0,0.0,0.702,26.744,0.0
2024-06-08,24,29.61,21.11,24.85,78.597,54.77,2.156,7358.91,10582.236,0.0,0.0,0.695,26.492,0.0
2024-06-09,24,31.84,22.8,26.43,75.77,53.52,1.475,7152.49,10581.121,0.0,0.0,0.676,25.749,0.0
2024-06-10,24,32.24,22.27,26.72,76.355,48.6,1.601,7116.13,10580.063,0.0,0.0,0.673,25.618,0.0
2024-06-11,24,35.5,23.3,27.969,73.682,36.7,2.149,7190.06,10579.064,0.0,0.0,0.68,25.884,0.0
2024-06-12,24,32.83,23.32,27.134,74.449,46.29,2.534,7332.37,10578.127,0.0,0.0,0.693,26.397,0.0
2024-06-13,24,31.01,23.5,26.33,73.84,48.8,2.795,7268.37,10577.256,0.0,0.0,0.687,26.166,0.0
2024-06-14,24,32.59,22.89,27.106,72.374,48.27,1.331,5872.17,10576.452,0.0,0.0,0.555,21.14,0.0
2024-06-15,24,31.6,24.36,27.244,78.466,59.22,1.745,6386.29,10575.719,0.58,0.56,0.604,22.991,0.0
2024-06-16,24,33.06,24.45,27.446,77.558,54.06,2.65,7120.49,10575.057,0.0,0.0,0.673,25.634,0.58
2024-06-17,24,31.29,23.38,26.617,76.524,52.69,2.232,7318.24,10574.467,0.0,0.0,0.692,26.346,0.58
2024-06-18,24,33.9,23.2,27.942,74.85,47.44,1.345,6300.45,10573.952,1.99,0.67,0.596,22.682,0.58
2024-06-19,24,32.59,24.88,28.056,79.387,56.98,1.745,5341.82,10573.51,0.78,0.05,0.505,19.231,1.99
2024-06-20,24,32.49,25.03,27.806,75.345,53.57,2.398,7070.46,10573.143,0.0,0.0,0.669,25.454,2.77
2024-06-21,24,32.77,23.82,27.49,74.317,45.87,1.923,7302.65,10572.85,0.0,0.0,0.691,26.29,2.77
2024-06-22,24,32.09,23.61,27.054,78.094,53.0,2.009,7179.92,10572.63,0.0,0.0,0.679,25.848,0.78
2024-06-23,24,33.47,24.08,27.81,74.821,47.93,1.8,6986.98,10572.483,0.0,0.0,0.661,25.153,0.0
2024-06-24,24,32.34,24.35,27.357,76.076,50.97,1.988,7107.82,10572.407,0.0,0.0,0.672,25.588,0.0
2024-06-25,24,32.95,23.15,27.135,73.718,43.63,2.182,7302.63,10572.4,0.0,0.0,0.691,26.289,0.0
2024-06-26,24,31.15,23.66,26.399,75.723,49.06,2.666,6916.87,10572.461,0.0,0.0,0.654,24.901,0.0
2024-06-27,24,32.71,23.46,27.032,75.8,48.83,2.328,7277.5,10572.586,0.0,0.0,0.688,26.199,0.0
2024-06-28,24,32.56,23.93,27.451,76.982,50.71,2.018,6792.36,10572.773,0.0,0.0,0.642,24.452,0.0
2024-06-29,24,32.96,24.12,27.508,77.682,53.23,2.129,7267.47,10573.019,0.0,0.0,0.687,26.163,0.0
2024-06-30,24,31.82,24.69,27.497,77.187,57.62,2.831,7203.71,10573.319,0.0,0.0,0.681,25.933,0.0
2024-07-01,24,30.31,25.33,27.308,77.398,60.26,2.556,6890.93,10573.671,0.0,0.0,0.652,24.807,0.0
2024-07-02,24,32.45,25.12,28.16,74.551,54.37,1.973,6099.91,10574.07,0.15,0.15,0.577,21.96,0.0
2024-07-03,24,33.03,25.52,28.664,76.657,55.55,2.516,6558.27,10574.511,0.34,0.34,0.62,23.61,0.15
2024-07-04,24,31.11,24.95,27.669,75.571,55.61,3.575,6388.84,10574.989,0.12,0.12,0.604,23.0,0.49
2024-07-05,24,30.47,24.53,26.816,71.287,54.34,2.162,6334.69,10575.498,0.0,0.0,0.599,22.805,0.61
2024-07-06,24,33.8,24.51,28.618,70.252,48.87,2.761,6713.22,10576.034,0.0,0.0,0.635,24.168,0.46
2024-07-07,24,28.76,24.95,26.732,86.153,74.7,1.621,5250.93,10576.59,3.26,3.08,0.496,18.903,0.12
2024-07-08,24,29.13,24.78,26.683,86.9,72.53,2.727,5040.22,10577.159,1.46,1.39,0.477,18.145,3.26
2024-07-09,24,30.76,24.06,27.016,78.793,59.14,2.187,7137.75,10577.735,0.0,0.0,0.675,25.696,4.72
2024-07-10,24,31.43,23.43,27.164,78.597,55.38,1.605,7146.03,10578.31,0.0,0.0,0.676,25.726,4.72
2024-07-11,24,33.14,25.66,28.861,76.367,57.66,1.655,5869.54,10578.878,0.22,0.22,0.555,21.13,1.46
2024-07-12,24,31.1,26.38,28.17,82.82,67.28,2.085,5780.97,10579.43,0.72,0.69,0.546,20.811,0.22
2024-07-13,24,30.87,25.73,27.752,78.238,61.18,2.092,4198.0,10579.959,0.0,0.0,0.397,15.113,0.94
2024-07-14,24,32.97,24.73,28.209,75.781,53.71,1.612,6090.38,10580.456,0.02,0.02,0.576,21.925,0.94
2024-07-15,24,32.62,26.01,28.592,77.437,59.61,1.821,5292.81,10580.913,0.69,0.69,0.5,19.054,0.74
2024-07-16,24,32.92,26.19,28.806,74.888,55.26,2.042,6472.71,10581.32,0.0,0.0,0.612,23.302,0.71
2024-07-17,24,31.92,25.63,28.442,73.539,57.15,1.871,5508.14,10581.668,0.08,0.08,0.521,19.829,0.71
2024-07-18,24,32.1,24.85,27.052,81.617,62.96,1.488,4843.78,10581.948,5.54,3.88,0.458,17.438,0.77
2024-07-19,24,33.81,24.51,28.19,81.584,56.95,1.712,5712.55,10582.151,0.87,0.43,0.54,20.565,5.62
2024-07-20,24,31.62,26.52,28.608,79.416,65.76,3.367,5626.76,10582.265,0.07,0.07,0.532,20.256,6.49
2024-07-21,24,31.45,26.0,28.27,76.742,60.14,3.183,6892.32,10582.28,0.0,0.0,0.651,24.812,6.48
2024-07-22,24,32.48,26.23,28.772,76.631,58.8,2.687,6910.83,10582.186,0.0,0.0,0.653,24.879,0.94
2024-07-23,24,31.92,26.87,28.887,80.996,67.56,1.97,5034.43,10581.973,1.48,1.38,0.476,18.124,0.07
2024-07-24,24,31.79,26.23,27.82,86.095,69.48,1.311,4278.65,10581.628,27.91,25.82,0.404,15.403,1.48
2024-07-25,24,28.95,25.13,26.504,89.823,77.68,1.85,2354.85,10581.141,24.72,11.47,0.223,8.477,29.39
2024-07-26,24,30.41,24.52,27.075,87.232,73.77,0.955,4011.96,10580.501,3.7,2.03,0.379,14.443,54.11
2024-07-27,24,32.04,25.59,28.453,80.743,64.83,2.248,5999.49,10579.695,0.32,0.32,0.567,21.598,56.33
2024-07-28,24,30.91,25.99,27.989,78.437,65.24,2.304,6679.5,10578.712,0.01,0.0,0.631,24.046,28.74
2024-07-29,24,31.08,24.7,27.687,77.659,59.71,1.682,7161.97,10577.539,0.0,0.0,0.677,25.783,4.03
2024-07-30,24,31.49,24.91,27.823,81.842,65.57,1.668,5693.11,10576.165,0.02,0.02,0.538,20.495,0.33
2024-07-31,24,31.07,25.7,27.565,80.432,66.29,2.472,5381.48,10574.576,0.15,0.15,0.509,19.373,0.03
2024-08-01,24,30.94,25.05,27.55,74.09,61.42,2.52,7021.6,10572.762,0.0,0.0,0.664,25.278,0.17
2024-08-02,24,30.89,25.78,27.824,71.827,59.52,2.205,5828.73,10570.708,0.0,0.0,0.551,20.983,0.17
2024-08-03,24,31.53,25.03,28.017,76.422,58.52,2.159,6010.45,10568.402,0.0,0.0,0.569,21.638,0.15
2024-08-04,24,26.89,24.81,25.876,93.138,89.63,1.662,1380.1,10565.832,48.78,44.36,0.131,4.968,0.0
2024-08-05,24,29.9,24.81,26.546,88.128,69.17,0.855,4258.3,10562.985,44.92,39.85,0.403,15.33,48.78
2024-08-06,24,30.63,25.07,27.847,83.169,71.69,1.114,5342.39,10559.848,2.26,2.17,0.506,19.233,93.7
2024-08-07,24,30.95,25.94,28.218,83.66,70.33,1.321,4935.81,10556.407,2.25,2.08,0.468,17.769,95.96
2024-08-08,24,31.72,25.95,28.471,82.425,67.76,1.544,5709.76,10552.651,2.23,2.13,0.541,20.555,49.43
2024-08-09,24,31.71,26.8,28.78,81.742,70.16,3.015,6180.73,10548.565,0.44,0.42,0.586,22.251,6.74
2024-08-10,24,30.89,26.64,28.195,74.358,60.76,2.526,6478.89,10544.138,0.04,0.01,0.614,23.324,4.92
2024-08-11,24,32.98,25.83,28.824,76.843,59.88,2.01,5746.1,10539.356,5.39,5.39,0.545,20.686,2.71
2024-08-12,24,31.16,26.03,28.376,80.222,67.08,1.817,3894.97,10536.649,3.15,3.05,0.37,14.022,5.87
2024-08-13,24,31.52,26.68,28.652,78.971,66.54,2.468,5497.52,10533.897,0.49,0.49,0.522,19.791,8.58
2024-08-14,24,30.59,26.36,28.074,80.049,68.94,2.964,4168.85,10530.838,0.18,0.15,0.396,15.008,9.03
2024-08-15,24,31.62,26.09,28.127,78.831,61.32,1.685,4892.06,10527.459,0.38,0.38,0.465,17.611,3.82
2024-08-16,24,30.19,25.88,27.725,85.964,75.27,3.363,5233.56,10523.747,8.26,7.95,0.497,18.841,1.05
2024-08-17,24,27.71,25.47,26.812,87.798,81.39,1.973,2391.56,10519.688,0.82,0.66,0.227,8.61,8.82
2024-08-18,24,31.62,26.37,28.201,85.852,75.18,2.642,5339.18,10515.269,7.49,6.86,0.508,19.221,9.46
2024-08-19,24,29.38,26.13,27.3,90.368,79.97,2.321,4035.04,10510.477,14.29,7.73,0.384,14.526,16.57
2024-08-20,24,26.78,24.66,25.99,91.957,86.58,1.129,1769.33,10505.3,29.23,24.64,0.168,6.37,22.6
2024-08-21,24,30.63,24.85,27.495,84.249,66.93,0.967,2959.43,10499.726,1.08,0.72,0.282,10.654,51.01
2024-08-22,24,31.93,25.72,27.825,86.593,68.22,1.21,5425.03,10493.742,5.34,4.82,0.517,19.53,44.6
2024-08-23,24,32.41,25.86,28.795,84.347,69.11,1.485,5955.24,10487.335,0.45,0.41,0.568,21.439,35.65
2024-08-24,24,28.45,24.11,26.863,88.806,77.01,1.91,4989.42,10480.494,0.01,0.01,0.476,17.962,6.87
2024-08-25,24,32.19,25.91,28.17,84.992,66.47,1.828,5086.77,10473.208,0.46,0.42,0.486,18.312,5.8
2024-08-26,24,30.97,25.16,27.45,88.122,75.47,2.623,5742.75,10465.465,2.54,2.52,0.549,20.674,0.92
2024-08-27,24,31.46,26.37,28.595,82.092,70.59,2.184,5484.2,10457.255,0.85,0.85,0.524,19.743,3.01
2024-08-28,24,31.58,27.0,28.82,83.832,72.97,2.829,5926.2,10448.567,0.28,0.28,0.567,21.334,3.85
2024-08-29,24,31.45,26.3,28.096,84.293,69.14,1.951,4576.81,10439.39,0.12,0.12,0.438,16.477,3.67
2024-08-30,24,30.68,26.23,28.105,84.468,71.69,2.667,5366.84,10429.716,1.54,1.52,0.515,19.321,1.25
2024-08-31,24,30.87,25.84,28.24,81.91,69.33,2.11,5639.56,10419.534,0.17,0.17,0.541,20.302,1.94
2024-09-01,24,31.27,25.74,27.96,86.066,72.42,1.742,5086.86,10408.837,2.28,2.27,0.489,18.313,1.83
2024-09-02,24,31.58,25.57,28.1,84.523,67.52,1.551,5363.24,10397.615,0.0,0.0,0.516,19.308,3.99
2024-09-03,24,30.76,26.87,28.528,85.538,76.89,2.533,4377.08,10385.861,1.31,1.31,0.421,15.757,2.45
2024-09-04,24,31.09,26.64,28.345,83.877,70.83,3.023,6594.82,10373.568,0.2,0.04,0.636,23.741,3.59
2024-09-05,24,30.19,26.29,27.779,78.511,67.68,3.702,5146.12,10360.728,0.03,0.0,0.497,18.526,1.51
2024-09-06,24,29.87,25.63,27.506,74.883,65.17,2.542,5752.17,10347.337,0.01,0.01,0.556,20.708,1.54
2024-09-07,24,30.41,24.48,27.228,77.316,64.46,1.637,5042.54,10333.388,0.18,0.18,0.488,18.153,0.24
2024-09-08,24,31.91,24.67,27.55,77.178,60.0,2.154,6354.79,10318.876,0.78,0.0,0.616,22.877,0.22
2024-09-09,24,29.68,25.3,27.242,83.042,70.07,1.388,3838.63,10303.797,1.85,1.71,0.373,13.819,0.97
2024-09-10,24,31.07,24.83,27.237,87.199,72.62,2.499,3356.78,10288.147,7.94,7.31,0.326,12.084,2.81
2024-09-11,24,31.7,25.34,27.899,85.642,72.3,1.784,5341.22,10271.924,2.92,2.24,0.52,19.228,10.57
2024-09-12,24,30.98,24.43,27.614,85.19,73.81,2.739,6641.6,10255.125,0.0,0.0,0.648,23.91,12.71
2024-09-13,24,31.46,24.88,27.893,81.572,66.72,1.322,6427.98,10237.749,0.21,0.01,0.628,23.141,10.86
2024-09-14,24,31.39,25.69,27.657,86.693,69.95,1.14,4965.46,10219.795,7.17,6.92,0.486,17.876,3.13
2024-09-15,24,30.02,25.36,27.184,86.912,73.26,1.255,4495.22,10201.262,5.17,1.08,0.441,16.183,7.38
2024-09-16,24,28.97,25.32,27.051,90.048,77.55,1.356,4670.83,10182.151,16.35,15.47,0.459,16.815,12.55
2024-09-17,24,27.32,24.23,25.687,93.695,88.14,1.03,1252.46,10162.465,40.02,27.24,0.123,4.509,28.69
2024-09-18,24,31.29,24.96,27.605,81.927,64.18,2.067,5752.76,10142.204,1.34,0.33,0.567,20.71,61.54
2024-09-19,24,30.78,25.27,27.505,80.097,65.57,2.256,5642.07,10121.372,0.43,0.43,0.557,20.311,57.71
2024-09-20,24,30.23,24.57,27.322,81.583,68.33,1.972,5748.57,10099.972,0.74,0.74,0.569,20.695,41.79
2024-09-21,24,30.76,25.31,27.494,82.003,67.05,2.104,5337.67,10078.009,8.57,0.78,0.53,19.216,2.51
2024-09-22,24,30.72,25.67,27.027,88.206,70.03,1.232,4641.7,10055.488,23.78,15.25,0.462,16.71,9.74
2024-09-23,24,31.91,24.85,27.815,85.312,66.87,1.552,6005.14,10032.416,4.13,2.01,0.599,21.619,33.09
2024-09-24,24,31.06,24.78,27.177,87.225,70.92,0.867,5669.85,10008.798,6.58,3.2,0.566,20.411,36.48
2024-09-25,24,32.33,24.84,27.175,86.817,63.18,1.596,3829.04,9984.643,33.23,22.2,0.383,13.785,34.49
2024-09-26,24,28.05,24.02,25.686,92.455,81.78,2.025,2285.84,9959.959,36.22,34.14,0.23,8.229,43.94
2024-09-27,24,30.63,23.45,26.866,85.045,67.84,1.225,3781.02,9934.755,0.05,0.0,0.381,13.612,76.03
2024-09-28,24,31.71,23.03,26.958,84.485,65.47,0.893,6101.28,9909.041,3.46,1.22,0.616,21.965,69.5
2024-09-29,24,32.05,25.09,27.861,87.358,72.21,0.969,5417.77,9882.828,0.35,0.11,0.548,19.504,39.73
2024-09-30,24,30.45,25.79,27.692,87.973,76.02,1.552,4385.49,9856.126,0.0,0.0,0.445,15.788,3.86
2024-10-01,24,32.32,26.03,28.591,83.74,67.51,1.812,5311.65,9828.949,0.02,0.02,0.54,19.122,3.81
2024-10-02,24,31.1,26.02,28.049,87.132,71.63,2.055,6382.89,9801.309,0.0,0.0,0.651,22.978,0.37
2024-10-03,24,31.11,24.73,27.524,86.272,70.42,1.571,6507.39,9773.219,0.0,0.0,0.666,23.427,0.02
2024-10-04,24,29.41,24.49,26.668,89.398,75.47,1.435,3816.43,9744.695,0.23,0.23,0.392,13.739,0.02
2024-10-05,24,32.11,24.2,28.033,84.5,67.82,1.188,6379.9,9715.75,0.0,0.0,0.657,22.968,0.23
2024-10-06,24,30.12,24.08,27.156,87.828,74.23,1.912,5981.27,9686.4,0.0,0.0,0.617,21.533,0.23
2024-10-07,24,31.32,25.24,27.993,86.017,70.04,1.908,6612.71,9656.663,0.0,0.0,0.685,23.806,0.23
2024-10-08,24,32.22,24.62,28.019,87.848,68.59,1.505,6642.96,9626.553,0.0,0.0,0.69,23.915,0.0
2024-10-09,24,31.65,24.58,27.845,86.61,67.82,1.735,6189.39,9596.09,3.69,0.07,0.645,22.282,0.0
2024-10-10,24,26.87,23.32,25.171,91.714,81.19,2.958,1459.64,9565.291,16.45,14.71,0.153,5.255,3.69
2024-10-11,24,30.65,23.98,26.892,84.947,69.58,1.451,3227.8,9534.175,0.46,0.42,0.339,11.62,20.14
2024-10-12,24,31.65,24.59,27.449,86.511,67.37,1.038,5271.28,9502.76,0.1,0.1,0.555,18.977,20.6
2024-10-13,24,31.51,25.96,27.94,85.477,65.0,2.398,6398.36,9471.067,0.0,0.0,0.676,23.034,17.01
2024-10-14,24,30.79,25.59,27.394,87.996,75.13,2.073,6157.84,9439.116,0.0,0.0,0.652,22.168,0.56
2024-10-15,24,32.46,25.13,28.08,85.821,65.58,1.073,6010.6,9406.927,0.04,0.04,0.639,21.638,0.1
2024-10-16,24,31.55,25.71,28.185,85.8,68.09,1.097,5552.45,9374.521,0.25,0.25,0.592,19.989,0.04
2024-10-17,24,30.9,24.12,26.905,83.663,55.99,1.264,4921.22,9341.92,0.19,0.15,0.527,17.716,0.29
2024-10-18,24,30.36,24.65,27.045,84.515,66.58,1.448,3882.96,9309.146,0.0,0.0,0.417,13.979,0.48
2024-10-19,24,32.45,24.37,27.787,86.682,64.96,1.375,6273.97,9276.22,0.0,0.0,0.676,22.586,0.44
2024-10-20,24,32.48,25.43,27.972,86.428,67.07,1.854,6273.44,9243.166,0.0,0.0,0.679,22.584,0.19
2024-10-21,24,34.76,25.18,28.857,84.362,57.53,1.211,6410.74,9210.006,0.0,0.0,0.696,23.079,0.0
2024-10-22,24,35.01,23.44,28.802,78.122,37.95,1.174,6332.13,9176.762,0.02,0.02,0.69,22.796,0.0
2024-10-23,24,33.67,23.25,27.419,82.045,48.19,1.274,6507.03,9143.459,0.0,0.0,0.712,23.425,0.02
2024-10-24,24,34.13,23.9,27.846,76.525,43.72,1.31,6183.97,9110.12,0.0,0.0,0.679,22.262,0.02
2024-10-25,24,35.94,24.18,29.188,71.782,37.58,1.016,5829.32,9076.768,0.0,0.0,0.642,20.986,0.02
2024-10-26,24,37.29,24.2,29.61,70.82,30.64,1.468,6343.19,9043.428,0.0,0.0,0.701,22.835,0.0
2024-10-27,24,34.41,25.03,28.708,70.379,40.6,2.618,6103.14,9010.123,0.0,0.0,0.677,21.971,0.0
2024-10-28,24,33.5,24.4,27.742,72.392,40.6,2.62,6316.24,8976.877,0.0,0.0,0.704,22.738,0.0
2024-10-29,24,33.9,23.54,27.26,67.215,33.13,2.381,6295.04,8943.714,0.0,0.0,0.704,22.662,0.0
2024-10-30,24,34.54,23.86,27.852,68.53,35.12,2.4,6248.72,8910.659,0.0,0.0,0.701,22.495,0.0
2024-10-31,24,33.84,24.56,28.051,68.817,41.37,2.105,5769.71,8877.735,0.0,0.0,0.65,20.771,0.0
2024-11-01,24,33.77,23.4,27.575,77.685,53.39,1.618,5486.39,8844.967,0.0,0.0,0.62,19.751,0.0
2024-11-02,24,33.93,25.17,28.152,71.274,41.41,2.903,5973.72,8812.379,0.0,0.0,0.678,21.505,0.0
2024-11-03,24,34.08,23.87,27.584,70.793,42.78,3.09,6187.9,8779.994,0.0,0.0,0.705,22.276,0.0
2024-11-04,24,34.52,22.2,27.021,68.781,38.34,2.64,6250.34,8747.837,0.0,0.0,0.715,22.501,0.0
2024-11-05,24,34.57,22.08,27.319,65.875,38.97,2.294,6163.36,8715.932,0.0,0.0,0.707,22.188,0.0
2024-11-06,24,37.45,22.38,28.345,67.425,28.36,1.771,6214.8,8684.302,0.0,0.0,0.716,22.373,0.0
2024-11-07,24,37.38,20.35,28.004,62.951,25.11,1.544,6149.02,8652.97,0.0,0.0,0.711,22.136,0.0
2024-11-08,24,36.89,22.27,28.372,60.751,26.59,1.534,6101.01,8621.961,0.0,0.0,0.708,21.964,0.0
2024-11-09,24,36.52,20.06,27.16,57.668,25.66,1.736,6156.91,8591.296,0.0,0.0,0.717,22.165,0.0
2024-11-10,24,36.44,20.5,27.703,53.863,20.05,2.239,6177.8,8560.999,0.0,0.0,0.722,22.24,0.0
2024-11-11,24,36.23,21.27,27.512,52.698,22.71,2.0,5981.54,8531.092,0.0,0.0,0.701,21.534,0.0
2024-11-12,24,33.36,22.13,26.614,58.342,27.6,2.451,6182.22,8501.598,0.0,0.0,0.727,22.256,0.0
2024-11-13,24,32.68,21.22,25.602,77.702,34.25,2.02,6092.22,8472.539,0.0,0.0,0.719,21.932,0.0
2024-11-14,24,31.55,22.22,25.72,82.422,50.44,2.019,5967.02,8443.936,0.0,0.0,0.707,21.481,0.0
2024-11-15,24,30.97,21.6,25.489,79.695,52.58,2.318,5703.58,8415.811,0.02,0.0,0.678,20.533,0.0
2024-11-16,24,30.64,22.54,25.751,72.468,47.52,2.571,5181.93,8388.185,0.08,0.0,0.618,18.655,0.02
2024-11-17,24,31.52,23.47,26.29,68.698,46.42,2.695,5218.01,8361.078,0.0,0.0,0.624,18.785,0.1
2024-11-18,24,33.56,24.46,27.789,68.309,43.49,2.912,5761.81,8334.511,0.0,0.0,0.691,20.743,0.1
2024-11-19,24,34.77,23.91,27.679,72.574,44.53,1.655,5671.74,8308.503,0.0,0.0,0.683,20.418,0.08
2024-11-20,24,35.64,22.42,27.482,72.052,34.51,0.905,5108.43,8283.074,0.0,0.0,0.617,18.39,0.0
2024-11-21,24,35.52,21.97,27.242,73.395,36.19,1.608,5811.55,8258.243,0.0,0.0,0.704,20.922,0.0
2024-11-22,24,36.66,21.11,27.296,63.639,24.01,1.81,5843.29,8234.029,0.0,0.0,0.71,21.036,0.0
2024-11-23,24,36.9,21.19,27.708,56.2,21.07,1.819,5813.38,8210.449,0.0,0.0,0.708,20.928,0.0
2024-11-24,24,36.36,20.68,27.356,58.32,27.55,2.324,5820.85,8187.522,0.0,0.0,0.711,20.955,0.0
2024-11-25,24,35.03,22.19,27.094,60.8,29.27,2.65,5760.65,8165.264,0.0,0.0,0.706,20.738,0.0
2024-11-26,24,36.7,21.15,27.252,68.654,27.93,1.981,5731.96,8143.693,0.0,0.0,0.704,20.635,0.0
2024-11-27,24,37.54,19.92,27.199,60.896,22.39,1.612,5730.08,8122.823,0.0,0.0,0.705,20.628,0.0
2024-11-28,24,36.99,19.09,26.901,53.85,24.45,1.641,5723.27,8102.672,0.0,0.0,0.706,20.604,0.0
2024-11-29,24,36.71,19.92,27.028,49.357,22.94,1.678,5666.84,8083.253,0.0,0.0,0.701,20.401,0.0
2024-11-30,24,35.6,18.9,26.149,39.351,16.3,2.101,5796.54,8064.582,0.0,0.0,0.719,20.868,0.0
2024-12-01,24,33.91,18.37,24.94,46.877,19.32,2.262,5242.52,8046.673,0.0,0.0,0.652,18.873,0.0
2024-12-02,24,32.69,19.94,24.905,49.738,21.85,2.082,4797.84,8029.539,0.0,0.0,0.598,17.272,0.0
2024-12-03,24,29.57,20.12,24.079,51.878,23.98,1.925,2710.95,8013.193,0.0,0.0,0.338,9.759,0.0
2024-12-04,24,27.9,22.25,24.744,54.688,33.67,2.491,2728.64,7997.648,0.05,0.0,0.341,9.823,0.0
2024-12-05,24,30.06,23.12,26.105,35.397,22.63,4.052,3009.55,7982.915,0.09,0.0,0.377,10.834,0.05
2024-12-06,24,30.62,20.88,25.089,30.942,22.28,2.678,4048.69,7969.005,0.0,0.0,0.508,14.575,0.14
2024-12-07,24,30.91,18.9,23.759,37.548,24.44,2.516,5322.89,7955.929,0.0,0.0,0.669,19.162,0.14
2024-12-08,24,33.8,18.34,24.481,45.784,22.76,2.029,5487.2,7943.698,0.0,0.0,0.691,19.754,0.09
2024-12-09,24,32.63,19.14,24.393,45.961,19.84,1.73,4079.71,7932.32,0.0,0.0,0.514,14.687,0.0
2024-12-10,24,31.93,18.97,23.712,59.274,20.8,2.208,4661.57,7921.804,0.0,0.0,0.588,16.782,0.0
2024-12-11,24,31.6,18.31,23.623,70.775,28.98,2.71,5516.44,7912.159,0.0,0.0,0.697,19.859,0.0
2024-12-12,24,31.37,18.94,24.532,65.341,27.55,2.946,5305.96,7903.392,0.0,0.0,0.671,19.101,0.0
2024-12-13,24,35.56,20.91,26.505,49.052,21.24,2.444,5360.94,7895.51,0.02,0.0,0.679,19.299,0.0
2024-12-14,24,38.26,20.87,28.353,43.128,23.26,2.113,5366.06,7888.52,0.0,0.0,0.68,19.318,0.02
2024-12-15,24,38.61,22.34,29.183,39.201,18.08,1.993,5396.46,7882.426,0.0,0.0,0.685,19.427,0.02
2024-12-16,24,36.04,22.17,27.856,29.6,17.14,2.506,5390.0,7877.236,0.0,0.0,0.684,19.404,0.02
2024-12-17,24,33.21,20.62,26.017,28.367,18.74,2.843,4844.47,7875.162,0.0,0.0,0.615,17.44,0.0
2024-12-18,24,31.61,20.08,24.902,30.092,23.92,2.972,5469.2,7874.475,0.0,0.0,0.695,19.689,0.0
2024-12-19,24,32.01,17.84,24.164,35.475,22.61,2.687,4995.8,7874.662,0.0,0.0,0.634,17.985,0.0
2024-12-20,24,31.76,17.68,23.589,36.115,23.26,2.459,5500.24,7875.724,0.0,0.0,0.698,19.801,0.0
2024-12-21,24,32.34,17.25,23.428,41.598,23.31,2.32,5548.87,7877.66,0.0,0.0,0.704,19.976,0.0
2024-12-22,24,29.65,18.2,22.87,45.325,23.81,2.723,4465.66,7880.47,0.0,0.0,0.567,16.076,0.0
2024-12-23,24,30.09,18.2,22.685,55.213,28.07,2.7,5518.39,7884.151,0.0,0.0,0.7,19.866,0.0
2024-12-24,24,24.07,18.35,20.771,77.835,49.08,1.23,3607.29,7888.703,1.69,1.57,0.457,12.986,0.0
2024-12-25,24,25.88,19.45,22.08,79.851,62.91,2.21,3386.46,7894.123,1.05,0.96,0.429,12.191,1.69
2024-12-26,24,31.46,19.0,23.606,67.745,37.65,3.086,5178.71,7900.406,0.0,0.0,0.655,18.643,2.74
2024-12-27,24,34.76,21.12,26.085,53.731,27.2,2.908,5304.48,7907.549,0.0,0.0,0.671,19.096,2.74
2024-12-28,24,33.7,21.53,26.387,50.378,25.69,2.316,3743.82,7915.548,0.0,0.0,0.473,13.478,1.05
2024-12-29,24,36.73,21.84,27.604,43.362,23.23,2.307,5401.05,7924.396,0.0,0.0,0.682,19.444,0.0
2024-12-30,24,36.32,21.01,27.247,46.674,24.52,2.225,5457.44,7934.089,0.0,0.0,0.688,19.647,0.0
