tree_id,source_handle,exclusion_reason,duplicate_of,edge_distance_m
tree_10764,10764,doublon de position,tree_10762,-0.77
tree_10768,10768,doublon de position,tree_10766,3.27
tree_1078e,1078E,dans un bâtiment,,21.53
tree_10790,10790,dans un bâtiment,,24.78
tree_10796,10796,dans un bâtiment,,16.82
tree_1079a,1079A,dans un bâtiment,,29.67
tree_1079c,1079C,dans un bâtiment,,30.8
tree_107a4,107A4,dans un bâtiment,,20.78
tree_107a6,107A6,dans un bâtiment,,24.71
tree_107a8,107A8,dans un bâtiment,,30.25
tree_107ac,107AC,dans un bâtiment,,26.59
tree_107ae,107AE,dans un bâtiment,,19.92
tree_107c8,107C8,dans un bâtiment,,16.32
tree_10ae2,10AE2,doublon de position,tree_10ae0,1.33
tree_10ae6,10AE6,doublon de position,tree_10ae4,0.13
tree_10aea,10AEA,doublon de position,tree_10ae8,0.49
tree_10b5a,10B5A,doublon de position,tree_10b58,2.85
tree_10b5e,10B5E,doublon de position,tree_10b5c,5.35
tree_10b62,10B62,doublon de position,tree_10b60,7.85
tree_10b66,10B66,doublon de position,tree_10b64,10.35
tree_10b6a,10B6A,doublon de position,tree_10b68,12.85
tree_10b6e,10B6E,doublon de position,tree_10b6c,16.39
tree_10b72,10B72,doublon de position,tree_10b70,16.47
tree_10b76,10B76,doublon de position,tree_10b74,16.56
tree_10b7a,10B7A,doublon de position,tree_10b78,16.64
tree_10b7e,10B7E,doublon de position,tree_10b7c,14.66
tree_10b82,10B82,doublon de position,tree_10b80,12.16
tree_10b86,10B86,doublon de position,tree_10b84,9.66
tree_10b8a,10B8A,doublon de position,tree_10b88,7.16
tree_10b8e,10B8E,doublon de position,tree_10b8c,4.66
tree_10b92,10B92,doublon de position,tree_10b90,2.26
tree_10b96,10B96,doublon de position,tree_10b94,-0.24
tree_10b9a,10B9A,doublon de position,tree_10b98,-2.26
tree_10b9e,10B9E,doublon de position,tree_10b9c,0.24
tree_10ba2,10BA2,doublon de position,tree_10ba0,2.74
tree_10ba6,10BA6,doublon de position,tree_10ba4,5.24
tree_10baa,10BAA,doublon de position,tree_10ba8,7.74
tree_10bae,10BAE,doublon de position,tree_10bac,10.24
tree_10bb2,10BB2,doublon de position,tree_10bb0,12.74
tree_10bb6,10BB6,doublon de position,tree_10bb4,15.24
tree_10bba,10BBA,doublon de position,tree_10bb8,17.74
tree_10bbe,10BBE,doublon de position,tree_10bbc,18.1
tree_10bc2,10BC2,doublon de position,tree_10bc0,18.19
tree_10bc6,10BC6,doublon de position,tree_10bc4,18.27
tree_10bca,10BCA,doublon de position,tree_10bc8,17.26
tree_10bce,10BCE,doublon de position,tree_10bcc,14.76
tree_10bd2,10BD2,doublon de position,tree_10bd0,12.26
tree_10bd6,10BD6,doublon de position,tree_10bd4,9.76
tree_10bda,10BDA,doublon de position,tree_10bd8,7.26
tree_10bde,10BDE,doublon de position,tree_10bdc,4.76
tree_10be2,10BE2,doublon de position,tree_10be0,2.26
tree_10be6,10BE6,doublon de position,tree_10be4,-0.24
tree_10bea,10BEA,doublon de position,tree_10be8,-2.26
tree_10bee,10BEE,doublon de position,tree_10bec,0.24
tree_10bf2,10BF2,doublon de position,tree_10bf0,2.74
tree_10bf6,10BF6,doublon de position,tree_10bf4,5.24
tree_10bfa,10BFA,doublon de position,tree_10bf8,7.74
tree_10bfe,10BFE,doublon de position,tree_10bfc,10.24
tree_10c02,10C02,doublon de position,tree_10c00,12.74
tree_10c06,10C06,doublon de position,tree_10c04,15.24
tree_10c0a,10C0A,doublon de position,tree_10c08,17.74
tree_10c0e,10C0E,doublon de position,tree_10c0c,18.06
tree_10c12,10C12,doublon de position,tree_10c10,17.95
tree_10c16,10C16,doublon de position,tree_10c14,17.85
tree_10c1a,10C1A,doublon de position,tree_10c18,17.74
tree_10c1e,10C1E,doublon de position,tree_10c1c,17.39
tree_10c22,10C22,doublon de position,tree_10c20,14.89
tree_10c26,10C26,doublon de position,tree_10c24,12.39
tree_10c2a,10C2A,doublon de position,tree_10c28,9.89
tree_10c2e,10C2E,doublon de position,tree_10c2c,0.35
tree_10c32,10C32,doublon de position,tree_10c30,-2.15
tree_10c36,10C36,doublon de position,tree_10c34,-0.35
tree_10c3a,10C3A,doublon de position,tree_10c38,1.14
tree_10c3e,10C3E,doublon de position,tree_10c3c,0.41
tree_10c42,10C42,doublon de position,tree_10c40,-1.56
tree_10c46,10C46,doublon de position,tree_10c44,-1.54
tree_10c4a,10C4A,doublon de position,tree_10c48,-1.52
tree_10c4e,10C4E,doublon de position,tree_10c4c,-1.5
tree_10c52,10C52,doublon de position,tree_10c50,-1.48
tree_10c56,10C56,doublon de position,tree_10c54,-1.46
tree_10c5a,10C5A,doublon de position,tree_10c58,-1.45
tree_10c5e,10C5E,doublon de position,tree_10c5c,-1.43
tree_10c62,10C62,doublon de position,tree_10c60,-1.41
tree_10e0b,10E0B,doublon de position,tree_10e09,-0.14
tree_10e0f,10E0F,doublon de position,tree_10e0d,-0.05
tree_10e13,10E13,doublon de position,tree_10e11,0.03
tree_10e17,10E17,doublon de position,tree_10e15,0.12
tree_10e1b,10E1B,doublon de position,tree_10e19,0.21
tree_10e1f,10E1F,doublon de position,tree_10e1d,0.3
tree_10e23,10E23,doublon de position,tree_10e21,0.39
tree_10e27,10E27,doublon de position,tree_10e25,0.47
tree_10e2b,10E2B,doublon de position,tree_10e29,0.56
tree_10e2f,10E2F,doublon de position,tree_10e2d,0.56
tree_10f17,10F17,dans un bâtiment,,13.62
tree_10f19,10F19,dans un bâtiment,,14.19
tree_10f1b,10F1B,dans un bâtiment,,13.55
tree_10f25,10F25,dans un bâtiment,,9.52
tree_10f2f,10F2F,dans un bâtiment,,11.01
tree_10f31,10F31,dans un bâtiment,,9.07
tree_10f33,10F33,dans un bâtiment,,3.29
tree_10f35,10F35,dans un bâtiment,,11.76
tree_10f37,10F37,dans un bâtiment,,9.84
tree_10f39,10F39,dans un bâtiment,,9.05
tree_10f3b,10F3B,dans un bâtiment,,7.01
tree_119b1,119B1,doublon de position,tree_119af,0.62
tree_11a07,11A07,doublon de position,tree_11a05,2.98
tree_11a0b,11A0B,doublon de position,tree_11a09,1.21
tree_5c62,5C62,doublon de position,tree_5c5f,-0.13
tree_6359,6359,doublon de position,tree_6357,18.69
tree_78cd,78CD,dans un bâtiment,,27.39
tree_80a3,80A3,dans un bâtiment,,42.11
tree_84eb,84EB,doublon de position,tree_84e9,8.78
tree_887b,887B,dans un bâtiment,,51.61
tree_8f95,8F95,dans un bâtiment,,29.4
tree_8f9f,8F9F,dans un bâtiment,,27.52
tree_9533,9533,dans un bâtiment,,23.42
tree_9535,9535,dans un bâtiment,,22.39
tree_9539,9539,dans un bâtiment,,25.21
tree_953b,953B,dans un bâtiment,,38.76
tree_953d,953D,dans un bâtiment,,35.78
tree_953f,953F,dans un bâtiment,,32.82
tree_ba07,BA07,doublon de position,tree_ba05,1.16
tree_ba0b,BA0B,doublon de position,tree_ba09,1.18
tree_ba0f,BA0F,doublon de position,tree_ba0d,1.2
tree_ba13,BA13,doublon de position,tree_ba11,1.22
tree_ba17,BA17,doublon de position,tree_ba15,1.24
tree_ba1b,BA1B,doublon de position,tree_ba19,1.25
tree_ba1f,BA1F,doublon de position,tree_ba1d,1.27
tree_ba23,BA23,doublon de position,tree_ba21,1.29
tree_ba27,BA27,doublon de position,tree_ba25,1.31
tree_ba2b,BA2B,doublon de position,tree_ba29,1.33
tree_ba2f,BA2F,doublon de position,tree_ba2d,1.35
tree_ba33,BA33,doublon de position,tree_ba31,1.37
tree_ba37,BA37,doublon de position,tree_ba35,1.39
tree_ba3b,BA3B,doublon de position,tree_ba39,1.41
tree_ba3f,BA3F,doublon de position,tree_ba3d,1.43
tree_ba43,BA43,doublon de position,tree_ba41,1.45
tree_ba47,BA47,doublon de position,tree_ba45,1.47
tree_ba4b,BA4B,doublon de position,tree_ba49,1.49
tree_ba4f,BA4F,doublon de position,tree_ba4d,1.51
tree_ba53,BA53,doublon de position,tree_ba51,2.88
tree_ba57,BA57,doublon de position,tree_ba55,5.38
tree_ba5b,BA5B,doublon de position,tree_ba59,7.88
tree_ba5f,BA5F,doublon de position,tree_ba5d,10.38
tree_ba63,BA63,doublon de position,tree_ba61,11.12
tree_ba67,BA67,doublon de position,tree_ba65,11.21
tree_ba6b,BA6B,doublon de position,tree_ba69,11.29
tree_ba6f,BA6F,doublon de position,tree_ba6d,11.38
tree_ba73,BA73,doublon de position,tree_ba71,11.47
tree_ba77,BA77,doublon de position,tree_ba75,11.55
tree_ba7b,BA7B,doublon de position,tree_ba79,11.64
tree_ba7f,BA7F,doublon de position,tree_ba7d,11.72
tree_ba83,BA83,doublon de position,tree_ba81,11.81
tree_ba87,BA87,doublon de position,tree_ba85,9.62
tree_ba8b,BA8B,doublon de position,tree_ba89,7.12
tree_ba8f,BA8F,doublon de position,tree_ba8d,4.62
tree_ba93,BA93,doublon de position,tree_ba91,2.22
tree_ba97,BA97,doublon de position,tree_ba95,-0.28
tree_ba9b,BA9B,doublon de position,tree_ba99,-2.22
tree_ba9f,BA9F,doublon de position,tree_ba9d,0.28
tree_baa3,BAA3,doublon de position,tree_baa1,2.78
tree_baa7,BAA7,doublon de position,tree_baa5,5.28
tree_baab,BAAB,doublon de position,tree_baa9,7.78
tree_baaf,BAAF,doublon de position,tree_baad,10.28
tree_bab3,BAB3,doublon de position,tree_bab1,12.78
tree_bab7,BAB7,doublon de position,tree_bab5,12.92
tree_babb,BABB,doublon de position,tree_bab9,13.01
tree_babf,BABF,doublon de position,tree_babd,13.09
tree_bac3,BAC3,doublon de position,tree_bac1,13.18
tree_bac7,BAC7,doublon de position,tree_bac5,13.27
tree_bacb,BACB,doublon de position,tree_bac9,13.35
tree_bacf,BACF,doublon de position,tree_bacd,13.44
tree_bad3,BAD3,doublon de position,tree_bad1,12.22
tree_bad7,BAD7,doublon de position,tree_bad5,9.72
tree_badb,BADB,doublon de position,tree_bad9,7.22
tree_badf,BADF,doublon de position,tree_badd,4.72
tree_bae3,BAE3,doublon de position,tree_bae1,2.22
tree_bae7,BAE7,doublon de position,tree_bae5,-0.28
tree_baeb,BAEB,doublon de position,tree_bae9,-2.22
tree_baef,BAEF,doublon de position,tree_baed,0.28
tree_baf3,BAF3,doublon de position,tree_baf1,2.78
tree_baf7,BAF7,doublon de position,tree_baf5,5.28
tree_bafb,BAFB,doublon de position,tree_baf9,7.78
tree_baff,BAFF,doublon de position,tree_bafd,10.28
tree_bb03,BB03,doublon de position,tree_bb01,12.78
tree_bb07,BB07,doublon de position,tree_bb05,13.26
tree_bb0b,BB0B,doublon de position,tree_bb09,13.16
tree_bb0f,BB0F,doublon de position,tree_bb0d,13.05
tree_bb13,BB13,doublon de position,tree_bb11,12.95
tree_bb17,BB17,doublon de position,tree_bb15,12.84
tree_bb1b,BB1B,doublon de position,tree_bb19,12.74
tree_bb1f,BB1F,doublon de position,tree_bb1d,12.63
tree_bb23,BB23,doublon de position,tree_bb21,12.53
tree_bb27,BB27,doublon de position,tree_bb25,12.42
tree_bb2b,BB2B,doublon de position,tree_bb29,10.43
tree_bb2f,BB2F,doublon de position,tree_bb2d,9.02
tree_bb33,BB33,doublon de position,tree_bb31,6.57
tree_bb37,BB37,doublon de position,tree_bb35,4.07
tree_bb3b,BB3B,doublon de position,tree_bb39,1.57
tree_bb3f,BB3F,doublon de position,tree_bb3d,-1.58
tree_bb43,BB43,doublon de position,tree_bb41,0.92
tree_bb47,BB47,doublon de position,tree_bb45,-0.93
tree_bb4b,BB4B,doublon de position,tree_bb49,3.42
tree_bb4f,BB4F,doublon de position,tree_bb4d,5.92
tree_bb53,BB53,doublon de position,tree_bb51,4.94
tree_bb57,BB57,doublon de position,tree_bb55,2.44
tree_bb5b,BB5B,doublon de position,tree_bb59,-0.06
tree_bb5f,BB5F,doublon de position,tree_bb5d,-2.56
tree_bb63,BB63,doublon de position,tree_bb61,-4.94
tree_bb67,BB67,doublon de position,tree_bb65,-2.45
tree_bb6b,BB6B,doublon de position,tree_bb69,0.05
tree_bb6f,BB6F,doublon de position,tree_bb6d,2.55
tree_bb73,BB73,doublon de position,tree_bb71,5.05
tree_bb77,BB77,doublon de position,tree_bb75,7.54
tree_bb7b,BB7B,doublon de position,tree_bb79,9.44
tree_bb7f,BB7F,doublon de position,tree_bb7d,6.95
tree_bb83,BB83,doublon de position,tree_bb81,4.45
tree_bb8d,BB8D,doublon de position,tree_bb8b,0.87
tree_bb91,BB91,doublon de position,tree_bb8f,0.69
tree_bb95,BB95,doublon de position,tree_bb93,0.6
tree_bb99,BB99,doublon de position,tree_bb97,0.78
tree_bb9d,BB9D,doublon de position,tree_bb9b,0.51
tree_bba1,BBA1,doublon de position,tree_bb9f,0.42
tree_bba5,BBA5,doublon de position,tree_bba3,0.34
tree_bba9,BBA9,doublon de position,tree_bba7,0.25
tree_bbad,BBAD,doublon de position,tree_bbab,0.16
tree_bbb1,BBB1,doublon de position,tree_bbaf,0.07
tree_bbb5,BBB5,doublon de position,tree_bbb3,-0.02
tree_bbb9,BBB9,doublon de position,tree_bbb7,-0.11
tree_bbbd,BBBD,doublon de position,tree_bbbb,-0.2
tree_bbc1,BBC1,doublon de position,tree_bbbf,-0.56
tree_bbc5,BBC5,doublon de position,tree_bbc3,-0.65
tree_bbc9,BBC9,doublon de position,tree_bbc7,-0.74
tree_bbcd,BBCD,doublon de position,tree_bbcb,-0.82
tree_bbd1,BBD1,doublon de position,tree_bbcf,-0.91
tree_bbd5,BBD5,doublon de position,tree_bbd3,-1.0
tree_bbd9,BBD9,doublon de position,tree_bbd7,-1.09
tree_bbdd,BBDD,doublon de position,tree_bbdb,-1.18
tree_bbe1,BBE1,doublon de position,tree_bbdf,-1.27
tree_bbe5,BBE5,doublon de position,tree_bbe3,-4.16
tree_bbe9,BBE9,doublon de position,tree_bbe7,-1.45
tree_bbed,BBED,doublon de position,tree_bbeb,-1.54
tree_bbf1,BBF1,doublon de position,tree_bbef,-1.63
tree_bbf5,BBF5,doublon de position,tree_bbf3,-1.72
tree_bbf9,BBF9,doublon de position,tree_bbf7,-1.81
tree_bbfd,BBFD,doublon de position,tree_bbfb,-1.89
tree_bc01,BC01,doublon de position,tree_bbff,-1.98
tree_bc05,BC05,doublon de position,tree_bc03,-2.07
tree_bc09,BC09,doublon de position,tree_bc07,-2.16
tree_bc0d,BC0D,doublon de position,tree_bc0b,-2.25
tree_bc11,BC11,doublon de position,tree_bc0f,-2.34
tree_bc15,BC15,doublon de position,tree_bc13,-2.43
tree_bc19,BC19,doublon de position,tree_bc17,-2.16
tree_bc25,BC25,doublon de position,tree_bc23,3.83
tree_bc29,BC29,doublon de position,tree_bc27,6.33
tree_bc2d,BC2D,doublon de position,tree_bc2b,8.83
tree_bc31,BC31,doublon de position,tree_bc2f,11.33
tree_bc35,BC35,doublon de position,tree_bc33,13.83
tree_bc39,BC39,doublon de position,tree_bc37,16.33
tree_bc3d,BC3D,doublon de position,tree_bc3b,18.82
tree_bc41,BC41,doublon de position,tree_bc3f,21.32
tree_bc45,BC45,doublon de position,tree_bc43,23.82
tree_bc49,BC49,doublon de position,tree_bc47,21.96
tree_bc4d,BC4D,doublon de position,tree_bc4b,19.5
tree_bc51,BC51,doublon de position,tree_bc4f,17.04
tree_bc55,BC55,doublon de position,tree_bc53,14.59
tree_bc59,BC59,doublon de position,tree_bc57,12.16
tree_bc5d,BC5D,doublon de position,tree_bc5b,9.76
tree_bc61,BC61,doublon de position,tree_bc5f,7.4
tree_bc65,BC65,doublon de position,tree_bc63,5.23
tree_bc69,BC69,doublon de position,tree_bc67,3.17
tree_bc6d,BC6D,doublon de position,tree_bc6b,1.62
tree_bc71,BC71,doublon de position,tree_bc6f,1.29
tree_bc75,BC75,doublon de position,tree_bc73,2.42
tree_bc79,BC79,doublon de position,tree_bc77,4.32
tree_bc7d,BC7D,doublon de position,tree_bc7b,6.52
tree_bc81,BC81,doublon de position,tree_bc7f,8.85
tree_bc85,BC85,doublon de position,tree_bc83,11.23
tree_bc89,BC89,doublon de position,tree_bc87,13.65
tree_bc8d,BC8D,doublon de position,tree_bc8b,16.09
tree_bc91,BC91,doublon de position,tree_bc8f,18.55
tree_bc95,BC95,doublon de position,tree_bc93,21.02
tree_bc99,BC99,doublon de position,tree_bc97,21.82
tree_bc9d,BC9D,doublon de position,tree_bc9b,19.33
tree_bca1,BCA1,doublon de position,tree_bc9f,16.84
tree_bca5,BCA5,doublon de position,tree_bca3,14.35
tree_bca9,BCA9,doublon de position,tree_bca7,11.87
tree_bcad,BCAD,doublon de position,tree_bcab,9.4
tree_bcb1,BCB1,doublon de position,tree_bcaf,6.94
tree_bcb5,BCB5,doublon de position,tree_bcb3,4.51
tree_bcb9,BCB9,doublon de position,tree_bcb7,2.15
tree_bcbd,BCBD,doublon de position,tree_bcbb,0.07
tree_bcc1,BCC1,doublon de position,tree_bcbf,-0.47
tree_bcc5,BCC5,doublon de position,tree_bcc3,1.26
tree_bcc9,BCC9,doublon de position,tree_bcc7,10.89
tree_bccd,BCCD,doublon de position,tree_bccb,18.24
tree_bcd1,BCD1,doublon de position,tree_bccf,20.73
tree_bcd5,BCD5,doublon de position,tree_bcd3,23.22
tree_bcd9,BCD9,doublon de position,tree_bcd7,23.35
tree_bcdd,BCDD,doublon de position,tree_bcdb,23.26
tree_bce1,BCE1,doublon de position,tree_bcdf,23.17
tree_bce5,BCE5,doublon de position,tree_bce3,23.08
tree_bce9,BCE9,doublon de position,tree_bce7,22.99
tree_bced,BCED,doublon de position,tree_bceb,22.89
tree_bcf1,BCF1,doublon de position,tree_bcef,22.8
tree_bcf5,BCF5,doublon de position,tree_bcf3,22.71
tree_bcf9,BCF9,doublon de position,tree_bcf7,22.62
tree_bcfd,BCFD,doublon de position,tree_bcfb,22.53
tree_bd01,BD01,doublon de position,tree_bcff,22.44
tree_bd05,BD05,doublon de position,tree_bd03,22.34
tree_bd09,BD09,doublon de position,tree_bd07,22.25
tree_bd0d,BD0D,doublon de position,tree_bd0b,22.16
tree_bd11,BD11,doublon de position,tree_bd0f,22.07
tree_bd15,BD15,doublon de position,tree_bd13,21.98
tree_bd19,BD19,doublon de position,tree_bd17,21.89
tree_bd1d,BD1D,doublon de position,tree_bd1b,21.79
tree_bd21,BD21,doublon de position,tree_bd1f,21.7
tree_bd25,BD25,doublon de position,tree_bd23,21.61
tree_bd29,BD29,doublon de position,tree_bd27,21.52
tree_bd2d,BD2D,doublon de position,tree_bd2b,21.43
tree_bd31,BD31,doublon de position,tree_bd2f,21.34
tree_bd35,BD35,doublon de position,tree_bd33,21.24
tree_bd39,BD39,doublon de position,tree_bd37,21.16
tree_bd3d,BD3D,doublon de position,tree_bd3b,21.07
tree_bd41,BD41,doublon de position,tree_bd3f,20.97
tree_bd45,BD45,doublon de position,tree_bd43,20.88
tree_bd49,BD49,doublon de position,tree_bd47,20.79
tree_bd4d,BD4D,doublon de position,tree_bd4b,20.7
tree_bd51,BD51,doublon de position,tree_bd4f,20.61
tree_bd55,BD55,doublon de position,tree_bd53,20.52
tree_bd59,BD59,doublon de position,tree_bd57,20.42
tree_bd5d,BD5D,doublon de position,tree_bd5b,20.33
tree_bd61,BD61,doublon de position,tree_bd5f,20.24
tree_bd65,BD65,doublon de position,tree_bd63,20.15
tree_bd69,BD69,doublon de position,tree_bd67,20.06
tree_bd6d,BD6D,doublon de position,tree_bd6b,19.97
tree_bd71,BD71,doublon de position,tree_bd6f,19.88
tree_bd75,BD75,doublon de position,tree_bd73,19.78
tree_bd79,BD79,doublon de position,tree_bd77,19.69
tree_bd7d,BD7D,doublon de position,tree_bd7b,19.6
tree_bd81,BD81,doublon de position,tree_bd7f,19.51
tree_bd85,BD85,doublon de position,tree_bd83,19.42
tree_bd89,BD89,doublon de position,tree_bd87,19.32
tree_bd8d,BD8D,doublon de position,tree_bd8b,18.0
tree_bd91,BD91,doublon de position,tree_bd8f,15.69
tree_bd95,BD95,doublon de position,tree_bd93,13.26
tree_bd99,BD99,doublon de position,tree_bd97,10.76
tree_bd9d,BD9D,doublon de position,tree_bd9b,8.26
tree_bda1,BDA1,doublon de position,tree_bd9f,5.76
tree_bda5,BDA5,doublon de position,tree_bda3,3.26
tree_bda9,BDA9,doublon de position,tree_bda7,0.77
tree_bdad,BDAD,doublon de position,tree_bdab,-1.73
tree_bdb1,BDB1,doublon de position,tree_bdaf,-0.83
tree_bdb5,BDB5,doublon de position,tree_bdb3,1.66
tree_bdb9,BDB9,doublon de position,tree_bdb7,4.16
tree_bdbd,BDBD,doublon de position,tree_bdbb,6.66
tree_bdc1,BDC1,doublon de position,tree_bdbf,9.16
tree_bdc5,BDC5,doublon de position,tree_bdc3,11.66
tree_bdc9,BDC9,doublon de position,tree_bdc7,14.16
tree_bdcd,BDCD,doublon de position,tree_bdcb,16.59
tree_bdd1,BDD1,doublon de position,tree_bdcf,19.09
tree_bdd5,BDD5,doublon de position,tree_bdd3,21.59
tree_bdd9,BDD9,doublon de position,tree_bdd7,24.08
tree_bddd,BDDD,doublon de position,tree_bddb,21.59
tree_bde1,BDE1,doublon de position,tree_bddf,19.15
tree_bde5,BDE5,doublon de position,tree_bde3,16.71
tree_bde9,BDE9,doublon de position,tree_bde7,14.32
tree_bded,BDED,doublon de position,tree_bdeb,11.88
tree_bdf1,BDF1,doublon de position,tree_bdef,9.44
tree_bdf5,BDF5,doublon de position,tree_bdf3,6.99
tree_bdf9,BDF9,doublon de position,tree_bdf7,4.55
tree_bdfd,BDFD,doublon de position,tree_bdfb,2.11
tree_be17,BE17,doublon de position,tree_be15,1.11
tree_c5bb,C5BB,doublon de position,tree_c5b9,0.77
tree_c5bf,C5BF,doublon de position,tree_c5bd,3.26
tree_c5c3,C5C3,doublon de position,tree_c5c1,5.72
tree_c5c7,C5C7,doublon de position,tree_c5c5,8.21
tree_c5cb,C5CB,doublon de position,tree_c5c9,10.7
tree_c5cf,C5CF,doublon de position,tree_c5cd,15.68
tree_c5d3,C5D3,doublon de position,tree_c5d1,13.19
tree_c5d7,C5D7,doublon de position,tree_c5d5,18.17
tree_c5db,C5DB,doublon de position,tree_c5d9,20.66
tree_c5df,C5DF,doublon de position,tree_c5dd,23.15
tree_c5e3,C5E3,doublon de position,tree_c5e1,25.64
tree_c5e7,C5E7,doublon de position,tree_c5e5,30.61
tree_c5eb,C5EB,doublon de position,tree_c5e9,28.12
tree_c5ef,C5EF,doublon de position,tree_c5ed,33.1
tree_c5f3,C5F3,doublon de position,tree_c5f1,35.58
tree_c5f7,C5F7,doublon de position,tree_c5f5,38.06
tree_c5fb,C5FB,doublon de position,tree_c5f9,40.54
tree_c5ff,C5FF,doublon de position,tree_c5fd,45.5
tree_c603,C603,doublon de position,tree_c601,43.02
tree_c607,C607,doublon de position,tree_c605,47.98
tree_c60b,C60B,doublon de position,tree_c609,50.46
tree_c60f,C60F,doublon de position,tree_c60d,52.94
tree_c613,C613,doublon de position,tree_c611,55.42
tree_c617,C617,doublon de position,tree_c615,60.38
tree_c61b,C61B,doublon de position,tree_c619,57.9
tree_c61f,C61F,doublon de position,tree_c61d,62.86
tree_c623,C623,doublon de position,tree_c621,63.58
tree_c627,C627,doublon de position,tree_c625,63.59
tree_c62b,C62B,doublon de position,tree_c629,63.6
tree_c62f,C62F,doublon de position,tree_c62d,63.62
tree_c633,C633,doublon de position,tree_c631,63.61
tree_c637,C637,doublon de position,tree_c635,63.63
tree_c63b,C63B,doublon de position,tree_c639,63.64
tree_c63f,C63F,doublon de position,tree_c63d,63.65
tree_c643,C643,doublon de position,tree_c641,63.66
tree_c647,C647,doublon de position,tree_c645,63.68
tree_c64b,C64B,doublon de position,tree_c649,63.67
tree_c64f,C64F,doublon de position,tree_c64d,63.69
tree_c653,C653,doublon de position,tree_c651,63.7
tree_c657,C657,doublon de position,tree_c655,63.71
tree_c65b,C65B,doublon de position,tree_c659,63.72
tree_c65f,C65F,doublon de position,tree_c65d,63.74
tree_c663,C663,doublon de position,tree_c661,63.73
tree_c667,C667,doublon de position,tree_c665,63.75
tree_c66b,C66B,doublon de position,tree_c669,63.76
tree_c66f,C66F,doublon de position,tree_c66d,63.77
tree_c673,C673,doublon de position,tree_c671,63.78
tree_c677,C677,doublon de position,tree_c675,63.8
tree_c67b,C67B,doublon de position,tree_c679,63.79
tree_c67f,C67F,doublon de position,tree_c67d,63.81
tree_c683,C683,doublon de position,tree_c681,63.82
tree_c687,C687,doublon de position,tree_c685,63.83
tree_c68b,C68B,doublon de position,tree_c689,63.84
tree_c68f,C68F,doublon de position,tree_c68d,63.86
tree_c693,C693,doublon de position,tree_c691,63.85
tree_c697,C697,doublon de position,tree_c695,63.87
tree_c69b,C69B,doublon de position,tree_c699,63.88
tree_c69f,C69F,doublon de position,tree_c69d,63.89
tree_c6a3,C6A3,doublon de position,tree_c6a1,63.89
tree_c6a7,C6A7,doublon de position,tree_c6a5,63.91
tree_c6ab,C6AB,doublon de position,tree_c6a9,63.9
tree_c6af,C6AF,doublon de position,tree_c6ad,63.93
tree_c6b3,C6B3,doublon de position,tree_c6b1,63.95
tree_c6b7,C6B7,doublon de position,tree_c6b5,63.97
tree_c6bb,C6BB,doublon de position,tree_c6b9,63.99
tree_c6bf,C6BF,doublon de position,tree_c6bd,64.04
tree_c6c3,C6C3,doublon de position,tree_c6c1,64.02
tree_c6c7,C6C7,doublon de position,tree_c6c5,64.06
tree_c6cb,C6CB,doublon de position,tree_c6c9,64.08
tree_c6cf,C6CF,doublon de position,tree_c6cd,64.1
tree_c6d3,C6D3,doublon de position,tree_c6d1,64.12
tree_c6d7,C6D7,doublon de position,tree_c6d5,64.17
tree_c6db,C6DB,doublon de position,tree_c6d9,64.14
tree_c6df,C6DF,doublon de position,tree_c6dd,64.19
tree_c6e3,C6E3,doublon de position,tree_c6e1,64.21
tree_c6e7,C6E7,doublon de position,tree_c6e5,64.23
tree_c6eb,C6EB,doublon de position,tree_c6e9,64.25
tree_c6ef,C6EF,doublon de position,tree_c6ed,64.29
tree_c6f3,C6F3,doublon de position,tree_c6f1,64.27
tree_c6f7,C6F7,doublon de position,tree_c6f5,64.31
tree_c6fb,C6FB,doublon de position,tree_c6f9,64.34
tree_c6ff,C6FF,doublon de position,tree_c6fd,64.36
tree_c703,C703,doublon de position,tree_c701,64.38
tree_c707,C707,doublon de position,tree_c705,64.42
tree_c70b,C70B,doublon de position,tree_c709,64.4
tree_c70f,C70F,doublon de position,tree_c70d,64.44
tree_c713,C713,doublon de position,tree_c711,64.46
tree_c717,C717,doublon de position,tree_c715,64.49
tree_c71b,C71B,doublon de position,tree_c719,64.51
tree_c71f,C71F,doublon de position,tree_c71d,64.55
tree_c723,C723,doublon de position,tree_c721,64.53
tree_c727,C727,doublon de position,tree_c725,64.57
tree_c72b,C72B,doublon de position,tree_c729,64.3
tree_c72f,C72F,doublon de position,tree_c72d,63.32
tree_c733,C733,doublon de position,tree_c731,61.87
tree_c737,C737,doublon de position,tree_c735,59.88
tree_c73b,C73B,doublon de position,tree_c739,57.67
tree_c73f,C73F,doublon de position,tree_c73d,55.4
tree_c743,C743,doublon de position,tree_c741,53.1
tree_c747,C747,doublon de position,tree_c745,50.82
tree_c74b,C74B,doublon de position,tree_c749,48.59
tree_c74f,C74F,doublon de position,tree_c74d,44.02
tree_c753,C753,doublon de position,tree_c751,46.3
tree_c757,C757,doublon de position,tree_c755,41.73
tree_c75b,C75B,doublon de position,tree_c759,39.46
tree_c75f,C75F,doublon de position,tree_c75d,37.16
tree_c763,C763,doublon de position,tree_c761,34.87
tree_c767,C767,doublon de position,tree_c765,32.59
tree_c76b,C76B,doublon de position,tree_c769,28.02
tree_c76f,C76F,doublon de position,tree_c76d,30.3
tree_c773,C773,doublon de position,tree_c771,25.73
tree_c777,C777,doublon de position,tree_c775,23.46
tree_c77b,C77B,doublon de position,tree_c779,21.16
tree_c77f,C77F,doublon de position,tree_c77d,18.88
tree_c783,C783,doublon de position,tree_c781,16.59
tree_c787,C787,doublon de position,tree_c785,12.02
tree_c78b,C78B,doublon de position,tree_c789,14.3
tree_c78f,C78F,doublon de position,tree_c78d,9.73
tree_c793,C793,doublon de position,tree_c791,7.55
tree_c797,C797,doublon de position,tree_c795,5.39
tree_c79b,C79B,doublon de position,tree_c799,3.09
tree_cb27,CB27,doublon de position,tree_cb25,-0.35
tree_cb2b,CB2B,doublon de position,tree_cb29,-0.12
tree_cb2f,CB2F,doublon de position,tree_cb2d,-0.56
tree_cb33,CB33,doublon de position,tree_cb31,-0.99
tree_cb37,CB37,doublon de position,tree_cb35,-1.42
tree_cb3b,CB3B,doublon de position,tree_cb39,-1.59
tree_cb3f,CB3F,doublon de position,tree_cb3d,-1.73
tree_cb43,CB43,doublon de position,tree_cb41,-1.74
tree_cb47,CB47,doublon de position,tree_cb45,-1.75
tree_cb4b,CB4B,doublon de position,tree_cb49,-1.74
tree_cb4f,CB4F,doublon de position,tree_cb4d,-1.63
tree_cbaf,CBAF,doublon de position,tree_cbad,0.72
tree_cbb3,CBB3,doublon de position,tree_cbb1,1.38
tree_cbb7,CBB7,doublon de position,tree_cbb5,0.65
tree_cbbb,CBBB,doublon de position,tree_cbb9,0.56
tree_cbbf,CBBF,doublon de position,tree_cbbd,0.48
tree_cbc3,CBC3,doublon de position,tree_cbc1,0.4
tree_cbc7,CBC7,doublon de position,tree_cbc5,0.33
tree_cbcb,CBCB,doublon de position,tree_cbc9,0.25
tree_cbcf,CBCF,doublon de position,tree_cbcd,0.17
tree_cbd3,CBD3,doublon de position,tree_cbd1,0.09
tree_cbd7,CBD7,doublon de position,tree_cbd5,0.01
tree_cbdb,CBDB,doublon de position,tree_cbd9,-0.07
tree_cbdf,CBDF,doublon de position,tree_cbdd,-0.15
tree_cbe3,CBE3,doublon de position,tree_cbe1,-0.23
tree_cbe7,CBE7,doublon de position,tree_cbe5,-0.31
tree_cbeb,CBEB,doublon de position,tree_cbe9,-0.39
tree_cbef,CBEF,doublon de position,tree_cbed,-0.47
tree_cbf3,CBF3,doublon de position,tree_cbf1,-0.55
tree_cbf7,CBF7,doublon de position,tree_cbf5,-0.63
tree_cbfb,CBFB,doublon de position,tree_cbf9,-0.71
tree_cbff,CBFF,doublon de position,tree_cbfd,-0.79
tree_cc03,CC03,doublon de position,tree_cc01,-0.87
tree_cc07,CC07,doublon de position,tree_cc05,-0.95
tree_cc0b,CC0B,doublon de position,tree_cc09,-1.03
tree_cc0f,CC0F,doublon de position,tree_cc0d,-1.11
tree_cc13,CC13,doublon de position,tree_cc11,-1.19
tree_cc17,CC17,doublon de position,tree_cc15,-1.27
tree_cc1b,CC1B,doublon de position,tree_cc19,-1.35
tree_cc1f,CC1F,doublon de position,tree_cc1d,-1.43
tree_cc23,CC23,doublon de position,tree_cc21,-1.51
tree_cc27,CC27,doublon de position,tree_cc25,-1.59
tree_cc2b,CC2B,doublon de position,tree_cc29,-1.67
tree_cc2f,CC2F,doublon de position,tree_cc2d,-1.75
tree_cc33,CC33,doublon de position,tree_cc31,-1.83
tree_cc37,CC37,doublon de position,tree_cc35,-1.91
tree_cc3b,CC3B,doublon de position,tree_cc39,-1.99
tree_cc3f,CC3F,doublon de position,tree_cc3d,-2.07
tree_cc43,CC43,doublon de position,tree_cc41,-2.15
tree_cc47,CC47,doublon de position,tree_cc45,-2.23
tree_cc4b,CC4B,doublon de position,tree_cc49,-2.31
tree_cc4f,CC4F,doublon de position,tree_cc4d,-2.39
tree_cc53,CC53,doublon de position,tree_cc51,-2.47
tree_cc57,CC57,doublon de position,tree_cc55,-2.45
tree_cc5b,CC5B,doublon de position,tree_cc59,-2.37
tree_cc5f,CC5F,doublon de position,tree_cc5d,-2.29
tree_cc63,CC63,doublon de position,tree_cc61,-2.21
tree_cc67,CC67,doublon de position,tree_cc65,-2.13
tree_cc6b,CC6B,doublon de position,tree_cc69,-2.05
tree_cc6f,CC6F,doublon de position,tree_cc6d,-1.97
tree_cc73,CC73,doublon de position,tree_cc71,-1.89
tree_cc77,CC77,doublon de position,tree_cc75,-1.81
tree_cc7b,CC7B,doublon de position,tree_cc79,-1.73
tree_cc7f,CC7F,doublon de position,tree_cc7d,-1.65
tree_cc83,CC83,doublon de position,tree_cc81,-1.57
tree_cc87,CC87,doublon de position,tree_cc85,-1.49
tree_cc8b,CC8B,doublon de position,tree_cc89,-1.41
tree_cc8f,CC8F,doublon de position,tree_cc8d,-1.33
tree_cc93,CC93,doublon de position,tree_cc91,-1.25
tree_cc97,CC97,doublon de position,tree_cc95,-1.17
tree_cc9b,CC9B,doublon de position,tree_cc99,-1.09
tree_cc9f,CC9F,doublon de position,tree_cc9d,-1.01
tree_cca3,CCA3,doublon de position,tree_cca1,-0.93
tree_cca7,CCA7,doublon de position,tree_cca5,-0.85
tree_ccab,CCAB,doublon de position,tree_cca9,-0.77
tree_ccaf,CCAF,doublon de position,tree_ccad,-0.69
tree_ccb3,CCB3,doublon de position,tree_ccb1,-0.61
tree_ccb7,CCB7,doublon de position,tree_ccb5,-0.53
tree_ccbb,CCBB,doublon de position,tree_ccb9,-0.45
tree_ccbf,CCBF,doublon de position,tree_ccbd,-0.37
tree_ccc3,CCC3,doublon de position,tree_ccc1,-0.29
tree_ccc7,CCC7,doublon de position,tree_ccc5,-0.21
tree_cccb,CCCB,doublon de position,tree_ccc9,-0.13
tree_cccf,CCCF,doublon de position,tree_cccd,-0.05
tree_ccd3,CCD3,doublon de position,tree_ccd1,0.03
tree_ccd7,CCD7,doublon de position,tree_ccd5,0.11
tree_ccdb,CCDB,doublon de position,tree_ccd9,0.19
tree_ccdf,CCDF,doublon de position,tree_ccdd,0.51
tree_cce3,CCE3,doublon de position,tree_cce1,0.59
tree_cce7,CCE7,doublon de position,tree_cce5,0.67
tree_cceb,CCEB,doublon de position,tree_cce9,0.75
tree_ccef,CCEF,doublon de position,tree_cced,0.83
tree_ccf3,CCF3,doublon de position,tree_ccf1,0.91
tree_ccf7,CCF7,doublon de position,tree_ccf5,0.99
tree_ccfb,CCFB,doublon de position,tree_ccf9,1.07
tree_ccff,CCFF,doublon de position,tree_ccfd,-1.43
tree_cd03,CD03,doublon de position,tree_cd01,-1.07
tree_cd07,CD07,doublon de position,tree_cd05,1.43
tree_cd0b,CD0B,doublon de position,tree_cd09,1.38
tree_cd0f,CD0F,doublon de position,tree_cd0d,1.31
tree_cd13,CD13,doublon de position,tree_cd11,1.24
tree_cd17,CD17,doublon de position,tree_cd15,1.17
tree_cd1b,CD1B,doublon de position,tree_cd19,1.09
tree_cd1f,CD1F,doublon de position,tree_cd1d,1.02
tree_cd23,CD23,doublon de position,tree_cd21,0.95
tree_cd27,CD27,doublon de position,tree_cd25,0.88
tree_cd2b,CD2B,doublon de position,tree_cd29,0.8
tree_cd2f,CD2F,doublon de position,tree_cd2d,0.73
tree_cd33,CD33,doublon de position,tree_cd31,0.66
tree_cd37,CD37,doublon de position,tree_cd35,0.59
tree_cd3b,CD3B,doublon de position,tree_cd39,0.51
tree_cd3f,CD3F,doublon de position,tree_cd3d,0.44
tree_cd43,CD43,doublon de position,tree_cd41,0.37
tree_cd47,CD47,doublon de position,tree_cd45,0.3
tree_cd4b,CD4B,doublon de position,tree_cd49,0.22
tree_cd4f,CD4F,doublon de position,tree_cd4d,0.15
tree_cd53,CD53,doublon de position,tree_cd51,0.08
tree_cd57,CD57,doublon de position,tree_cd55,0.01
tree_cd5b,CD5B,doublon de position,tree_cd59,-0.07
tree_cd5f,CD5F,doublon de position,tree_cd5d,-0.14
tree_cd63,CD63,doublon de position,tree_cd61,-0.21
tree_cd67,CD67,doublon de position,tree_cd65,-0.28
tree_cd6b,CD6B,doublon de position,tree_cd69,-0.36
tree_cd6f,CD6F,doublon de position,tree_cd6d,-0.43
tree_cd73,CD73,doublon de position,tree_cd71,-0.5
tree_cd77,CD77,doublon de position,tree_cd75,-0.57
tree_cd7b,CD7B,doublon de position,tree_cd79,-0.65
tree_cd7f,CD7F,doublon de position,tree_cd7d,-0.72
tree_cd83,CD83,doublon de position,tree_cd81,-0.79
tree_cd87,CD87,doublon de position,tree_cd85,-0.86
tree_cd8b,CD8B,doublon de position,tree_cd89,-0.94
tree_cd8f,CD8F,doublon de position,tree_cd8d,-1.01
tree_cd93,CD93,doublon de position,tree_cd91,-1.08
tree_cd97,CD97,doublon de position,tree_cd95,-1.15
tree_cd9b,CD9B,doublon de position,tree_cd99,-1.23
tree_cd9f,CD9F,doublon de position,tree_cd9d,-0.16
tree_cda3,CDA3,doublon de position,tree_cda1,2.33
tree_cda7,CDA7,doublon de position,tree_cda5,4.83
tree_cdab,CDAB,doublon de position,tree_cda9,6.35
tree_cdad,CDAD,dans un bâtiment,,6.27
tree_cdaf,CDAF,doublon de position,tree_cdad,6.27
tree_cdb1,CDB1,dans un bâtiment,,6.2
tree_cdb3,CDB3,doublon de position,tree_cdb1,6.2
tree_cdb7,CDB7,doublon de position,tree_cdb5,6.13
tree_cdbb,CDBB,doublon de position,tree_cdb9,6.05
tree_cdbf,CDBF,doublon de position,tree_cdbd,5.98
tree_cdc3,CDC3,doublon de position,tree_cdc1,5.91
tree_cdc5,CDC5,dans un bâtiment,,5.83
tree_cdc7,CDC7,doublon de position,tree_cdc5,5.83
tree_cdc9,CDC9,dans un bâtiment,,5.76
tree_cdcb,CDCB,doublon de position,tree_cdc9,5.76
tree_cdcd,CDCD,dans un bâtiment,,5.69
tree_cdcf,CDCF,doublon de position,tree_cdcd,5.69
tree_cdd3,CDD3,doublon de position,tree_cdd1,5.61
tree_cdd7,CDD7,doublon de position,tree_cdd5,5.24
tree_cddb,CDDB,doublon de position,tree_cdd9,5.17
tree_cddf,CDDF,doublon de position,tree_cddd,5.1
tree_cde3,CDE3,doublon de position,tree_cde1,5.02
tree_cde7,CDE7,doublon de position,tree_cde5,4.95
tree_cdeb,CDEB,doublon de position,tree_cde9,4.87
tree_cdef,CDEF,doublon de position,tree_cded,4.8
tree_cdf3,CDF3,doublon de position,tree_cdf1,4.73
tree_cdf7,CDF7,doublon de position,tree_cdf5,4.65
tree_cdfb,CDFB,doublon de position,tree_cdf9,4.58
tree_cdff,CDFF,doublon de position,tree_cdfd,4.51
tree_ce03,CE03,doublon de position,tree_ce01,4.43
tree_ce07,CE07,doublon de position,tree_ce05,4.36
tree_ce0b,CE0B,doublon de position,tree_ce09,4.29
tree_ce0f,CE0F,doublon de position,tree_ce0d,4.21
tree_ce13,CE13,doublon de position,tree_ce11,4.14
tree_ce17,CE17,doublon de position,tree_ce15,4.06
tree_ce1b,CE1B,doublon de position,tree_ce19,3.84
tree_ce1f,CE1F,doublon de position,tree_ce1d,3.77
tree_ce23,CE23,doublon de position,tree_ce21,3.7
tree_ce27,CE27,doublon de position,tree_ce25,3.62
tree_ce2b,CE2B,doublon de position,tree_ce29,3.04
tree_ce2f,CE2F,doublon de position,tree_ce2d,0.58
tree_ce33,CE33,doublon de position,tree_ce31,-1.92
tree_ce37,CE37,doublon de position,tree_ce35,-0.58
tree_ce3b,CE3B,doublon de position,tree_ce39,1.92
tree_ce3f,CE3F,doublon de position,tree_ce3d,4.41
tree_ce43,CE43,doublon de position,tree_ce41,6.91
tree_ce47,CE47,doublon de position,tree_ce45,21.91
tree_ce4b,CE4B,doublon de position,tree_ce49,20.62
tree_ce4f,CE4F,doublon de position,tree_ce4d,18.12
tree_ce53,CE53,doublon de position,tree_ce51,15.62
tree_ce57,CE57,doublon de position,tree_ce55,13.12
tree_ce5b,CE5B,doublon de position,tree_ce59,10.62
tree_ce5f,CE5F,doublon de position,tree_ce5d,8.12
tree_ce63,CE63,doublon de position,tree_ce61,5.62
tree_ce67,CE67,doublon de position,tree_ce65,3.13
tree_ce6b,CE6B,doublon de position,tree_ce69,0.63
tree_ce6f,CE6F,doublon de position,tree_ce6d,-1.87
tree_ce73,CE73,doublon de position,tree_ce71,-0.63
tree_ce77,CE77,doublon de position,tree_ce75,1.87
tree_ce7b,CE7B,doublon de position,tree_ce79,4.37
tree_ce7f,CE7F,doublon de position,tree_ce7d,6.87
tree_ce83,CE83,doublon de position,tree_ce81,9.37
tree_ce87,CE87,doublon de position,tree_ce85,11.87
tree_ce8b,CE8B,doublon de position,tree_ce89,14.37
tree_ce8f,CE8F,doublon de position,tree_ce8d,16.87
tree_ce93,CE93,doublon de position,tree_ce91,19.36
tree_ce97,CE97,doublon de position,tree_ce95,21.86
tree_ce9b,CE9B,doublon de position,tree_ce99,24.36
tree_ce9f,CE9F,doublon de position,tree_ce9d,26.86
tree_cea3,CEA3,doublon de position,tree_cea1,29.36
tree_cea7,CEA7,doublon de position,tree_cea5,30.37
tree_ceab,CEAB,doublon de position,tree_cea9,30.81
tree_ceaf,CEAF,doublon de position,tree_cead,31.25
tree_ceb3,CEB3,doublon de position,tree_ceb1,31.69
tree_ceb7,CEB7,doublon de position,tree_ceb5,32.13
tree_cebb,CEBB,doublon de position,tree_ceb9,32.58
tree_cebf,CEBF,doublon de position,tree_cebd,33.02
tree_cec3,CEC3,doublon de position,tree_cec1,33.46
tree_cec7,CEC7,doublon de position,tree_cec5,33.9
tree_cecb,CECB,doublon de position,tree_cec9,34.34
tree_cecf,CECF,doublon de position,tree_cecd,34.78
tree_ced3,CED3,doublon de position,tree_ced1,35.23
tree_ced7,CED7,doublon de position,tree_ced5,35.67
tree_cedb,CEDB,doublon de position,tree_ced9,36.11
tree_cedf,CEDF,doublon de position,tree_cedd,36.55
tree_cee3,CEE3,doublon de position,tree_cee1,36.99
tree_cee7,CEE7,doublon de position,tree_cee5,37.44
tree_ceeb,CEEB,doublon de position,tree_cee9,37.88
tree_ceef,CEEF,doublon de position,tree_ceed,38.32
tree_cef3,CEF3,doublon de position,tree_cef1,38.76
tree_cef7,CEF7,doublon de position,tree_cef5,39.2
tree_cefb,CEFB,doublon de position,tree_cef9,39.64
tree_ceff,CEFF,doublon de position,tree_cefd,40.09
tree_cf03,CF03,doublon de position,tree_cf01,40.53
tree_cf07,CF07,doublon de position,tree_cf05,40.97
tree_cf0b,CF0B,doublon de position,tree_cf09,37.05
tree_cf0f,CF0F,doublon de position,tree_cf0d,34.61
tree_cf13,CF13,doublon de position,tree_cf11,32.17
tree_cf17,CF17,doublon de position,tree_cf15,29.74
tree_cf1b,CF1B,doublon de position,tree_cf19,27.32
tree_cf1f,CF1F,doublon de position,tree_cf1d,24.91
tree_cf23,CF23,doublon de position,tree_cf21,22.52
tree_cf27,CF27,doublon de position,tree_cf25,20.15
tree_cf2b,CF2B,doublon de position,tree_cf29,17.81
tree_cf2f,CF2F,doublon de position,tree_cf2d,15.5
tree_cf33,CF33,doublon de position,tree_cf31,13.24
tree_cf37,CF37,doublon de position,tree_cf35,11.0
tree_cf3b,CF3B,doublon de position,tree_cf39,8.75
tree_cf3f,CF3F,doublon de position,tree_cf3d,6.51
tree_cf43,CF43,doublon de position,tree_cf41,4.26
tree_cf47,CF47,doublon de position,tree_cf45,2.02
tree_cf4b,CF4B,doublon de position,tree_cf49,-0.22
tree_cfd3,CFD3,dans un bâtiment,,36.64
tree_cfe9,CFE9,dans un bâtiment,,3.24
tree_cff3,CFF3,dans un bâtiment,,35.79
tree_d00b,D00B,doublon de position,tree_d009,59.34
tree_d1a1,D1A1,dans un bâtiment,,32.39
tree_d1a5,D1A5,dans un bâtiment,,25.38
tree_d1a7,D1A7,dans un bâtiment,,34.18
tree_d1a9,D1A9,dans un bâtiment,,31.36
tree_d1b1,D1B1,dans un bâtiment,,34.68
tree_d1b5,D1B5,dans un bâtiment,,35.66
tree_d1cd,D1CD,dans un bâtiment,,51.42
tree_d1dd,D1DD,dans un bâtiment,,23.19
tree_d1df,D1DF,dans un bâtiment,,10.06
tree_d1e1,D1E1,dans un bâtiment,,10.57
tree_d1e3,D1E3,dans un bâtiment,,19.57
tree_d229,D229,dans un bâtiment,,42.31
tree_d22b,D22B,dans un bâtiment,,19.29
tree_d237,D237,dans un bâtiment,,16.88
tree_d283,D283,dans un bâtiment,,57.36
tree_d28d,D28D,dans un bâtiment,,62.02
tree_d2db,D2DB,dans un bâtiment,,15.47
tree_d329,D329,dans un bâtiment,,19.45
tree_d351,D351,doublon de position,tree_d34f,73.25
tree_d36d,D36D,dans un bâtiment,,32.99
tree_d3b1,D3B1,dans un bâtiment,,29.51
tree_d3b3,D3B3,dans un bâtiment,,42.52
tree_d3b5,D3B5,dans un bâtiment,,41.72
tree_d3e5,D3E5,dans un bâtiment,,25.82
tree_d3e7,D3E7,dans un bâtiment,,26.3
tree_d3e9,D3E9,dans un bâtiment,,31.01
tree_d3f3,D3F3,dans un bâtiment,,27.98
tree_d3f5,D3F5,dans un bâtiment,,23.14
tree_d3f7,D3F7,dans un bâtiment,,43.04
tree_d407,D407,dans un bâtiment,,31.08
tree_d409,D409,dans un bâtiment,,32.02
tree_d40b,D40B,dans un bâtiment,,35.08
tree_d40d,D40D,dans un bâtiment,,29.33
tree_d415,D415,dans un bâtiment,,27.4
tree_d437,D437,dans un bâtiment,,14.44
tree_d43d,D43D,dans un bâtiment,,46.9
tree_d43f,D43F,dans un bâtiment,,45.97
tree_d447,D447,dans un bâtiment,,36.82
tree_d449,D449,dans un bâtiment,,47.5
tree_d44d,D44D,dans un bâtiment,,15.1
tree_d44f,D44F,dans un bâtiment,,17.92
tree_d455,D455,dans un bâtiment,,41.89
tree_d45d,D45D,dans un bâtiment,,35.25
tree_d46b,D46B,dans un bâtiment,,48.31
tree_d46d,D46D,dans un bâtiment,,28.96
tree_d46f,D46F,dans un bâtiment,,31.59
tree_d475,D475,dans un bâtiment,,47.48
tree_d481,D481,dans un bâtiment,,22.08
tree_d483,D483,dans un bâtiment,,17.15
tree_d487,D487,dans un bâtiment,,12.75
tree_d489,D489,dans un bâtiment,,13.38
tree_d48d,D48D,dans un bâtiment,,14.99
tree_d48f,D48F,dans un bâtiment,,14.05
tree_d491,D491,dans un bâtiment,,16.42
tree_d497,D497,dans un bâtiment,,21.99
tree_d499,D499,dans un bâtiment,,23.15
tree_d49b,D49B,dans un bâtiment,,9.75
tree_d49d,D49D,dans un bâtiment,,7.59
tree_d49f,D49F,dans un bâtiment,,9.65
tree_d4a1,D4A1,dans un bâtiment,,8.26
tree_d4a3,D4A3,dans un bâtiment,,9.42
tree_d4a9,D4A9,dans un bâtiment,,11.0
tree_d4ab,D4AB,dans un bâtiment,,11.94
tree_d4b3,D4B3,dans un bâtiment,,25.61
tree_d4b5,D4B5,dans un bâtiment,,26.19
tree_d4b7,D4B7,dans un bâtiment,,16.6
tree_d4bb,D4BB,dans un bâtiment,,18.19
tree_d4bd,D4BD,dans un bâtiment,,8.3
tree_d4c5,D4C5,dans un bâtiment,,10.93
tree_d4c7,D4C7,dans un bâtiment,,8.94
tree_d4c9,D4C9,dans un bâtiment,,16.44
tree_d4cb,D4CB,dans un bâtiment,,12.54
tree_d4cd,D4CD,dans un bâtiment,,13.93
tree_d4cf,D4CF,dans un bâtiment,,16.94
tree_d4d9,D4D9,dans un bâtiment,,9.76
tree_d4db,D4DB,dans un bâtiment,,8.91
tree_d4dd,D4DD,dans un bâtiment,,8.13
tree_d531,D531,dans un bâtiment,,32.64
tree_d533,D533,dans un bâtiment,,38.64
tree_d535,D535,dans un bâtiment,,35.93
tree_d537,D537,dans un bâtiment,,30.47
tree_d539,D539,dans un bâtiment,,21.12
tree_d53b,D53B,dans un bâtiment,,22.47
tree_d53f,D53F,dans un bâtiment,,15.95
tree_d543,D543,dans un bâtiment,,64.33
tree_d545,D545,dans un bâtiment,,65.6
tree_d547,D547,dans un bâtiment,,62.96
tree_d549,D549,dans un bâtiment,,60.21
tree_d54b,D54B,dans un bâtiment,,53.39
tree_d577,D577,dans un bâtiment,,49.75
tree_d579,D579,dans un bâtiment,,38.87
tree_d57b,D57B,dans un bâtiment,,36.36
tree_d58f,D58F,dans un bâtiment,,45.61
tree_d5a5,D5A5,dans un bâtiment,,15.53
tree_d5af,D5AF,dans un bâtiment,,24.54
tree_d5b7,D5B7,dans un bâtiment,,44.92
tree_d811,D811,doublon de position,tree_d80d,
tree_d863,D863,doublon de position,tree_d861,
tree_d865,D865,doublon de position,tree_d861,
tree_d89b,D89B,doublon de position,tree_d899,
tree_d983,D983,doublon de position,tree_d973,14.73
tree_d9df,D9DF,doublon de position,tree_d973,14.73
tree_d9e1,D9E1,doublon de position,tree_d999,3.39
tree_dc29,DC29,doublon de position,tree_d973,14.73
tree_dd39,DD39,doublon de position,tree_dd37,29.66
tree_decb,DECB,doublon de position,tree_dec9,-0.24
tree_decf,DECF,doublon de position,tree_decd,-2.26
tree_ded3,DED3,doublon de position,tree_ded1,0.24
tree_dee3,DEE3,doublon de position,tree_dee1,-0.98
tree_dee7,DEE7,doublon de position,tree_dee5,1.4
tree_deeb,DEEB,doublon de position,tree_dee9,0.79
tree_deef,DEEF,doublon de position,tree_deed,-1.62
tree_def3,DEF3,doublon de position,tree_def1,0.82
tree_def7,DEF7,doublon de position,tree_def5,3.26
tree_defb,DEFB,doublon de position,tree_def9,5.76
tree_deff,DEFF,doublon de position,tree_defd,8.26
tree_df03,DF03,doublon de position,tree_df01,10.76
tree_df07,DF07,doublon de position,tree_df05,13.26
tree_df0b,DF0B,doublon de position,tree_df09,15.76
tree_df0f,DF0F,doublon de position,tree_df0d,18.26
tree_df13,DF13,doublon de position,tree_df11,20.43
tree_df17,DF17,doublon de position,tree_df15,20.43
tree_df1b,DF1B,doublon de position,tree_df19,20.43
tree_df1f,DF1F,doublon de position,tree_df1d,20.43
tree_df23,DF23,doublon de position,tree_df21,20.43
tree_df27,DF27,doublon de position,tree_df25,20.43
tree_df2b,DF2B,doublon de position,tree_df29,20.43
tree_df2f,DF2F,doublon de position,tree_df2d,20.43
tree_df33,DF33,doublon de position,tree_df31,20.43
tree_df37,DF37,doublon de position,tree_df35,20.43
tree_df3b,DF3B,doublon de position,tree_df39,20.43
tree_df3f,DF3F,doublon de position,tree_df3d,20.43
tree_df43,DF43,doublon de position,tree_df41,20.43
tree_df47,DF47,doublon de position,tree_df45,20.43
tree_df4b,DF4B,doublon de position,tree_df49,20.43
tree_df4f,DF4F,doublon de position,tree_df4d,20.43
tree_df53,DF53,doublon de position,tree_df51,20.3
tree_df57,DF57,doublon de position,tree_df55,20.3
tree_df5b,DF5B,doublon de position,tree_df59,20.3
tree_df5f,DF5F,doublon de position,tree_df5d,20.3
tree_df63,DF63,doublon de position,tree_df61,20.3
tree_df67,DF67,doublon de position,tree_df65,20.3
tree_df6b,DF6B,doublon de position,tree_df69,20.3
tree_df6f,DF6F,doublon de position,tree_df6d,20.3
tree_df73,DF73,doublon de position,tree_df71,20.3
tree_df77,DF77,doublon de position,tree_df75,20.3
tree_df7b,DF7B,doublon de position,tree_df79,20.3
tree_df7f,DF7F,doublon de position,tree_df7d,20.3
tree_df83,DF83,doublon de position,tree_df81,20.3
tree_df87,DF87,doublon de position,tree_df85,20.3
tree_df8b,DF8B,doublon de position,tree_df89,20.3
tree_df8f,DF8F,doublon de position,tree_df8d,20.3
tree_df93,DF93,doublon de position,tree_df91,20.3
tree_df97,DF97,doublon de position,tree_df95,20.3
tree_df9b,DF9B,doublon de position,tree_df99,20.3
tree_df9f,DF9F,doublon de position,tree_df9d,20.3
tree_dfa3,DFA3,doublon de position,tree_dfa1,20.3
tree_dfa7,DFA7,doublon de position,tree_dfa5,20.5
tree_dfab,DFAB,doublon de position,tree_dfa9,20.5
tree_dfaf,DFAF,doublon de position,tree_dfad,20.5
tree_dfb3,DFB3,doublon de position,tree_dfb1,20.5
tree_dfb7,DFB7,doublon de position,tree_dfb5,20.5
tree_dfbb,DFBB,doublon de position,tree_dfb9,20.5
tree_dfbf,DFBF,doublon de position,tree_dfbd,20.5
tree_dfc3,DFC3,doublon de position,tree_dfc1,20.5
tree_dfc7,DFC7,doublon de position,tree_dfc5,20.5
tree_dfcb,DFCB,doublon de position,tree_dfc9,20.5
tree_dfcf,DFCF,doublon de position,tree_dfcd,20.5
tree_dfd3,DFD3,doublon de position,tree_dfd1,20.5
tree_dfd7,DFD7,doublon de position,tree_dfd5,20.5
tree_dfdb,DFDB,doublon de position,tree_dfd9,20.5
tree_dfdf,DFDF,doublon de position,tree_dfdd,20.5
tree_dfe3,DFE3,doublon de position,tree_dfe1,20.5
tree_dfe7,DFE7,doublon de position,tree_dfe5,20.5
tree_dfeb,DFEB,doublon de position,tree_dfe9,20.5
tree_dfef,DFEF,doublon de position,tree_dfed,20.5
tree_dff3,DFF3,doublon de position,tree_dff1,20.5
tree_dff7,DFF7,doublon de position,tree_dff5,20.5
tree_dffb,DFFB,doublon de position,tree_dff9,20.5
tree_dfff,DFFF,doublon de position,tree_dffd,20.5
tree_e003,E003,doublon de position,tree_e001,20.5
tree_e007,E007,doublon de position,tree_e005,20.5
tree_e00b,E00B,doublon de position,tree_e009,20.5
tree_e00f,E00F,doublon de position,tree_e00d,20.5
tree_e013,E013,doublon de position,tree_e011,20.5
tree_e017,E017,doublon de position,tree_e015,20.5
tree_e01b,E01B,doublon de position,tree_e019,19.06
tree_e01f,E01F,doublon de position,tree_e01d,16.56
tree_e023,E023,doublon de position,tree_e021,14.06
tree_e027,E027,doublon de position,tree_e025,11.56
tree_e02b,E02B,doublon de position,tree_e029,9.06
tree_e02f,E02F,doublon de position,tree_e02d,6.56
tree_e033,E033,doublon de position,tree_e031,4.06
tree_e037,E037,doublon de position,tree_e035,0.56
tree_e03b,E03B,doublon de position,tree_e039,-1.37
tree_e03f,E03F,doublon de position,tree_e03d,-1.13
tree_e043,E043,doublon de position,tree_e041,0.56
tree_e047,E047,doublon de position,tree_e045,0.56
tree_e04b,E04B,doublon de position,tree_e049,0.56
tree_e04f,E04F,doublon de position,tree_e04d,0.56
tree_e053,E053,doublon de position,tree_e051,0.56
tree_e057,E057,doublon de position,tree_e055,0.56
tree_e05b,E05B,doublon de position,tree_e059,0.56
tree_e05f,E05F,doublon de position,tree_e05d,0.56
tree_e063,E063,doublon de position,tree_e061,0.56
tree_e067,E067,doublon de position,tree_e065,0.56
tree_e06b,E06B,doublon de position,tree_e069,0.56
tree_e06f,E06F,doublon de position,tree_e06d,0.56
tree_e073,E073,doublon de position,tree_e071,0.56
tree_e077,E077,doublon de position,tree_e075,1.09
tree_e07d,E07D,doublon de position,tree_e07b,0.49
tree_e081,E081,doublon de position,tree_e07f,0.49
tree_e085,E085,doublon de position,tree_e083,0.49
tree_e089,E089,doublon de position,tree_e087,0.49
tree_e08d,E08D,doublon de position,tree_e08b,0.49
tree_e091,E091,doublon de position,tree_e08f,-0.96
tree_e095,E095,doublon de position,tree_e093,-1.68
tree_e099,E099,doublon de position,tree_e097,0.72
tree_e09d,E09D,doublon de position,tree_e09b,3.12
tree_e0a1,E0A1,doublon de position,tree_e09f,5.51
tree_e0a5,E0A5,doublon de position,tree_e0a3,7.94
tree_e0a9,E0A9,doublon de position,tree_e0a7,10.39
tree_e0ad,E0AD,doublon de position,tree_e0ab,12.86
tree_e0b1,E0B1,doublon de position,tree_e0af,15.34
tree_e0b5,E0B5,doublon de position,tree_e0b3,17.82
tree_e0b9,E0B9,doublon de position,tree_e0b7,20.31
tree_e0bd,E0BD,doublon de position,tree_e0bb,22.8
tree_e0c1,E0C1,doublon de position,tree_e0bf,25.29
tree_e0c5,E0C5,doublon de position,tree_e0c3,27.78
tree_e0c9,E0C9,doublon de position,tree_e0c7,29.37
tree_e0cd,E0CD,doublon de position,tree_e0cb,27.13
tree_e0d1,E0D1,doublon de position,tree_e0cf,24.9
tree_e0d5,E0D5,doublon de position,tree_e0d3,22.66
tree_e0d9,E0D9,doublon de position,tree_e0d7,20.42
tree_e0dd,E0DD,doublon de position,tree_e0db,18.18
tree_e0e1,E0E1,doublon de position,tree_e0df,15.94
tree_e0e5,E0E5,doublon de position,tree_e0e3,13.71
tree_e0e9,E0E9,doublon de position,tree_e0e7,11.47
tree_e0ed,E0ED,doublon de position,tree_e0eb,9.02
tree_e0f1,E0F1,doublon de position,tree_e0ef,6.52
tree_e0ff,E0FF,doublon de position,tree_5d4e,0.33
tree_e101,E101,doublon de position,tree_5d4e,0.33
tree_e103,E103,doublon de position,tree_586e,-0.06
tree_e105,E105,doublon de position,tree_586e,-0.06
tree_e107,E107,doublon de position,tree_5871,-0.1
tree_e109,E109,doublon de position,tree_5871,-0.1
tree_e10b,E10B,doublon de position,tree_5874,-0.07
tree_e10d,E10D,doublon de position,tree_5874,-0.07
tree_e10f,E10F,doublon de position,tree_5877,-0.09
tree_e111,E111,doublon de position,tree_5877,-0.09
tree_e113,E113,doublon de position,tree_587a,-0.11
tree_e115,E115,doublon de position,tree_587a,-0.11
tree_e117,E117,doublon de position,tree_587d,-0.05
tree_e119,E119,doublon de position,tree_587d,-0.05
tree_e11b,E11B,doublon de position,tree_5880,-0.12
tree_e11d,E11D,doublon de position,tree_5880,-0.12
tree_e11f,E11F,doublon de position,tree_5883,-0.09
tree_e121,E121,doublon de position,tree_5883,-0.09
tree_e123,E123,doublon de position,tree_5886,0.0
tree_e125,E125,doublon de position,tree_5886,0.0
tree_e127,E127,doublon de position,tree_5889,-0.04
tree_e129,E129,doublon de position,tree_5889,-0.04
tree_e12b,E12B,doublon de position,tree_588c,0.02
tree_e12d,E12D,doublon de position,tree_588c,0.02
tree_e12f,E12F,doublon de position,tree_588f,0.13
tree_e131,E131,doublon de position,tree_588f,0.13
tree_e133,E133,doublon de position,tree_5892,0.35
tree_e135,E135,doublon de position,tree_5892,0.35
tree_e137,E137,doublon de position,tree_5895,0.55
tree_e139,E139,doublon de position,tree_5895,0.55
tree_e13b,E13B,doublon de position,tree_58b9,0.39
tree_e13d,E13D,doublon de position,tree_58b9,0.39
tree_e13f,E13F,doublon de position,tree_5898,0.04
tree_e141,E141,doublon de position,tree_5898,0.04
tree_e143,E143,doublon de position,tree_589b,0.02
tree_e145,E145,doublon de position,tree_589b,0.02
tree_e147,E147,doublon de position,tree_589e,0.0
tree_e149,E149,doublon de position,tree_589e,0.0
tree_e14b,E14B,doublon de position,tree_58a1,-0.02
tree_e14d,E14D,doublon de position,tree_58a1,-0.02
tree_e14f,E14F,doublon de position,tree_58a4,-0.04
tree_e151,E151,doublon de position,tree_58a4,-0.04
tree_e153,E153,doublon de position,tree_58a7,-0.05
tree_e155,E155,doublon de position,tree_58a7,-0.05
tree_e157,E157,doublon de position,tree_58aa,-0.07
tree_e159,E159,doublon de position,tree_58aa,-0.07
tree_e15b,E15B,doublon de position,tree_58ad,-0.09
tree_e15d,E15D,doublon de position,tree_58ad,-0.09
tree_e15f,E15F,doublon de position,tree_58b0,-0.11
tree_e161,E161,doublon de position,tree_58b0,-0.11
tree_e163,E163,doublon de position,tree_58b3,-0.13
tree_e165,E165,doublon de position,tree_58b3,-0.13
tree_e167,E167,doublon de position,tree_58b6,-0.15
tree_e169,E169,doublon de position,tree_58b6,-0.15
tree_e16b,E16B,doublon de position,tree_5b4e,0.26
tree_e16d,E16D,doublon de position,tree_5b4e,0.26
tree_e16f,E16F,doublon de position,tree_5b51,0.26
tree_e171,E171,doublon de position,tree_5b51,0.26
tree_e173,E173,doublon de position,tree_5b54,0.26
tree_e175,E175,doublon de position,tree_5b54,0.26
tree_e177,E177,doublon de position,tree_5b57,0.26
tree_e179,E179,doublon de position,tree_5b57,0.26
tree_e17b,E17B,doublon de position,tree_5b5a,0.26
tree_e17d,E17D,doublon de position,tree_5b5a,0.26
tree_e17f,E17F,doublon de position,tree_5b5d,0.26
tree_e181,E181,doublon de position,tree_5b5d,0.26
tree_e183,E183,doublon de position,tree_5b60,0.26
tree_e185,E185,doublon de position,tree_5b60,0.26
tree_e187,E187,doublon de position,tree_5b63,0.26
tree_e189,E189,doublon de position,tree_5b63,0.26
tree_e18b,E18B,doublon de position,tree_5b66,0.26
tree_e18d,E18D,doublon de position,tree_5b66,0.26
tree_e18f,E18F,doublon de position,tree_5b69,0.26
tree_e191,E191,doublon de position,tree_5b69,0.26
tree_e193,E193,doublon de position,tree_5b6c,0.26
tree_e195,E195,doublon de position,tree_5b6c,0.26
tree_e197,E197,doublon de position,tree_5b6f,0.26
tree_e199,E199,doublon de position,tree_5b6f,0.26
tree_e19b,E19B,doublon de position,tree_5b72,0.26
tree_e19d,E19D,doublon de position,tree_5b72,0.26
tree_e19f,E19F,doublon de position,tree_5b75,0.26
tree_e1a1,E1A1,doublon de position,tree_5b75,0.26
tree_e1a3,E1A3,doublon de position,tree_5b78,0.26
tree_e1a5,E1A5,doublon de position,tree_5b78,0.26
tree_e1a7,E1A7,doublon de position,tree_5b7b,0.26
tree_e1a9,E1A9,doublon de position,tree_5b7b,0.26
tree_e1ab,E1AB,doublon de position,tree_5b7e,0.26
tree_e1ad,E1AD,doublon de position,tree_5b7e,0.26
tree_e1af,E1AF,doublon de position,tree_5b81,0.26
tree_e1b1,E1B1,doublon de position,tree_5b81,0.26
tree_e1b3,E1B3,doublon de position,tree_5b84,0.26
tree_e1b5,E1B5,doublon de position,tree_5b84,0.26
tree_e1b7,E1B7,doublon de position,tree_5b87,0.26
tree_e1b9,E1B9,doublon de position,tree_5b87,0.26
tree_e1bb,E1BB,doublon de position,tree_5b8a,0.26
tree_e1bd,E1BD,doublon de position,tree_5b8a,0.26
tree_e1bf,E1BF,doublon de position,tree_5b8d,0.26
tree_e1c1,E1C1,doublon de position,tree_5b8d,0.26
tree_e1c3,E1C3,doublon de position,tree_5b90,0.26
tree_e1c5,E1C5,doublon de position,tree_5b90,0.26
tree_e1c7,E1C7,doublon de position,tree_5b93,0.26
tree_e1c9,E1C9,doublon de position,tree_5b93,0.26
tree_e1cb,E1CB,doublon de position,tree_5b96,0.26
tree_e1cd,E1CD,doublon de position,tree_5b96,0.26
tree_e1cf,E1CF,doublon de position,tree_5b99,0.26
tree_e1d1,E1D1,doublon de position,tree_5b99,0.26
tree_e1d3,E1D3,doublon de position,tree_5b9c,0.26
tree_e1d5,E1D5,doublon de position,tree_5b9c,0.26
tree_e1d7,E1D7,doublon de position,tree_5b9f,0.26
tree_e1d9,E1D9,doublon de position,tree_5b9f,0.26
tree_e1db,E1DB,doublon de position,tree_5ba2,0.25
tree_e1dd,E1DD,doublon de position,tree_5ba2,0.25
tree_e1df,E1DF,doublon de position,tree_5ba5,0.25
tree_e1e1,E1E1,doublon de position,tree_5ba5,0.25
tree_e1e3,E1E3,doublon de position,tree_5ba8,0.25
tree_e1e5,E1E5,doublon de position,tree_5ba8,0.25
tree_e1e7,E1E7,doublon de position,tree_5bab,0.25
tree_e1e9,E1E9,doublon de position,tree_5bab,0.25
tree_e1eb,E1EB,doublon de position,tree_5bae,0.25
tree_e1ed,E1ED,doublon de position,tree_5bae,0.25
tree_e1ef,E1EF,doublon de position,tree_5bb1,0.25
tree_e1f1,E1F1,doublon de position,tree_5bb1,0.25
tree_e1f3,E1F3,doublon de position,tree_5bb4,0.25
tree_e1f5,E1F5,doublon de position,tree_5bb4,0.25
tree_e1f7,E1F7,doublon de position,tree_5bb7,0.25
tree_e1f9,E1F9,doublon de position,tree_5bb7,0.25
tree_e1fb,E1FB,doublon de position,tree_5bba,0.25
tree_e1fd,E1FD,doublon de position,tree_5bba,0.25
tree_e1ff,E1FF,doublon de position,tree_5bbd,0.25
tree_e201,E201,doublon de position,tree_5bbd,0.25
tree_e203,E203,doublon de position,tree_5bc0,0.25
tree_e205,E205,doublon de position,tree_5bc0,0.25
tree_e207,E207,doublon de position,tree_5bc3,0.25
tree_e209,E209,doublon de position,tree_5bc3,0.25
tree_e20b,E20B,doublon de position,tree_5bc6,0.25
tree_e20d,E20D,doublon de position,tree_5bc6,0.25
tree_e20f,E20F,doublon de position,tree_5bc9,0.23
tree_e211,E211,doublon de position,tree_5bc9,0.23
tree_e213,E213,doublon de position,tree_5bcc,0.22
tree_e215,E215,doublon de position,tree_5bcc,0.22
tree_e217,E217,doublon de position,tree_5bcf,0.2
tree_e219,E219,doublon de position,tree_5bcf,0.2
tree_e21b,E21B,doublon de position,tree_5bd2,0.19
tree_e21d,E21D,doublon de position,tree_5bd2,0.19
tree_e21f,E21F,doublon de position,tree_5bd5,0.17
tree_e221,E221,doublon de position,tree_5bd5,0.17
tree_e223,E223,doublon de position,tree_5bd8,0.15
tree_e225,E225,doublon de position,tree_5bd8,0.15
tree_e227,E227,doublon de position,tree_5bdb,0.14
tree_e229,E229,doublon de position,tree_5bdb,0.14
tree_e22b,E22B,doublon de position,tree_5bde,0.12
tree_e22d,E22D,doublon de position,tree_5bde,0.12
tree_e22f,E22F,doublon de position,tree_5be1,0.1
tree_e231,E231,doublon de position,tree_5be1,0.1
tree_e233,E233,doublon de position,tree_5be4,0.09
tree_e235,E235,doublon de position,tree_5be4,0.09
tree_e237,E237,doublon de position,tree_5be7,0.07
tree_e239,E239,doublon de position,tree_5be7,0.07
tree_e23b,E23B,doublon de position,tree_5bea,0.06
tree_e23d,E23D,doublon de position,tree_5bea,0.06
tree_e23f,E23F,doublon de position,tree_5bed,0.04
tree_e241,E241,doublon de position,tree_5bed,0.04
tree_e243,E243,doublon de position,tree_5bf0,0.02
tree_e245,E245,doublon de position,tree_5bf0,0.02
tree_e247,E247,doublon de position,tree_5bf3,0.01
tree_e249,E249,doublon de position,tree_5bf3,0.01
tree_e24b,E24B,doublon de position,tree_5bf6,-0.01
tree_e24d,E24D,doublon de position,tree_5bf6,-0.01
tree_e24f,E24F,doublon de position,tree_5bf9,-0.02
tree_e251,E251,doublon de position,tree_5bf9,-0.02
tree_e253,E253,doublon de position,tree_5bfc,-0.04
tree_e255,E255,doublon de position,tree_5bfc,-0.04
tree_e257,E257,doublon de position,tree_5bff,-0.06
tree_e259,E259,doublon de position,tree_5bff,-0.06
tree_e25b,E25B,doublon de position,tree_5c02,-0.07
tree_e25d,E25D,doublon de position,tree_5c02,-0.07
tree_e25f,E25F,doublon de position,tree_5c05,-0.09
tree_e261,E261,doublon de position,tree_5c05,-0.09
tree_e263,E263,doublon de position,tree_5c08,-0.1
tree_e265,E265,doublon de position,tree_5c08,-0.1
tree_e267,E267,doublon de position,tree_5c0b,-0.12
tree_e269,E269,doublon de position,tree_5c0b,-0.12
tree_e26b,E26B,doublon de position,tree_5c0e,-0.14
tree_e26d,E26D,doublon de position,tree_5c0e,-0.14
tree_e26f,E26F,doublon de position,tree_5c11,-0.15
tree_e271,E271,doublon de position,tree_5c11,-0.15
tree_e273,E273,doublon de position,tree_5c14,-0.17
tree_e275,E275,doublon de position,tree_5c14,-0.17
tree_e277,E277,doublon de position,tree_5c17,-0.18
tree_e279,E279,doublon de position,tree_5c17,-0.18
tree_e27b,E27B,doublon de position,tree_5c1a,-0.2
tree_e27d,E27D,doublon de position,tree_5c1a,-0.2
tree_e27f,E27F,doublon de position,tree_5c1d,-0.22
tree_e281,E281,doublon de position,tree_5c1d,-0.22
tree_e283,E283,doublon de position,tree_5c20,-0.23
tree_e285,E285,doublon de position,tree_5c20,-0.23
tree_e287,E287,doublon de position,tree_5c23,-0.25
tree_e289,E289,doublon de position,tree_5c23,-0.25
tree_e28b,E28B,doublon de position,tree_5c26,-0.26
tree_e28d,E28D,doublon de position,tree_5c26,-0.26
tree_e28f,E28F,doublon de position,tree_5c29,-0.28
tree_e291,E291,doublon de position,tree_5c29,-0.28
tree_e293,E293,doublon de position,tree_5c2c,-0.3
tree_e295,E295,doublon de position,tree_5c2c,-0.3
tree_e297,E297,doublon de position,tree_5c2f,-0.31
tree_e299,E299,doublon de position,tree_5c2f,-0.31
tree_e29b,E29B,doublon de position,tree_5c32,-0.33
tree_e29d,E29D,doublon de position,tree_5c32,-0.33
tree_e29f,E29F,doublon de position,tree_5c35,-0.34
tree_e2a1,E2A1,doublon de position,tree_5c35,-0.34
tree_e2a3,E2A3,doublon de position,tree_5c38,-0.36
tree_e2a5,E2A5,doublon de position,tree_5c38,-0.36
tree_e2a7,E2A7,doublon de position,tree_5c3b,-0.36
tree_e2a9,E2A9,doublon de position,tree_5c3b,-0.36
tree_e2ab,E2AB,doublon de position,tree_5c3e,-0.34
tree_e2ad,E2AD,doublon de position,tree_5c3e,-0.34
tree_e2af,E2AF,doublon de position,tree_5c41,-0.32
tree_e2b1,E2B1,doublon de position,tree_5c41,-0.32
tree_e2b3,E2B3,doublon de position,tree_5c44,-0.3
tree_e2b5,E2B5,doublon de position,tree_5c44,-0.3
tree_e2b7,E2B7,doublon de position,tree_5c47,-0.29
tree_e2b9,E2B9,doublon de position,tree_5c47,-0.29
tree_e2bb,E2BB,doublon de position,tree_5c4a,-0.27
tree_e2bd,E2BD,doublon de position,tree_5c4a,-0.27
tree_e2bf,E2BF,doublon de position,tree_5c4d,-0.25
tree_e2c1,E2C1,doublon de position,tree_5c4d,-0.25
tree_e2c3,E2C3,doublon de position,tree_5c50,-0.23
tree_e2c5,E2C5,doublon de position,tree_5c50,-0.23
tree_e2c7,E2C7,doublon de position,tree_5c53,-0.21
tree_e2c9,E2C9,doublon de position,tree_5c53,-0.21
tree_e2cb,E2CB,doublon de position,tree_5c56,-0.19
tree_e2cd,E2CD,doublon de position,tree_5c56,-0.19
tree_e2cf,E2CF,doublon de position,tree_5c59,-0.17
tree_e2d1,E2D1,doublon de position,tree_5c59,-0.17
tree_e2d3,E2D3,doublon de position,tree_5c5c,-0.15
tree_e2d5,E2D5,doublon de position,tree_5c5c,-0.15
tree_e2d7,E2D7,doublon de position,tree_5c5f,-0.13
tree_e2d9,E2D9,doublon de position,tree_5c5f,-0.13
tree_e2db,E2DB,doublon de position,tree_5c65,-0.11
tree_e2dd,E2DD,doublon de position,tree_5c65,-0.11
tree_e2df,E2DF,doublon de position,tree_5b4b,0.22
tree_e2e1,E2E1,doublon de position,tree_5b4b,0.22
tree_e2e3,E2E3,doublon de position,tree_5b48,0.17
tree_e2e5,E2E5,doublon de position,tree_5b48,0.17
tree_e2e7,E2E7,doublon de position,tree_5b45,0.21
tree_e2e9,E2E9,doublon de position,tree_5b45,0.21
tree_e2eb,E2EB,doublon de position,tree_5b42,0.16
tree_e2ed,E2ED,doublon de position,tree_5b42,0.16
tree_e2ef,E2EF,doublon de position,tree_5b3f,0.19
tree_e2f1,E2F1,doublon de position,tree_5b3f,0.19
tree_e2f3,E2F3,doublon de position,tree_5b3c,0.2
tree_e2f5,E2F5,doublon de position,tree_5b3c,0.2
tree_e2f7,E2F7,doublon de position,tree_5b39,0.14
tree_e2f9,E2F9,doublon de position,tree_5b39,0.14
tree_e2fb,E2FB,doublon de position,tree_5b36,0.16
tree_e2fd,E2FD,doublon de position,tree_5b36,0.16
tree_e2ff,E2FF,doublon de position,tree_5b33,0.14
tree_e301,E301,doublon de position,tree_5b33,0.14
tree_e303,E303,doublon de position,tree_5b30,0.12
tree_e305,E305,doublon de position,tree_5b30,0.12
tree_e307,E307,doublon de position,tree_5b2d,0.13
tree_e309,E309,doublon de position,tree_5b2d,0.13
tree_e30b,E30B,doublon de position,tree_5b2a,0.12
tree_e30d,E30D,doublon de position,tree_5b2a,0.12
tree_e30f,E30F,doublon de position,tree_5b27,0.11
tree_e311,E311,doublon de position,tree_5b27,0.11
tree_e313,E313,doublon de position,tree_5b24,0.17
tree_e315,E315,doublon de position,tree_5b24,0.17
tree_e317,E317,doublon de position,tree_5b21,0.17
tree_e319,E319,doublon de position,tree_5b21,0.17
tree_e31b,E31B,doublon de position,tree_5b1e,0.18
tree_e31d,E31D,doublon de position,tree_5b1e,0.18
tree_e31f,E31F,doublon de position,tree_5b1b,0.17
tree_e321,E321,doublon de position,tree_5b1b,0.17
tree_e323,E323,doublon de position,tree_5b18,0.18
tree_e325,E325,doublon de position,tree_5b18,0.18
tree_e327,E327,doublon de position,tree_5b15,0.2
tree_e329,E329,doublon de position,tree_5b15,0.2
tree_e32b,E32B,doublon de position,tree_5b12,0.22
tree_e32d,E32D,doublon de position,tree_5b12,0.22
tree_e32f,E32F,doublon de position,tree_5b0f,0.2
tree_e331,E331,doublon de position,tree_5b0f,0.2
tree_e333,E333,doublon de position,tree_5b0c,0.22
tree_e335,E335,doublon de position,tree_5b0c,0.22
tree_e337,E337,doublon de position,tree_5b09,0.2
tree_e339,E339,doublon de position,tree_5b09,0.2
tree_e33b,E33B,doublon de position,tree_5b06,0.23
tree_e33d,E33D,doublon de position,tree_5b06,0.23
tree_e33f,E33F,doublon de position,tree_5b03,0.24
tree_e341,E341,doublon de position,tree_5b03,0.24
tree_e343,E343,doublon de position,tree_5b00,0.23
tree_e345,E345,doublon de position,tree_5b00,0.23
tree_e347,E347,doublon de position,tree_5afd,0.23
tree_e349,E349,doublon de position,tree_5afd,0.23
tree_e34b,E34B,doublon de position,tree_5afa,0.23
tree_e34d,E34D,doublon de position,tree_5afa,0.23
tree_e34f,E34F,doublon de position,tree_5af7,0.23
tree_e351,E351,doublon de position,tree_5af7,0.23
tree_e353,E353,doublon de position,tree_5af4,0.23
tree_e355,E355,doublon de position,tree_5af4,0.23
tree_e357,E357,doublon de position,tree_5ae7,0.25
tree_e359,E359,doublon de position,tree_5ae7,0.25
tree_e35b,E35B,doublon de position,tree_5aea,0.38
tree_e35d,E35D,doublon de position,tree_5aea,0.38
tree_e35f,E35F,doublon de position,tree_5ae4,0.38
tree_e361,E361,doublon de position,tree_5ae4,0.38
tree_e363,E363,doublon de position,tree_5ae1,0.38
tree_e365,E365,doublon de position,tree_5ae1,0.38
tree_e367,E367,doublon de position,tree_5ade,0.38
tree_e369,E369,doublon de position,tree_5ade,0.38
tree_e36b,E36B,doublon de position,tree_5adb,0.38
tree_e36d,E36D,doublon de position,tree_5adb,0.38
tree_e36f,E36F,doublon de position,tree_5ad8,0.38
tree_e371,E371,doublon de position,tree_5ad8,0.38
tree_e373,E373,doublon de position,tree_5ad5,0.38
tree_e375,E375,doublon de position,tree_5ad5,0.38
tree_e377,E377,doublon de position,tree_5ad2,0.38
tree_e379,E379,doublon de position,tree_5ad2,0.38
tree_e37b,E37B,doublon de position,tree_5acf,0.38
tree_e37d,E37D,doublon de position,tree_5acf,0.38
tree_e37f,E37F,doublon de position,tree_5c68,-0.11
tree_e381,E381,doublon de position,tree_5c68,-0.11
tree_e383,E383,doublon de position,tree_5c6b,-0.07
tree_e385,E385,doublon de position,tree_5c6b,-0.07
tree_e387,E387,doublon de position,tree_5c6e,-0.09
tree_e389,E389,doublon de position,tree_5c6e,-0.09
tree_e38b,E38B,doublon de position,tree_5c71,-0.09
tree_e38d,E38D,doublon de position,tree_5c71,-0.09
tree_e38f,E38F,doublon de position,tree_5c74,-0.05
tree_e391,E391,doublon de position,tree_5c74,-0.05
tree_e393,E393,doublon de position,tree_5c77,-0.02
tree_e395,E395,doublon de position,tree_5c77,-0.02
tree_e397,E397,doublon de position,tree_5c7a,-0.01
tree_e399,E399,doublon de position,tree_5c7a,-0.01
tree_e39b,E39B,doublon de position,tree_5c7d,0.02
tree_e39d,E39D,doublon de position,tree_5c7d,0.02
tree_e39f,E39F,doublon de position,tree_5c80,0.06
tree_e3a1,E3A1,doublon de position,tree_5c80,0.06
tree_e3a3,E3A3,doublon de position,tree_5c83,0.09
tree_e3a5,E3A5,doublon de position,tree_5c83,0.09
tree_e3a7,E3A7,doublon de position,tree_5c86,0.17
tree_e3a9,E3A9,doublon de position,tree_5c86,0.17
tree_e3ab,E3AB,doublon de position,tree_5c89,0.21
tree_e3ad,E3AD,doublon de position,tree_5c89,0.21
tree_e3af,E3AF,doublon de position,tree_5c8c,0.23
tree_e3b1,E3B1,doublon de position,tree_5c8c,0.23
tree_e3b3,E3B3,doublon de position,tree_5c8f,0.3
tree_e3b5,E3B5,doublon de position,tree_5c8f,0.3
tree_e3b7,E3B7,doublon de position,tree_5c92,0.26
tree_e3b9,E3B9,doublon de position,tree_5c92,0.26
tree_e3bb,E3BB,doublon de position,tree_5c95,0.29
tree_e3bd,E3BD,doublon de position,tree_5c95,0.29
tree_e3bf,E3BF,doublon de position,tree_5c98,0.36
tree_e3c1,E3C1,doublon de position,tree_5c98,0.36
tree_e3c3,E3C3,doublon de position,tree_5c9b,0.33
tree_e3c5,E3C5,doublon de position,tree_5c9b,0.33
tree_e3c7,E3C7,doublon de position,tree_5c9e,0.31
tree_e3c9,E3C9,doublon de position,tree_5c9e,0.31
tree_e3cb,E3CB,doublon de position,tree_5ca4,0.45
tree_e3cd,E3CD,doublon de position,tree_5ca4,0.45
tree_e3cf,E3CF,doublon de position,tree_5ca1,0.4
tree_e3d1,E3D1,doublon de position,tree_5ca1,0.4
tree_e3d3,E3D3,doublon de position,tree_5ca7,0.36
tree_e3d5,E3D5,doublon de position,tree_5ca7,0.36
tree_e3d7,E3D7,doublon de position,tree_5caa,0.38
tree_e3d9,E3D9,doublon de position,tree_5caa,0.38
tree_e3db,E3DB,doublon de position,tree_5cad,0.4
tree_e3dd,E3DD,doublon de position,tree_5cad,0.4
tree_e3df,E3DF,doublon de position,tree_5cb0,0.38
tree_e3e1,E3E1,doublon de position,tree_5cb0,0.38
tree_e3e3,E3E3,doublon de position,tree_5cb3,0.32
tree_e3e5,E3E5,doublon de position,tree_5cb3,0.32
tree_e3eb,E3EB,doublon de position,tree_5cb6,0.32
tree_e3ed,E3ED,doublon de position,tree_5cb6,0.32
tree_e3ef,E3EF,doublon de position,tree_5cb9,0.24
tree_e3f1,E3F1,doublon de position,tree_5cb9,0.24
tree_e3f3,E3F3,doublon de position,tree_5cbc,0.52
tree_e3f5,E3F5,doublon de position,tree_5cbc,0.52
tree_e3f7,E3F7,doublon de position,tree_58bc,1.09
tree_e3f9,E3F9,doublon de position,tree_58bc,1.09
tree_e3fb,E3FB,doublon de position,tree_58bf,0.49
tree_e3fd,E3FD,doublon de position,tree_58bf,0.49
tree_e3ff,E3FF,doublon de position,tree_58c2,0.5
tree_e401,E401,doublon de position,tree_58c2,0.5
tree_e403,E403,doublon de position,tree_58c5,0.5
tree_e405,E405,doublon de position,tree_58c5,0.5
tree_e407,E407,doublon de position,tree_58c8,0.5
tree_e409,E409,doublon de position,tree_58c8,0.5
tree_e40b,E40B,doublon de position,tree_58cb,0.51
tree_e40d,E40D,doublon de position,tree_58cb,0.51
tree_e40f,E40F,doublon de position,tree_58ce,0.51
tree_e411,E411,doublon de position,tree_58ce,0.51
tree_e415,E415,doublon de position,tree_e413,0.49
tree_e425,E425,doublon de position,tree_5996,-2.12
tree_e427,E427,doublon de position,tree_5996,-2.12
tree_e429,E429,doublon de position,tree_5999,-3.38
tree_e42b,E42B,doublon de position,tree_5999,-3.38
tree_e42d,E42D,doublon de position,tree_599c,-4.16
tree_e42f,E42F,doublon de position,tree_599c,-4.16
tree_e431,E431,doublon de position,tree_599f,-3.97
tree_e433,E433,doublon de position,tree_599f,-3.97
tree_e435,E435,doublon de position,tree_59a2,-3.23
tree_e437,E437,doublon de position,tree_59a2,-3.23
tree_e439,E439,doublon de position,tree_59a5,-2.21
tree_e43b,E43B,doublon de position,tree_59a5,-2.21
tree_e43d,E43D,doublon de position,tree_59a8,-0.99
tree_e43f,E43F,doublon de position,tree_59a8,-0.99
tree_e441,E441,doublon de position,tree_59ab,0.2
tree_e443,E443,doublon de position,tree_59ab,0.2
tree_e445,E445,doublon de position,tree_59ae,0.96
tree_e447,E447,doublon de position,tree_59ae,0.96
tree_e449,E449,doublon de position,tree_59b1,1.34
tree_e44b,E44B,doublon de position,tree_59b1,1.34
tree_e44d,E44D,doublon de position,tree_59b4,1.69
tree_e44f,E44F,doublon de position,tree_59b4,1.69
tree_e451,E451,doublon de position,tree_59b7,1.69
tree_e453,E453,doublon de position,tree_59b7,1.69
tree_e455,E455,doublon de position,tree_59de,1.56
tree_e457,E457,doublon de position,tree_59de,1.56
tree_e459,E459,doublon de position,tree_59db,1.32
tree_e45b,E45B,doublon de position,tree_59db,1.32
tree_e45d,E45D,doublon de position,tree_59d8,1.15
tree_e45f,E45F,doublon de position,tree_59d8,1.15
tree_e461,E461,doublon de position,tree_59d5,0.98
tree_e463,E463,doublon de position,tree_59d5,0.98
tree_e465,E465,doublon de position,tree_59d2,0.8
tree_e467,E467,doublon de position,tree_59d2,0.8
tree_e469,E469,doublon de position,tree_59cf,0.66
tree_e46b,E46B,doublon de position,tree_59cf,0.66
tree_e46d,E46D,doublon de position,tree_59cc,0.66
tree_e46f,E46F,doublon de position,tree_59cc,0.66
tree_e471,E471,doublon de position,tree_59c9,0.66
tree_e473,E473,doublon de position,tree_59c9,0.66
tree_e475,E475,doublon de position,tree_59c6,0.66
tree_e477,E477,doublon de position,tree_59c6,0.66
tree_e479,E479,doublon de position,tree_59c3,0.66
tree_e47b,E47B,doublon de position,tree_59c3,0.66
tree_e47d,E47D,doublon de position,tree_59c0,0.66
tree_e47f,E47F,doublon de position,tree_59c0,0.66
tree_e481,E481,doublon de position,tree_59ba,0.66
tree_e483,E483,doublon de position,tree_59ba,0.66
tree_e487,E487,doublon de position,tree_e485,-0.13
tree_e48b,E48B,doublon de position,tree_e489,-0.19
tree_e48f,E48F,doublon de position,tree_e48d,-0.09
tree_e493,E493,doublon de position,tree_e491,-0.88
tree_e497,E497,doublon de position,tree_e495,3.62
tree_e49b,E49B,doublon de position,tree_e499,3.7
tree_e49f,E49F,doublon de position,tree_e49d,3.84
tree_e4a3,E4A3,doublon de position,tree_e4a1,3.92
tree_e4a7,E4A7,doublon de position,tree_e4a5,3.77
tree_e4ab,E4AB,doublon de position,tree_e4a9,3.99
tree_e4af,E4AF,doublon de position,tree_e4ad,2.41
tree_e4b3,E4B3,doublon de position,tree_e4b1,-0.09
tree_e4b7,E4B7,doublon de position,tree_e4b5,-2.41
tree_e4bb,E4BB,doublon de position,tree_e4b9,2.59
tree_e4bf,E4BF,doublon de position,tree_e4bd,2.24
tree_e4c3,E4C3,doublon de position,tree_e4c1,0.09
tree_e4c7,E4C7,doublon de position,tree_e4c5,2.42
tree_e4cb,E4CB,doublon de position,tree_e4c9,2.59
tree_e4cf,E4CF,doublon de position,tree_e4cd,2.77
tree_e4d3,E4D3,doublon de position,tree_e4d1,2.94
tree_e4d7,E4D7,doublon de position,tree_e4d5,0.77
tree_e4db,E4DB,doublon de position,tree_e4d9,-1.73
tree_e4df,E4DF,doublon de position,tree_e4dd,3.12
tree_e4e3,E4E3,doublon de position,tree_e4e1,-4.22
tree_e4e7,E4E7,doublon de position,tree_e4e5,-3.28
tree_e4eb,E4EB,doublon de position,tree_e4e9,-0.78
tree_e4ef,E4EF,doublon de position,tree_e4ed,1.72
tree_e4f3,E4F3,doublon de position,tree_e4f1,6.71
tree_e4f7,E4F7,doublon de position,tree_e4f5,9.21
tree_e4fb,E4FB,doublon de position,tree_e4f9,4.21
tree_e4ff,E4FF,doublon de position,tree_e4fd,8.42
tree_e503,E503,doublon de position,tree_e501,5.93
tree_e507,E507,doublon de position,tree_e505,3.49
tree_e575,E575,doublon de position,tree_e573,1.05
tree_e579,E579,doublon de position,tree_e577,2.02
tree_e57d,E57D,doublon de position,tree_e57b,2.11
tree_e581,E581,doublon de position,tree_e57f,2.2
tree_e585,E585,doublon de position,tree_e583,2.28
tree_e589,E589,doublon de position,tree_e587,2.37
tree_e58d,E58D,doublon de position,tree_e58b,2.46
tree_e591,E591,doublon de position,tree_e58f,2.55
tree_e595,E595,doublon de position,tree_e593,2.64
tree_e599,E599,doublon de position,tree_e597,2.73
tree_e59d,E59D,doublon de position,tree_e59b,2.82
tree_e5a1,E5A1,doublon de position,tree_e59f,2.91
tree_e5a5,E5A5,doublon de position,tree_e5a3,3.0
tree_e5a9,E5A9,doublon de position,tree_e5a7,3.09
tree_e5ad,E5AD,doublon de position,tree_e5ab,3.18
tree_e5b1,E5B1,doublon de position,tree_e5af,3.27
tree_e5b5,E5B5,doublon de position,tree_e5b3,3.36
tree_e5b9,E5B9,doublon de position,tree_e5b7,-1.09
tree_e5bd,E5BD,doublon de position,tree_e5bb,-3.59
tree_e5c1,E5C1,doublon de position,tree_e5bf,-3.91
tree_e5c5,E5C5,doublon de position,tree_e5c3,-1.42
tree_e5c9,E5C9,doublon de position,tree_e5c7,1.08
tree_e5cd,E5CD,doublon de position,tree_e5cb,3.89
tree_e5d1,E5D1,doublon de position,tree_e5cf,3.98
tree_e5d5,E5D5,doublon de position,tree_e5d3,4.07
tree_e5d9,E5D9,doublon de position,tree_e5d7,4.15
tree_e5dd,E5DD,doublon de position,tree_e5db,4.24
tree_e5e1,E5E1,doublon de position,tree_e5df,4.33
tree_e5e5,E5E5,doublon de position,tree_e5e3,4.42
tree_e5e9,E5E9,doublon de position,tree_e5e7,4.51
tree_e5ed,E5ED,doublon de position,tree_e5eb,4.6
tree_e5f1,E5F1,doublon de position,tree_e5ef,4.68
tree_e5f5,E5F5,doublon de position,tree_e5f3,4.77
tree_e5f9,E5F9,doublon de position,tree_e5f7,4.86
tree_e5fd,E5FD,doublon de position,tree_e5fb,4.95
tree_e601,E601,doublon de position,tree_e5ff,5.04
tree_e605,E605,doublon de position,tree_e603,5.13
tree_e609,E609,doublon de position,tree_e607,3.04
tree_e60d,E60D,doublon de position,tree_e60b,0.55
tree_e611,E611,doublon de position,tree_e60f,-1.95
tree_e615,E615,doublon de position,tree_e613,-0.55
tree_e619,E619,doublon de position,tree_e617,1.95
tree_e61d,E61D,doublon de position,tree_e61b,4.44
tree_e621,E621,doublon de position,tree_e61f,-1.77
tree_e625,E625,doublon de position,tree_e623,-1.86
tree_e629,E629,doublon de position,tree_e627,-1.95
tree_e62d,E62D,doublon de position,tree_e62b,-2.04
tree_e631,E631,doublon de position,tree_e62f,-2.13
tree_e635,E635,doublon de position,tree_e633,-2.22
tree_e639,E639,doublon de position,tree_e637,-2.31
tree_e63d,E63D,doublon de position,tree_e63b,-2.4
tree_e641,E641,doublon de position,tree_e63f,-2.49
tree_e645,E645,doublon de position,tree_e643,-2.42
tree_e649,E649,doublon de position,tree_e647,-2.33
tree_e64d,E64D,doublon de position,tree_e64b,-2.25
tree_e651,E651,doublon de position,tree_e64f,-2.16
tree_e655,E655,doublon de position,tree_e653,-2.07
tree_e659,E659,doublon de position,tree_e657,-1.98
tree_e65d,E65D,doublon de position,tree_e65b,-1.89
tree_e661,E661,doublon de position,tree_e65f,-1.8
tree_e665,E665,doublon de position,tree_e663,-1.71
tree_e669,E669,doublon de position,tree_e667,-1.62
tree_e66d,E66D,doublon de position,tree_e66b,-1.53
tree_e671,E671,doublon de position,tree_e66f,-1.44
tree_e675,E675,doublon de position,tree_e673,-1.36
tree_e679,E679,doublon de position,tree_e677,-1.27
tree_e67d,E67D,doublon de position,tree_e67b,-1.18
tree_e681,E681,doublon de position,tree_e67f,-1.09
tree_e685,E685,doublon de position,tree_e683,-1.0
tree_e689,E689,doublon de position,tree_e687,-0.91
tree_e68d,E68D,doublon de position,tree_e68b,-0.82
tree_e691,E691,doublon de position,tree_e68f,-0.74
tree_e695,E695,doublon de position,tree_e693,-0.65
tree_e699,E699,doublon de position,tree_e697,-0.56
tree_e69d,E69D,doublon de position,tree_e69b,-0.47
tree_e6a1,E6A1,doublon de position,tree_e69f,-0.38
tree_e6a5,E6A5,doublon de position,tree_e6a3,-0.29
tree_e6a9,E6A9,doublon de position,tree_e6a7,-0.2
tree_e6ad,E6AD,doublon de position,tree_e6ab,-0.12
tree_e6b1,E6B1,doublon de position,tree_e6af,-0.03
tree_e6b5,E6B5,doublon de position,tree_e6b3,0.06
tree_e6b9,E6B9,doublon de position,tree_e6b7,-1.68
tree_e6bd,E6BD,doublon de position,tree_e6bb,-0.82
tree_e6c1,E6C1,doublon de position,tree_e6bf,-0.03
tree_e6c5,E6C5,doublon de position,tree_e6c3,5.2
tree_e6c9,E6C9,doublon de position,tree_e6c7,7.7
tree_e6cd,E6CD,doublon de position,tree_e6cb,10.19
tree_e6d1,E6D1,doublon de position,tree_e6cf,12.69
tree_e6d5,E6D5,doublon de position,tree_e6d3,15.19
tree_e6d9,E6D9,doublon de position,tree_e6d7,17.69
tree_e6dd,E6DD,doublon de position,tree_e6db,20.19
tree_e6e1,E6E1,doublon de position,tree_e6df,22.69
tree_e6e5,E6E5,doublon de position,tree_e6e3,25.18
tree_e6e9,E6E9,doublon de position,tree_e6e7,27.68
tree_e6ed,E6ED,doublon de position,tree_e6eb,27.61
tree_e6f1,E6F1,doublon de position,tree_e6ef,26.17
tree_e6f5,E6F5,doublon de position,tree_e6f3,24.89
tree_e6f9,E6F9,doublon de position,tree_e6f7,23.77
tree_e6fd,E6FD,doublon de position,tree_e6fb,22.86
tree_e701,E701,doublon de position,tree_e6ff,22.17
tree_e705,E705,doublon de position,tree_e703,21.71
tree_e709,E709,doublon de position,tree_e707,21.51
tree_e70d,E70D,doublon de position,tree_e70b,21.57
tree_e711,E711,doublon de position,tree_e70f,21.88
tree_e715,E715,doublon de position,tree_e713,22.45
tree_e719,E719,doublon de position,tree_e717,23.24
tree_e71d,E71D,doublon de position,tree_e71b,24.25
tree_e721,E721,doublon de position,tree_e71f,25.44
tree_e725,E725,doublon de position,tree_e723,26.8
tree_e729,E729,doublon de position,tree_e727,28.3
tree_e72d,E72D,doublon de position,tree_e72b,29.93
tree_e731,E731,doublon de position,tree_e72f,28.39
tree_e735,E735,doublon de position,tree_e733,25.89
tree_e739,E739,doublon de position,tree_e737,23.39
tree_e73d,E73D,doublon de position,tree_e73b,20.89
tree_e741,E741,doublon de position,tree_e73f,18.4
tree_e745,E745,doublon de position,tree_e743,15.9
tree_e749,E749,doublon de position,tree_e747,13.4
tree_e74d,E74D,doublon de position,tree_e74b,10.9
tree_e751,E751,doublon de position,tree_e74f,8.41
tree_e755,E755,doublon de position,tree_e753,5.91
tree_e759,E759,doublon de position,tree_e757,3.41
tree_e75d,E75D,doublon de position,tree_e75b,0.91
tree_e761,E761,doublon de position,tree_e75f,-1.59
tree_e765,E765,doublon de position,tree_e763,-0.92
tree_e769,E769,doublon de position,tree_e767,1.58
tree_e79f,E79F,doublon de position,tree_e79d,2.76
tree_e7a3,E7A3,doublon de position,tree_e7a1,0.18
tree_e7a7,E7A7,doublon de position,tree_e7a5,3.94
tree_e7ab,E7AB,doublon de position,tree_e7a9,6.22
tree_e7af,E7AF,doublon de position,tree_e7ad,7.63
tree_e7b3,E7B3,doublon de position,tree_e7b1,8.1
tree_e7b7,E7B7,doublon de position,tree_e7b5,8.23
tree_e7bb,E7BB,doublon de position,tree_e7b9,8.36
tree_e7bf,E7BF,doublon de position,tree_e7bd,8.49
tree_e7c3,E7C3,doublon de position,tree_e7c1,8.62
tree_e7c7,E7C7,doublon de position,tree_e7c5,8.75
tree_e7cb,E7CB,doublon de position,tree_e7c9,8.88
tree_e7cf,E7CF,doublon de position,tree_e7cd,8.85
tree_e7d3,E7D3,doublon de position,tree_e7d1,8.98
tree_e7d7,E7D7,doublon de position,tree_e7d5,9.11
tree_e7db,E7DB,doublon de position,tree_e7d9,9.2
tree_e7df,E7DF,doublon de position,tree_e7dd,9.33
tree_e7e3,E7E3,doublon de position,tree_e7e1,8.85
tree_e7e7,E7E7,doublon de position,tree_e7e5,6.35
tree_e7eb,E7EB,doublon de position,tree_e7e9,3.86
tree_e7ef,E7EF,doublon de position,tree_e7ed,1.36
tree_e7f3,E7F3,doublon de position,tree_e7f1,4.43
tree_e7f7,E7F7,doublon de position,tree_e7f5,2.89
tree_e7fb,E7FB,doublon de position,tree_e7f9,0.7
tree_e7ff,E7FF,doublon de position,tree_e7fd,-1.63
tree_e803,E803,doublon de position,tree_e801,-1.06
tree_e807,E807,doublon de position,tree_e805,0.96
tree_e80b,E80B,doublon de position,tree_e809,1.05
tree_e80f,E80F,doublon de position,tree_e80d,1.14
tree_e813,E813,doublon de position,tree_e811,1.2
tree_e817,E817,doublon de position,tree_e815,2.55
tree_e81b,E81B,doublon de position,tree_e819,4.98
tree_e81f,E81F,doublon de position,tree_e81d,7.48
tree_e823,E823,doublon de position,tree_e821,9.98
tree_e827,E827,doublon de position,tree_e825,12.47
tree_e82b,E82B,doublon de position,tree_e829,14.97
tree_e82f,E82F,doublon de position,tree_e82d,17.47
tree_e833,E833,doublon de position,tree_e831,19.97
tree_e837,E837,doublon de position,tree_e835,22.47
tree_e83b,E83B,doublon de position,tree_e839,24.97
tree_e83f,E83F,doublon de position,tree_e83d,25.56
tree_e843,E843,doublon de position,tree_e841,23.77
tree_e847,E847,doublon de position,tree_e845,22.1
tree_e84b,E84B,doublon de position,tree_e849,20.59
tree_e84f,E84F,doublon de position,tree_e84d,19.25
tree_e853,E853,doublon de position,tree_e851,18.13
tree_e857,E857,doublon de position,tree_e855,17.27
tree_e85b,E85B,doublon de position,tree_e859,16.69
tree_e85f,E85F,doublon de position,tree_e85d,16.43
tree_e863,E863,doublon de position,tree_e861,16.5
tree_e867,E867,doublon de position,tree_e865,16.9
tree_e86b,E86B,doublon de position,tree_e869,17.59
tree_e86f,E86F,doublon de position,tree_e86d,18.57
tree_e873,E873,doublon de position,tree_e871,19.78
tree_e877,E877,doublon de position,tree_e875,21.2
tree_e87b,E87B,doublon de position,tree_e879,22.78
tree_e87f,E87F,doublon de position,tree_e87d,24.51
tree_e883,E883,doublon de position,tree_e881,26.34
tree_e887,E887,doublon de position,tree_e885,28.2
tree_e88b,E88B,doublon de position,tree_e889,25.7
tree_e88f,E88F,doublon de position,tree_e88d,23.2
tree_e893,E893,doublon de position,tree_e891,20.71
tree_e897,E897,doublon de position,tree_e895,18.21
tree_e89b,E89B,doublon de position,tree_e899,15.71
tree_e89f,E89F,doublon de position,tree_e89d,13.21
tree_e8a3,E8A3,doublon de position,tree_e8a1,10.72
tree_e8a7,E8A7,doublon de position,tree_e8a5,8.22
tree_e8ab,E8AB,doublon de position,tree_e8a9,5.72
tree_e8af,E8AF,doublon de position,tree_e8ad,3.22
tree_e8b3,E8B3,doublon de position,tree_e8b1,0.73
tree_e8b7,E8B7,doublon de position,tree_e8b5,-1.77
tree_e8bb,E8BB,doublon de position,tree_e8b9,-0.73
tree_e8bf,E8BF,doublon de position,tree_e8bd,1.69
tree_e8c3,E8C3,doublon de position,tree_e8c1,2.9
tree_e8c7,E8C7,doublon de position,tree_e8c5,3.06
tree_e8cb,E8CB,doublon de position,tree_e8c9,3.17
tree_e8cf,E8CF,doublon de position,tree_e8cd,3.28
tree_e8d3,E8D3,doublon de position,tree_e8d1,3.39
tree_e8d7,E8D7,doublon de position,tree_e8d5,3.5
tree_e8db,E8DB,doublon de position,tree_e8d9,3.61
tree_e8df,E8DF,doublon de position,tree_e8dd,3.72
tree_e8e3,E8E3,doublon de position,tree_e8e1,3.83
tree_e8e7,E8E7,doublon de position,tree_e8e5,3.94
tree_e8eb,E8EB,doublon de position,tree_e8e9,4.05
tree_e8ef,E8EF,doublon de position,tree_e8ed,4.16
tree_e8f3,E8F3,doublon de position,tree_e8f1,4.27
tree_e8f7,E8F7,doublon de position,tree_e8f5,4.38
tree_e8fb,E8FB,doublon de position,tree_e8f9,2.21
tree_e8ff,E8FF,doublon de position,tree_e8fd,-0.29
tree_e903,E903,doublon de position,tree_e901,-2.0
tree_e907,E907,doublon de position,tree_e905,-2.07
tree_e90b,E90B,doublon de position,tree_e909,-1.26
tree_e90f,E90F,doublon de position,tree_e90d,-0.88
tree_e913,E913,doublon de position,tree_e911,-0.82
tree_e917,E917,doublon de position,tree_e915,-0.8
tree_e91b,E91B,doublon de position,tree_e919,-1.42
tree_e91d,E91D,doublon de position,tree_5d4b,0.33
tree_e91f,E91F,doublon de position,tree_5d4b,0.33
tree_e921,E921,doublon de position,tree_5d48,0.33
tree_e923,E923,doublon de position,tree_5d48,0.33
tree_e925,E925,doublon de position,tree_5d45,0.33
tree_e927,E927,doublon de position,tree_5d45,0.33
tree_e929,E929,doublon de position,tree_5d42,0.33
tree_e92b,E92B,doublon de position,tree_5d42,0.33
tree_e92d,E92D,doublon de position,tree_5d3f,0.33
tree_e92f,E92F,doublon de position,tree_5d3f,0.33
tree_e931,E931,doublon de position,tree_5d3c,0.33
tree_e933,E933,doublon de position,tree_5d3c,0.33
tree_e935,E935,doublon de position,tree_5d39,0.33
tree_e937,E937,doublon de position,tree_5d39,0.33
tree_e939,E939,doublon de position,tree_5d36,0.33
tree_e93b,E93B,doublon de position,tree_5d36,0.33
tree_e93d,E93D,doublon de position,tree_5d33,0.33
tree_e93f,E93F,doublon de position,tree_5d33,0.33
tree_e941,E941,doublon de position,tree_5d30,0.33
tree_e943,E943,doublon de position,tree_5d30,0.33
tree_e945,E945,doublon de position,tree_5d2d,0.33
tree_e947,E947,doublon de position,tree_5d2d,0.33
tree_e949,E949,doublon de position,tree_5d2a,0.33
tree_e94b,E94B,doublon de position,tree_5d2a,0.33
tree_e94d,E94D,doublon de position,tree_5d27,0.33
tree_e94f,E94F,doublon de position,tree_5d27,0.33
tree_e951,E951,doublon de position,tree_5d24,0.33
tree_e953,E953,doublon de position,tree_5d24,0.33
tree_e955,E955,doublon de position,tree_5d21,0.33
tree_e957,E957,doublon de position,tree_5d21,0.33
tree_e959,E959,doublon de position,tree_5d1e,0.33
tree_e95b,E95B,doublon de position,tree_5d1e,0.33
tree_e95d,E95D,doublon de position,tree_5d1b,0.33
tree_e95f,E95F,doublon de position,tree_5d1b,0.33
tree_e961,E961,doublon de position,tree_5d18,0.33
tree_e963,E963,doublon de position,tree_5d18,0.33
tree_e965,E965,doublon de position,tree_5d15,0.33
tree_e967,E967,doublon de position,tree_5d15,0.33
tree_e969,E969,doublon de position,tree_5d12,0.33
tree_e96b,E96B,doublon de position,tree_5d12,0.33
tree_e96d,E96D,doublon de position,tree_5d10,0.33
tree_e96f,E96F,doublon de position,tree_5d10,0.33
tree_e973,E973,doublon de position,tree_e971,0.33
tree_e977,E977,doublon de position,tree_e975,0.33
tree_e97b,E97B,doublon de position,tree_e979,0.33
tree_e97f,E97F,doublon de position,tree_e97d,0.4
tree_e981,E981,doublon de position,tree_5d0e,0.39
tree_e983,E983,doublon de position,tree_5d0e,0.39
tree_e987,E987,doublon de position,tree_e985,0.38
tree_e98b,E98B,doublon de position,tree_e989,0.37
tree_e98f,E98F,doublon de position,tree_e98d,0.36
tree_e993,E993,doublon de position,tree_e991,0.35
tree_e997,E997,doublon de position,tree_e995,0.33
tree_e99b,E99B,doublon de position,tree_e999,0.32
tree_e99f,E99F,doublon de position,tree_e99d,0.31
tree_e9a1,E9A1,doublon de position,tree_5d0a,0.27
tree_e9a3,E9A3,doublon de position,tree_5d0a,0.27
tree_e9a5,E9A5,doublon de position,tree_5d07,0.26
tree_e9a7,E9A7,doublon de position,tree_5d07,0.26
tree_e9a9,E9A9,doublon de position,tree_5d04,0.24
tree_e9ab,E9AB,doublon de position,tree_5d04,0.24
tree_e9ad,E9AD,doublon de position,tree_5d01,0.23
tree_e9af,E9AF,doublon de position,tree_5d01,0.23
tree_e9b1,E9B1,doublon de position,tree_5cfe,0.21
tree_e9b3,E9B3,doublon de position,tree_5cfe,0.21
tree_e9b5,E9B5,doublon de position,tree_5cfb,0.2
tree_e9b7,E9B7,doublon de position,tree_5cfb,0.2
tree_e9b9,E9B9,doublon de position,tree_5cf8,0.28
tree_e9bb,E9BB,doublon de position,tree_5cf8,0.28
tree_e9bd,E9BD,doublon de position,tree_5cf5,0.26
tree_e9bf,E9BF,doublon de position,tree_5cf5,0.26
tree_e9c1,E9C1,doublon de position,tree_5cf2,0.25
tree_e9c3,E9C3,doublon de position,tree_5cf2,0.25
tree_e9c5,E9C5,doublon de position,tree_5cef,0.24
tree_e9c7,E9C7,doublon de position,tree_5cef,0.24
tree_e9c9,E9C9,doublon de position,tree_5cec,0.22
tree_e9cb,E9CB,doublon de position,tree_5cec,0.22
tree_e9cd,E9CD,doublon de position,tree_5ce9,0.21
tree_e9cf,E9CF,doublon de position,tree_5ce9,0.21
tree_e9d1,E9D1,doublon de position,tree_5ce6,0.19
tree_e9d3,E9D3,doublon de position,tree_5ce6,0.19
tree_e9d5,E9D5,doublon de position,tree_5ce3,0.18
tree_e9d7,E9D7,doublon de position,tree_5ce3,0.18
tree_e9d9,E9D9,doublon de position,tree_5ce0,0.17
tree_e9db,E9DB,doublon de position,tree_5ce0,0.17
tree_e9dd,E9DD,doublon de position,tree_5cdd,0.21
tree_e9df,E9DF,doublon de position,tree_5cdd,0.21
tree_e9e1,E9E1,doublon de position,tree_5cda,0.25
tree_e9e3,E9E3,doublon de position,tree_5cda,0.25
tree_e9e5,E9E5,doublon de position,tree_5cd7,0.29
tree_e9e7,E9E7,doublon de position,tree_5cd7,0.29
tree_e9e9,E9E9,doublon de position,tree_5cd4,0.32
tree_e9eb,E9EB,doublon de position,tree_5cd4,0.32
tree_e9ed,E9ED,doublon de position,tree_5cd1,0.31
tree_e9ef,E9EF,doublon de position,tree_5cd1,0.31
tree_e9f1,E9F1,doublon de position,tree_5cce,0.3
tree_e9f3,E9F3,doublon de position,tree_5cce,0.3
tree_e9f5,E9F5,doublon de position,tree_5ccb,0.3
tree_e9f7,E9F7,doublon de position,tree_5ccb,0.3
tree_e9f9,E9F9,doublon de position,tree_5cc8,0.29
tree_e9fb,E9FB,doublon de position,tree_5cc8,0.29
tree_e9fd,E9FD,doublon de position,tree_5cc5,0.28
tree_e9ff,E9FF,doublon de position,tree_5cc5,0.28
tree_ea01,EA01,doublon de position,tree_5cc2,0.27
tree_ea03,EA03,doublon de position,tree_5cc2,0.27
tree_ea05,EA05,doublon de position,tree_5cbf,0.26
tree_ea07,EA07,doublon de position,tree_5cbf,0.26
tree_ea0b,EA0B,doublon de position,tree_ea09,3.01
tree_ea0d,EA0D,doublon de position,tree_5acc,0.38
tree_ea0f,EA0F,doublon de position,tree_5acc,0.38
tree_ea11,EA11,doublon de position,tree_5ac9,0.38
tree_ea13,EA13,doublon de position,tree_5ac9,0.38
tree_ea15,EA15,doublon de position,tree_5ac6,0.38
tree_ea17,EA17,doublon de position,tree_5ac6,0.38
tree_ea19,EA19,doublon de position,tree_5ac3,0.38
tree_ea1b,EA1B,doublon de position,tree_5ac3,0.38
tree_ea1d,EA1D,doublon de position,tree_5ac0,0.38
tree_ea1f,EA1F,doublon de position,tree_5ac0,0.38
tree_ea21,EA21,doublon de position,tree_5abd,0.37
tree_ea23,EA23,doublon de position,tree_5abd,0.37
tree_ea25,EA25,doublon de position,tree_58d5,0.49
tree_ea27,EA27,doublon de position,tree_58d5,0.49
tree_ea29,EA29,doublon de position,tree_58d8,0.49
tree_ea2b,EA2B,doublon de position,tree_58d8,0.49
tree_ea2d,EA2D,doublon de position,tree_58db,0.49
tree_ea2f,EA2F,doublon de position,tree_58db,0.49
tree_ea31,EA31,doublon de position,tree_58de,0.49
tree_ea33,EA33,doublon de position,tree_58de,0.49
tree_ea35,EA35,doublon de position,tree_58e1,0.49
tree_ea37,EA37,doublon de position,tree_58e1,0.49
tree_ea39,EA39,doublon de position,tree_58e4,0.49
tree_ea3b,EA3B,doublon de position,tree_58e4,0.49
tree_ea3d,EA3D,doublon de position,tree_58e7,0.49
tree_ea3f,EA3F,doublon de position,tree_58e7,0.49
tree_ea41,EA41,doublon de position,tree_58ea,0.49
tree_ea43,EA43,doublon de position,tree_58ea,0.49
tree_ea45,EA45,doublon de position,tree_58ed,0.49
tree_ea47,EA47,doublon de position,tree_58ed,0.49
tree_ea49,EA49,doublon de position,tree_58f0,0.49
tree_ea4b,EA4B,doublon de position,tree_58f0,0.49
tree_ea4d,EA4D,doublon de position,tree_58f3,0.49
tree_ea4f,EA4F,doublon de position,tree_58f3,0.49
tree_ea51,EA51,doublon de position,tree_58f6,0.49
tree_ea53,EA53,doublon de position,tree_58f6,0.49
tree_ea55,EA55,doublon de position,tree_58f9,0.8
tree_ea57,EA57,doublon de position,tree_58f9,0.8
tree_ea59,EA59,doublon de position,tree_5911,1.47
tree_ea5b,EA5B,doublon de position,tree_5911,1.47
tree_ea5d,EA5D,doublon de position,tree_590e,0.42
tree_ea5f,EA5F,doublon de position,tree_590e,0.42
tree_ea61,EA61,doublon de position,tree_590b,0.42
tree_ea63,EA63,doublon de position,tree_590b,0.42
tree_ea65,EA65,doublon de position,tree_5908,0.41
tree_ea67,EA67,doublon de position,tree_5908,0.41
tree_ea69,EA69,doublon de position,tree_5905,0.41
tree_ea6b,EA6B,doublon de position,tree_5905,0.41
tree_ea6d,EA6D,doublon de position,tree_5902,0.41
tree_ea6f,EA6F,doublon de position,tree_5902,0.41
tree_ea71,EA71,doublon de position,tree_58ff,0.41
tree_ea73,EA73,doublon de position,tree_58ff,0.41
tree_ea75,EA75,doublon de position,tree_58fc,0.41
tree_ea77,EA77,doublon de position,tree_58fc,0.41
tree_ea79,EA79,doublon de position,tree_5932,0.53
tree_ea7b,EA7B,doublon de position,tree_5932,0.53
tree_ea7d,EA7D,doublon de position,tree_592f,0.53
tree_ea7f,EA7F,doublon de position,tree_592f,0.53
tree_ea81,EA81,doublon de position,tree_592c,0.53
tree_ea83,EA83,doublon de position,tree_592c,0.53
tree_ea85,EA85,doublon de position,tree_5929,0.53
tree_ea87,EA87,doublon de position,tree_5929,0.53
tree_ea89,EA89,doublon de position,tree_5926,0.53
tree_ea8b,EA8B,doublon de position,tree_5926,0.53
tree_ea8d,EA8D,doublon de position,tree_5923,0.53
tree_ea8f,EA8F,doublon de position,tree_5923,0.53
tree_ea91,EA91,doublon de position,tree_5920,0.53
tree_ea93,EA93,doublon de position,tree_5920,0.53
tree_ea95,EA95,doublon de position,tree_591d,0.53
tree_ea97,EA97,doublon de position,tree_591d,0.53
tree_ea99,EA99,doublon de position,tree_591a,0.53
tree_ea9b,EA9B,doublon de position,tree_591a,0.53
tree_ea9d,EA9D,doublon de position,tree_5917,0.53
tree_ea9f,EA9F,doublon de position,tree_5917,0.53
tree_eaa1,EAA1,doublon de position,tree_5914,0.53
tree_eaa3,EAA3,doublon de position,tree_5914,0.53
tree_ead1,EAD1,doublon de position,tree_eacf,-0.75
tree_ead5,EAD5,doublon de position,tree_ead3,-0.77
tree_ead9,EAD9,doublon de position,tree_ead7,-0.82
tree_eb0d,EB0D,doublon de position,tree_eb0b,-0.87
tree_eb11,EB11,doublon de position,tree_eb0f,-0.87
tree_eb15,EB15,doublon de position,tree_eb13,-0.89
tree_eb19,EB19,doublon de position,tree_eb17,-0.61
tree_eb1d,EB1D,doublon de position,tree_eb1b,-0.19
tree_eb21,EB21,doublon de position,tree_eb1f,-0.19
tree_eb25,EB25,doublon de position,tree_eb23,-0.19
tree_eb29,EB29,doublon de position,tree_eb27,-0.19
tree_eb2d,EB2D,doublon de position,tree_eb2b,-0.19
tree_eb31,EB31,doublon de position,tree_eb2f,-0.19
tree_eb35,EB35,doublon de position,tree_eb33,-0.19
tree_eb39,EB39,doublon de position,tree_eb37,-0.19
tree_eb3d,EB3D,doublon de position,tree_eb3b,-0.19
tree_eb41,EB41,doublon de position,tree_eb3f,-0.19
tree_eb45,EB45,doublon de position,tree_eb43,-0.19
tree_eb49,EB49,doublon de position,tree_eb47,-0.19
tree_eb4d,EB4D,doublon de position,tree_eb4b,-0.19
tree_eb51,EB51,doublon de position,tree_eb4f,-0.19
tree_eb55,EB55,doublon de position,tree_eb53,-0.19
tree_eb59,EB59,doublon de position,tree_eb57,-0.19
tree_eb5d,EB5D,doublon de position,tree_eb5b,-0.19
tree_eb61,EB61,doublon de position,tree_eb5f,-0.19
tree_eb65,EB65,doublon de position,tree_eb63,-0.19
tree_eb69,EB69,doublon de position,tree_eb67,-0.19
tree_eb6d,EB6D,doublon de position,tree_eb6b,-0.19
tree_eb71,EB71,doublon de position,tree_eb6f,-0.19
tree_eb75,EB75,doublon de position,tree_eb73,-0.19
tree_eb79,EB79,doublon de position,tree_eb77,-0.19
tree_eb7d,EB7D,doublon de position,tree_eb7b,-0.19
tree_eb81,EB81,doublon de position,tree_eb7f,-0.19
tree_eb85,EB85,doublon de position,tree_eb83,-0.19
tree_eb89,EB89,doublon de position,tree_eb87,-0.19
tree_eb8d,EB8D,doublon de position,tree_eb8b,-0.3
tree_eb91,EB91,doublon de position,tree_eb8f,-0.39
tree_eb95,EB95,doublon de position,tree_eb93,-0.62
tree_eb99,EB99,doublon de position,tree_eb97,-0.78
tree_eb9d,EB9D,doublon de position,tree_eb9b,-0.64
tree_eba1,EBA1,doublon de position,tree_eb9f,-0.52
tree_eba5,EBA5,doublon de position,tree_eba3,-0.46
tree_eba9,EBA9,doublon de position,tree_eba7,-0.41
tree_ebad,EBAD,doublon de position,tree_ebab,-0.35
tree_ebb1,EBB1,doublon de position,tree_ebaf,-0.41
tree_ebb5,EBB5,doublon de position,tree_ebb3,-0.45
tree_ebb9,EBB9,doublon de position,tree_ebb7,-0.48
tree_ebbd,EBBD,doublon de position,tree_ebbb,-0.52
tree_ebc1,EBC1,doublon de position,tree_ebbf,-0.56
tree_ebc5,EBC5,doublon de position,tree_ebc3,-0.6
tree_ebc9,EBC9,doublon de position,tree_ebc7,-0.64
tree_ebcd,EBCD,doublon de position,tree_ebcb,-0.67
tree_ebd1,EBD1,doublon de position,tree_ebcf,-3.14
tree_ebd5,EBD5,doublon de position,tree_ebd3,-3.11
tree_ebd9,EBD9,doublon de position,tree_ebd7,-3.08
tree_ebdd,EBDD,doublon de position,tree_ebdb,-3.04
tree_ebe1,EBE1,doublon de position,tree_ebdf,-3.01
tree_ebe5,EBE5,doublon de position,tree_ebe3,-2.97
tree_ebe9,EBE9,doublon de position,tree_ebe7,-2.94
tree_ebed,EBED,doublon de position,tree_ebeb,-2.91
tree_ebf1,EBF1,doublon de position,tree_ebef,-2.87
tree_ebf5,EBF5,doublon de position,tree_ebf3,-2.84
tree_ebf9,EBF9,doublon de position,tree_ebf7,-2.8
tree_ebfd,EBFD,doublon de position,tree_ebfb,-2.77
tree_ec01,EC01,doublon de position,tree_ebff,-2.74
tree_ec05,EC05,doublon de position,tree_ec03,-0.93
tree_ec09,EC09,doublon de position,tree_ec07,-1.87
tree_ec0d,EC0D,doublon de position,tree_ec0b,-2.07
tree_ec11,EC11,doublon de position,tree_ec0f,-2.2
tree_ec15,EC15,doublon de position,tree_ec13,-2.33
tree_ec19,EC19,doublon de position,tree_ec17,-2.46
tree_ec1d,EC1D,doublon de position,tree_ec1b,-2.41
tree_ec21,EC21,doublon de position,tree_ec1f,-2.28
tree_ec25,EC25,doublon de position,tree_ec23,-2.15
tree_ec29,EC29,doublon de position,tree_ec27,-2.02
tree_ec2d,EC2D,doublon de position,tree_ec2b,-1.89
tree_ec31,EC31,doublon de position,tree_ec2f,-1.76
tree_ec35,EC35,doublon de position,tree_ec33,-1.63
tree_ec39,EC39,doublon de position,tree_ec37,-1.5
tree_ec3d,EC3D,doublon de position,tree_ec3b,-1.4
tree_ec41,EC41,doublon de position,tree_ec3f,-1.36
tree_ec45,EC45,doublon de position,tree_ec43,-1.31
tree_ec49,EC49,doublon de position,tree_ec47,-1.26
tree_ec4d,EC4D,doublon de position,tree_ec4b,-1.21
tree_ec51,EC51,doublon de position,tree_ec4f,-1.16
tree_ec55,EC55,doublon de position,tree_ec53,2.48
tree_ec59,EC59,doublon de position,tree_ec57,2.35
tree_ec5d,EC5D,doublon de position,tree_ec5b,2.22
tree_ec61,EC61,doublon de position,tree_ec5f,2.09
tree_ec65,EC65,doublon de position,tree_ec63,1.96
tree_ec69,EC69,doublon de position,tree_ec67,1.83
tree_ec6d,EC6D,doublon de position,tree_ec6b,1.7
tree_ec71,EC71,doublon de position,tree_ec6f,1.57
tree_ec75,EC75,doublon de position,tree_ec73,1.44
tree_ec79,EC79,doublon de position,tree_ec77,1.31
tree_ec7d,EC7D,doublon de position,tree_ec7b,1.18
tree_ec81,EC81,doublon de position,tree_ec7f,1.05
tree_ec85,EC85,doublon de position,tree_ec83,0.96
tree_ec89,EC89,doublon de position,tree_ec87,0.91
tree_ec8d,EC8D,doublon de position,tree_ec8b,0.86
tree_ec91,EC91,doublon de position,tree_ec8f,0.81
tree_ec95,EC95,doublon de position,tree_ec93,0.77
tree_ec99,EC99,doublon de position,tree_ec97,0.72
tree_ec9d,EC9D,doublon de position,tree_ec9b,-1.6
tree_eca1,ECA1,doublon de position,tree_ec9f,-2.9
tree_eca5,ECA5,doublon de position,tree_eca3,-2.97
tree_eca9,ECA9,doublon de position,tree_eca7,-3.03
tree_ecad,ECAD,doublon de position,tree_ecab,-3.1
tree_ecb1,ECB1,doublon de position,tree_ecaf,-3.17
tree_ecb5,ECB5,doublon de position,tree_ecb3,-3.23
tree_ecb9,ECB9,doublon de position,tree_ecb7,-3.3
tree_ecbd,ECBD,doublon de position,tree_ecbb,-3.36
tree_ecc1,ECC1,doublon de position,tree_ecbf,-3.43
tree_ecc5,ECC5,doublon de position,tree_ecc3,-3.5
tree_ecc9,ECC9,doublon de position,tree_ecc7,-3.56
tree_eccd,ECCD,doublon de position,tree_eccb,-3.63
tree_ecd1,ECD1,doublon de position,tree_eccf,-3.69
tree_ecd5,ECD5,doublon de position,tree_ecd3,-3.76
tree_ecd9,ECD9,doublon de position,tree_ecd7,-3.83
tree_ecdd,ECDD,doublon de position,tree_ecdb,-3.89
tree_ece1,ECE1,doublon de position,tree_ecdf,-3.9
tree_ece5,ECE5,doublon de position,tree_ece3,-3.64
tree_ece9,ECE9,doublon de position,tree_ece7,-3.34
tree_eced,ECED,doublon de position,tree_eceb,-2.83
tree_ecf1,ECF1,doublon de position,tree_ecef,-3.39
tree_ecf5,ECF5,doublon de position,tree_ecf3,-4.66
tree_ecf9,ECF9,doublon de position,tree_ecf7,-4.07
tree_ecfd,ECFD,doublon de position,tree_ecfb,-2.8
tree_ed01,ED01,doublon de position,tree_ecff,-1.53
tree_ed05,ED05,doublon de position,tree_ed03,-0.26
tree_ed09,ED09,doublon de position,tree_ed07,1.01
tree_ed0d,ED0D,doublon de position,tree_ed0b,2.28
tree_ed11,ED11,doublon de position,tree_ed0f,3.55
tree_ed15,ED15,doublon de position,tree_ed13,4.81
tree_ed19,ED19,doublon de position,tree_ed17,6.08
tree_ed1d,ED1D,doublon de position,tree_ed1b,6.92
tree_ed21,ED21,doublon de position,tree_ed1f,5.69
tree_ed25,ED25,doublon de position,tree_ed23,4.45
tree_ed29,ED29,doublon de position,tree_ed27,3.22
tree_ed2d,ED2D,doublon de position,tree_ed2b,1.98
tree_ed31,ED31,doublon de position,tree_ed2f,0.75
tree_ed35,ED35,doublon de position,tree_ed33,-0.48
tree_ed39,ED39,doublon de position,tree_ed37,-1.72
tree_ed3d,ED3D,doublon de position,tree_ed3b,-2.95
tree_ed41,ED41,doublon de position,tree_ed3f,-4.19
tree_ed45,ED45,doublon de position,tree_ed43,-4.58
tree_ed49,ED49,doublon de position,tree_ed47,-3.35
tree_ed4d,ED4D,doublon de position,tree_ed4b,-2.11
tree_ed51,ED51,doublon de position,tree_ed4f,-0.88
tree_ed55,ED55,doublon de position,tree_ed53,0.36
tree_ed59,ED59,doublon de position,tree_ed57,1.59
tree_ed5d,ED5D,doublon de position,tree_ed5b,2.82
tree_ed61,ED61,doublon de position,tree_ed5f,4.06
tree_ed65,ED65,doublon de position,tree_ed63,5.29
tree_ed69,ED69,doublon de position,tree_ed67,6.53
tree_ed6d,ED6D,doublon de position,tree_ed6b,7.76
tree_ed71,ED71,doublon de position,tree_ed6f,8.99
tree_ed75,ED75,doublon de position,tree_ed73,10.23
tree_ed79,ED79,doublon de position,tree_ed77,11.46
tree_ed7d,ED7D,doublon de position,tree_ed7b,12.7
tree_ed81,ED81,doublon de position,tree_ed7f,13.93
tree_ed85,ED85,doublon de position,tree_ed83,15.16
tree_ed89,ED89,doublon de position,tree_ed87,16.15
tree_ed8d,ED8D,doublon de position,tree_ed8b,15.3
tree_ed91,ED91,doublon de position,tree_ed8f,14.25
tree_ed95,ED95,doublon de position,tree_ed93,13.2
tree_ed99,ED99,doublon de position,tree_ed97,12.14
tree_ed9d,ED9D,doublon de position,tree_ed9b,11.03
tree_eda1,EDA1,doublon de position,tree_ed9f,9.5
tree_eda5,EDA5,doublon de position,tree_eda3,7.72
tree_eda9,EDA9,doublon de position,tree_eda7,5.46
tree_edad,EDAD,doublon de position,tree_edab,2.97
tree_edb1,EDB1,doublon de position,tree_edaf,0.41
tree_edb5,EDB5,doublon de position,tree_edb3,-2.12
tree_edb9,EDB9,doublon de position,tree_edb7,-4.54
tree_edbd,EDBD,doublon de position,tree_edbb,-3.42
tree_edc1,EDC1,doublon de position,tree_edbf,-1.63
tree_edc5,EDC5,doublon de position,tree_edc3,-0.14
tree_edc9,EDC9,doublon de position,tree_edc7,0.59
tree_edcd,EDCD,doublon de position,tree_edcb,0.96
tree_edd1,EDD1,doublon de position,tree_edcf,0.69
tree_edd5,EDD5,doublon de position,tree_edd3,-0.04
tree_edd9,EDD9,doublon de position,tree_edd7,-1.15
tree_eddd,EDDD,doublon de position,tree_eddb,-2.21
tree_ede1,EDE1,doublon de position,tree_eddf,-3.31
tree_ede5,EDE5,doublon de position,tree_ede3,-4.65
tree_ede9,EDE9,doublon de position,tree_ede7,-3.53
tree_eded,EDED,doublon de position,tree_edeb,-3.37
tree_edf1,EDF1,doublon de position,tree_edef,-3.55
tree_edf5,EDF5,doublon de position,tree_edf3,-3.77
tree_edf9,EDF9,doublon de position,tree_edf7,-4.0
tree_edfd,EDFD,doublon de position,tree_edfb,-4.22
tree_ee01,EE01,doublon de position,tree_edff,-4.44
tree_ee05,EE05,doublon de position,tree_ee03,-4.67
tree_ee09,EE09,doublon de position,tree_ee07,-4.89
tree_ee0d,EE0D,doublon de position,tree_ee0b,-4.89
tree_ee11,EE11,doublon de position,tree_ee0f,-4.66
tree_ee15,EE15,doublon de position,tree_ee13,-4.44
tree_ee19,EE19,doublon de position,tree_ee17,-4.22
tree_ee1d,EE1D,doublon de position,tree_ee1b,-3.99
tree_ee21,EE21,doublon de position,tree_ee1f,-3.77
tree_ee25,EE25,doublon de position,tree_ee23,-3.54
tree_ee29,EE29,doublon de position,tree_ee27,-3.32
tree_ee2d,EE2D,doublon de position,tree_ee2b,-3.1
tree_ee31,EE31,doublon de position,tree_ee2f,-2.0
tree_ee35,EE35,doublon de position,tree_ee33,-0.76
tree_ee39,EE39,doublon de position,tree_ee37,0.48
tree_ee3d,EE3D,doublon de position,tree_ee3b,1.71
tree_ee41,EE41,doublon de position,tree_ee3f,2.95
tree_ee45,EE45,doublon de position,tree_ee43,4.19
tree_ee49,EE49,doublon de position,tree_ee47,5.43
tree_ee4d,EE4D,doublon de position,tree_ee4b,6.66
tree_ee51,EE51,doublon de position,tree_ee4f,7.9
tree_ee55,EE55,doublon de position,tree_ee53,9.14
tree_ee59,EE59,doublon de position,tree_ee57,10.37
tree_ee5d,EE5D,doublon de position,tree_ee5b,10.19
tree_ee61,EE61,doublon de position,tree_ee5f,8.93
tree_ee65,EE65,doublon de position,tree_ee63,7.66
tree_ee69,EE69,doublon de position,tree_ee67,6.39
tree_ee6d,EE6D,doublon de position,tree_ee6b,5.13
tree_ee71,EE71,doublon de position,tree_ee6f,3.86
tree_ee75,EE75,doublon de position,tree_ee73,2.6
tree_ee79,EE79,doublon de position,tree_ee77,1.33
tree_ee7d,EE7D,doublon de position,tree_ee7b,0.06
tree_ee81,EE81,doublon de position,tree_ee7f,-1.2
tree_ee85,EE85,doublon de position,tree_ee83,-2.47
tree_ee89,EE89,doublon de position,tree_ee87,-3.05
tree_ee8d,EE8D,doublon de position,tree_ee8b,-2.45
tree_ee91,EE91,doublon de position,tree_ee8f,-2.07
tree_ee95,EE95,doublon de position,tree_ee93,-1.77
tree_ee99,EE99,doublon de position,tree_ee97,-1.65
tree_ee9d,EE9D,doublon de position,tree_ee9b,-1.63
tree_eea1,EEA1,doublon de position,tree_ee9f,-1.7
tree_eea5,EEA5,doublon de position,tree_eea3,-1.77
tree_eea9,EEA9,doublon de position,tree_eea7,-1.83
tree_eead,EEAD,doublon de position,tree_eeab,-1.9
tree_eeb1,EEB1,doublon de position,tree_eeaf,-1.96
tree_eeb5,EEB5,doublon de position,tree_eeb3,-2.03
tree_eeb9,EEB9,doublon de position,tree_eeb7,-2.09
tree_eebd,EEBD,doublon de position,tree_eebb,-2.16
tree_eec1,EEC1,doublon de position,tree_eebf,-2.23
tree_eec5,EEC5,doublon de position,tree_eec3,-2.29
tree_eec9,EEC9,doublon de position,tree_eec7,-2.36
tree_eecd,EECD,doublon de position,tree_eecb,-2.42
tree_eed1,EED1,doublon de position,tree_eecf,-2.49
tree_eed5,EED5,doublon de position,tree_eed3,-2.56
tree_eed9,EED9,doublon de position,tree_eed7,-2.62
tree_eedd,EEDD,doublon de position,tree_eedb,-0.9
tree_eee1,EEE1,doublon de position,tree_eedf,1.6
tree_eee5,EEE5,doublon de position,tree_eee3,5.02
tree_eee9,EEE9,doublon de position,tree_eee7,5.7
tree_eeed,EEED,doublon de position,tree_eeeb,6.38
tree_eef1,EEF1,doublon de position,tree_eeef,7.06
tree_eef5,EEF5,doublon de position,tree_eef3,7.74
tree_eef9,EEF9,doublon de position,tree_eef7,8.42
tree_eefd,EEFD,doublon de position,tree_eefb,9.1
tree_ef01,EF01,doublon de position,tree_eeff,9.78
tree_ef05,EF05,doublon de position,tree_ef03,10.46
tree_ef09,EF09,doublon de position,tree_ef07,11.14
tree_ef0d,EF0D,doublon de position,tree_ef0b,11.82
tree_ef11,EF11,doublon de position,tree_ef0f,12.5
tree_ef15,EF15,doublon de position,tree_ef13,13.18
tree_ef19,EF19,doublon de position,tree_ef17,13.86
tree_ef1d,EF1D,doublon de position,tree_ef1b,14.54
tree_ef21,EF21,doublon de position,tree_ef1f,15.2
tree_ef25,EF25,doublon de position,tree_ef23,15.83
tree_ef29,EF29,doublon de position,tree_ef27,-0.67
tree_ef2d,EF2D,doublon de position,tree_ef2b,0.01
tree_ef31,EF31,doublon de position,tree_ef2f,0.69
tree_ef35,EF35,doublon de position,tree_ef33,1.37
tree_ef39,EF39,doublon de position,tree_ef37,2.05
tree_ef3d,EF3D,doublon de position,tree_ef3b,2.73
tree_ef41,EF41,doublon de position,tree_ef3f,3.41
tree_ef45,EF45,doublon de position,tree_ef43,4.09
tree_ef49,EF49,doublon de position,tree_ef47,4.77
tree_ef4d,EF4D,doublon de position,tree_ef4b,5.45
tree_ef51,EF51,doublon de position,tree_ef4f,6.13
tree_ef55,EF55,doublon de position,tree_ef53,6.81
tree_ef59,EF59,doublon de position,tree_ef57,7.49
tree_ef5d,EF5D,doublon de position,tree_ef5b,8.17
tree_ef61,EF61,doublon de position,tree_ef5f,8.85
tree_ef65,EF65,doublon de position,tree_ef63,9.53
tree_ef69,EF69,doublon de position,tree_ef67,10.21
tree_ef6d,EF6D,doublon de position,tree_ef6b,10.85
tree_ef71,EF71,doublon de position,tree_ef6f,11.46
tree_ef75,EF75,doublon de position,tree_ef73,16.67
tree_ef79,EF79,doublon de position,tree_ef77,17.83
tree_ef7d,EF7D,doublon de position,tree_ef7b,18.99
tree_ef81,EF81,doublon de position,tree_ef7f,20.15
tree_ef85,EF85,doublon de position,tree_ef83,21.3
tree_ef89,EF89,doublon de position,tree_ef87,22.46
tree_ef8d,EF8D,doublon de position,tree_ef8b,23.62
tree_ef91,EF91,doublon de position,tree_ef8f,24.78
tree_ef95,EF95,doublon de position,tree_ef93,25.93
tree_ef99,EF99,doublon de position,tree_ef97,27.09
tree_ef9d,EF9D,doublon de position,tree_ef9b,26.09
tree_efa1,EFA1,doublon de position,tree_ef9f,23.59
tree_efa5,EFA5,doublon de position,tree_efa3,21.09
tree_efa9,EFA9,doublon de position,tree_efa7,18.59
tree_efad,EFAD,doublon de position,tree_efab,16.09
tree_efb1,EFB1,doublon de position,tree_efaf,13.59
tree_efb5,EFB5,doublon de position,tree_efb3,11.09
tree_efb9,EFB9,doublon de position,tree_efb7,8.59
tree_efbd,EFBD,doublon de position,tree_efbb,6.09
tree_efc1,EFC1,doublon de position,tree_efbf,3.59
tree_efc5,EFC5,doublon de position,tree_efc3,1.09
tree_efc9,EFC9,doublon de position,tree_efc7,12.62
tree_efcd,EFCD,doublon de position,tree_efcb,13.82
tree_efd1,EFD1,doublon de position,tree_efcf,14.98
tree_efd5,EFD5,doublon de position,tree_efd3,16.13
tree_efd9,EFD9,doublon de position,tree_efd7,17.29
tree_efdd,EFDD,doublon de position,tree_efdb,18.45
tree_efe1,EFE1,doublon de position,tree_efdf,19.61
tree_efe5,EFE5,doublon de position,tree_efe3,20.76
tree_efe9,EFE9,doublon de position,tree_efe7,21.92
tree_efed,EFED,doublon de position,tree_efeb,23.08
tree_eff1,EFF1,doublon de position,tree_efef,23.55
tree_eff5,EFF5,doublon de position,tree_eff3,23.64
tree_eff9,EFF9,doublon de position,tree_eff7,21.14
tree_effd,EFFD,doublon de position,tree_effb,18.64
tree_f001,F001,doublon de position,tree_efff,16.14
tree_f005,F005,doublon de position,tree_f003,13.64
tree_f009,F009,doublon de position,tree_f007,11.14
tree_f00d,F00D,doublon de position,tree_f00b,8.64
tree_f011,F011,doublon de position,tree_f00f,6.14
tree_f015,F015,doublon de position,tree_f013,3.64
tree_f019,F019,doublon de position,tree_f017,1.14
tree_f01d,F01D,doublon de position,tree_f01b,-0.15
tree_f021,F021,doublon de position,tree_f01f,-0.09
tree_f025,F025,doublon de position,tree_f023,-0.05
tree_f029,F029,doublon de position,tree_f027,-0.02
tree_f02d,F02D,doublon de position,tree_f02b,0.02
tree_f031,F031,doublon de position,tree_f02f,0.06
tree_f035,F035,doublon de position,tree_f033,0.1
tree_f039,F039,doublon de position,tree_f037,0.13
tree_f03d,F03D,doublon de position,tree_f03b,0.17
tree_f041,F041,doublon de position,tree_f03f,-2.36
tree_f045,F045,doublon de position,tree_f043,-2.39
tree_f049,F049,doublon de position,tree_f047,-2.43
tree_f04d,F04D,doublon de position,tree_f04b,-2.46
tree_f051,F051,doublon de position,tree_f04f,-2.49
tree_f055,F055,doublon de position,tree_f053,-2.53
tree_f059,F059,doublon de position,tree_f057,-2.56
tree_f05d,F05D,doublon de position,tree_f05b,-2.59
tree_f061,F061,doublon de position,tree_f05f,-2.63
tree_f065,F065,doublon de position,tree_f063,-2.66
tree_f069,F069,doublon de position,tree_f067,-2.7
tree_f06d,F06D,doublon de position,tree_f06b,-2.73
tree_f071,F071,doublon de position,tree_f06f,-2.76
tree_f075,F075,doublon de position,tree_f073,-1.7
tree_f079,F079,doublon de position,tree_f077,-0.09
tree_f07d,F07D,doublon de position,tree_f07b,-0.21
tree_f081,F081,doublon de position,tree_f07f,-0.47
tree_f085,F085,doublon de position,tree_f083,-0.47
tree_f089,F089,doublon de position,tree_f087,-0.47
tree_f08d,F08D,doublon de position,tree_f08b,-0.47
tree_f091,F091,doublon de position,tree_f08f,-0.47
tree_f095,F095,doublon de position,tree_f093,-0.47
tree_f099,F099,doublon de position,tree_f097,-0.47
tree_f09d,F09D,doublon de position,tree_f09b,-0.47
tree_f0a1,F0A1,doublon de position,tree_f09f,-0.36
tree_f0a5,F0A5,doublon de position,tree_f0a3,-0.27
tree_f0a9,F0A9,doublon de position,tree_f0a7,-0.03
tree_f0ad,F0AD,doublon de position,tree_f0ab,0.12
tree_f0b1,F0B1,doublon de position,tree_f0af,0.15
tree_f0b5,F0B5,doublon de position,tree_f0b3,0.02
tree_f0b9,F0B9,doublon de position,tree_f0b7,-0.03
tree_f0bd,F0BD,doublon de position,tree_f0bb,-0.37
tree_f0c1,F0C1,doublon de position,tree_f0bf,-0.67
tree_f0c5,F0C5,doublon de position,tree_f0c3,-0.77
tree_f0c9,F0C9,doublon de position,tree_f0c7,-0.77
tree_f0cd,F0CD,doublon de position,tree_f0cb,-0.77
tree_f0d1,F0D1,doublon de position,tree_f0cf,-0.77
tree_f0d5,F0D5,doublon de position,tree_f0d3,-0.77
tree_f0d9,F0D9,doublon de position,tree_f0d7,-0.77
tree_f0dd,F0DD,doublon de position,tree_f0db,-0.77
tree_f0e1,F0E1,doublon de position,tree_f0df,-0.77
tree_f0e5,F0E5,doublon de position,tree_f0e3,-0.77
tree_f0e9,F0E9,doublon de position,tree_f0e7,-0.77
tree_f0ed,F0ED,doublon de position,tree_f0eb,-0.77
tree_f0f1,F0F1,doublon de position,tree_f0ef,-0.77
tree_f0f5,F0F5,doublon de position,tree_f0f3,-0.77
tree_f0f9,F0F9,doublon de position,tree_f0f7,-0.77
tree_f0fd,F0FD,doublon de position,tree_f0fb,-0.77
tree_f101,F101,doublon de position,tree_f0ff,-0.77
tree_f105,F105,doublon de position,tree_f103,-0.77
tree_f109,F109,doublon de position,tree_f107,-0.77
tree_f10d,F10D,doublon de position,tree_f10b,-0.75
tree_f111,F111,doublon de position,tree_f10f,-0.69
tree_f115,F115,doublon de position,tree_f113,-0.73
tree_f119,F119,doublon de position,tree_f117,-0.73
tree_f11d,F11D,doublon de position,tree_f11b,-0.69
tree_f121,F121,doublon de position,tree_f11f,-0.72
tree_f125,F125,doublon de position,tree_f123,-0.92
tree_f129,F129,doublon de position,tree_f127,-0.77
tree_f12d,F12D,doublon de position,tree_f12b,-0.77
tree_f131,F131,doublon de position,tree_f12f,-0.74
tree_f135,F135,doublon de position,tree_f133,-0.75
tree_f139,F139,doublon de position,tree_f137,-0.75
tree_f13d,F13D,doublon de position,tree_f13b,-0.98
tree_f141,F141,doublon de position,tree_f13f,0.7
tree_f145,F145,doublon de position,tree_f143,2.03
tree_f149,F149,doublon de position,tree_f147,2.98
tree_f14d,F14D,doublon de position,tree_f14b,3.23
tree_f151,F151,doublon de position,tree_f14f,3.01
tree_f155,F155,doublon de position,tree_f153,2.78
tree_f159,F159,doublon de position,tree_f157,2.18
tree_f15d,F15D,doublon de position,tree_f15b,1.61
tree_f161,F161,doublon de position,tree_f15f,1.32
tree_f165,F165,doublon de position,tree_f163,1.03
tree_f169,F169,doublon de position,tree_f167,0.74
tree_f16d,F16D,doublon de position,tree_f16b,0.46
tree_f171,F171,doublon de position,tree_f16f,0.17
tree_f175,F175,doublon de position,tree_f173,-0.12
tree_f179,F179,doublon de position,tree_f177,-0.41
tree_f17d,F17D,doublon de position,tree_f17b,-0.69
tree_f181,F181,doublon de position,tree_f17f,-0.98
tree_f185,F185,doublon de position,tree_f183,-1.27
tree_f189,F189,doublon de position,tree_f187,-1.56
tree_f18d,F18D,doublon de position,tree_f18b,-1.85
tree_f191,F191,doublon de position,tree_f18f,-2.13
tree_f195,F195,doublon de position,tree_f193,-2.42
tree_f199,F199,doublon de position,tree_f197,-2.29
tree_f19d,F19D,doublon de position,tree_f19b,-2.0
tree_f1a1,F1A1,doublon de position,tree_f19f,-2.35
tree_f1a5,F1A5,doublon de position,tree_f1a3,-2.34
tree_f1a9,F1A9,doublon de position,tree_f1a7,-0.76
tree_f1ad,F1AD,doublon de position,tree_f1ab,0.8
tree_f1b1,F1B1,doublon de position,tree_f1af,2.13
tree_f1b5,F1B5,doublon de position,tree_f1b3,3.38
tree_f1b9,F1B9,doublon de position,tree_f1b7,4.44
tree_f1bd,F1BD,doublon de position,tree_f1bb,5.38
tree_f1c1,F1C1,doublon de position,tree_f1bf,5.97
tree_f1c5,F1C5,doublon de position,tree_f1c3,6.53
tree_f1c9,F1C9,doublon de position,tree_f1c7,6.82
tree_f1cd,F1CD,doublon de position,tree_f1cb,6.88
tree_f1d1,F1D1,doublon de position,tree_f1cf,6.66
tree_f1d5,F1D5,doublon de position,tree_f1d3,6.44
tree_f1d9,F1D9,doublon de position,tree_f1d7,6.22
tree_f1dd,F1DD,doublon de position,tree_f1db,6.0
tree_f1e1,F1E1,doublon de position,tree_f1df,5.78
tree_f1e5,F1E5,doublon de position,tree_f1e3,5.55
tree_f1e9,F1E9,doublon de position,tree_f1e7,5.33
tree_f1ed,F1ED,doublon de position,tree_f1eb,5.11
tree_f1f1,F1F1,doublon de position,tree_f1ef,4.89
tree_f1f5,F1F5,doublon de position,tree_f1f3,4.67
tree_f1f9,F1F9,doublon de position,tree_f1f7,4.45
tree_f1fd,F1FD,doublon de position,tree_f1fb,4.23
tree_f201,F201,doublon de position,tree_f1ff,4.01
tree_f205,F205,doublon de position,tree_f203,3.79
tree_f209,F209,doublon de position,tree_f207,3.57
tree_f20d,F20D,doublon de position,tree_f20b,3.35
tree_f211,F211,doublon de position,tree_f20f,3.13
tree_f215,F215,doublon de position,tree_f213,2.91
tree_f219,F219,doublon de position,tree_f217,2.69
tree_f21d,F21D,doublon de position,tree_f21b,2.46
tree_f221,F221,doublon de position,tree_f21f,2.22
tree_f225,F225,doublon de position,tree_f223,1.99
tree_f229,F229,doublon de position,tree_f227,1.75
tree_f22d,F22D,doublon de position,tree_f22b,1.51
tree_f231,F231,doublon de position,tree_f22f,1.28
tree_f235,F235,doublon de position,tree_f233,1.04
tree_f239,F239,doublon de position,tree_f237,0.81
tree_f23d,F23D,doublon de position,tree_f23b,0.57
tree_f241,F241,doublon de position,tree_f23f,0.33
tree_f245,F245,doublon de position,tree_f243,0.1
tree_f249,F249,doublon de position,tree_f247,-0.14
tree_f24d,F24D,doublon de position,tree_f24b,-0.38
tree_f251,F251,doublon de position,tree_f24f,-0.47
tree_f255,F255,doublon de position,tree_f253,-0.47
tree_f259,F259,doublon de position,tree_f257,-0.47
tree_f25d,F25D,doublon de position,tree_f25b,-0.47
tree_f261,F261,doublon de position,tree_f25f,-0.47
tree_f265,F265,doublon de position,tree_f263,-0.47
tree_f269,F269,doublon de position,tree_f267,-0.47
tree_f26d,F26D,doublon de position,tree_f26b,-0.47
tree_f271,F271,doublon de position,tree_f26f,-0.47
tree_f275,F275,doublon de position,tree_f273,-0.47
tree_f279,F279,doublon de position,tree_f277,-0.47
tree_f27d,F27D,doublon de position,tree_f27b,-0.47
tree_f281,F281,doublon de position,tree_f27f,-0.47
tree_f285,F285,doublon de position,tree_f283,-0.47
tree_f289,F289,doublon de position,tree_f287,-0.47
tree_f28d,F28D,doublon de position,tree_f28b,-0.47
tree_f291,F291,doublon de position,tree_f28f,-0.47
tree_f295,F295,doublon de position,tree_f293,-0.47
tree_f299,F299,doublon de position,tree_f297,-0.47
tree_f29d,F29D,doublon de position,tree_f29b,-0.47
tree_f2a1,F2A1,doublon de position,tree_f29f,-0.47
tree_f2a5,F2A5,doublon de position,tree_f2a3,-0.47
tree_f2a9,F2A9,doublon de position,tree_f2a7,-0.47
tree_f2ad,F2AD,doublon de position,tree_f2ab,-0.47
tree_f2b1,F2B1,doublon de position,tree_f2af,-0.47
tree_f2b5,F2B5,doublon de position,tree_f2b3,-0.47
tree_f2b9,F2B9,doublon de position,tree_f2b7,-0.47
tree_f2bd,F2BD,doublon de position,tree_f2bb,-0.47
tree_f2c1,F2C1,doublon de position,tree_f2bf,-0.47
tree_f2c5,F2C5,doublon de position,tree_f2c3,-0.47
tree_f2c9,F2C9,doublon de position,tree_f2c7,-0.15
tree_f2cd,F2CD,doublon de position,tree_f2cb,0.75
tree_f2d1,F2D1,doublon de position,tree_f2cf,1.64
tree_f2d5,F2D5,doublon de position,tree_f2d3,2.54
tree_f2d9,F2D9,doublon de position,tree_f2d7,3.44
tree_f2dd,F2DD,doublon de position,tree_f2db,4.34
tree_f2e1,F2E1,doublon de position,tree_f2df,5.23
tree_f2e5,F2E5,doublon de position,tree_f2e3,6.13
tree_f2e9,F2E9,doublon de position,tree_f2e7,7.03
tree_f2ed,F2ED,doublon de position,tree_f2eb,7.92
tree_f2f1,F2F1,doublon de position,tree_f2ef,8.82
tree_f2f5,F2F5,doublon de position,tree_f2f3,9.72
tree_f2f9,F2F9,doublon de position,tree_f2f7,10.62
tree_f2fd,F2FD,doublon de position,tree_f2fb,11.51
tree_f301,F301,doublon de position,tree_f2ff,12.42
tree_f305,F305,doublon de position,tree_f303,13.32
tree_f309,F309,doublon de position,tree_f307,14.23
tree_f30d,F30D,doublon de position,tree_f30b,15.14
tree_f311,F311,doublon de position,tree_f30f,16.04
tree_f315,F315,doublon de position,tree_f313,16.9
tree_f319,F319,doublon de position,tree_f317,17.51
tree_f31d,F31D,doublon de position,tree_f31b,17.66
tree_f321,F321,doublon de position,tree_f31f,16.93
tree_f325,F325,doublon de position,tree_f323,15.84
tree_f329,F329,doublon de position,tree_f327,14.31
tree_f32d,F32D,doublon de position,tree_f32b,12.35
tree_f331,F331,doublon de position,tree_f32f,10.12
tree_f35b,F35B,doublon de position,tree_f359,0.49
tree_f35f,F35F,doublon de position,tree_f35d,0.49
tree_f363,F363,doublon de position,tree_f361,3.85
tree_f367,F367,doublon de position,tree_f365,0.49
tree_f36b,F36B,doublon de position,tree_f369,0.49
tree_f36f,F36F,doublon de position,tree_f36d,0.49
tree_f373,F373,doublon de position,tree_f371,0.49
tree_f377,F377,doublon de position,tree_f375,0.49
tree_f37b,F37B,doublon de position,tree_f379,0.49
tree_f37f,F37F,doublon de position,tree_f37d,0.49
tree_f383,F383,doublon de position,tree_f381,0.49
tree_f387,F387,doublon de position,tree_f385,0.49
tree_f38b,F38B,doublon de position,tree_f389,0.49
tree_f38f,F38F,doublon de position,tree_f38d,0.49
tree_f393,F393,doublon de position,tree_f391,0.49
tree_f397,F397,doublon de position,tree_f395,0.49
tree_f39b,F39B,doublon de position,tree_f399,-2.89
tree_f39f,F39F,doublon de position,tree_f39d,-1.61
tree_f3a3,F3A3,doublon de position,tree_f3a1,0.89
tree_f3a7,F3A7,doublon de position,tree_f3a5,3.39
tree_f3ab,F3AB,doublon de position,tree_f3a9,5.89
tree_f3af,F3AF,doublon de position,tree_f3ad,8.39
tree_f3b3,F3B3,doublon de position,tree_f3b1,10.89
tree_f3b7,F3B7,doublon de position,tree_f3b5,13.58
tree_f3bb,F3BB,doublon de position,tree_f3b9,16.15
tree_f3bf,F3BF,doublon de position,tree_f3bd,18.28
tree_f3c1,F3C1,doublon de position,tree_5ab4,19.88
tree_f3c3,F3C3,doublon de position,tree_5ab4,19.88
tree_f3c5,F3C5,doublon de position,tree_5ab1,18.69
tree_f3c7,F3C7,doublon de position,tree_5ab1,18.69
tree_f3c9,F3C9,doublon de position,tree_5aae,16.97
tree_f3cb,F3CB,doublon de position,tree_5aae,16.97
tree_f3cd,F3CD,doublon de position,tree_5aab,15.3
tree_f3cf,F3CF,doublon de position,tree_5aab,15.3
tree_f3d1,F3D1,doublon de position,tree_5aa8,13.65
tree_f3d3,F3D3,doublon de position,tree_5aa8,13.65
tree_f3d5,F3D5,doublon de position,tree_5aa5,12.09
tree_f3d7,F3D7,doublon de position,tree_5aa5,12.09
tree_f3d9,F3D9,doublon de position,tree_5aa2,10.51
tree_f3db,F3DB,doublon de position,tree_5aa2,10.51
tree_f3dd,F3DD,doublon de position,tree_5a9f,8.99
tree_f3df,F3DF,doublon de position,tree_5a9f,8.99
tree_f3e1,F3E1,doublon de position,tree_5a9c,7.44
tree_f3e3,F3E3,doublon de position,tree_5a9c,7.44
tree_f3e5,F3E5,doublon de position,tree_5a99,5.92
tree_f3e7,F3E7,doublon de position,tree_5a99,5.92
tree_f3e9,F3E9,doublon de position,tree_5a96,4.47
tree_f3eb,F3EB,doublon de position,tree_5a96,4.47
tree_f3ed,F3ED,doublon de position,tree_5a93,3.05
tree_f3ef,F3EF,doublon de position,tree_5a93,3.05
tree_f3f1,F3F1,doublon de position,tree_5a90,1.75
tree_f3f3,F3F3,doublon de position,tree_5a90,1.75
tree_f3f5,F3F5,doublon de position,tree_5a8d,0.36
tree_f3f7,F3F7,doublon de position,tree_5a8d,0.36
tree_f3f9,F3F9,doublon de position,tree_5a8a,-0.75
tree_f3fb,F3FB,doublon de position,tree_5a8a,-0.75
tree_f3fd,F3FD,doublon de position,tree_5a87,-1.87
tree_f3ff,F3FF,doublon de position,tree_5a87,-1.87
tree_f401,F401,doublon de position,tree_5a84,-2.86
tree_f403,F403,doublon de position,tree_5a84,-2.86
tree_f405,F405,doublon de position,tree_5a81,-3.14
tree_f407,F407,doublon de position,tree_5a81,-3.14
tree_f409,F409,doublon de position,tree_5a7e,-2.17
tree_f40b,F40B,doublon de position,tree_5a7e,-2.17
tree_f40d,F40D,doublon de position,tree_5a7b,-1.46
tree_f40f,F40F,doublon de position,tree_5a7b,-1.46
tree_f411,F411,doublon de position,tree_5a78,-0.68
tree_f413,F413,doublon de position,tree_5a78,-0.68
tree_f415,F415,doublon de position,tree_5a75,-0.03
tree_f417,F417,doublon de position,tree_5a75,-0.03
tree_f419,F419,doublon de position,tree_5a72,0.47
tree_f41b,F41B,doublon de position,tree_5a72,0.47
tree_f41d,F41D,doublon de position,tree_5a6f,1.01
tree_f41f,F41F,doublon de position,tree_5a6f,1.01
tree_f421,F421,doublon de position,tree_5a6c,1.42
tree_f423,F423,doublon de position,tree_5a6c,1.42
tree_f425,F425,doublon de position,tree_5a69,1.76
tree_f427,F427,doublon de position,tree_5a69,1.76
tree_f429,F429,doublon de position,tree_5a66,1.99
tree_f42b,F42B,doublon de position,tree_5a66,1.99
tree_f42d,F42D,doublon de position,tree_5a63,2.16
tree_f42f,F42F,doublon de position,tree_5a63,2.16
tree_f431,F431,doublon de position,tree_5a60,2.23
tree_f433,F433,doublon de position,tree_5a60,2.23
tree_f435,F435,doublon de position,tree_5a5d,2.27
tree_f437,F437,doublon de position,tree_5a5d,2.27
tree_f439,F439,doublon de position,tree_5a5a,2.11
tree_f43b,F43B,doublon de position,tree_5a5a,2.11
tree_f43d,F43D,doublon de position,tree_5a57,2.05
tree_f43f,F43F,doublon de position,tree_5a57,2.05
tree_f441,F441,doublon de position,tree_5a54,1.82
tree_f443,F443,doublon de position,tree_5a54,1.82
tree_f445,F445,doublon de position,tree_5a51,1.52
tree_f447,F447,doublon de position,tree_5a51,1.52
tree_f449,F449,doublon de position,tree_5a4e,1.47
tree_f44b,F44B,doublon de position,tree_5a4e,1.47
tree_f44d,F44D,doublon de position,tree_5a4b,1.44
tree_f44f,F44F,doublon de position,tree_5a4b,1.44
tree_f451,F451,doublon de position,tree_5a48,1.4
tree_f453,F453,doublon de position,tree_5a48,1.4
tree_f455,F455,doublon de position,tree_5a45,1.37
tree_f457,F457,doublon de position,tree_5a45,1.37
tree_f459,F459,doublon de position,tree_5a42,1.33
tree_f45b,F45B,doublon de position,tree_5a42,1.33
tree_f45d,F45D,doublon de position,tree_5a3f,1.3
tree_f45f,F45F,doublon de position,tree_5a3f,1.3
tree_f461,F461,doublon de position,tree_5a3c,1.26
tree_f463,F463,doublon de position,tree_5a3c,1.26
tree_f465,F465,doublon de position,tree_5a39,1.23
tree_f467,F467,doublon de position,tree_5a39,1.23
tree_f469,F469,doublon de position,tree_5a36,1.19
tree_f46b,F46B,doublon de position,tree_5a36,1.19
tree_f46d,F46D,doublon de position,tree_5a33,1.16
tree_f46f,F46F,doublon de position,tree_5a33,1.16
tree_f471,F471,doublon de position,tree_5a30,1.12
tree_f473,F473,doublon de position,tree_5a30,1.12
tree_f475,F475,doublon de position,tree_5a2d,1.09
tree_f477,F477,doublon de position,tree_5a2d,1.09
tree_f479,F479,doublon de position,tree_5a2a,1.05
tree_f47b,F47B,doublon de position,tree_5a2a,1.05
tree_f47d,F47D,doublon de position,tree_5a27,1.02
tree_f47f,F47F,doublon de position,tree_5a27,1.02
tree_f481,F481,doublon de position,tree_5a24,0.98
tree_f483,F483,doublon de position,tree_5a24,0.98
tree_f485,F485,doublon de position,tree_5a21,0.95
tree_f487,F487,doublon de position,tree_5a21,0.95
tree_f489,F489,doublon de position,tree_5a1e,0.91
tree_f48b,F48B,doublon de position,tree_5a1e,0.91
tree_f48d,F48D,doublon de position,tree_5a1b,0.88
tree_f48f,F48F,doublon de position,tree_5a1b,0.88
tree_f491,F491,doublon de position,tree_5a15,0.84
tree_f493,F493,doublon de position,tree_5a15,0.84
tree_f495,F495,doublon de position,tree_5a12,0.81
tree_f497,F497,doublon de position,tree_5a12,0.81
tree_f499,F499,doublon de position,tree_5a18,0.77
tree_f49b,F49B,doublon de position,tree_5a18,0.77
tree_f49d,F49D,doublon de position,tree_5a0f,0.74
tree_f49f,F49F,doublon de position,tree_5a0f,0.74
tree_f4a1,F4A1,doublon de position,tree_5a0c,0.7
tree_f4a3,F4A3,doublon de position,tree_5a0c,0.7
tree_f4a5,F4A5,doublon de position,tree_5a09,0.67
tree_f4a7,F4A7,doublon de position,tree_5a09,0.67
tree_f4a9,F4A9,doublon de position,tree_5a06,0.63
tree_f4ab,F4AB,doublon de position,tree_5a06,0.63
tree_f4ad,F4AD,doublon de position,tree_5a03,0.6
tree_f4af,F4AF,doublon de position,tree_5a03,0.6
tree_f4b1,F4B1,doublon de position,tree_5a00,0.56
tree_f4b3,F4B3,doublon de position,tree_5a00,0.56
tree_f4b5,F4B5,doublon de position,tree_59fd,0.53
tree_f4b7,F4B7,doublon de position,tree_59fd,0.53
tree_f4b9,F4B9,doublon de position,tree_59fa,0.59
tree_f4bb,F4BB,doublon de position,tree_59fa,0.59
tree_f4bd,F4BD,doublon de position,tree_59f7,1.08
tree_f4bf,F4BF,doublon de position,tree_59f7,1.08
tree_f4c1,F4C1,doublon de position,tree_59f4,2.04
tree_f4c3,F4C3,doublon de position,tree_59f4,2.04
tree_f4c5,F4C5,doublon de position,tree_59f1,3.45
tree_f4c7,F4C7,doublon de position,tree_59f1,3.45
tree_f4c9,F4C9,doublon de position,tree_59ee,3.97
tree_f4cb,F4CB,doublon de position,tree_59ee,3.97
tree_f4cd,F4CD,doublon de position,tree_59eb,2.42
tree_f4cf,F4CF,doublon de position,tree_59eb,2.42
tree_f4d1,F4D1,doublon de position,tree_59e8,1.24
tree_f4d3,F4D3,doublon de position,tree_59e8,1.24
tree_f4d5,F4D5,doublon de position,tree_59e5,0.77
tree_f4d7,F4D7,doublon de position,tree_59e5,0.77
tree_f4d9,F4D9,doublon de position,tree_5974,2.26
tree_f4db,F4DB,doublon de position,tree_5974,2.26
tree_f4dd,F4DD,doublon de position,tree_5971,0.72
tree_f4df,F4DF,doublon de position,tree_5971,0.72
tree_f4e1,F4E1,doublon de position,tree_596e,0.73
tree_f4e3,F4E3,doublon de position,tree_596e,0.73
tree_f4e5,F4E5,doublon de position,tree_596b,0.74
tree_f4e7,F4E7,doublon de position,tree_596b,0.74
tree_f4e9,F4E9,doublon de position,tree_5968,0.75
tree_f4eb,F4EB,doublon de position,tree_5968,0.75
tree_f4ed,F4ED,doublon de position,tree_5965,0.75
tree_f4ef,F4EF,doublon de position,tree_5965,0.75
tree_f4f1,F4F1,doublon de position,tree_5962,0.76
tree_f4f3,F4F3,doublon de position,tree_5962,0.76
tree_f4f5,F4F5,doublon de position,tree_595f,0.77
tree_f4f7,F4F7,doublon de position,tree_595f,0.77
tree_f4f9,F4F9,doublon de position,tree_595c,0.78
tree_f4fb,F4FB,doublon de position,tree_595c,0.78
tree_f4fd,F4FD,doublon de position,tree_5959,0.78
tree_f4ff,F4FF,doublon de position,tree_5959,0.78
tree_f501,F501,doublon de position,tree_5956,0.79
tree_f503,F503,doublon de position,tree_5956,0.79
tree_f505,F505,doublon de position,tree_5953,0.8
tree_f507,F507,doublon de position,tree_5953,0.8
tree_f509,F509,doublon de position,tree_5950,0.81
tree_f50b,F50B,doublon de position,tree_5950,0.81
tree_f50d,F50D,doublon de position,tree_594d,0.81
tree_f50f,F50F,doublon de position,tree_594d,0.81
tree_f511,F511,doublon de position,tree_594a,0.82
tree_f513,F513,doublon de position,tree_594a,0.82
tree_f515,F515,doublon de position,tree_5947,0.83
tree_f517,F517,doublon de position,tree_5947,0.83
tree_f519,F519,doublon de position,tree_5944,0.86
tree_f51b,F51B,doublon de position,tree_5944,0.86
tree_f51d,F51D,doublon de position,tree_5941,0.87
tree_f51f,F51F,doublon de position,tree_5941,0.87
tree_f521,F521,doublon de position,tree_593e,0.87
tree_f523,F523,doublon de position,tree_593e,0.87
tree_f525,F525,doublon de position,tree_593b,0.88
tree_f527,F527,doublon de position,tree_593b,0.88
tree_f529,F529,doublon de position,tree_5938,0.91
tree_f52b,F52B,doublon de position,tree_5938,0.91
tree_f52f,F52F,doublon de position,tree_f52d,0.19
tree_f533,F533,doublon de position,tree_f531,0.07
tree_f537,F537,doublon de position,tree_f535,0.07
tree_f53b,F53B,doublon de position,tree_f539,0.08
tree_f53f,F53F,doublon de position,tree_f53d,0.08
tree_f543,F543,doublon de position,tree_f541,0.09
tree_f547,F547,doublon de position,tree_f545,0.09
tree_f54b,F54B,doublon de position,tree_f549,0.09
tree_f54f,F54F,doublon de position,tree_f54d,0.1
tree_f553,F553,doublon de position,tree_f551,0.1
tree_f557,F557,doublon de position,tree_f555,0.11
tree_f55b,F55B,doublon de position,tree_f559,0.11
tree_f55f,F55F,doublon de position,tree_f55d,0.12
tree_f563,F563,doublon de position,tree_f561,0.12
tree_f567,F567,doublon de position,tree_f565,0.12
tree_f56b,F56B,doublon de position,tree_f569,0.13
tree_f56f,F56F,doublon de position,tree_f56d,0.13
tree_f573,F573,doublon de position,tree_f571,0.14
tree_f577,F577,doublon de position,tree_f575,0.14
tree_f57b,F57B,doublon de position,tree_f579,0.14
tree_f57f,F57F,doublon de position,tree_f57d,0.15
tree_f583,F583,doublon de position,tree_f581,0.15
tree_f587,F587,doublon de position,tree_f585,0.16
tree_f58b,F58B,doublon de position,tree_f589,0.16
tree_f58f,F58F,doublon de position,tree_f58d,0.17
tree_f593,F593,doublon de position,tree_f591,0.17
tree_f597,F597,doublon de position,tree_f595,0.17
tree_f59b,F59B,doublon de position,tree_f599,0.18
tree_f59f,F59F,doublon de position,tree_f59d,0.18
tree_f5a3,F5A3,doublon de position,tree_f5a1,0.19
tree_f5a7,F5A7,doublon de position,tree_f5a5,0.19
tree_f5ab,F5AB,doublon de position,tree_f5a9,0.19
tree_f5af,F5AF,doublon de position,tree_f5ad,0.2
tree_f5b3,F5B3,doublon de position,tree_f5b1,0.2
tree_f5b7,F5B7,doublon de position,tree_f5b5,0.21
tree_f5bb,F5BB,doublon de position,tree_f5b9,0.21
tree_f5bf,F5BF,doublon de position,tree_f5bd,0.31
tree_f5c3,F5C3,doublon de position,tree_f5c1,0.64
tree_f5c7,F5C7,doublon de position,tree_f5c5,0.31
tree_f5cb,F5CB,doublon de position,tree_f5c9,0.31
tree_f5cf,F5CF,doublon de position,tree_f5cd,0.31
tree_f5d3,F5D3,doublon de position,tree_f5d1,0.31
tree_f5d7,F5D7,doublon de position,tree_f5d5,0.31
tree_f5db,F5DB,doublon de position,tree_f5d9,0.31
tree_f5df,F5DF,doublon de position,tree_f5dd,0.31
tree_f5e3,F5E3,doublon de position,tree_f5e1,0.31
tree_f5e7,F5E7,doublon de position,tree_f5e5,0.31
tree_f5eb,F5EB,doublon de position,tree_f5e9,0.31
tree_f5ef,F5EF,doublon de position,tree_f5ed,0.31
tree_f5f3,F5F3,doublon de position,tree_f5f1,0.31
tree_f5f7,F5F7,doublon de position,tree_f5f5,0.31
tree_f5fb,F5FB,doublon de position,tree_f5f9,0.31
tree_f5ff,F5FF,doublon de position,tree_f5fd,0.31
tree_f603,F603,doublon de position,tree_f601,0.31
tree_f607,F607,doublon de position,tree_f605,0.31
tree_f60b,F60B,doublon de position,tree_f609,0.31
tree_f60f,F60F,doublon de position,tree_f60d,0.31
tree_f613,F613,doublon de position,tree_f611,0.31
tree_f617,F617,doublon de position,tree_f615,0.31
tree_f61b,F61B,doublon de position,tree_f619,0.31
tree_f61f,F61F,doublon de position,tree_f61d,0.31
tree_f623,F623,doublon de position,tree_f621,0.31
tree_f627,F627,doublon de position,tree_f625,0.31
tree_f62b,F62B,doublon de position,tree_f629,0.31
tree_f62f,F62F,doublon de position,tree_f62d,0.31
tree_f633,F633,doublon de position,tree_f631,0.31
tree_f637,F637,doublon de position,tree_f635,0.31
tree_f63b,F63B,doublon de position,tree_f639,0.31
tree_f63f,F63F,doublon de position,tree_f63d,0.31
tree_f643,F643,doublon de position,tree_f641,0.31
tree_f647,F647,doublon de position,tree_f645,0.31
tree_f64b,F64B,doublon de position,tree_f649,0.31
tree_f64f,F64F,doublon de position,tree_f64d,0.31
tree_f653,F653,doublon de position,tree_f651,0.31
tree_f657,F657,doublon de position,tree_f655,0.31
tree_f65b,F65B,doublon de position,tree_f659,0.31
tree_f65f,F65F,doublon de position,tree_f65d,0.31
tree_f663,F663,doublon de position,tree_f661,0.31
tree_f667,F667,doublon de position,tree_f665,0.1
tree_f66b,F66B,doublon de position,tree_f669,0.19
tree_f66f,F66F,doublon de position,tree_f66d,0.23
tree_f673,F673,doublon de position,tree_f671,0.26
tree_f677,F677,doublon de position,tree_f675,0.26
tree_f67b,F67B,doublon de position,tree_f679,0.26
tree_f67f,F67F,doublon de position,tree_f67d,0.31
tree_f683,F683,doublon de position,tree_f681,0.25
tree_f687,F687,doublon de position,tree_f685,0.27
tree_f68b,F68B,doublon de position,tree_f689,0.34
tree_f68f,F68F,doublon de position,tree_f68d,0.26
tree_f693,F693,doublon de position,tree_f691,0.27
tree_f697,F697,doublon de position,tree_f695,0.28
tree_f69b,F69B,doublon de position,tree_f699,0.3
tree_f69f,F69F,doublon de position,tree_f69d,0.91
tree_f6a3,F6A3,doublon de position,tree_f6a1,0.49
tree_f6a7,F6A7,doublon de position,tree_f6a5,0.49
tree_f6ab,F6AB,doublon de position,tree_f6a9,0.5
tree_f6af,F6AF,doublon de position,tree_f6ad,0.5
tree_f6b3,F6B3,doublon de position,tree_f6b1,0.5
tree_f6b7,F6B7,doublon de position,tree_f6b5,0.51
tree_f6bb,F6BB,doublon de position,tree_f6b9,0.51
tree_f6bf,F6BF,doublon de position,tree_f6bd,0.51
tree_f6c3,F6C3,doublon de position,tree_f6c1,0.52
tree_f6c7,F6C7,doublon de position,tree_f6c5,0.52
tree_f6cb,F6CB,doublon de position,tree_f6c9,0.52
tree_f6cf,F6CF,doublon de position,tree_f6cd,0.93
tree_f6d3,F6D3,doublon de position,tree_f6d1,0.22
tree_f6d7,F6D7,doublon de position,tree_f6d5,0.22
tree_f6db,F6DB,doublon de position,tree_f6d9,0.22
tree_f6df,F6DF,doublon de position,tree_f6dd,0.22
tree_f6e3,F6E3,doublon de position,tree_f6e1,0.22
tree_f6e7,F6E7,doublon de position,tree_f6e5,0.22
tree_f6eb,F6EB,doublon de position,tree_f6e9,0.22
tree_f6ef,F6EF,doublon de position,tree_f6ed,0.22
tree_f6f3,F6F3,doublon de position,tree_f6f1,0.22
tree_f6f7,F6F7,doublon de position,tree_f6f5,0.22
tree_f6fb,F6FB,doublon de position,tree_f6f9,0.22
tree_f6ff,F6FF,doublon de position,tree_f6fd,0.22
tree_f703,F703,doublon de position,tree_f701,0.22
tree_f707,F707,doublon de position,tree_f705,0.22
tree_f70b,F70B,doublon de position,tree_f709,0.22
tree_f70f,F70F,doublon de position,tree_f70d,0.22
tree_f713,F713,doublon de position,tree_f711,0.22
tree_f717,F717,doublon de position,tree_f715,0.22
tree_f71b,F71B,doublon de position,tree_f719,0.22
tree_f71f,F71F,doublon de position,tree_f71d,0.22
tree_f723,F723,doublon de position,tree_f721,0.22
tree_f727,F727,doublon de position,tree_f725,0.22
tree_f72b,F72B,doublon de position,tree_f729,0.22
tree_f72f,F72F,doublon de position,tree_f72d,0.22
tree_f733,F733,doublon de position,tree_f731,0.22
tree_f737,F737,doublon de position,tree_f735,0.22
tree_f73b,F73B,doublon de position,tree_f739,0.22
tree_f73f,F73F,doublon de position,tree_f73d,0.22
tree_f743,F743,doublon de position,tree_f741,0.22
tree_f747,F747,doublon de position,tree_f745,0.22
tree_f74b,F74B,doublon de position,tree_f749,0.22
tree_f74f,F74F,doublon de position,tree_f74d,0.22
tree_f753,F753,doublon de position,tree_f751,0.22
tree_f757,F757,doublon de position,tree_f755,0.22
tree_f75b,F75B,doublon de position,tree_f759,0.22
tree_f75f,F75F,doublon de position,tree_f75d,0.22
tree_f763,F763,doublon de position,tree_f761,0.22
tree_f767,F767,doublon de position,tree_f765,0.22
tree_f76b,F76B,doublon de position,tree_f769,0.22
tree_f76f,F76F,doublon de position,tree_f76d,0.22
tree_f773,F773,doublon de position,tree_f771,0.22
tree_f777,F777,doublon de position,tree_f775,0.22
tree_f77b,F77B,doublon de position,tree_f779,0.22
tree_f77f,F77F,doublon de position,tree_f77d,0.22
tree_f783,F783,doublon de position,tree_f781,0.22
tree_f787,F787,doublon de position,tree_f785,0.22
tree_f78b,F78B,doublon de position,tree_f789,0.22
tree_f78f,F78F,doublon de position,tree_f78d,0.22
tree_f793,F793,doublon de position,tree_f791,0.22
tree_f797,F797,doublon de position,tree_f795,0.22
tree_f79b,F79B,doublon de position,tree_f799,0.22
tree_f79f,F79F,doublon de position,tree_f79d,0.22
tree_f7a3,F7A3,doublon de position,tree_f7a1,0.22
tree_f7a7,F7A7,doublon de position,tree_f7a5,0.22
tree_f7ab,F7AB,doublon de position,tree_f7a9,0.22
tree_f7af,F7AF,doublon de position,tree_f7ad,0.22
tree_f7b3,F7B3,doublon de position,tree_f7b1,0.22
tree_f7b7,F7B7,doublon de position,tree_f7b5,0.22
tree_f7bb,F7BB,doublon de position,tree_f7b9,0.22
tree_f7bf,F7BF,doublon de position,tree_f7bd,0.22
tree_f7c3,F7C3,doublon de position,tree_f7c1,0.22
tree_f7c7,F7C7,doublon de position,tree_f7c5,0.22
tree_f7cb,F7CB,doublon de position,tree_f7c9,0.22
tree_f7cf,F7CF,doublon de position,tree_f7cd,0.22
tree_f7d3,F7D3,doublon de position,tree_f7d1,0.22
tree_f7d7,F7D7,doublon de position,tree_f7d5,0.22
tree_f7db,F7DB,doublon de position,tree_f7d9,0.22
tree_f7df,F7DF,doublon de position,tree_f7dd,0.22
tree_f7e3,F7E3,doublon de position,tree_f7e1,0.24
tree_f7e7,F7E7,doublon de position,tree_f7e5,0.25
tree_f7eb,F7EB,doublon de position,tree_f7e9,0.25
tree_f7ef,F7EF,doublon de position,tree_f7ed,0.25
tree_f7f3,F7F3,doublon de position,tree_f7f1,0.25
tree_f7f7,F7F7,doublon de position,tree_f7f5,0.25
tree_f7fb,F7FB,doublon de position,tree_f7f9,0.25
tree_f7ff,F7FF,doublon de position,tree_f7fd,0.25
tree_f803,F803,doublon de position,tree_f801,0.25
tree_f807,F807,doublon de position,tree_f805,0.25
tree_f80b,F80B,doublon de position,tree_f809,0.25
tree_f80f,F80F,doublon de position,tree_f80d,0.25
tree_f813,F813,doublon de position,tree_f811,0.25
tree_f817,F817,doublon de position,tree_f815,0.25
tree_f81b,F81B,doublon de position,tree_f819,0.25
tree_f81f,F81F,doublon de position,tree_f81d,0.25
tree_f823,F823,doublon de position,tree_f821,0.25
tree_f827,F827,doublon de position,tree_f825,0.06
tree_f82b,F82B,doublon de position,tree_f829,-0.17
tree_f82f,F82F,doublon de position,tree_f82d,-0.46
tree_f833,F833,doublon de position,tree_f831,-0.81
tree_f837,F837,doublon de position,tree_f835,-1.28
tree_f83b,F83B,doublon de position,tree_f839,-1.76
tree_f83f,F83F,doublon de position,tree_f83d,-2.4
tree_f843,F843,doublon de position,tree_f841,-3.1
tree_f847,F847,doublon de position,tree_f845,-3.15
tree_f84b,F84B,doublon de position,tree_f849,-2.29
tree_f84f,F84F,doublon de position,tree_f84d,-1.38
tree_f853,F853,doublon de position,tree_f851,-0.44
tree_f857,F857,doublon de position,tree_f855,0.66
tree_f85b,F85B,doublon de position,tree_f859,1.78
tree_f85f,F85F,doublon de position,tree_f85d,3.05
tree_f863,F863,doublon de position,tree_f861,4.31
tree_f867,F867,doublon de position,tree_f865,5.57
tree_f86b,F86B,doublon de position,tree_f869,1.49
tree_f86f,F86F,doublon de position,tree_f86d,2.11
tree_f873,F873,doublon de position,tree_f871,2.22
tree_fcf1,FCF1,doublon de position,tree_fcef,1.11
tree_fd6d,FD6D,doublon de position,tree_fd6b,-1.07
tree_fed1,FED1,doublon de position,tree_fecf,1.02
