tree_id,species,context,height_raised,trunk_raised,trunk_capped
tree_10200,Terminalia mantaly,road,False,True,False
tree_1052e,Terminalia mantaly,road,False,True,False
tree_10530,Azadirachta indica,road,False,True,False
tree_10532,Terminalia mantaly,road,False,True,False
tree_1053c,Terminalia mantaly,road,False,True,False
tree_10560,Terminalia mantaly,road,False,True,False
tree_1056a,Azadirachta indica,road,False,True,False
tree_1056c,Azadirachta indica,road,False,True,False
tree_1072c,Terminalia mantaly,road,False,True,False
tree_1072e,Terminalia mantaly,road,False,True,False
tree_10732,Terminalia mantaly,road,False,True,False
tree_10734,Terminalia mantaly,road,False,True,False
tree_10738,Terminalia mantaly,road,False,True,False
tree_1073a,Terminalia mantaly,road,False,True,False
tree_10744,Terminalia mantaly,road,False,True,False
tree_1074c,Terminalia mantaly,road,False,True,False
tree_1074e,Terminalia mantaly,road,False,True,False
tree_10750,Terminalia mantaly,road,False,True,False
tree_10754,Terminalia mantaly,road,False,True,False
tree_10756,Terminalia mantaly,road,False,True,False
tree_10758,Terminalia mantaly,road,False,True,False
tree_10760,Terminalia mantaly,road,False,True,False
tree_10762,Terminalia mantaly,road,False,True,False
tree_1076a,Terminalia mantaly,road,False,True,False
tree_1076c,Terminalia mantaly,road,False,True,False
tree_1076e,Terminalia mantaly,road,False,True,False
tree_10776,Tamarindus indica,road,False,True,False
tree_10778,Terminalia mantaly,road,False,True,False
tree_1077a,Azadirachta indica,road,False,True,False
tree_1077e,Terminalia mantaly,road,False,True,False
tree_10780,Terminalia mantaly,road,False,True,False
tree_10782,Terminalia mantaly,road,False,True,False
tree_10784,Terminalia mantaly,road,False,True,False
tree_10786,Terminalia mantaly,road,False,True,False
tree_10788,Terminalia mantaly,road,False,True,False
tree_1078a,Terminalia mantaly,road,False,True,False
tree_1078c,Terminalia mantaly,road,False,True,False
tree_10794,Terminalia mantaly,road,False,True,False
tree_107b2,Terminalia mantaly,road,False,True,False
tree_107b4,Terminalia mantaly,road,False,True,False
tree_107b6,Terminalia mantaly,road,False,True,False
tree_107ba,Terminalia mantaly,road,False,True,False
tree_107bc,Terminalia mantaly,road,False,True,False
tree_107be,Terminalia mantaly,road,False,True,False
tree_107c0,Terminalia mantaly,road,False,True,False
tree_10860,Tamarindus indica,road,False,True,False
tree_10864,Azadirachta indica,road,False,True,False
tree_10a68,Azadirachta indica,road,False,True,False
tree_10ae0,Terminalia mantaly,road,False,True,False
tree_10ae4,Terminalia mantaly,road,False,True,False
tree_10ae8,Terminalia mantaly,road,False,True,False
tree_10b58,Terminalia mantaly,road,False,True,False
tree_10b5c,Terminalia mantaly,road,False,True,False
tree_10b60,Terminalia mantaly,road,False,True,False
tree_10b64,Terminalia mantaly,road,False,True,False
tree_10b68,Terminalia mantaly,road,False,True,False
tree_10b6c,Terminalia mantaly,road,False,True,False
tree_10b70,Terminalia mantaly,road,False,True,False
tree_10b74,Terminalia mantaly,road,False,True,False
tree_10b78,Terminalia mantaly,road,False,True,False
tree_10b7c,Terminalia mantaly,road,False,True,False
tree_10b80,Terminalia mantaly,road,False,True,False
tree_10b84,Terminalia mantaly,road,False,True,False
tree_10b88,Terminalia mantaly,road,False,True,False
tree_10b8c,Terminalia mantaly,road,False,True,False
tree_10b90,Terminalia mantaly,road,False,True,False
tree_10b94,Terminalia mantaly,road,False,True,False
tree_10b98,Terminalia mantaly,road,False,True,False
tree_10b9c,Terminalia mantaly,road,True,True,False
tree_10ba0,Terminalia mantaly,road,False,True,False
tree_10ba4,Terminalia mantaly,road,False,True,False
tree_10ba8,Terminalia mantaly,road,False,True,False
tree_10bac,Terminalia mantaly,road,False,True,False
tree_10bb0,Terminalia mantaly,road,False,True,False
tree_10bb4,Terminalia mantaly,road,False,True,False
tree_10bb8,Terminalia mantaly,road,False,True,False
tree_10bbc,Terminalia mantaly,road,False,True,False
tree_10bc0,Terminalia mantaly,road,False,True,False
tree_10bc4,Terminalia mantaly,road,False,True,False
tree_10bc8,Terminalia mantaly,road,False,True,False
tree_10bcc,Terminalia mantaly,road,False,True,False
tree_10bd0,Terminalia mantaly,road,False,True,False
tree_10bd4,Terminalia mantaly,road,False,True,False
tree_10bd8,Terminalia mantaly,road,False,True,False
tree_10bdc,Terminalia mantaly,road,False,True,False
tree_10be0,Terminalia mantaly,road,False,True,False
tree_10be4,Terminalia mantaly,road,False,True,False
tree_10be8,Terminalia mantaly,road,False,True,False
tree_10bec,Terminalia mantaly,road,False,True,False
tree_10bf0,Terminalia mantaly,road,False,True,False
tree_10bf4,Terminalia mantaly,road,False,True,False
tree_10bf8,Terminalia mantaly,road,False,True,False
tree_10bfc,Terminalia mantaly,road,False,True,False
tree_10c00,Terminalia mantaly,road,True,True,False
tree_10c04,Terminalia mantaly,road,False,True,False
tree_10c08,Terminalia mantaly,road,False,True,False
tree_10c0c,Terminalia mantaly,road,False,True,False
tree_10c10,Terminalia mantaly,road,False,True,False
tree_10c14,Terminalia mantaly,road,False,True,False
tree_10c18,Terminalia mantaly,road,False,True,False
tree_10c1c,Terminalia mantaly,road,False,True,False
tree_10c20,Terminalia mantaly,road,False,True,False
tree_10c24,Terminalia mantaly,road,False,True,False
tree_10c28,Terminalia mantaly,road,False,True,False
tree_10c2c,Terminalia mantaly,road,False,True,False
tree_10c30,Terminalia mantaly,road,False,True,False
tree_10c34,Terminalia mantaly,road,False,True,False
tree_10c38,Terminalia mantaly,road,False,True,False
tree_10c3c,Terminalia mantaly,road,True,True,False
tree_10c40,Terminalia mantaly,road,False,True,False
tree_10c44,Terminalia mantaly,road,False,True,False
tree_10c48,Terminalia mantaly,road,False,True,False
tree_10c4c,Terminalia mantaly,road,False,True,False
tree_10c50,Terminalia mantaly,road,False,True,False
tree_10c54,Terminalia mantaly,road,False,True,False
tree_10c58,Terminalia mantaly,road,False,True,False
tree_10c5c,Terminalia mantaly,road,False,True,False
tree_10c60,Terminalia mantaly,road,False,True,False
tree_10c9d,Terminalia mantaly,road,False,True,False
tree_10cab,Terminalia mantaly,road,False,True,False
tree_10cad,Terminalia mantaly,road,False,True,False
tree_10cbb,Terminalia mantaly,road,False,True,False
tree_10cc5,Terminalia mantaly,road,False,True,False
tree_10ccb,Terminalia mantaly,road,False,True,False
tree_10ccd,Terminalia mantaly,road,False,True,False
tree_10ccf,Terminalia mantaly,road,False,True,False
tree_10cd1,Terminalia mantaly,road,False,True,False
tree_10cd3,Terminalia mantaly,road,False,True,False
tree_10cd5,Terminalia mantaly,road,False,True,False
tree_10cd7,Terminalia mantaly,road,False,True,False
tree_10cd9,Terminalia mantaly,road,False,True,False
tree_10cdb,Terminalia mantaly,road,False,True,False
tree_10cdd,Terminalia mantaly,road,False,True,False
tree_10cdf,Terminalia mantaly,road,False,True,False
tree_10ce1,Terminalia mantaly,road,False,True,False
tree_10ce3,Terminalia mantaly,road,False,True,False
tree_10ce5,Terminalia mantaly,road,False,True,False
tree_10ce7,Terminalia mantaly,road,False,True,False
tree_10ce9,Terminalia mantaly,road,False,True,False
tree_10ced,Terminalia mantaly,road,False,True,False
tree_10cef,Terminalia mantaly,road,False,True,False
tree_10cf1,Terminalia mantaly,road,False,True,False
tree_10cf3,Terminalia mantaly,road,False,True,False
tree_10cf5,Terminalia mantaly,road,False,True,False
tree_10cfb,Terminalia mantaly,road,False,True,False
tree_10cfd,Terminalia mantaly,road,False,True,False
tree_10cff,Terminalia mantaly,road,True,True,False
tree_10d01,Terminalia mantaly,road,False,True,False
tree_10d03,Terminalia mantaly,road,False,True,False
tree_10d05,Terminalia mantaly,road,False,True,False
tree_10d07,Terminalia mantaly,road,False,True,False
tree_10d09,Terminalia mantaly,road,False,True,False
tree_10d0b,Terminalia mantaly,road,False,True,False
tree_10d0d,Terminalia mantaly,road,False,True,False
tree_10d0f,Terminalia mantaly,road,False,True,False
tree_10d11,Terminalia mantaly,road,False,True,False
tree_10d13,Terminalia mantaly,road,False,True,False
tree_10d15,Terminalia mantaly,road,False,True,False
tree_10d17,Terminalia mantaly,road,False,True,False
tree_10d19,Terminalia mantaly,road,False,True,False
tree_10d1b,Terminalia mantaly,road,False,True,False
tree_10d1d,Terminalia mantaly,road,False,True,False
tree_10d1f,Terminalia mantaly,road,False,True,False
tree_10d21,Terminalia mantaly,road,False,True,False
tree_10d23,Terminalia mantaly,road,False,True,False
tree_10d25,Terminalia mantaly,road,False,True,False
tree_10d27,Terminalia mantaly,road,False,True,False
tree_10d29,Terminalia mantaly,road,False,True,False
tree_10d2f,Terminalia mantaly,road,False,True,False
tree_10d31,Terminalia mantaly,road,False,True,False
tree_10d33,Terminalia mantaly,road,True,True,False
tree_10d41,Terminalia mantaly,road,False,True,False
tree_10d43,Terminalia mantaly,road,False,True,False
tree_10d47,Terminalia mantaly,road,False,True,False
tree_10d49,Terminalia mantaly,road,False,True,False
tree_10d4b,Terminalia mantaly,road,False,True,False
tree_10d61,Terminalia mantaly,road,False,True,False
tree_10d6f,Terminalia mantaly,road,False,True,False
tree_10d7b,Terminalia mantaly,road,False,True,False
tree_10da7,Terminalia mantaly,road,False,True,False
tree_10da9,Terminalia mantaly,road,False,True,False
tree_10dc5,Terminalia mantaly,road,False,True,False
tree_10dc7,Terminalia mantaly,road,False,True,False
tree_10dc9,Terminalia mantaly,road,False,True,False
tree_10dcb,Terminalia mantaly,road,False,True,False
tree_10dd1,Terminalia mantaly,road,False,True,False
tree_10dd3,Terminalia mantaly,road,False,True,False
tree_10dd7,Terminalia mantaly,road,False,True,False
tree_10dd9,Terminalia mantaly,road,False,True,False
tree_10de1,Terminalia mantaly,road,False,True,False
tree_10ded,Terminalia mantaly,road,False,True,False
tree_10def,Terminalia mantaly,road,False,True,False
tree_10e09,Terminalia mantaly,road,False,True,False
tree_10e0d,Terminalia mantaly,road,False,True,False
tree_10e11,Terminalia mantaly,road,False,True,False
tree_10e15,Terminalia mantaly,road,False,True,False
tree_10e19,Terminalia mantaly,road,False,True,False
tree_10e1d,Terminalia mantaly,road,False,True,False
tree_10e21,Terminalia mantaly,road,False,True,False
tree_10e25,Terminalia mantaly,road,False,True,False
tree_10e29,Terminalia mantaly,road,False,True,False
tree_10e2d,Terminalia mantaly,road,False,True,False
tree_10e31,Terminalia mantaly,road,False,True,False
tree_10e33,Terminalia mantaly,road,False,True,False
tree_10e35,Terminalia mantaly,road,False,True,False
tree_10e37,Terminalia mantaly,road,False,True,False
tree_10e41,Tamarindus indica,road,False,True,False
tree_10e45,Azadirachta indica,road,False,True,False
tree_10e4f,Terminalia mantaly,road,False,True,False
tree_10e53,Azadirachta indica,road,False,True,False
tree_10e57,Azadirachta indica,road,False,True,False
tree_10e73,Terminalia mantaly,road,False,True,False
tree_10e75,Terminalia mantaly,road,False,True,False
tree_10e77,Terminalia mantaly,road,False,True,False
tree_10e79,Azadirachta indica,road,False,True,False
tree_10e7b,Azadirachta indica,road,False,True,False
tree_10e81,Terminalia mantaly,road,False,True,False
tree_10e83,Terminalia mantaly,road,False,True,False
tree_10e85,Terminalia mantaly,road,False,True,False
tree_10e93,Terminalia mantaly,road,False,True,False
tree_10e95,Terminalia mantaly,road,False,True,False
tree_10e97,Terminalia mantaly,road,False,True,False
tree_10e99,Terminalia mantaly,road,False,True,False
tree_10e9b,Terminalia mantaly,road,False,True,False
tree_10e9d,Terminalia mantaly,road,False,True,False
tree_10ee3,Terminalia mantaly,road,False,True,False
tree_10ee5,Terminalia mantaly,road,False,True,False
tree_10ee7,Terminalia mantaly,road,False,True,False
tree_10ee9,Terminalia mantaly,road,False,True,False
tree_10eeb,Terminalia mantaly,road,False,True,False
tree_10f27,Terminalia mantaly,road,False,True,False
tree_10f29,Terminalia mantaly,road,False,True,False
tree_10f2b,Terminalia mantaly,road,False,True,False
tree_10f2d,Terminalia mantaly,road,False,True,False
tree_10f41,Terminalia mantaly,road,False,True,False
tree_10f43,Terminalia mantaly,road,False,True,False
tree_10f49,Terminalia mantaly,road,True,True,False
tree_117df,Terminalia mantaly,road,False,True,False
tree_117e1,Terminalia mantaly,road,False,True,False
tree_117e3,Terminalia mantaly,road,False,True,False
tree_117e5,Terminalia mantaly,road,False,True,False
tree_117e7,Terminalia mantaly,road,False,True,False
tree_117e9,Terminalia mantaly,road,False,True,False
tree_117eb,Terminalia mantaly,road,False,True,False
tree_117ed,Terminalia mantaly,road,False,True,False
tree_117ef,Terminalia mantaly,road,False,True,False
tree_117f1,Terminalia mantaly,road,False,True,False
tree_117f3,Terminalia mantaly,road,False,True,False
tree_117f5,Terminalia mantaly,road,False,True,False
tree_117f7,Terminalia mantaly,road,False,True,False
tree_117f9,Terminalia mantaly,road,False,True,False
tree_117fb,Terminalia mantaly,road,False,True,False
tree_117fd,Terminalia mantaly,road,False,True,False
tree_117ff,Terminalia mantaly,road,False,True,False
tree_11801,Terminalia mantaly,road,False,True,False
tree_11803,Terminalia mantaly,road,False,True,False
tree_11805,Terminalia mantaly,road,False,True,False
tree_11807,Terminalia mantaly,road,False,True,False
tree_11809,Terminalia mantaly,road,False,True,False
tree_1180b,Terminalia mantaly,road,False,True,False
tree_1180d,Terminalia mantaly,road,False,True,False
tree_1180f,Terminalia mantaly,road,False,True,False
tree_11811,Terminalia mantaly,road,False,True,False
tree_11813,Terminalia mantaly,road,False,True,False
tree_11815,Terminalia mantaly,road,False,True,False
tree_11817,Terminalia mantaly,road,False,True,False
tree_11819,Terminalia mantaly,road,False,True,False
tree_1181b,Terminalia mantaly,road,False,True,False
tree_1181d,Terminalia mantaly,road,False,True,False
tree_1181f,Terminalia mantaly,road,False,True,False
tree_11821,Terminalia mantaly,road,False,True,False
tree_11823,Terminalia mantaly,road,False,True,False
tree_11825,Terminalia mantaly,road,False,True,False
tree_11827,Terminalia mantaly,road,False,True,False
tree_11829,Terminalia mantaly,road,False,True,False
tree_1182b,Terminalia mantaly,road,False,True,False
tree_1182d,Terminalia mantaly,road,False,True,False
tree_1182f,Terminalia mantaly,road,True,True,False
tree_11831,Terminalia mantaly,road,False,True,False
tree_11833,Terminalia mantaly,road,False,True,False
tree_11835,Terminalia mantaly,road,False,True,False
tree_11837,Terminalia mantaly,road,False,True,False
tree_11839,Terminalia mantaly,road,False,True,False
tree_1183b,Terminalia mantaly,road,False,True,False
tree_1183d,Terminalia mantaly,road,False,True,False
tree_1183f,Terminalia mantaly,road,False,True,False
tree_11841,Terminalia mantaly,road,False,True,False
tree_11843,Terminalia mantaly,road,False,True,False
tree_11845,Terminalia mantaly,road,False,True,False
tree_11847,Terminalia mantaly,road,False,True,False
tree_11849,Terminalia mantaly,road,False,True,False
tree_1184b,Terminalia mantaly,road,False,True,False
tree_1184d,Terminalia mantaly,road,False,True,False
tree_1184f,Terminalia mantaly,road,False,True,False
tree_11851,Terminalia mantaly,road,False,True,False
tree_11853,Terminalia mantaly,road,False,True,False
tree_11855,Terminalia mantaly,road,False,True,False
tree_11857,Terminalia mantaly,road,False,True,False
tree_11859,Terminalia mantaly,road,False,True,False
tree_1185b,Terminalia mantaly,road,False,True,False
tree_1185d,Terminalia mantaly,road,False,True,False
tree_1185f,Terminalia mantaly,road,False,True,False
tree_11861,Terminalia mantaly,road,False,True,False
tree_11863,Terminalia mantaly,road,False,True,False
tree_11865,Terminalia mantaly,road,False,True,False
tree_11867,Terminalia mantaly,road,False,True,False
tree_11869,Terminalia mantaly,road,False,True,False
tree_1186b,Terminalia mantaly,road,False,True,False
tree_1186d,Terminalia mantaly,road,False,True,False
tree_1186f,Terminalia mantaly,road,False,True,False
tree_11871,Terminalia mantaly,road,False,True,False
tree_11873,Terminalia mantaly,road,False,True,False
tree_11875,Terminalia mantaly,road,False,True,False
tree_11877,Terminalia mantaly,road,False,True,False
tree_11879,Terminalia mantaly,road,False,True,False
tree_1187b,Terminalia mantaly,road,False,True,False
tree_1187d,Terminalia mantaly,road,False,True,False
tree_1187f,Terminalia mantaly,road,False,True,False
tree_11881,Terminalia mantaly,road,False,True,False
tree_11883,Terminalia mantaly,road,True,True,False
tree_11885,Terminalia mantaly,road,False,True,False
tree_11887,Terminalia mantaly,road,False,True,False
tree_11889,Terminalia mantaly,road,False,True,False
tree_1188b,Terminalia mantaly,road,False,True,False
tree_1188d,Terminalia mantaly,road,True,True,False
tree_1188f,Terminalia mantaly,road,False,True,False
tree_11891,Terminalia mantaly,road,False,True,False
tree_11893,Terminalia mantaly,road,False,True,False
tree_11895,Terminalia mantaly,road,False,True,False
tree_11897,Terminalia mantaly,road,False,True,False
tree_11899,Terminalia mantaly,road,False,True,False
tree_1189b,Terminalia mantaly,road,False,True,False
tree_1189d,Terminalia mantaly,road,False,True,False
tree_1189f,Terminalia mantaly,road,False,True,False
tree_118a1,Terminalia mantaly,road,False,True,False
tree_118a3,Terminalia mantaly,road,False,True,False
tree_118a5,Terminalia mantaly,road,False,True,False
tree_118a7,Terminalia mantaly,road,False,True,False
tree_118a9,Terminalia mantaly,road,False,True,False
tree_118ab,Terminalia mantaly,road,False,True,False
tree_118ad,Terminalia mantaly,road,False,True,False
tree_118af,Terminalia mantaly,road,False,True,False
tree_118b1,Terminalia mantaly,road,False,True,False
tree_118b3,Terminalia mantaly,road,False,True,False
tree_118b5,Terminalia mantaly,road,False,True,False
tree_118b7,Terminalia mantaly,road,False,True,False
tree_118b9,Terminalia mantaly,road,False,True,False
tree_118bb,Terminalia mantaly,road,False,True,False
tree_118bd,Terminalia mantaly,road,False,True,False
tree_118bf,Terminalia mantaly,road,False,True,False
tree_118c1,Terminalia mantaly,road,False,True,False
tree_118c3,Terminalia mantaly,road,False,True,False
tree_118c5,Terminalia mantaly,road,False,True,False
tree_118c7,Terminalia mantaly,road,True,True,False
tree_118c9,Terminalia mantaly,road,False,True,False
tree_118cb,Terminalia mantaly,road,False,True,False
tree_118cd,Terminalia mantaly,road,False,True,False
tree_118cf,Terminalia mantaly,road,False,True,False
tree_118d1,Terminalia mantaly,road,False,True,False
tree_118d3,Terminalia mantaly,road,False,True,False
tree_118d5,Terminalia mantaly,road,False,True,False
tree_118d7,Terminalia mantaly,road,False,True,False
tree_118d9,Terminalia mantaly,road,False,True,False
tree_118db,Terminalia mantaly,road,False,True,False
tree_118dd,Terminalia mantaly,road,False,True,False
tree_118df,Terminalia mantaly,road,False,True,False
tree_118e1,Terminalia mantaly,road,False,True,False
tree_118e3,Terminalia mantaly,road,False,True,False
tree_118e5,Terminalia mantaly,road,False,True,False
tree_118e7,Terminalia mantaly,road,False,True,False
tree_118e9,Terminalia mantaly,road,False,True,False
tree_118eb,Terminalia mantaly,road,False,True,False
tree_118ed,Terminalia mantaly,road,False,True,False
tree_118ef,Terminalia mantaly,road,False,True,False
tree_118f1,Terminalia mantaly,road,False,True,False
tree_118f3,Terminalia mantaly,road,False,True,False
tree_118f5,Terminalia mantaly,road,False,True,False
tree_118f7,Terminalia mantaly,road,False,True,False
tree_118f9,Terminalia mantaly,road,False,True,False
tree_118fb,Terminalia mantaly,road,False,True,False
tree_118fd,Terminalia mantaly,road,False,True,False
tree_118ff,Terminalia mantaly,road,False,True,False
tree_11901,Terminalia mantaly,road,False,True,False
tree_11903,Terminalia mantaly,road,True,True,False
tree_11905,Terminalia mantaly,road,False,True,False
tree_11907,Terminalia mantaly,road,False,True,False
tree_11909,Terminalia mantaly,road,False,True,False
tree_1190b,Terminalia mantaly,road,False,True,False
tree_1190d,Terminalia mantaly,road,False,True,False
tree_1190f,Terminalia mantaly,road,True,True,False
tree_11911,Terminalia mantaly,road,False,True,False
tree_11913,Terminalia mantaly,road,False,True,False
tree_11915,Terminalia mantaly,road,False,True,False
tree_11917,Terminalia mantaly,road,False,True,False
tree_11919,Terminalia mantaly,road,False,True,False
tree_1191b,Terminalia mantaly,road,False,True,False
tree_1191d,Terminalia mantaly,road,False,True,False
tree_1191f,Terminalia mantaly,road,False,True,False
tree_11921,Terminalia mantaly,road,False,True,False
tree_11923,Terminalia mantaly,road,False,True,False
tree_11925,Terminalia mantaly,road,False,True,False
tree_11927,Terminalia mantaly,road,False,True,False
tree_11929,Terminalia mantaly,road,False,True,False
tree_1192b,Terminalia mantaly,road,False,True,False
tree_1192d,Terminalia mantaly,road,False,True,False
tree_1192f,Terminalia mantaly,road,False,True,False
tree_11931,Terminalia mantaly,road,False,True,False
tree_11933,Terminalia mantaly,road,False,True,False
tree_11935,Terminalia mantaly,road,False,True,False
tree_11937,Terminalia mantaly,road,True,True,False
tree_11939,Terminalia mantaly,road,False,True,False
tree_1193b,Terminalia mantaly,road,False,True,False
tree_1193d,Terminalia mantaly,road,False,True,False
tree_1193f,Terminalia mantaly,road,False,True,False
tree_11941,Terminalia mantaly,road,False,True,False
tree_11943,Terminalia mantaly,road,False,True,False
tree_11945,Terminalia mantaly,road,False,True,False
tree_11947,Terminalia mantaly,road,False,True,False
tree_11949,Terminalia mantaly,road,False,True,False
tree_1194b,Terminalia mantaly,road,False,True,False
tree_1194d,Terminalia mantaly,road,False,True,False
tree_1194f,Terminalia mantaly,road,False,True,False
tree_11951,Terminalia mantaly,road,False,True,False
tree_11955,Terminalia mantaly,road,False,True,False
tree_11957,Terminalia mantaly,road,False,True,False
tree_11959,Terminalia mantaly,road,False,True,False
tree_1195b,Terminalia mantaly,road,False,True,False
tree_1195d,Terminalia mantaly,road,False,True,False
tree_1195f,Terminalia mantaly,road,False,True,False
tree_11961,Terminalia mantaly,road,False,True,False
tree_119af,Terminalia mantaly,road,True,True,False
tree_586e,Terminalia mantaly,road,False,True,False
tree_5871,Terminalia mantaly,road,False,True,False
tree_5874,Terminalia mantaly,road,False,True,False
tree_5877,Terminalia mantaly,road,False,True,False
tree_587a,Terminalia mantaly,road,False,True,False
tree_587d,Terminalia mantaly,road,False,True,False
tree_5880,Terminalia mantaly,road,False,True,False
tree_5883,Terminalia mantaly,road,False,True,False
tree_5886,Terminalia mantaly,road,False,True,False
tree_5889,Terminalia mantaly,road,False,True,False
tree_588c,Terminalia mantaly,road,True,True,False
tree_588f,Terminalia mantaly,road,False,True,False
tree_5892,Terminalia mantaly,road,False,True,False
tree_5895,Terminalia mantaly,road,False,True,False
tree_5898,Terminalia mantaly,road,False,True,False
tree_589b,Terminalia mantaly,road,False,True,False
tree_589e,Terminalia mantaly,road,False,True,False
tree_58a1,Terminalia mantaly,road,False,True,False
tree_58a4,Terminalia mantaly,road,False,True,False
tree_58a7,Terminalia mantaly,road,False,True,False
tree_58aa,Terminalia mantaly,road,False,True,False
tree_58ad,Terminalia mantaly,road,False,True,False
tree_58b0,Terminalia mantaly,road,False,True,False
tree_58b3,Terminalia mantaly,road,False,True,False
tree_58b6,Terminalia mantaly,road,False,True,False
tree_58b9,Terminalia mantaly,road,False,True,False
tree_58bc,Terminalia mantaly,road,False,True,False
tree_58bf,Terminalia mantaly,road,False,True,False
tree_58c2,Terminalia mantaly,road,False,True,False
tree_58c5,Terminalia mantaly,road,False,True,False
tree_58c8,Terminalia mantaly,road,True,True,False
tree_58cb,Terminalia mantaly,road,False,True,False
tree_58ce,Terminalia mantaly,road,False,True,False
tree_58d1,Terminalia mantaly,road,False,True,False
tree_58d3,Terminalia mantaly,road,False,True,False
tree_58d4,Azadirachta indica,road,False,True,False
tree_58d5,Terminalia mantaly,road,False,True,False
tree_58d8,Terminalia mantaly,road,False,True,False
tree_58db,Terminalia mantaly,road,False,True,False
tree_58de,Terminalia mantaly,road,False,True,False
tree_58e1,Terminalia mantaly,road,False,True,False
tree_58e4,Terminalia mantaly,road,False,True,False
tree_58e7,Terminalia mantaly,road,False,True,False
tree_58ea,Terminalia mantaly,road,False,True,False
tree_58ed,Terminalia mantaly,road,False,True,False
tree_58f0,Terminalia mantaly,road,False,True,False
tree_58f3,Terminalia mantaly,road,False,True,False
tree_58f6,Terminalia mantaly,road,False,True,False
tree_58f9,Terminalia mantaly,road,False,True,False
tree_58fc,Terminalia mantaly,road,False,True,False
tree_58ff,Terminalia mantaly,road,False,True,False
tree_5902,Terminalia mantaly,road,False,True,False
tree_5905,Terminalia mantaly,road,False,True,False
tree_5908,Terminalia mantaly,road,False,True,False
tree_590b,Terminalia mantaly,road,False,True,False
tree_590e,Terminalia mantaly,road,False,True,False
tree_5911,Terminalia mantaly,road,False,True,False
tree_5914,Terminalia mantaly,road,False,True,False
tree_5917,Terminalia mantaly,road,False,True,False
tree_591a,Terminalia mantaly,road,False,True,False
tree_591d,Terminalia mantaly,road,False,True,False
tree_5920,Terminalia mantaly,road,False,True,False
tree_5923,Terminalia mantaly,road,False,True,False
tree_5926,Terminalia mantaly,road,False,True,False
tree_5929,Terminalia mantaly,road,False,True,False
tree_592c,Terminalia mantaly,road,False,True,False
tree_592f,Terminalia mantaly,road,False,True,False
tree_5932,Terminalia mantaly,road,False,True,False
tree_5935,Tamarindus indica,road,False,True,False
tree_5938,Tamarindus indica,road,False,True,False
tree_5941,Tamarindus indica,road,False,True,False
tree_5944,Azadirachta indica,road,False,True,False
tree_5947,Azadirachta indica,road,False,True,False
tree_594a,Terminalia mantaly,road,False,True,False
tree_594d,Azadirachta indica,road,False,True,False
tree_5950,Azadirachta indica,road,False,True,False
tree_5956,Azadirachta indica,road,False,True,False
tree_5959,Khaya senegalensis,road,False,True,False
tree_595f,Azadirachta indica,road,False,True,False
tree_5962,Terminalia mantaly,road,False,True,False
tree_596e,Terminalia mantaly,road,False,True,False
tree_5971,Terminalia mantaly,road,False,True,False
tree_5974,Terminalia mantaly,road,False,True,False
tree_597a,Terminalia mantaly,road,False,True,False
tree_597d,Terminalia mantaly,road,True,True,False
tree_5980,Terminalia mantaly,road,False,True,False
tree_5983,Terminalia mantaly,road,False,True,False
tree_5986,Terminalia mantaly,road,False,True,False
tree_5989,Terminalia mantaly,road,False,True,False
tree_598c,Terminalia mantaly,road,False,True,False
tree_598f,Terminalia mantaly,road,False,True,False
tree_5990,Terminalia mantaly,road,False,True,False
tree_5991,Tamarindus indica,road,False,True,False
tree_5992,Azadirachta indica,road,False,True,False
tree_5993,Tamarindus indica,road,False,True,False
tree_5996,Terminalia mantaly,road,False,True,False
tree_5999,Azadirachta indica,road,False,True,False
tree_599c,Terminalia mantaly,road,False,True,False
tree_599f,Tamarindus indica,road,False,True,False
tree_59a2,Terminalia mantaly,road,False,True,False
tree_59a5,Terminalia mantaly,road,False,True,False
tree_59a8,Terminalia mantaly,road,False,True,False
tree_59ab,Terminalia mantaly,road,False,True,False
tree_59ae,Tamarindus indica,road,False,True,False
tree_59b4,Azadirachta indica,road,False,True,False
tree_59bd,Azadirachta indica,road,False,True,False
tree_59c0,Azadirachta indica,road,False,True,False
tree_59c3,Azadirachta indica,road,False,True,False
tree_59c6,Khaya senegalensis,road,False,True,False
tree_59c9,Terminalia mantaly,road,False,True,False
tree_59cc,Terminalia mantaly,road,False,True,False
tree_59cf,Tamarindus indica,road,False,True,False
tree_59d2,Terminalia mantaly,road,False,True,False
tree_59d5,Terminalia mantaly,road,False,True,False
tree_59db,Azadirachta indica,road,False,True,False
tree_59e5,Azadirachta indica,road,False,True,False
tree_59e8,Azadirachta indica,road,False,True,False
tree_59eb,Terminalia mantaly,road,False,True,False
tree_59ee,Terminalia mantaly,road,False,True,False
tree_59f1,Terminalia mantaly,road,False,True,False
tree_59f4,Terminalia mantaly,road,False,True,False
tree_59f7,Terminalia mantaly,road,False,True,False
tree_59fa,Terminalia mantaly,road,False,True,False
tree_59fd,Terminalia mantaly,road,False,True,False
tree_5a00,Terminalia mantaly,road,False,True,False
tree_5a03,Terminalia mantaly,road,False,True,False
tree_5a06,Terminalia mantaly,road,False,True,False
tree_5a09,Terminalia mantaly,road,False,True,False
tree_5a0c,Terminalia mantaly,road,False,True,False
tree_5a0f,Terminalia mantaly,road,False,True,False
tree_5a12,Terminalia mantaly,road,False,True,False
tree_5a15,Terminalia mantaly,road,False,True,False
tree_5a18,Terminalia mantaly,road,False,True,False
tree_5a1b,Terminalia mantaly,road,False,True,False
tree_5a1e,Terminalia mantaly,road,False,True,False
tree_5a21,Terminalia mantaly,road,False,True,False
tree_5a24,Terminalia mantaly,road,False,True,False
tree_5a27,Terminalia mantaly,road,False,True,False
tree_5a2a,Terminalia mantaly,road,False,True,False
tree_5a2d,Terminalia mantaly,road,False,True,False
tree_5a30,Terminalia mantaly,road,False,True,False
tree_5a33,Terminalia mantaly,road,False,True,False
tree_5a36,Terminalia mantaly,road,False,True,False
tree_5a39,Terminalia mantaly,road,False,True,False
tree_5a3c,Terminalia mantaly,road,False,True,False
tree_5a3f,Terminalia mantaly,road,False,True,False
tree_5a42,Terminalia mantaly,road,False,True,False
tree_5a45,Terminalia mantaly,road,True,True,False
tree_5a48,Terminalia mantaly,road,False,True,False
tree_5a4b,Terminalia mantaly,road,False,True,False
tree_5a4e,Terminalia mantaly,road,False,True,False
tree_5a51,Terminalia mantaly,road,False,True,False
tree_5a54,Terminalia mantaly,road,False,True,False
tree_5a57,Terminalia mantaly,road,False,True,False
tree_5a5a,Terminalia mantaly,road,False,True,False
tree_5a5d,Terminalia mantaly,road,False,True,False
tree_5a60,Terminalia mantaly,road,False,True,False
tree_5a63,Terminalia mantaly,road,False,True,False
tree_5a66,Terminalia mantaly,road,False,True,False
tree_5a69,Terminalia mantaly,road,False,True,False
tree_5a6c,Terminalia mantaly,road,False,True,False
tree_5a6f,Terminalia mantaly,road,False,True,False
tree_5a72,Terminalia mantaly,road,True,True,False
tree_5a75,Terminalia mantaly,road,False,True,False
tree_5a78,Terminalia mantaly,road,False,True,False
tree_5a7b,Terminalia mantaly,road,False,True,False
tree_5a7e,Terminalia mantaly,road,False,True,False
tree_5a81,Terminalia mantaly,road,False,True,False
tree_5a84,Terminalia mantaly,road,False,True,False
tree_5a87,Terminalia mantaly,road,False,True,False
tree_5a8a,Terminalia mantaly,road,False,True,False
tree_5a8d,Terminalia mantaly,road,False,True,False
tree_5a90,Terminalia mantaly,road,False,True,False
tree_5a93,Terminalia mantaly,road,False,True,False
tree_5a96,Terminalia mantaly,road,False,True,False
tree_5a99,Terminalia mantaly,road,False,True,False
tree_5a9c,Terminalia mantaly,road,False,True,False
tree_5a9f,Terminalia mantaly,road,False,True,False
tree_5aa2,Terminalia mantaly,road,False,True,False
tree_5aa5,Terminalia mantaly,road,False,True,False
tree_5aa8,Terminalia mantaly,road,False,True,False
tree_5aab,Terminalia mantaly,road,False,True,False
tree_5aae,Terminalia mantaly,road,False,True,False
tree_5ab1,Terminalia mantaly,road,False,True,False
tree_5ab4,Terminalia mantaly,road,False,True,False
tree_5ab7,Terminalia mantaly,road,False,True,False
tree_5ab9,Terminalia mantaly,road,False,True,False
tree_5abb,Terminalia mantaly,road,False,True,False
tree_5abd,Terminalia mantaly,road,False,True,False
tree_5ac0,Terminalia mantaly,road,False,True,False
tree_5ac3,Terminalia mantaly,road,False,True,False
tree_5ac6,Terminalia mantaly,road,False,True,False
tree_5ac9,Terminalia mantaly,road,False,True,False
tree_5acc,Terminalia mantaly,road,False,True,False
tree_5acf,Terminalia mantaly,road,False,True,False
tree_5ad2,Terminalia mantaly,road,False,True,False
tree_5ad5,Terminalia mantaly,road,False,True,False
tree_5ad8,Terminalia mantaly,road,False,True,False
tree_5adb,Terminalia mantaly,road,False,True,False
tree_5ade,Terminalia mantaly,road,False,True,False
tree_5ae1,Terminalia mantaly,road,False,True,False
tree_5ae4,Terminalia mantaly,road,False,True,False
tree_5ae7,Terminalia mantaly,road,False,True,False
tree_5aea,Terminalia mantaly,road,False,True,False
tree_5aed,Tamarindus indica,road,False,True,False
tree_5aee,Terminalia mantaly,road,False,True,False
tree_5af0,Terminalia mantaly,road,False,True,False
tree_5af2,Terminalia mantaly,road,False,True,False
tree_5af4,Terminalia mantaly,road,False,True,False
tree_5af7,Terminalia mantaly,road,False,True,False
tree_5afa,Terminalia mantaly,road,False,True,False
tree_5afd,Terminalia mantaly,road,False,True,False
tree_5b00,Terminalia mantaly,road,False,True,False
tree_5b03,Terminalia mantaly,road,False,True,False
tree_5b06,Terminalia mantaly,road,False,True,False
tree_5b09,Terminalia mantaly,road,False,True,False
tree_5b0c,Terminalia mantaly,road,False,True,False
tree_5b0f,Terminalia mantaly,road,False,True,False
tree_5b12,Terminalia mantaly,road,False,True,False
tree_5b15,Terminalia mantaly,road,False,True,False
tree_5b18,Terminalia mantaly,road,False,True,False
tree_5b1b,Terminalia mantaly,road,False,True,False
tree_5b1e,Terminalia mantaly,road,False,True,False
tree_5b21,Terminalia mantaly,road,False,True,False
tree_5b24,Terminalia mantaly,road,False,True,False
tree_5b27,Terminalia mantaly,road,False,True,False
tree_5b2a,Terminalia mantaly,road,False,True,False
tree_5b2d,Terminalia mantaly,road,False,True,False
tree_5b30,Terminalia mantaly,road,False,True,False
tree_5b33,Terminalia mantaly,road,False,True,False
tree_5b36,Terminalia mantaly,road,False,True,False
tree_5b39,Terminalia mantaly,road,False,True,False
tree_5b3c,Terminalia mantaly,road,False,True,False
tree_5b3f,Terminalia mantaly,road,False,True,False
tree_5b42,Terminalia mantaly,road,False,True,False
tree_5b45,Terminalia mantaly,road,False,True,False
tree_5b48,Terminalia mantaly,road,False,True,False
tree_5b4b,Terminalia mantaly,road,False,True,False
tree_5b4e,Terminalia mantaly,road,False,True,False
tree_5b51,Terminalia mantaly,road,False,True,False
tree_5b54,Terminalia mantaly,road,False,True,False
tree_5b57,Terminalia mantaly,road,False,True,False
tree_5b5a,Terminalia mantaly,road,False,True,False
tree_5b5d,Terminalia mantaly,road,False,True,False
tree_5b60,Terminalia mantaly,road,False,True,False
tree_5b63,Terminalia mantaly,road,False,True,False
tree_5b66,Terminalia mantaly,road,False,True,False
tree_5b69,Terminalia mantaly,road,False,True,False
tree_5b6c,Terminalia mantaly,road,False,True,False
tree_5b6f,Terminalia mantaly,road,False,True,False
tree_5b72,Terminalia mantaly,road,False,True,False
tree_5b75,Terminalia mantaly,road,False,True,False
tree_5b78,Terminalia mantaly,road,False,True,False
tree_5b7b,Terminalia mantaly,road,False,True,False
tree_5b7e,Terminalia mantaly,road,False,True,False
tree_5b81,Terminalia mantaly,road,False,True,False
tree_5b84,Terminalia mantaly,road,False,True,False
tree_5b87,Terminalia mantaly,road,False,True,False
tree_5b8a,Terminalia mantaly,road,False,True,False
tree_5b8d,Terminalia mantaly,road,False,True,False
tree_5b90,Terminalia mantaly,road,False,True,False
tree_5b93,Terminalia mantaly,road,False,True,False
tree_5b96,Terminalia mantaly,road,False,True,False
tree_5b99,Terminalia mantaly,road,True,True,False
tree_5b9c,Terminalia mantaly,road,False,True,False
tree_5b9f,Terminalia mantaly,road,False,True,False
tree_5ba2,Terminalia mantaly,road,False,True,False
tree_5ba5,Terminalia mantaly,road,False,True,False
tree_5ba8,Terminalia mantaly,road,False,True,False
tree_5bab,Terminalia mantaly,road,False,True,False
tree_5bae,Terminalia mantaly,road,False,True,False
tree_5bb1,Terminalia mantaly,road,False,True,False
tree_5bb4,Terminalia mantaly,road,False,True,False
tree_5bb7,Terminalia mantaly,road,False,True,False
tree_5bba,Terminalia mantaly,road,False,True,False
tree_5bbd,Terminalia mantaly,road,False,True,False
tree_5bc0,Terminalia mantaly,road,False,True,False
tree_5bc3,Terminalia mantaly,road,False,True,False
tree_5bc6,Terminalia mantaly,road,False,True,False
tree_5bc9,Terminalia mantaly,road,False,True,False
tree_5bcc,Terminalia mantaly,road,False,True,False
tree_5bcf,Terminalia mantaly,road,False,True,False
tree_5bd2,Terminalia mantaly,road,False,True,False
tree_5bd5,Terminalia mantaly,road,False,True,False
tree_5bd8,Terminalia mantaly,road,False,True,False
tree_5bdb,Terminalia mantaly,road,False,True,False
tree_5bde,Terminalia mantaly,road,False,True,False
tree_5be1,Terminalia mantaly,road,False,True,False
tree_5be4,Terminalia mantaly,road,False,True,False
tree_5be7,Terminalia mantaly,road,False,True,False
tree_5bea,Terminalia mantaly,road,False,True,False
tree_5bed,Terminalia mantaly,road,False,True,False
tree_5bf0,Terminalia mantaly,road,False,True,False
tree_5bf3,Terminalia mantaly,road,False,True,False
tree_5bf6,Terminalia mantaly,road,False,True,False
tree_5bf9,Terminalia mantaly,road,False,True,False
tree_5bfc,Terminalia mantaly,road,False,True,False
tree_5bff,Terminalia mantaly,road,False,True,False
tree_5c02,Terminalia mantaly,road,False,True,False
tree_5c05,Terminalia mantaly,road,False,True,False
tree_5c08,Terminalia mantaly,road,False,True,False
tree_5c0b,Terminalia mantaly,road,False,True,False
tree_5c0e,Terminalia mantaly,road,False,True,False
tree_5c11,Terminalia mantaly,road,False,True,False
tree_5c14,Terminalia mantaly,road,False,True,False
tree_5c17,Terminalia mantaly,road,False,True,False
tree_5c1a,Terminalia mantaly,road,False,True,False
tree_5c1d,Terminalia mantaly,road,False,True,False
tree_5c20,Terminalia mantaly,road,True,True,False
tree_5c23,Terminalia mantaly,road,True,True,False
tree_5c26,Terminalia mantaly,road,False,True,False
tree_5c29,Terminalia mantaly,road,False,True,False
tree_5c2c,Terminalia mantaly,road,False,True,False
tree_5c2f,Terminalia mantaly,road,False,True,False
tree_5c32,Terminalia mantaly,road,False,True,False
tree_5c35,Terminalia mantaly,road,False,True,False
tree_5c38,Terminalia mantaly,road,False,True,False
tree_5c3b,Terminalia mantaly,road,False,True,False
tree_5c3e,Terminalia mantaly,road,False,True,False
tree_5c41,Terminalia mantaly,road,False,True,False
tree_5c44,Terminalia mantaly,road,False,True,False
tree_5c47,Terminalia mantaly,road,False,True,False
tree_5c4a,Terminalia mantaly,road,False,True,False
tree_5c4d,Terminalia mantaly,road,False,True,False
tree_5c50,Terminalia mantaly,road,False,True,False
tree_5c53,Terminalia mantaly,road,False,True,False
tree_5c56,Terminalia mantaly,road,False,True,False
tree_5c59,Terminalia mantaly,road,False,True,False
tree_5c5c,Terminalia mantaly,road,False,True,False
tree_5c5f,Terminalia mantaly,road,False,True,False
tree_5c65,Terminalia mantaly,road,False,True,False
tree_5c68,Terminalia mantaly,road,False,True,False
tree_5c6b,Terminalia mantaly,road,False,True,False
tree_5c6e,Terminalia mantaly,road,False,True,False
tree_5c71,Terminalia mantaly,road,False,True,False
tree_5c74,Terminalia mantaly,road,False,True,False
tree_5c77,Terminalia mantaly,road,False,True,False
tree_5c7a,Terminalia mantaly,road,False,True,False
tree_5c7d,Terminalia mantaly,road,False,True,False
tree_5c80,Terminalia mantaly,road,False,True,False
tree_5c83,Terminalia mantaly,road,False,True,False
tree_5c86,Terminalia mantaly,road,False,True,False
tree_5c89,Terminalia mantaly,road,False,True,False
tree_5c8c,Terminalia mantaly,road,False,True,False
tree_5c8f,Terminalia mantaly,road,False,True,False
tree_5c92,Terminalia mantaly,road,False,True,False
tree_5c95,Terminalia mantaly,road,False,True,False
tree_5c98,Terminalia mantaly,road,False,True,False
tree_5c9b,Terminalia mantaly,road,False,True,False
tree_5c9e,Terminalia mantaly,road,False,True,False
tree_5ca1,Terminalia mantaly,road,False,True,False
tree_5ca4,Terminalia mantaly,road,False,True,False
tree_5ca7,Terminalia mantaly,road,False,True,False
tree_5caa,Terminalia mantaly,road,True,True,False
tree_5cad,Terminalia mantaly,road,False,True,False
tree_5cb0,Terminalia mantaly,road,False,True,False
tree_5cb3,Terminalia mantaly,road,False,True,False
tree_5cb6,Terminalia mantaly,road,False,True,False
tree_5cb9,Terminalia mantaly,road,False,True,False
tree_5cbc,Terminalia mantaly,road,False,True,False
tree_5cbf,Terminalia mantaly,road,False,True,False
tree_5cc2,Terminalia mantaly,road,False,True,False
tree_5cc5,Terminalia mantaly,road,False,True,False
tree_5cc8,Terminalia mantaly,road,False,True,False
tree_5ccb,Terminalia mantaly,road,False,True,False
tree_5cce,Terminalia mantaly,road,False,True,False
tree_5cd1,Terminalia mantaly,road,False,True,False
tree_5cd4,Terminalia mantaly,road,False,True,False
tree_5cd7,Terminalia mantaly,road,False,True,False
tree_5cda,Terminalia mantaly,road,False,True,False
tree_5cdd,Terminalia mantaly,road,False,True,False
tree_5ce0,Terminalia mantaly,road,False,True,False
tree_5ce3,Terminalia mantaly,road,False,True,False
tree_5ce6,Terminalia mantaly,road,False,True,False
tree_5ce9,Terminalia mantaly,road,False,True,False
tree_5cec,Terminalia mantaly,road,False,True,False
tree_5cef,Terminalia mantaly,road,False,True,False
tree_5cf2,Terminalia mantaly,road,False,True,False
tree_5cf5,Terminalia mantaly,road,False,True,False
tree_5cf8,Terminalia mantaly,road,False,True,False
tree_5cfb,Terminalia mantaly,road,False,True,False
tree_5cfe,Terminalia mantaly,road,False,True,False
tree_5d01,Terminalia mantaly,road,False,True,False
tree_5d04,Terminalia mantaly,road,False,True,False
tree_5d07,Terminalia mantaly,road,False,True,False
tree_5d0a,Terminalia mantaly,road,False,True,False
tree_5d0d,Terminalia mantaly,road,False,True,False
tree_5d0e,Terminalia mantaly,road,False,True,False
tree_5d10,Terminalia mantaly,road,False,True,False
tree_5d12,Terminalia mantaly,road,False,True,False
tree_5d15,Terminalia mantaly,road,False,True,False
tree_5d18,Terminalia mantaly,road,False,True,False
tree_5d1b,Terminalia mantaly,road,False,True,False
tree_5d1e,Terminalia mantaly,road,False,True,False
tree_5d21,Terminalia mantaly,road,False,True,False
tree_5d24,Terminalia mantaly,road,False,True,False
tree_5d27,Terminalia mantaly,road,False,True,False
tree_5d2a,Terminalia mantaly,road,False,True,False
tree_5d2d,Terminalia mantaly,road,False,True,False
tree_5d30,Terminalia mantaly,road,False,True,False
tree_5d33,Terminalia mantaly,road,False,True,False
tree_5d36,Terminalia mantaly,road,False,True,False
tree_5d39,Terminalia mantaly,road,False,True,False
tree_5d3c,Terminalia mantaly,road,False,True,False
tree_5d3f,Terminalia mantaly,road,False,True,False
tree_5d42,Terminalia mantaly,road,False,True,False
tree_5d45,Terminalia mantaly,road,False,True,False
tree_5d48,Terminalia mantaly,road,False,True,False
tree_5d4b,Terminalia mantaly,road,False,True,False
tree_5d4e,Terminalia mantaly,road,False,True,False
tree_5d51,Terminalia mantaly,road,False,True,False
tree_5d53,Terminalia mantaly,road,False,True,False
tree_62c1,Terminalia mantaly,road,False,True,False
tree_62c3,Terminalia mantaly,road,False,True,False
tree_62c5,Terminalia mantaly,road,False,True,False
tree_62c7,Terminalia mantaly,road,False,True,False
tree_62c9,Terminalia mantaly,road,False,True,False
tree_62cb,Terminalia mantaly,road,False,True,False
tree_62cd,Terminalia mantaly,road,False,True,False
tree_62cf,Terminalia mantaly,road,False,True,False
tree_62d1,Terminalia mantaly,road,False,True,False
tree_62d3,Terminalia mantaly,road,False,True,False
tree_62d5,Terminalia mantaly,road,False,True,False
tree_62d7,Terminalia mantaly,road,False,True,False
tree_62d9,Terminalia mantaly,road,False,True,False
tree_62db,Terminalia mantaly,road,False,True,False
tree_62dd,Terminalia mantaly,road,False,True,False
tree_62df,Terminalia mantaly,road,False,True,False
tree_62e1,Terminalia mantaly,road,False,True,False
tree_62e3,Terminalia mantaly,road,False,True,False
tree_62e5,Terminalia mantaly,road,False,True,False
tree_62e7,Terminalia mantaly,road,False,True,False
tree_62e9,Terminalia mantaly,road,False,True,False
tree_62eb,Terminalia mantaly,road,False,True,False
tree_62ed,Terminalia mantaly,road,False,True,False
tree_6445,Terminalia mantaly,road,False,True,False
tree_6447,Terminalia mantaly,road,False,True,False
tree_6449,Terminalia mantaly,road,False,True,False
tree_644b,Terminalia mantaly,road,False,True,False
tree_644d,Terminalia mantaly,road,False,True,False
tree_644f,Terminalia mantaly,road,False,True,False
tree_6451,Terminalia mantaly,road,False,True,False
tree_6453,Terminalia mantaly,road,False,True,False
tree_6455,Terminalia mantaly,road,False,True,False
tree_6457,Terminalia mantaly,road,False,True,False
tree_6459,Terminalia mantaly,road,False,True,False
tree_645b,Terminalia mantaly,road,False,True,False
tree_645d,Terminalia mantaly,road,False,True,False
tree_645f,Terminalia mantaly,road,False,True,False
tree_6461,Terminalia mantaly,road,False,True,False
tree_6463,Terminalia mantaly,road,False,True,False
tree_6465,Terminalia mantaly,road,False,True,False
tree_6467,Terminalia mantaly,road,False,True,False
tree_6469,Terminalia mantaly,road,False,True,False
tree_646b,Terminalia mantaly,road,False,True,False
tree_646d,Terminalia mantaly,road,False,True,False
tree_646f,Terminalia mantaly,road,False,True,False
tree_6471,Terminalia mantaly,road,False,True,False
tree_6473,Terminalia mantaly,road,False,True,False
tree_6475,Terminalia mantaly,road,False,True,False
tree_6477,Terminalia mantaly,road,False,True,False
tree_6479,Terminalia mantaly,road,False,True,False
tree_647b,Terminalia mantaly,road,True,True,False
tree_647d,Terminalia mantaly,road,False,True,False
tree_647f,Terminalia mantaly,road,False,True,False
tree_6481,Terminalia mantaly,road,False,True,False
tree_6483,Terminalia mantaly,road,False,True,False
tree_6485,Terminalia mantaly,road,False,True,False
tree_6487,Terminalia mantaly,road,False,True,False
tree_6489,Terminalia mantaly,road,False,True,False
tree_648b,Terminalia mantaly,road,True,True,False
tree_648d,Terminalia mantaly,road,True,True,False
tree_648f,Terminalia mantaly,road,False,True,False
tree_6491,Terminalia mantaly,road,False,True,False
tree_6493,Terminalia mantaly,road,False,True,False
tree_6495,Terminalia mantaly,road,False,True,False
tree_6497,Terminalia mantaly,road,False,True,False
tree_6499,Terminalia mantaly,road,False,True,False
tree_649d,Terminalia mantaly,road,False,True,False
tree_649f,Terminalia mantaly,road,False,True,False
tree_64a1,Terminalia mantaly,road,False,True,False
tree_64a3,Terminalia mantaly,road,False,True,False
tree_64a5,Terminalia mantaly,road,False,True,False
tree_64a7,Terminalia mantaly,road,False,True,False
tree_64a9,Terminalia mantaly,road,False,True,False
tree_64ab,Terminalia mantaly,road,False,True,False
tree_64ad,Terminalia mantaly,road,False,True,False
tree_64af,Terminalia mantaly,road,False,True,False
tree_64b1,Terminalia mantaly,road,False,True,False
tree_64b3,Terminalia mantaly,road,False,True,False
tree_64b5,Terminalia mantaly,road,False,True,False
tree_64b7,Terminalia mantaly,road,False,True,False
tree_64b9,Terminalia mantaly,road,False,True,False
tree_64bb,Terminalia mantaly,road,True,True,False
tree_64bd,Terminalia mantaly,road,False,True,False
tree_64bf,Terminalia mantaly,road,False,True,False
tree_64cd,Terminalia mantaly,road,False,True,False
tree_64cf,Terminalia mantaly,road,False,True,False
tree_64d1,Terminalia mantaly,road,False,True,False
tree_64d3,Terminalia mantaly,road,False,True,False
tree_64d5,Terminalia mantaly,road,False,True,False
tree_64d7,Terminalia mantaly,road,False,True,False
tree_64d9,Terminalia mantaly,road,False,True,False
tree_64db,Terminalia mantaly,road,False,True,False
tree_64dd,Terminalia mantaly,road,False,True,False
tree_64df,Terminalia mantaly,road,False,True,False
tree_64e1,Terminalia mantaly,road,False,True,False
tree_64e3,Terminalia mantaly,road,False,True,False
tree_64e5,Terminalia mantaly,road,False,True,False
tree_64e7,Terminalia mantaly,road,False,True,False
tree_64e9,Terminalia mantaly,road,False,True,False
tree_64eb,Terminalia mantaly,road,False,True,False
tree_64ed,Terminalia mantaly,road,False,True,False
tree_64ef,Terminalia mantaly,road,False,True,False
tree_64f1,Terminalia mantaly,road,False,True,False
tree_64f3,Terminalia mantaly,road,False,True,False
tree_64f5,Terminalia mantaly,road,False,True,False
tree_64f7,Terminalia mantaly,road,False,True,False
tree_64f9,Terminalia mantaly,road,False,True,False
tree_6567,Terminalia mantaly,road,False,True,False
tree_6569,Terminalia mantaly,road,False,True,False
tree_660d,Terminalia mantaly,road,False,True,False
tree_660f,Terminalia mantaly,road,False,True,False
tree_6611,Terminalia mantaly,road,False,True,False
tree_6613,Terminalia mantaly,road,True,True,False
tree_6615,Terminalia mantaly,road,False,True,False
tree_6617,Terminalia mantaly,road,False,True,False
tree_6691,Terminalia mantaly,road,False,True,False
tree_6693,Terminalia mantaly,road,False,True,False
tree_6695,Terminalia mantaly,road,False,True,False
tree_6697,Terminalia mantaly,road,False,True,False
tree_6699,Terminalia mantaly,road,False,True,False
tree_669b,Terminalia mantaly,road,False,True,False
tree_669d,Terminalia mantaly,road,False,True,False
tree_669f,Terminalia mantaly,road,False,True,False
tree_66a1,Terminalia mantaly,road,False,True,False
tree_66a3,Terminalia mantaly,road,False,True,False
tree_66a5,Terminalia mantaly,road,False,True,False
tree_66a7,Terminalia mantaly,road,False,True,False
tree_66a9,Terminalia mantaly,road,False,True,False
tree_66ab,Terminalia mantaly,road,False,True,False
tree_66ad,Terminalia mantaly,road,False,True,False
tree_66af,Terminalia mantaly,road,False,True,False
tree_66b1,Terminalia mantaly,road,False,True,False
tree_66b3,Terminalia mantaly,road,False,True,False
tree_66b5,Terminalia mantaly,road,False,True,False
tree_66b7,Terminalia mantaly,road,False,True,False
tree_66b9,Terminalia mantaly,road,False,True,False
tree_66bb,Terminalia mantaly,road,False,True,False
tree_66bd,Terminalia mantaly,road,False,True,False
tree_66bf,Terminalia mantaly,road,False,True,False
tree_66c1,Terminalia mantaly,road,False,True,False
tree_66c3,Terminalia mantaly,road,False,True,False
tree_66c5,Terminalia mantaly,road,False,True,False
tree_66c7,Terminalia mantaly,road,False,True,False
tree_66c9,Terminalia mantaly,road,False,True,False
tree_66cb,Terminalia mantaly,road,False,True,False
tree_66cd,Terminalia mantaly,road,False,True,False
tree_66cf,Terminalia mantaly,road,False,True,False
tree_66d1,Terminalia mantaly,road,False,True,False
tree_66d3,Terminalia mantaly,road,False,True,False
tree_66d5,Terminalia mantaly,road,False,True,False
tree_66d7,Terminalia mantaly,road,False,True,False
tree_66d9,Terminalia mantaly,road,False,True,False
tree_66db,Terminalia mantaly,road,False,True,False
tree_66dd,Terminalia mantaly,road,False,True,False
tree_66df,Terminalia mantaly,road,True,True,False
tree_66e1,Terminalia mantaly,road,False,True,False
tree_66e3,Terminalia mantaly,road,False,True,False
tree_66e5,Terminalia mantaly,road,False,True,False
tree_66e7,Terminalia mantaly,road,False,True,False
tree_66e9,Terminalia mantaly,road,False,True,False
tree_66eb,Terminalia mantaly,road,False,True,False
tree_66ed,Terminalia mantaly,road,False,True,False
tree_66ef,Terminalia mantaly,road,False,True,False
tree_66f1,Terminalia mantaly,road,False,True,False
tree_66f3,Terminalia mantaly,road,False,True,False
tree_66f5,Terminalia mantaly,road,False,True,False
tree_66f7,Terminalia mantaly,road,False,True,False
tree_66f9,Terminalia mantaly,road,False,True,False
tree_66fb,Terminalia mantaly,road,False,True,False
tree_66fd,Terminalia mantaly,road,False,True,False
tree_66ff,Terminalia mantaly,road,False,True,False
tree_6701,Terminalia mantaly,road,False,True,False
tree_6703,Terminalia mantaly,road,False,True,False
tree_6705,Terminalia mantaly,road,False,True,False
tree_6707,Terminalia mantaly,road,False,True,False
tree_6709,Terminalia mantaly,road,False,True,False
tree_670b,Terminalia mantaly,road,False,True,False
tree_670d,Terminalia mantaly,road,False,True,False
tree_670f,Terminalia mantaly,road,False,True,False
tree_6711,Terminalia mantaly,road,False,True,False
tree_6713,Terminalia mantaly,road,False,True,False
tree_6715,Terminalia mantaly,road,True,True,False
tree_6717,Terminalia mantaly,road,False,True,False
tree_6719,Terminalia mantaly,road,False,True,False
tree_671b,Terminalia mantaly,road,False,True,False
tree_671f,Tamarindus indica,road,False,True,False
tree_6721,Azadirachta indica,road,False,True,False
tree_6723,Azadirachta indica,road,False,True,False
tree_6727,Terminalia mantaly,road,False,True,False
tree_672b,Terminalia mantaly,road,False,True,False
tree_672f,Tamarindus indica,road,False,True,False
tree_6731,Azadirachta indica,road,False,True,False
tree_673d,Tamarindus indica,road,False,True,False
tree_673f,Terminalia mantaly,road,False,True,False
tree_6745,Azadirachta indica,road,False,True,False
tree_6747,Azadirachta indica,road,False,True,False
tree_674d,Azadirachta indica,road,False,True,False
tree_6751,Azadirachta indica,road,False,True,False
tree_6753,Terminalia mantaly,road,False,True,False
tree_6757,Azadirachta indica,road,False,True,False
tree_6759,Azadirachta indica,road,False,True,False
tree_675b,Azadirachta indica,road,False,True,False
tree_6761,Terminalia mantaly,road,False,True,False
tree_6763,Tamarindus indica,road,False,True,False
tree_6765,Terminalia mantaly,road,False,True,False
tree_6767,Tamarindus indica,road,False,True,False
tree_6769,Azadirachta indica,road,False,True,False
tree_676b,Terminalia mantaly,road,False,True,False
tree_6775,Terminalia mantaly,road,False,True,False
tree_6779,Tamarindus indica,road,False,True,False
tree_677b,Tamarindus indica,road,False,True,False
tree_677d,Terminalia mantaly,road,False,True,False
tree_6781,Azadirachta indica,road,False,True,False
tree_6783,Terminalia mantaly,road,False,True,False
tree_6787,Tamarindus indica,road,False,True,False
tree_6789,Azadirachta indica,road,False,True,False
tree_678b,Tamarindus indica,road,False,True,False
tree_678d,Khaya senegalensis,road,False,True,False
tree_6791,Terminalia mantaly,road,False,True,False
tree_6799,Azadirachta indica,road,False,True,False
tree_679b,Azadirachta indica,road,False,True,False
tree_679d,Terminalia mantaly,road,False,True,False
tree_67a1,Tamarindus indica,road,False,True,False
tree_67a7,Terminalia mantaly,road,False,True,False
tree_67ab,Tamarindus indica,road,False,True,False
tree_67af,Azadirachta indica,road,False,True,False
tree_67b5,Tamarindus indica,road,False,True,False
tree_67b7,Azadirachta indica,road,False,True,False
tree_67b9,Khaya senegalensis,road,False,True,False
tree_67bd,Azadirachta indica,road,False,True,False
tree_67c1,Terminalia mantaly,road,False,True,False
tree_67c3,Terminalia mantaly,road,False,True,False
tree_67c5,Azadirachta indica,road,False,True,False
tree_67c7,Azadirachta indica,road,False,True,False
tree_67c9,Azadirachta indica,road,False,True,False
tree_67cb,Tamarindus indica,road,False,True,False
tree_67cf,Terminalia mantaly,road,False,True,False
tree_67d9,Tamarindus indica,road,False,True,False
tree_67dd,Terminalia mantaly,road,False,True,False
tree_67df,Azadirachta indica,road,False,True,False
tree_67e9,Terminalia mantaly,road,False,True,False
tree_67eb,Terminalia mantaly,road,False,True,False
tree_67ed,Terminalia mantaly,road,False,True,False
tree_67ef,Terminalia mantaly,road,False,True,False
tree_67f1,Terminalia mantaly,road,False,True,False
tree_67f3,Terminalia mantaly,road,False,True,False
tree_67f5,Terminalia mantaly,road,False,True,False
tree_67f7,Terminalia mantaly,road,False,True,False
tree_67f9,Terminalia mantaly,road,False,True,False
tree_67fb,Terminalia mantaly,road,False,True,False
tree_6803,Azadirachta indica,road,False,True,False
tree_6807,Terminalia mantaly,road,False,True,False
tree_6809,Terminalia mantaly,road,False,True,False
tree_680b,Tamarindus indica,road,False,True,False
tree_680d,Azadirachta indica,road,False,True,False
tree_680f,Tamarindus indica,road,False,True,False
tree_6813,Tamarindus indica,road,False,True,False
tree_6817,Azadirachta indica,road,False,True,False
tree_681d,Terminalia mantaly,road,False,True,False
tree_6821,Tamarindus indica,road,False,True,False
tree_6827,Azadirachta indica,road,False,True,False
tree_682d,Tamarindus indica,road,False,True,False
tree_682f,Tamarindus indica,road,False,True,False
tree_6831,Terminalia mantaly,road,False,True,False
tree_6835,Azadirachta indica,road,False,True,False
tree_6839,Tamarindus indica,road,False,True,False
tree_683d,Azadirachta indica,road,False,True,False
tree_683f,Terminalia mantaly,road,False,True,False
tree_6841,Terminalia mantaly,road,False,True,False
tree_6843,Tamarindus indica,road,False,True,False
tree_6845,Azadirachta indica,road,False,True,False
tree_6847,Terminalia mantaly,road,False,True,False
tree_6849,Tamarindus indica,road,False,True,False
tree_684b,Terminalia mantaly,road,False,True,False
tree_684d,Azadirachta indica,road,False,True,False
tree_6853,Terminalia mantaly,road,False,True,False
tree_6855,Terminalia mantaly,road,True,True,False
tree_6859,Terminalia mantaly,road,False,True,False
tree_685d,Azadirachta indica,road,False,True,False
tree_6863,Terminalia mantaly,road,False,True,False
tree_6865,Terminalia mantaly,road,False,True,False
tree_6867,Azadirachta indica,road,False,True,False
tree_686b,Tamarindus indica,road,False,True,False
tree_686f,Tamarindus indica,road,False,True,False
tree_6871,Terminalia mantaly,road,False,True,False
tree_6873,Azadirachta indica,road,False,True,False
tree_6877,Azadirachta indica,road,False,True,False
tree_687d,Azadirachta indica,road,False,True,False
tree_687f,Terminalia mantaly,road,False,True,False
tree_6881,Tamarindus indica,road,False,True,False
tree_6887,Azadirachta indica,road,False,True,False
tree_6889,Terminalia mantaly,road,False,True,False
tree_688b,Azadirachta indica,road,False,True,False
tree_688f,Tamarindus indica,road,False,True,False
tree_6891,Azadirachta indica,road,False,True,False
tree_689b,Azadirachta indica,road,False,True,False
tree_689d,Terminalia mantaly,road,False,True,False
tree_689f,Tamarindus indica,road,False,True,False
tree_68a1,Tamarindus indica,road,False,True,False
tree_68a3,Terminalia mantaly,road,False,True,False
tree_68a7,Terminalia mantaly,road,False,True,False
tree_68af,Azadirachta indica,road,False,True,False
tree_68b5,Azadirachta indica,road,False,True,False
tree_68b7,Tamarindus indica,road,False,True,False
tree_68bb,Azadirachta indica,road,False,True,False
tree_68c1,Tamarindus indica,road,False,True,False
tree_68c5,Tamarindus indica,road,False,True,False
tree_68c7,Terminalia mantaly,road,False,True,False
tree_68cb,Azadirachta indica,road,False,True,False
tree_68cf,Tamarindus indica,road,False,True,False
tree_68d9,Azadirachta indica,road,False,True,False
tree_68db,Azadirachta indica,road,False,True,False
tree_68e1,Azadirachta indica,road,False,True,False
tree_68e3,Azadirachta indica,road,False,True,False
tree_68e5,Terminalia mantaly,road,False,True,False
tree_68e7,Azadirachta indica,road,False,True,False
tree_68e9,Azadirachta indica,road,False,True,False
tree_68ef,Azadirachta indica,road,False,True,False
tree_68f1,Azadirachta indica,road,False,True,False
tree_68f3,Terminalia mantaly,road,False,True,False
tree_68f5,Terminalia mantaly,road,False,True,False
tree_68f7,Terminalia mantaly,road,False,True,False
tree_68fb,Tamarindus indica,road,False,True,False
tree_68ff,Tamarindus indica,road,False,True,False
tree_6905,Azadirachta indica,road,False,True,False
tree_6907,Terminalia mantaly,road,False,True,False
tree_6909,Terminalia mantaly,road,False,True,False
tree_690b,Azadirachta indica,road,False,True,False
tree_690f,Tamarindus indica,road,False,True,False
tree_6911,Tamarindus indica,road,False,True,False
tree_6913,Azadirachta indica,road,True,True,False
tree_6915,Khaya senegalensis,road,False,True,False
tree_691b,Tamarindus indica,road,False,True,False
tree_691d,Tamarindus indica,road,False,True,False
tree_691f,Azadirachta indica,road,False,True,False
tree_6921,Terminalia mantaly,road,False,True,False
tree_6925,Tamarindus indica,road,False,True,False
tree_6929,Terminalia mantaly,road,False,True,False
tree_692d,Azadirachta indica,road,False,True,False
tree_6931,Azadirachta indica,road,False,True,False
tree_6933,Azadirachta indica,road,False,True,False
tree_6939,Terminalia mantaly,road,False,True,False
tree_6941,Azadirachta indica,road,False,True,False
tree_6943,Azadirachta indica,road,False,True,False
tree_6947,Terminalia mantaly,road,False,True,False
tree_6949,Tamarindus indica,road,False,True,False
tree_694b,Tamarindus indica,road,False,True,False
tree_694d,Azadirachta indica,road,False,True,False
tree_6951,Azadirachta indica,road,False,True,False
tree_6955,Azadirachta indica,road,False,True,False
tree_6959,Tamarindus indica,road,False,True,False
tree_695b,Khaya senegalensis,road,False,True,False
tree_695d,Terminalia mantaly,road,False,True,False
tree_6963,Terminalia mantaly,road,False,True,False
tree_6967,Azadirachta indica,road,False,True,False
tree_6969,Terminalia mantaly,road,False,True,False
tree_696b,Tamarindus indica,road,False,True,False
tree_696f,Terminalia mantaly,road,False,True,False
tree_6977,Azadirachta indica,road,False,True,False
tree_6979,Terminalia mantaly,road,False,True,False
tree_697f,Azadirachta indica,road,False,True,False
tree_6987,Azadirachta indica,road,False,True,False
tree_6989,Azadirachta indica,road,False,True,False
tree_698b,Azadirachta indica,road,False,True,False
tree_698f,Azadirachta indica,road,False,True,False
tree_6991,Tamarindus indica,road,False,True,False
tree_6995,Terminalia mantaly,road,False,True,False
tree_6999,Azadirachta indica,road,True,True,False
tree_699b,Tamarindus indica,road,False,True,False
tree_69a5,Tamarindus indica,road,False,True,False
tree_69a7,Tamarindus indica,road,False,True,False
tree_69a9,Terminalia mantaly,road,False,True,False
tree_69ad,Tamarindus indica,road,False,True,False
tree_69b1,Terminalia mantaly,road,False,True,False
tree_69b7,Tamarindus indica,road,False,True,False
tree_69b9,Terminalia mantaly,road,False,True,False
tree_69bd,Terminalia mantaly,road,False,True,False
tree_69bf,Tamarindus indica,road,False,True,False
tree_69c3,Terminalia mantaly,road,False,True,False
tree_69c5,Azadirachta indica,road,False,True,False
tree_69c7,Terminalia mantaly,road,False,True,False
tree_69cd,Azadirachta indica,road,False,True,False
tree_69d1,Azadirachta indica,road,False,True,False
tree_69d3,Tamarindus indica,road,False,True,False
tree_69d5,Azadirachta indica,road,False,True,False
tree_69dd,Terminalia mantaly,road,False,True,False
tree_69df,Azadirachta indica,road,False,True,False
tree_69e1,Tamarindus indica,road,False,True,False
tree_69e3,Terminalia mantaly,road,False,True,False
tree_69e5,Terminalia mantaly,road,False,True,False
tree_69e7,Azadirachta indica,road,False,True,False
tree_69e9,Tamarindus indica,road,False,True,False
tree_69eb,Terminalia mantaly,road,False,True,False
tree_69ed,Terminalia mantaly,road,False,True,False
tree_69ef,Terminalia mantaly,road,False,True,False
tree_69f1,Terminalia mantaly,road,False,True,False
tree_69f5,Azadirachta indica,road,False,True,False
tree_69f9,Azadirachta indica,road,False,True,False
tree_69fb,Azadirachta indica,road,False,True,False
tree_69ff,Tamarindus indica,road,False,True,False
tree_6a03,Azadirachta indica,road,False,True,False
tree_6a05,Azadirachta indica,road,False,True,False
tree_6a07,Tamarindus indica,road,False,True,False
tree_6a0d,Terminalia mantaly,road,False,True,False
tree_6a0f,Khaya senegalensis,road,False,True,False
tree_6a13,Terminalia mantaly,road,False,True,False
tree_6a15,Terminalia mantaly,road,False,True,False
tree_6a1b,Tamarindus indica,road,False,True,False
tree_6a1d,Terminalia mantaly,road,False,True,False
tree_6a21,Tamarindus indica,road,False,True,False
tree_6a23,Terminalia mantaly,road,False,True,False
tree_6a25,Tamarindus indica,road,False,True,False
tree_6a27,Azadirachta indica,road,False,True,False
tree_6a2d,Terminalia mantaly,road,False,True,False
tree_6a2f,Tamarindus indica,road,False,True,False
tree_6a33,Terminalia mantaly,road,False,True,False
tree_6a35,Azadirachta indica,road,True,True,False
tree_6a3f,Terminalia mantaly,road,False,True,False
tree_6a43,Azadirachta indica,road,False,True,False
tree_6a45,Terminalia mantaly,road,False,True,False
tree_6a47,Terminalia mantaly,road,False,True,False
tree_6a49,Azadirachta indica,road,False,True,False
tree_6a4b,Azadirachta indica,road,False,True,False
tree_6a4f,Terminalia mantaly,road,False,True,False
tree_6a51,Terminalia mantaly,road,False,True,False
tree_6a53,Terminalia mantaly,road,False,True,False
tree_6a55,Tamarindus indica,road,False,True,False
tree_6a59,Khaya senegalensis,road,False,True,False
tree_6a5b,Terminalia mantaly,road,False,True,False
tree_6a63,Tamarindus indica,road,False,True,False
tree_6a65,Azadirachta indica,road,False,True,False
tree_6a67,Tamarindus indica,road,False,True,False
tree_6a69,Tamarindus indica,road,False,True,False
tree_6a6b,Terminalia mantaly,road,False,True,False
tree_6a6d,Terminalia mantaly,road,False,True,False
tree_6a6f,Azadirachta indica,road,False,True,False
tree_6a77,Terminalia mantaly,road,False,True,False
tree_6a7d,Terminalia mantaly,road,False,True,False
tree_6a7f,Terminalia mantaly,road,False,True,False
tree_6a81,Terminalia mantaly,road,False,True,False
tree_6a83,Terminalia mantaly,road,False,True,False
tree_6a87,Azadirachta indica,road,False,True,False
tree_6a89,Azadirachta indica,road,True,True,False
tree_6a93,Azadirachta indica,road,False,True,False
tree_6a97,Tamarindus indica,road,False,True,False
tree_6a99,Azadirachta indica,road,False,True,False
tree_6a9b,Azadirachta indica,road,False,True,False
tree_6a9d,Khaya senegalensis,road,False,True,False
tree_6a9f,Terminalia mantaly,road,False,True,False
tree_6aa3,Terminalia mantaly,road,False,True,False
tree_6aa5,Terminalia mantaly,road,False,True,False
tree_6aa7,Terminalia mantaly,road,False,True,False
tree_6aa9,Terminalia mantaly,road,True,True,False
tree_6aab,Terminalia mantaly,road,False,True,False
tree_6aad,Terminalia mantaly,road,False,True,False
tree_6aaf,Terminalia mantaly,road,False,True,False
tree_6ab1,Terminalia mantaly,road,False,True,False
tree_6ab3,Terminalia mantaly,road,False,True,False
tree_6ab5,Terminalia mantaly,road,False,True,False
tree_6ab7,Terminalia mantaly,road,False,True,False
tree_6ab9,Terminalia mantaly,road,False,True,False
tree_6abb,Terminalia mantaly,road,False,True,False
tree_6abd,Azadirachta indica,road,False,True,False
tree_6abf,Tamarindus indica,road,False,True,False
tree_6ac1,Tamarindus indica,road,False,True,False
tree_6ac5,Tamarindus indica,road,False,True,False
tree_6acb,Azadirachta indica,road,False,True,False
tree_6acd,Azadirachta indica,road,False,True,False
tree_6ad1,Terminalia mantaly,road,False,True,False
tree_6ad3,Tamarindus indica,road,False,True,False
tree_6ad5,Azadirachta indica,road,False,True,False
tree_6ad7,Azadirachta indica,road,False,True,False
tree_6add,Terminalia mantaly,road,False,True,False
tree_6adf,Tamarindus indica,road,False,True,False
tree_6ae1,Azadirachta indica,road,False,True,False
tree_6ae7,Tamarindus indica,road,False,True,False
tree_6afd,Tamarindus indica,road,False,True,False
tree_6aff,Terminalia mantaly,road,False,True,False
tree_6b01,Khaya senegalensis,road,False,True,False
tree_6b05,Terminalia mantaly,road,False,True,False
tree_6b07,Tamarindus indica,road,False,True,False
tree_6b0b,Tamarindus indica,road,False,True,False
tree_6b0f,Azadirachta indica,road,False,True,False
tree_6b11,Terminalia mantaly,road,False,True,False
tree_6b13,Tamarindus indica,road,False,True,False
tree_6b15,Azadirachta indica,road,False,True,False
tree_6b17,Terminalia mantaly,road,False,True,False
tree_6b19,Azadirachta indica,road,False,True,False
tree_6beb,Terminalia mantaly,road,False,True,False
tree_766b,Terminalia mantaly,road,False,True,False
tree_7ac1,Terminalia mantaly,road,False,True,False
tree_7ac9,Terminalia mantaly,road,False,True,False
tree_7bbd,Terminalia mantaly,road,False,True,False
tree_7bc1,Terminalia mantaly,road,False,True,False
tree_7d39,Terminalia mantaly,road,False,True,False
tree_7dd1,Terminalia mantaly,road,False,True,False
tree_7dd5,Terminalia mantaly,road,False,True,False
tree_7dd7,Terminalia mantaly,road,False,True,False
tree_7fd9,Terminalia mantaly,road,False,True,False
tree_82ab,Terminalia mantaly,road,False,True,False
tree_82ad,Terminalia mantaly,road,False,True,False
tree_82af,Terminalia mantaly,road,False,True,False
tree_82f9,Terminalia mantaly,road,False,True,False
tree_82fd,Terminalia mantaly,road,False,True,False
tree_83e7,Terminalia mantaly,road,False,True,False
tree_84cf,Terminalia mantaly,road,False,True,False
tree_84d1,Terminalia mantaly,road,False,True,False
tree_84dd,Terminalia mantaly,road,False,True,False
tree_84e7,Terminalia mantaly,road,False,True,False
tree_8589,Terminalia mantaly,road,False,True,False
tree_8597,Terminalia mantaly,road,False,True,False
tree_859b,Terminalia mantaly,road,False,True,False
tree_85a9,Terminalia mantaly,road,False,True,False
tree_85b1,Terminalia mantaly,road,False,True,False
tree_85b3,Terminalia mantaly,road,False,True,False
tree_85b5,Terminalia mantaly,road,False,True,False
tree_85b7,Terminalia mantaly,road,False,True,False
tree_85b9,Terminalia mantaly,road,False,True,False
tree_85bb,Terminalia mantaly,road,False,True,False
tree_861f,Terminalia mantaly,road,False,True,False
tree_872d,Terminalia mantaly,road,False,True,False
tree_8733,Terminalia mantaly,road,False,True,False
tree_8737,Terminalia mantaly,road,False,True,False
tree_88d9,Terminalia mantaly,road,False,True,False
tree_8cdb,Terminalia mantaly,road,False,True,False
tree_8cdd,Terminalia mantaly,road,False,True,False
tree_8cdf,Terminalia mantaly,road,False,True,False
tree_92f9,Terminalia mantaly,road,False,True,False
tree_9565,Azadirachta indica,road,False,True,False
tree_9b61,Terminalia mantaly,road,False,True,False
tree_9b69,Khaya senegalensis,road,False,True,False
tree_9b6b,Azadirachta indica,road,False,True,False
tree_9b6f,Terminalia mantaly,road,False,True,False
tree_9b71,Azadirachta indica,road,False,True,False
tree_9b79,Khaya senegalensis,road,False,True,False
tree_9b7b,Azadirachta indica,road,False,True,False
tree_9b7d,Azadirachta indica,road,False,True,False
tree_9b85,Terminalia mantaly,road,False,True,False
tree_9b87,Azadirachta indica,road,False,True,False
tree_9b8d,Terminalia mantaly,road,False,True,False
tree_9b8f,Azadirachta indica,road,False,True,False
tree_9b93,Tamarindus indica,road,False,True,False
tree_9b95,Terminalia mantaly,road,False,True,False
tree_9b9b,Terminalia mantaly,road,False,True,False
tree_9b9d,Terminalia mantaly,road,False,True,False
tree_9ba3,Azadirachta indica,road,True,True,False
tree_9ba5,Azadirachta indica,road,False,True,False
tree_9bab,Terminalia mantaly,road,False,True,False
tree_9bad,Terminalia mantaly,road,False,True,False
tree_9baf,Azadirachta indica,road,False,True,False
tree_9bb1,Terminalia mantaly,road,False,True,False
tree_9bb5,Tamarindus indica,road,False,True,False
tree_9bbb,Azadirachta indica,road,False,True,False
tree_9bbd,Azadirachta indica,road,False,True,False
tree_9bc1,Tamarindus indica,road,False,True,False
tree_9bc7,Terminalia mantaly,road,False,True,False
tree_9bcb,Tamarindus indica,road,False,True,False
tree_9bcf,Azadirachta indica,road,False,True,False
tree_9bd1,Terminalia mantaly,road,False,True,False
tree_9bd3,Tamarindus indica,road,False,True,False
tree_9bd9,Terminalia mantaly,road,False,True,False
tree_9bdb,Azadirachta indica,road,False,True,False
tree_9bdf,Terminalia mantaly,road,False,True,False
tree_9be5,Azadirachta indica,road,False,True,False
tree_9be7,Tamarindus indica,road,False,True,False
tree_9bed,Azadirachta indica,road,False,True,False
tree_9bf3,Terminalia mantaly,road,False,True,False
tree_9bff,Khaya senegalensis,road,False,True,False
tree_9c01,Azadirachta indica,road,False,True,False
tree_9c03,Azadirachta indica,road,False,True,False
tree_9c05,Tamarindus indica,road,False,True,False
tree_9c07,Azadirachta indica,road,False,True,False
tree_9c0b,Terminalia mantaly,road,False,True,False
tree_9c0d,Tamarindus indica,road,False,True,False
tree_9c0f,Terminalia mantaly,road,False,True,False
tree_9c11,Azadirachta indica,road,False,True,False
tree_9c13,Tamarindus indica,road,False,True,False
tree_9c17,Azadirachta indica,road,False,True,False
tree_9c1d,Terminalia mantaly,road,False,True,False
tree_9c1f,Tamarindus indica,road,False,True,False
tree_9c21,Tamarindus indica,road,False,True,False
tree_9c23,Terminalia mantaly,road,False,True,False
tree_9c25,Tamarindus indica,road,False,True,False
tree_9c29,Terminalia mantaly,road,False,True,False
tree_9c2b,Terminalia mantaly,road,False,True,False
tree_9c2f,Tamarindus indica,road,False,True,False
tree_9c31,Tamarindus indica,road,False,True,False
tree_9c37,Terminalia mantaly,road,False,True,False
tree_9c39,Azadirachta indica,road,False,True,False
tree_9c63,Azadirachta indica,road,False,True,False
tree_9c89,Tamarindus indica,road,False,True,False
tree_9c8d,Khaya senegalensis,road,False,True,False
tree_9d47,Azadirachta indica,road,False,True,False
tree_9d4f,Terminalia mantaly,road,False,True,False
tree_9d67,Tamarindus indica,road,False,True,False
tree_9d73,Terminalia mantaly,road,False,True,False
tree_9d79,Azadirachta indica,road,False,True,False
tree_9db7,Terminalia mantaly,road,False,True,False
tree_9dbb,Terminalia mantaly,road,False,True,False
tree_9df3,Tamarindus indica,road,False,True,False
tree_9e2d,Azadirachta indica,road,False,True,False
tree_9e3f,Terminalia mantaly,road,False,True,False
tree_9e89,Terminalia mantaly,road,False,True,False
tree_9e8f,Terminalia mantaly,road,False,True,False
tree_9ed9,Terminalia mantaly,road,False,True,False
tree_9ee1,Azadirachta indica,road,False,True,False
tree_9efb,Tamarindus indica,road,False,True,False
tree_9efd,Terminalia mantaly,road,False,True,False
tree_9f01,Terminalia mantaly,road,False,True,False
tree_9f17,Azadirachta indica,road,False,True,False
tree_9f81,Tamarindus indica,road,False,True,False
tree_9f8d,Azadirachta indica,road,True,True,False
tree_9fb3,Khaya senegalensis,road,False,True,False
tree_9fdd,Tamarindus indica,road,False,True,False
tree_a087,Terminalia mantaly,road,False,True,False
tree_a173,Terminalia mantaly,road,False,True,False
tree_a175,Terminalia mantaly,road,False,True,False
tree_a17f,Terminalia mantaly,road,False,True,False
tree_a181,Terminalia mantaly,road,False,True,False
tree_a189,Terminalia mantaly,road,False,True,False
tree_a18f,Terminalia mantaly,road,False,True,False
tree_a191,Terminalia mantaly,road,False,True,False
tree_a273,Terminalia mantaly,road,False,True,False
tree_a301,Azadirachta indica,road,False,True,False
tree_aaa3,Terminalia mantaly,road,False,True,False
tree_aaa7,Terminalia mantaly,road,False,True,False
tree_aaa9,Terminalia mantaly,road,False,True,False
tree_aaf5,Terminalia mantaly,road,False,True,False
tree_ab4b,Terminalia mantaly,road,False,True,False
tree_af55,Terminalia mantaly,road,False,True,False
tree_af57,Terminalia mantaly,road,False,True,False
tree_af5d,Terminalia mantaly,road,False,True,False
tree_af6b,Terminalia mantaly,road,False,True,False
tree_af6d,Terminalia mantaly,road,False,True,False
tree_af6f,Terminalia mantaly,road,False,True,False
tree_af93,Terminalia mantaly,road,False,True,False
tree_af95,Terminalia mantaly,road,False,True,False
tree_af9d,Terminalia mantaly,road,False,True,False
tree_b0a3,Terminalia mantaly,road,False,True,False
tree_b0a9,Terminalia mantaly,road,False,True,False
tree_b0ab,Terminalia mantaly,road,False,True,False
tree_b12d,Terminalia mantaly,road,False,True,False
tree_b12f,Terminalia mantaly,road,False,True,False
tree_b131,Terminalia mantaly,road,False,True,False
tree_b133,Terminalia mantaly,road,False,True,False
tree_b135,Terminalia mantaly,road,False,True,False
tree_b137,Terminalia mantaly,road,False,True,False
tree_b147,Terminalia mantaly,road,False,True,False
tree_b149,Terminalia mantaly,road,False,True,False
tree_b1bf,Terminalia mantaly,road,False,True,False
tree_b1c3,Terminalia mantaly,road,False,True,False
tree_b1c5,Terminalia mantaly,road,False,True,False
tree_b1cf,Terminalia mantaly,road,False,True,False
tree_b1d5,Terminalia mantaly,road,False,True,False
tree_b1d9,Terminalia mantaly,road,False,True,False
tree_b1db,Terminalia mantaly,road,False,True,False
tree_b22f,Azadirachta indica,road,False,True,False
tree_b233,Azadirachta indica,road,False,True,False
tree_b235,Terminalia mantaly,road,False,True,False
tree_b237,Tamarindus indica,road,False,True,False
tree_b249,Azadirachta indica,road,False,True,False
tree_b24b,Terminalia mantaly,road,False,True,False
tree_b35d,Terminalia mantaly,road,False,True,False
tree_b489,Terminalia mantaly,road,False,True,False
tree_b4f3,Tamarindus indica,road,False,True,False
tree_b939,Tamarindus indica,road,False,True,False
tree_b93b,Azadirachta indica,road,False,True,False
tree_b977,Terminalia mantaly,road,False,True,False
tree_b979,Terminalia mantaly,road,False,True,False
tree_b995,Terminalia mantaly,road,False,True,False
tree_b997,Terminalia mantaly,road,False,True,False
tree_b999,Terminalia mantaly,road,False,True,False
tree_b99d,Terminalia mantaly,road,False,True,False
tree_b99f,Terminalia mantaly,road,False,True,False
tree_b9a5,Terminalia mantaly,road,False,True,False
tree_b9a7,Terminalia mantaly,road,False,True,False
tree_b9a9,Terminalia mantaly,road,False,True,False
tree_b9b9,Terminalia mantaly,road,False,True,False
tree_ba01,Terminalia mantaly,road,False,True,False
tree_ba03,Terminalia mantaly,road,False,True,False
tree_ba05,Terminalia mantaly,road,False,True,False
tree_ba09,Terminalia mantaly,road,False,True,False
tree_ba0d,Terminalia mantaly,road,False,True,False
tree_ba11,Terminalia mantaly,road,False,True,False
tree_ba15,Terminalia mantaly,road,False,True,False
tree_ba19,Terminalia mantaly,road,False,True,False
tree_ba1d,Terminalia mantaly,road,False,True,False
tree_ba21,Terminalia mantaly,road,False,True,False
tree_ba25,Terminalia mantaly,road,False,True,False
tree_ba29,Terminalia mantaly,road,False,True,False
tree_ba2d,Terminalia mantaly,road,False,True,False
tree_ba31,Terminalia mantaly,road,False,True,False
tree_ba35,Terminalia mantaly,road,False,True,False
tree_ba39,Terminalia mantaly,road,False,True,False
tree_ba3d,Terminalia mantaly,road,False,True,False
tree_ba41,Terminalia mantaly,road,True,True,False
tree_ba45,Terminalia mantaly,road,False,True,False
tree_ba49,Terminalia mantaly,road,False,True,False
tree_ba4d,Terminalia mantaly,road,False,True,False
tree_ba51,Terminalia mantaly,road,False,True,False
tree_ba55,Terminalia mantaly,road,False,True,False
tree_ba59,Terminalia mantaly,road,False,True,False
tree_ba5d,Terminalia mantaly,road,False,True,False
tree_ba61,Terminalia mantaly,road,False,True,False
tree_ba65,Terminalia mantaly,road,False,True,False
tree_ba69,Terminalia mantaly,road,False,True,False
tree_ba6d,Terminalia mantaly,road,False,True,False
tree_ba71,Terminalia mantaly,road,False,True,False
tree_ba75,Terminalia mantaly,road,False,True,False
tree_ba79,Terminalia mantaly,road,False,True,False
tree_ba7d,Terminalia mantaly,road,False,True,False
tree_ba81,Terminalia mantaly,road,False,True,False
tree_ba85,Terminalia mantaly,road,False,True,False
tree_ba89,Terminalia mantaly,road,False,True,False
tree_ba8d,Terminalia mantaly,road,False,True,False
tree_ba91,Terminalia mantaly,road,False,True,False
tree_ba95,Terminalia mantaly,road,False,True,False
tree_ba99,Terminalia mantaly,road,False,True,False
tree_ba9d,Terminalia mantaly,road,False,True,False
tree_baa1,Terminalia mantaly,road,False,True,False
tree_baa5,Terminalia mantaly,road,False,True,False
tree_baa9,Terminalia mantaly,road,False,True,False
tree_baad,Terminalia mantaly,road,False,True,False
tree_bab1,Terminalia mantaly,road,False,True,False
tree_bab5,Terminalia mantaly,road,False,True,False
tree_bab9,Terminalia mantaly,road,False,True,False
tree_babd,Terminalia mantaly,road,False,True,False
tree_bac1,Terminalia mantaly,road,False,True,False
tree_bac5,Terminalia mantaly,road,False,True,False
tree_bac9,Terminalia mantaly,road,False,True,False
tree_bacd,Terminalia mantaly,road,False,True,False
tree_bad1,Terminalia mantaly,road,False,True,False
tree_bad5,Terminalia mantaly,road,False,True,False
tree_bad9,Terminalia mantaly,road,False,True,False
tree_badd,Terminalia mantaly,road,False,True,False
tree_bae1,Terminalia mantaly,road,False,True,False
tree_bae5,Terminalia mantaly,road,False,True,False
tree_bae9,Terminalia mantaly,road,False,True,False
tree_baed,Terminalia mantaly,road,False,True,False
tree_baf1,Terminalia mantaly,road,False,True,False
tree_baf5,Terminalia mantaly,road,False,True,False
tree_baf9,Terminalia mantaly,road,True,True,False
tree_bafd,Terminalia mantaly,road,False,True,False
tree_bb01,Terminalia mantaly,road,False,True,False
tree_bb05,Terminalia mantaly,road,False,True,False
tree_bb09,Terminalia mantaly,road,False,True,False
tree_bb0d,Terminalia mantaly,road,False,True,False
tree_bb11,Terminalia mantaly,road,False,True,False
tree_bb15,Terminalia mantaly,road,False,True,False
tree_bb19,Terminalia mantaly,road,False,True,False
tree_bb1d,Terminalia mantaly,road,False,True,False
tree_bb21,Terminalia mantaly,road,False,True,False
tree_bb25,Terminalia mantaly,road,False,True,False
tree_bb29,Terminalia mantaly,road,False,True,False
tree_bb2d,Terminalia mantaly,road,False,True,False
tree_bb31,Terminalia mantaly,road,False,True,False
tree_bb35,Terminalia mantaly,road,False,True,False
tree_bb39,Terminalia mantaly,road,False,True,False
tree_bb3d,Terminalia mantaly,road,False,True,False
tree_bb41,Terminalia mantaly,road,False,True,False
tree_bb45,Terminalia mantaly,road,False,True,False
tree_bb49,Terminalia mantaly,road,False,True,False
tree_bb4d,Terminalia mantaly,road,False,True,False
tree_bb51,Terminalia mantaly,road,False,True,False
tree_bb55,Azadirachta indica,road,False,True,False
tree_bb59,Terminalia mantaly,road,False,True,False
tree_bb65,Tamarindus indica,road,False,True,False
tree_bb69,Terminalia mantaly,road,False,True,False
tree_bb6d,Azadirachta indica,road,False,True,False
tree_bb71,Terminalia mantaly,road,False,True,False
tree_bb79,Terminalia mantaly,road,False,True,False
tree_bb7d,Terminalia mantaly,road,False,True,False
tree_bb81,Terminalia mantaly,road,False,True,False
tree_bb8b,Terminalia mantaly,road,False,True,False
tree_bb8f,Terminalia mantaly,road,False,True,False
tree_bb93,Terminalia mantaly,road,False,True,False
tree_bb97,Terminalia mantaly,road,False,True,False
tree_bb9b,Terminalia mantaly,road,False,True,False
tree_bb9f,Terminalia mantaly,road,False,True,False
tree_bba3,Terminalia mantaly,road,False,True,False
tree_bba7,Terminalia mantaly,road,False,True,False
tree_bbab,Terminalia mantaly,road,False,True,False
tree_bbaf,Terminalia mantaly,road,False,True,False
tree_bbb3,Terminalia mantaly,road,False,True,False
tree_bbb7,Terminalia mantaly,road,False,True,False
tree_bbbb,Terminalia mantaly,road,False,True,False
tree_bbbf,Terminalia mantaly,road,False,True,False
tree_bbc3,Terminalia mantaly,road,False,True,False
tree_bbc7,Terminalia mantaly,road,False,True,False
tree_bbcb,Terminalia mantaly,road,False,True,False
tree_bbcf,Terminalia mantaly,road,False,True,False
tree_bbd3,Terminalia mantaly,road,False,True,False
tree_bbd7,Terminalia mantaly,road,False,True,False
tree_bbdb,Terminalia mantaly,road,False,True,False
tree_bbdf,Terminalia mantaly,road,False,True,False
tree_bbe3,Azadirachta indica,road,False,True,False
tree_bbe7,Terminalia mantaly,road,False,True,False
tree_bbeb,Terminalia mantaly,road,False,True,False
tree_bbef,Terminalia mantaly,road,False,True,False
tree_bbf3,Terminalia mantaly,road,False,True,False
tree_bbf7,Terminalia mantaly,road,False,True,False
tree_bbfb,Terminalia mantaly,road,False,True,False
tree_bbff,Terminalia mantaly,road,False,True,False
tree_bc03,Terminalia mantaly,road,False,True,False
tree_bc07,Terminalia mantaly,road,False,True,False
tree_bc0b,Terminalia mantaly,road,False,True,False
tree_bc0f,Terminalia mantaly,road,False,True,False
tree_bc13,Terminalia mantaly,road,False,True,False
tree_bc17,Terminalia mantaly,road,False,True,False
tree_bc1b,Terminalia mantaly,road,False,True,False
tree_bc1d,Terminalia mantaly,road,False,True,False
tree_bc1f,Terminalia mantaly,road,False,True,False
tree_bc21,Terminalia mantaly,road,False,True,False
tree_bc23,Terminalia mantaly,road,False,True,False
tree_bc27,Terminalia mantaly,road,False,True,False
tree_bc2b,Terminalia mantaly,road,False,True,False
tree_bc2f,Terminalia mantaly,road,False,True,False
tree_bc33,Terminalia mantaly,road,False,True,False
tree_bc37,Terminalia mantaly,road,False,True,False
tree_bc3b,Terminalia mantaly,road,False,True,False
tree_bc3f,Terminalia mantaly,road,False,True,False
tree_bc43,Terminalia mantaly,road,False,True,False
tree_bc47,Terminalia mantaly,road,False,True,False
tree_bc4b,Terminalia mantaly,road,False,True,False
tree_bc4f,Terminalia mantaly,road,False,True,False
tree_bc53,Terminalia mantaly,road,False,True,False
tree_bc57,Terminalia mantaly,road,False,True,False
tree_bc5b,Terminalia mantaly,road,False,True,False
tree_bc5f,Terminalia mantaly,road,False,True,False
tree_bc63,Terminalia mantaly,road,False,True,False
tree_bc67,Terminalia mantaly,road,False,True,False
tree_bc6b,Terminalia mantaly,road,False,True,False
tree_bc6f,Terminalia mantaly,road,False,True,False
tree_bc73,Terminalia mantaly,road,False,True,False
tree_bc77,Terminalia mantaly,road,False,True,False
tree_bc7b,Terminalia mantaly,road,True,True,False
tree_bc7f,Terminalia mantaly,road,False,True,False
tree_bc83,Terminalia mantaly,road,False,True,False
tree_bc87,Terminalia mantaly,road,False,True,False
tree_bc8b,Terminalia mantaly,road,False,True,False
tree_bc8f,Terminalia mantaly,road,False,True,False
tree_bc93,Terminalia mantaly,road,False,True,False
tree_bc97,Terminalia mantaly,road,False,True,False
tree_bc9b,Terminalia mantaly,road,False,True,False
tree_bc9f,Terminalia mantaly,road,False,True,False
tree_bca3,Terminalia mantaly,road,False,True,False
tree_bca7,Terminalia mantaly,road,False,True,False
tree_bcab,Terminalia mantaly,road,False,True,False
tree_bcaf,Terminalia mantaly,road,False,True,False
tree_bcb3,Terminalia mantaly,road,False,True,False
tree_bcb7,Terminalia mantaly,road,False,True,False
tree_bcbb,Terminalia mantaly,road,False,True,False
tree_bcbf,Terminalia mantaly,road,False,True,False
tree_bcc3,Terminalia mantaly,road,False,True,False
tree_bcc7,Terminalia mantaly,road,False,True,False
tree_bccb,Terminalia mantaly,road,False,True,False
tree_bccf,Terminalia mantaly,road,False,True,False
tree_bcd3,Terminalia mantaly,road,False,True,False
tree_bcd7,Terminalia mantaly,road,False,True,False
tree_bcdb,Terminalia mantaly,road,False,True,False
tree_bcdf,Terminalia mantaly,road,False,True,False
tree_bce3,Terminalia mantaly,road,False,True,False
tree_bce7,Terminalia mantaly,road,False,True,False
tree_bceb,Terminalia mantaly,road,False,True,False
tree_bcef,Terminalia mantaly,road,False,True,False
tree_bcf3,Terminalia mantaly,road,False,True,False
tree_bcf7,Terminalia mantaly,road,False,True,False
tree_bcfb,Terminalia mantaly,road,False,True,False
tree_bcff,Terminalia mantaly,road,False,True,False
tree_bd03,Terminalia mantaly,road,False,True,False
tree_bd07,Terminalia mantaly,road,False,True,False
tree_bd0b,Terminalia mantaly,road,False,True,False
tree_bd0f,Terminalia mantaly,road,False,True,False
tree_bd13,Terminalia mantaly,road,False,True,False
tree_bd17,Terminalia mantaly,road,False,True,False
tree_bd1b,Terminalia mantaly,road,False,True,False
tree_bd1f,Terminalia mantaly,road,False,True,False
tree_bd23,Terminalia mantaly,road,False,True,False
tree_bd27,Terminalia mantaly,road,False,True,False
tree_bd2b,Terminalia mantaly,road,False,True,False
tree_bd2f,Terminalia mantaly,road,False,True,False
tree_bd33,Terminalia mantaly,road,False,True,False
tree_bd37,Terminalia mantaly,road,False,True,False
tree_bd3b,Terminalia mantaly,road,False,True,False
tree_bd3f,Terminalia mantaly,road,False,True,False
tree_bd43,Terminalia mantaly,road,False,True,False
tree_bd47,Terminalia mantaly,road,False,True,False
tree_bd4b,Terminalia mantaly,road,False,True,False
tree_bd4f,Terminalia mantaly,road,True,True,False
tree_bd53,Terminalia mantaly,road,False,True,False
tree_bd57,Terminalia mantaly,road,False,True,False
tree_bd5b,Terminalia mantaly,road,False,True,False
tree_bd5f,Terminalia mantaly,road,False,True,False
tree_bd63,Terminalia mantaly,road,False,True,False
tree_bd67,Terminalia mantaly,road,False,True,False
tree_bd6b,Terminalia mantaly,road,False,True,False
tree_bd6f,Terminalia mantaly,road,True,True,False
tree_bd73,Terminalia mantaly,road,False,True,False
tree_bd77,Terminalia mantaly,road,False,True,False
tree_bd7b,Terminalia mantaly,road,False,True,False
tree_bd7f,Terminalia mantaly,road,False,True,False
tree_bd83,Terminalia mantaly,road,False,True,False
tree_bd87,Terminalia mantaly,road,False,True,False
tree_bd8b,Terminalia mantaly,road,False,True,False
tree_bd8f,Terminalia mantaly,road,False,True,False
tree_bd93,Terminalia mantaly,road,False,True,False
tree_bd97,Terminalia mantaly,road,False,True,False
tree_bd9b,Terminalia mantaly,road,False,True,False
tree_bd9f,Terminalia mantaly,road,False,True,False
tree_bda3,Terminalia mantaly,road,False,True,False
tree_bda7,Terminalia mantaly,road,False,True,False
tree_bdab,Terminalia mantaly,road,False,True,False
tree_bdaf,Terminalia mantaly,road,False,True,False
tree_bdb3,Terminalia mantaly,road,False,True,False
tree_bdb7,Terminalia mantaly,road,False,True,False
tree_bdbb,Terminalia mantaly,road,False,True,False
tree_bdbf,Terminalia mantaly,road,False,True,False
tree_bdc3,Terminalia mantaly,road,False,True,False
tree_bdc7,Terminalia mantaly,road,False,True,False
tree_bdcb,Terminalia mantaly,road,False,True,False
tree_bdcf,Terminalia mantaly,road,False,True,False
tree_bdd3,Terminalia mantaly,road,False,True,False
tree_bdd7,Terminalia mantaly,road,False,True,False
tree_bddb,Terminalia mantaly,road,False,True,False
tree_bddf,Terminalia mantaly,road,False,True,False
tree_bde3,Terminalia mantaly,road,False,True,False
tree_bde7,Terminalia mantaly,road,False,True,False
tree_bdeb,Terminalia mantaly,road,False,True,False
tree_bdef,Terminalia mantaly,road,False,True,False
tree_bdf3,Terminalia mantaly,road,False,True,False
tree_bdf7,Terminalia mantaly,road,False,True,False
tree_bdfb,Terminalia mantaly,road,False,True,False
tree_be15,Terminalia mantaly,road,False,True,False
tree_be21,Terminalia mantaly,road,False,True,False
tree_be2f,Terminalia mantaly,road,False,True,False
tree_be3f,Terminalia mantaly,road,False,True,False
tree_be5f,Azadirachta indica,road,False,True,False
tree_be79,Terminalia mantaly,road,False,True,False
tree_bf2f,Terminalia mantaly,road,False,True,False
tree_bf31,Terminalia mantaly,road,False,True,False
tree_bf33,Terminalia mantaly,road,False,True,False
tree_bf37,Terminalia mantaly,road,False,True,False
tree_bf39,Terminalia mantaly,road,False,True,False
tree_bf61,Terminalia mantaly,road,False,True,False
tree_bf75,Terminalia mantaly,road,False,True,False
tree_bf77,Terminalia mantaly,road,False,True,False
tree_bf79,Terminalia mantaly,road,False,True,False
tree_bf7b,Terminalia mantaly,road,False,True,False
tree_bf7d,Terminalia mantaly,road,False,True,False
tree_bf7f,Terminalia mantaly,road,False,True,False
tree_bf85,Tamarindus indica,road,False,True,False
tree_bf87,Terminalia mantaly,road,False,True,False
tree_bf8b,Azadirachta indica,road,False,True,False
tree_bf8d,Terminalia mantaly,road,False,True,False
tree_bf8f,Azadirachta indica,road,False,True,False
tree_bf91,Azadirachta indica,road,False,True,False
tree_bf93,Terminalia mantaly,road,False,True,False
tree_bf95,Tamarindus indica,road,False,True,False
tree_bf97,Azadirachta indica,road,False,True,False
tree_bf99,Terminalia mantaly,road,False,True,False
tree_bf9b,Khaya senegalensis,road,False,True,False
tree_bf9d,Tamarindus indica,road,False,True,False
tree_bfa1,Terminalia mantaly,road,False,True,False
tree_bfa3,Azadirachta indica,road,False,True,False
tree_bfa9,Terminalia mantaly,road,False,True,False
tree_bfcb,Terminalia mantaly,road,False,True,False
tree_bfd1,Terminalia mantaly,road,False,True,False
tree_bfd7,Azadirachta indica,road,False,True,False
tree_bfd9,Terminalia mantaly,road,False,True,False
tree_bfdb,Khaya senegalensis,road,False,True,False
tree_bfdf,Azadirachta indica,road,False,True,False
tree_bfe3,Terminalia mantaly,road,False,True,False
tree_bfe5,Terminalia mantaly,road,False,True,False
tree_bfe7,Terminalia mantaly,road,False,True,False
tree_bfe9,Terminalia mantaly,road,False,True,False
tree_bfeb,Terminalia mantaly,road,False,True,False
tree_bfed,Terminalia mantaly,road,False,True,False
tree_bfef,Terminalia mantaly,road,False,True,False
tree_bff1,Terminalia mantaly,road,False,True,False
tree_bff3,Terminalia mantaly,road,False,True,False
tree_bff5,Terminalia mantaly,road,False,True,False
tree_bff7,Terminalia mantaly,road,False,True,False
tree_bff9,Terminalia mantaly,road,False,True,False
tree_bffb,Terminalia mantaly,road,False,True,False
tree_bffd,Terminalia mantaly,road,False,True,False
tree_bfff,Terminalia mantaly,road,False,True,False
tree_c099,Terminalia mantaly,road,False,True,False
tree_c09b,Terminalia mantaly,road,False,True,False
tree_c09d,Terminalia mantaly,road,False,True,False
tree_c0ad,Terminalia mantaly,road,False,True,False
tree_c0af,Terminalia mantaly,road,False,True,False
tree_c0b9,Terminalia mantaly,road,False,True,False
tree_c0bb,Terminalia mantaly,road,False,True,False
tree_c0bd,Terminalia mantaly,road,False,True,False
tree_c0c5,Terminalia mantaly,road,False,True,False
tree_c0c7,Terminalia mantaly,road,False,True,False
tree_c0c9,Terminalia mantaly,road,False,True,False
tree_c0cb,Terminalia mantaly,road,False,True,False
tree_c0cd,Terminalia mantaly,road,False,True,False
tree_c0cf,Terminalia mantaly,road,False,True,False
tree_c0d1,Terminalia mantaly,road,False,True,False
tree_c0d3,Terminalia mantaly,road,False,True,False
tree_c0d5,Terminalia mantaly,road,False,True,False
tree_c0d7,Terminalia mantaly,road,False,True,False
tree_c0d9,Terminalia mantaly,road,False,True,False
tree_c0db,Terminalia mantaly,road,False,True,False
tree_c0dd,Terminalia mantaly,road,False,True,False
tree_c0df,Terminalia mantaly,road,False,True,False
tree_c0e1,Terminalia mantaly,road,False,True,False
tree_c0e3,Terminalia mantaly,road,False,True,False
tree_c0e5,Terminalia mantaly,road,False,True,False
tree_c0e7,Terminalia mantaly,road,False,True,False
tree_c0e9,Terminalia mantaly,road,False,True,False
tree_c0eb,Terminalia mantaly,road,False,True,False
tree_c0ed,Terminalia mantaly,road,False,True,False
tree_c105,Terminalia mantaly,road,False,True,False
tree_c13b,Terminalia mantaly,road,False,True,False
tree_c13d,Terminalia mantaly,road,False,True,False
tree_c203,Terminalia mantaly,road,False,True,False
tree_c207,Terminalia mantaly,road,False,True,False
tree_c20d,Terminalia mantaly,road,False,True,False
tree_c20f,Terminalia mantaly,road,False,True,False
tree_c21d,Terminalia mantaly,road,False,True,False
tree_c233,Terminalia mantaly,road,False,True,False
tree_c235,Terminalia mantaly,road,False,True,False
tree_c239,Terminalia mantaly,road,False,True,False
tree_c23b,Terminalia mantaly,road,False,True,False
tree_c23d,Terminalia mantaly,road,False,True,False
tree_c249,Terminalia mantaly,road,False,True,False
tree_c24b,Terminalia mantaly,road,False,True,False
tree_c24d,Terminalia mantaly,road,False,True,False
tree_c24f,Terminalia mantaly,road,False,True,False
tree_c2c1,Terminalia mantaly,road,False,True,False
tree_c2c5,Terminalia mantaly,road,False,True,False
tree_c2c7,Terminalia mantaly,road,False,True,False
tree_c2c9,Terminalia mantaly,road,False,True,False
tree_c3e5,Tamarindus indica,road,False,True,False
tree_c3e7,Terminalia mantaly,road,False,True,False
tree_c401,Terminalia mantaly,road,False,True,False
tree_c405,Azadirachta indica,road,False,True,False
tree_c40b,Terminalia mantaly,road,False,True,False
tree_c413,Tamarindus indica,road,False,True,False
tree_c415,Terminalia mantaly,road,False,True,False
tree_c427,Terminalia mantaly,road,False,True,False
tree_c429,Terminalia mantaly,road,False,True,False
tree_c42b,Terminalia mantaly,road,False,True,False
tree_c42d,Terminalia mantaly,road,False,True,False
tree_c42f,Terminalia mantaly,road,False,True,False
tree_c431,Terminalia mantaly,road,False,True,False
tree_c433,Terminalia mantaly,road,False,True,False
tree_c435,Terminalia mantaly,road,False,True,False
tree_c43f,Terminalia mantaly,road,False,True,False
tree_c441,Terminalia mantaly,road,False,True,False
tree_c447,Terminalia mantaly,road,False,True,False
tree_c449,Terminalia mantaly,road,False,True,False
tree_c44b,Terminalia mantaly,road,False,True,False
tree_c44d,Terminalia mantaly,road,False,True,False
tree_c44f,Terminalia mantaly,road,False,True,False
tree_c451,Terminalia mantaly,road,False,True,False
tree_c453,Terminalia mantaly,road,False,True,False
tree_c455,Terminalia mantaly,road,False,True,False
tree_c4b3,Terminalia mantaly,road,False,True,False
tree_c4b5,Terminalia mantaly,road,False,True,False
tree_c4b7,Terminalia mantaly,road,False,True,False
tree_c4b9,Terminalia mantaly,road,False,True,False
tree_c4bb,Terminalia mantaly,road,False,True,False
tree_c4bd,Terminalia mantaly,road,False,True,False
tree_c4bf,Terminalia mantaly,road,False,True,False
tree_c4c5,Terminalia mantaly,road,False,True,False
tree_c4d7,Terminalia mantaly,road,False,True,False
tree_c52d,Terminalia mantaly,road,False,True,False
tree_c52f,Terminalia mantaly,road,False,True,False
tree_c531,Terminalia mantaly,road,False,True,False
tree_c533,Terminalia mantaly,road,False,True,False
tree_c535,Terminalia mantaly,road,False,True,False
tree_c537,Terminalia mantaly,road,False,True,False
tree_c53b,Terminalia mantaly,road,False,True,False
tree_c53d,Terminalia mantaly,road,False,True,False
tree_c53f,Terminalia mantaly,road,False,True,False
tree_c541,Terminalia mantaly,road,False,True,False
tree_c543,Terminalia mantaly,road,False,True,False
tree_c547,Terminalia mantaly,road,False,True,False
tree_c59f,Tamarindus indica,road,False,True,False
tree_c5a1,Terminalia mantaly,road,False,True,False
tree_c5a5,Terminalia mantaly,road,False,True,False
tree_c5a7,Tamarindus indica,road,False,True,False
tree_c5a9,Azadirachta indica,road,False,True,False
tree_c5af,Tamarindus indica,road,False,True,False
tree_c5b3,Azadirachta indica,road,False,True,False
tree_c5b5,Tamarindus indica,road,False,True,False
tree_c5b7,Azadirachta indica,road,False,True,False
tree_c5bd,Terminalia mantaly,road,False,True,False
tree_c5c5,Terminalia mantaly,road,False,True,False
tree_c5c9,Terminalia mantaly,road,False,True,False
tree_c5cd,Terminalia mantaly,road,False,True,False
tree_c5d5,Tamarindus indica,road,False,True,False
tree_c5d9,Tamarindus indica,road,False,True,False
tree_c5e1,Azadirachta indica,road,False,True,False
tree_c5ed,Terminalia mantaly,road,False,True,False
tree_c5f1,Azadirachta indica,road,False,True,False
tree_c5f5,Tamarindus indica,road,False,True,False
tree_c5f9,Azadirachta indica,road,False,True,False
tree_c601,Azadirachta indica,road,False,True,False
tree_c60d,Terminalia mantaly,road,False,True,False
tree_c611,Terminalia mantaly,road,False,True,False
tree_c61d,Terminalia mantaly,road,False,True,False
tree_c62d,Azadirachta indica,road,False,True,False
tree_c63d,Terminalia mantaly,road,False,True,False
tree_c641,Azadirachta indica,road,False,True,False
tree_c645,Azadirachta indica,road,False,True,False
tree_c649,Terminalia mantaly,road,False,True,False
tree_c651,Terminalia mantaly,road,False,True,False
tree_c65d,Tamarindus indica,road,False,True,False
tree_c661,Azadirachta indica,road,False,True,False
tree_c669,Terminalia mantaly,road,False,True,False
tree_c66d,Tamarindus indica,road,False,True,False
tree_c675,Tamarindus indica,road,False,True,False
tree_c679,Terminalia mantaly,road,False,True,False
tree_c681,Tamarindus indica,road,False,True,False
tree_c689,Tamarindus indica,road,False,True,False
tree_c68d,Azadirachta indica,road,False,True,False
tree_c691,Azadirachta indica,road,False,True,False
tree_c695,Azadirachta indica,road,False,True,False
tree_c699,Terminalia mantaly,road,False,True,False
tree_c6a5,Terminalia mantaly,road,False,True,False
tree_c6b1,Terminalia mantaly,road,False,True,False
tree_c6b9,Tamarindus indica,road,False,True,False
tree_c6bd,Azadirachta indica,road,False,True,False
tree_c6c9,Terminalia mantaly,road,False,True,False
tree_c6d5,Tamarindus indica,road,False,True,False
tree_c6d9,Azadirachta indica,road,False,True,False
tree_c6e1,Azadirachta indica,road,False,True,False
tree_c6e5,Azadirachta indica,road,False,True,False
tree_c6fd,Tamarindus indica,road,False,True,False
tree_c711,Terminalia mantaly,road,False,True,False
tree_c719,Azadirachta indica,road,False,True,False
tree_c71d,Azadirachta indica,road,False,True,False
tree_c721,Azadirachta indica,road,False,True,False
tree_c729,Azadirachta indica,road,False,True,False
tree_c72d,Azadirachta indica,road,False,True,False
tree_c731,Terminalia mantaly,road,True,True,False
tree_c739,Azadirachta indica,road,False,True,False
tree_c73d,Azadirachta indica,road,False,True,False
tree_c741,Terminalia mantaly,road,False,True,False
tree_c749,Terminalia mantaly,road,False,True,False
tree_c74d,Azadirachta indica,road,False,True,False
tree_c751,Tamarindus indica,road,False,True,False
tree_c755,Tamarindus indica,road,False,True,False
tree_c759,Terminalia mantaly,road,False,True,False
tree_c761,Terminalia mantaly,road,False,True,False
tree_c765,Azadirachta indica,road,False,True,False
tree_c769,Khaya senegalensis,road,False,True,False
tree_c771,Tamarindus indica,road,False,True,False
tree_c77d,Azadirachta indica,road,False,True,False
tree_c789,Terminalia mantaly,road,False,True,False
tree_c791,Tamarindus indica,road,False,True,False
tree_c795,Terminalia mantaly,road,False,True,False
tree_c799,Azadirachta indica,road,False,True,False
tree_c7db,Tamarindus indica,road,False,True,False
tree_c7df,Terminalia mantaly,road,False,True,False
tree_c7e1,Terminalia mantaly,road,False,True,False
tree_c7e9,Terminalia mantaly,road,False,True,False
tree_c7ed,Khaya senegalensis,road,False,True,False
tree_c7f3,Terminalia mantaly,road,True,True,False
tree_c7f5,Azadirachta indica,road,False,True,False
tree_c7f9,Tamarindus indica,road,False,True,False
tree_c7fd,Azadirachta indica,road,False,True,False
tree_c803,Tamarindus indica,road,False,True,False
tree_c807,Azadirachta indica,road,False,True,False
tree_c809,Terminalia mantaly,road,False,True,False
tree_c819,Terminalia mantaly,road,False,True,False
tree_c855,Terminalia mantaly,road,False,True,False
tree_c857,Terminalia mantaly,road,False,True,False
tree_c859,Terminalia mantaly,road,False,True,False
tree_c85b,Terminalia mantaly,road,False,True,False
tree_c85d,Terminalia mantaly,road,False,True,False
tree_c861,Terminalia mantaly,road,False,True,False
tree_c863,Terminalia mantaly,road,False,True,False
tree_c865,Terminalia mantaly,road,False,True,False
tree_c867,Terminalia mantaly,road,False,True,False
tree_c8b9,Terminalia mantaly,road,False,True,False
tree_c8bb,Terminalia mantaly,road,False,True,False
tree_c8c7,Terminalia mantaly,road,False,True,False
tree_c8c9,Terminalia mantaly,road,False,True,False
tree_c8cb,Terminalia mantaly,road,False,True,False
tree_c911,Terminalia mantaly,road,False,True,False
tree_c913,Terminalia mantaly,road,False,True,False
tree_c915,Terminalia mantaly,road,False,True,False
tree_c917,Terminalia mantaly,road,False,True,False
tree_c919,Terminalia mantaly,road,False,True,False
tree_c91b,Terminalia mantaly,road,True,True,False
tree_c91d,Terminalia mantaly,road,False,True,False
tree_c921,Terminalia mantaly,road,False,True,False
tree_c92b,Terminalia mantaly,road,False,True,False
tree_c92d,Terminalia mantaly,road,False,True,False
tree_c92f,Terminalia mantaly,road,False,True,False
tree_c931,Terminalia mantaly,road,False,True,False
tree_c933,Terminalia mantaly,road,False,True,False
tree_c935,Terminalia mantaly,road,False,True,False
tree_c937,Terminalia mantaly,road,False,True,False
tree_c939,Terminalia mantaly,road,False,True,False
tree_c93b,Terminalia mantaly,road,False,True,False
tree_c9d5,Terminalia mantaly,road,False,True,False
tree_c9d7,Terminalia mantaly,road,False,True,False
tree_c9d9,Terminalia mantaly,road,False,True,False
tree_c9db,Terminalia mantaly,road,False,True,False
tree_c9dd,Terminalia mantaly,road,False,True,False
tree_c9df,Terminalia mantaly,road,False,True,False
tree_c9e3,Terminalia mantaly,road,True,True,False
tree_c9e5,Terminalia mantaly,road,False,True,False
tree_c9e7,Terminalia mantaly,road,False,True,False
tree_c9e9,Terminalia mantaly,road,False,True,False
tree_c9ed,Terminalia mantaly,road,False,True,False
tree_c9f1,Terminalia mantaly,road,False,True,False
tree_ca1b,Azadirachta indica,road,False,True,False
tree_ca1d,Azadirachta indica,road,False,True,False
tree_ca23,Tamarindus indica,road,False,True,False
tree_ca25,Terminalia mantaly,road,False,True,False
tree_ca27,Terminalia mantaly,road,False,True,False
tree_ca29,Terminalia mantaly,road,False,True,False
tree_ca2b,Terminalia mantaly,road,False,True,False
tree_ca2f,Azadirachta indica,road,False,True,False
tree_ca31,Terminalia mantaly,road,False,True,False
tree_ca33,Terminalia mantaly,road,False,True,False
tree_ca35,Terminalia mantaly,road,False,True,False
tree_ca37,Terminalia mantaly,road,False,True,False
tree_cb2d,Azadirachta indica,road,False,True,False
tree_cb35,Tamarindus indica,road,False,True,False
tree_cb39,Tamarindus indica,road,False,True,False
tree_cb3d,Terminalia mantaly,road,False,True,False
tree_cb41,Azadirachta indica,road,False,True,False
tree_cb45,Azadirachta indica,road,False,True,False
tree_cb49,Terminalia mantaly,road,False,True,False
tree_cb4d,Terminalia mantaly,road,False,True,False
tree_cbad,Terminalia mantaly,road,False,True,False
tree_cbb1,Terminalia mantaly,road,False,True,False
tree_cbb5,Terminalia mantaly,road,False,True,False
tree_cbb9,Terminalia mantaly,road,False,True,False
tree_cbbd,Terminalia mantaly,road,False,True,False
tree_cbc1,Terminalia mantaly,road,False,True,False
tree_cbc5,Terminalia mantaly,road,False,True,False
tree_cbc9,Terminalia mantaly,road,False,True,False
tree_cbcd,Terminalia mantaly,road,False,True,False
tree_cbd1,Terminalia mantaly,road,False,True,False
tree_cbd5,Terminalia mantaly,road,False,True,False
tree_cbd9,Terminalia mantaly,road,False,True,False
tree_cbdd,Terminalia mantaly,road,False,True,False
tree_cbe1,Terminalia mantaly,road,False,True,False
tree_cbe5,Terminalia mantaly,road,False,True,False
tree_cbe9,Terminalia mantaly,road,False,True,False
tree_cbed,Terminalia mantaly,road,False,True,False
tree_cbf1,Terminalia mantaly,road,False,True,False
tree_cbf5,Terminalia mantaly,road,False,True,False
tree_cbf9,Terminalia mantaly,road,False,True,False
tree_cbfd,Terminalia mantaly,road,False,True,False
tree_cc01,Terminalia mantaly,road,False,True,False
tree_cc05,Terminalia mantaly,road,False,True,False
tree_cc09,Terminalia mantaly,road,False,True,False
tree_cc0d,Terminalia mantaly,road,False,True,False
tree_cc11,Terminalia mantaly,road,True,True,False
tree_cc15,Terminalia mantaly,road,False,True,False
tree_cc19,Terminalia mantaly,road,False,True,False
tree_cc1d,Terminalia mantaly,road,False,True,False
tree_cc21,Terminalia mantaly,road,False,True,False
tree_cc25,Terminalia mantaly,road,False,True,False
tree_cc29,Terminalia mantaly,road,False,True,False
tree_cc2d,Terminalia mantaly,road,False,True,False
tree_cc31,Terminalia mantaly,road,False,True,False
tree_cc35,Terminalia mantaly,road,False,True,False
tree_cc39,Terminalia mantaly,road,True,True,False
tree_cc3d,Terminalia mantaly,road,False,True,False
tree_cc41,Terminalia mantaly,road,False,True,False
tree_cc45,Terminalia mantaly,road,False,True,False
tree_cc49,Terminalia mantaly,road,False,True,False
tree_cc4d,Terminalia mantaly,road,False,True,False
tree_cc51,Terminalia mantaly,road,False,True,False
tree_cc55,Terminalia mantaly,road,False,True,False
tree_cc59,Terminalia mantaly,road,False,True,False
tree_cc5d,Terminalia mantaly,road,False,True,False
tree_cc61,Terminalia mantaly,road,False,True,False
tree_cc65,Terminalia mantaly,road,False,True,False
tree_cc69,Terminalia mantaly,road,False,True,False
tree_cc6d,Terminalia mantaly,road,False,True,False
tree_cc71,Terminalia mantaly,road,False,True,False
tree_cc75,Terminalia mantaly,road,False,True,False
tree_cc79,Terminalia mantaly,road,False,True,False
tree_cc7d,Terminalia mantaly,road,False,True,False
tree_cc81,Terminalia mantaly,road,False,True,False
tree_cc85,Terminalia mantaly,road,False,True,False
tree_cc89,Terminalia mantaly,road,False,True,False
tree_cc8d,Terminalia mantaly,road,False,True,False
tree_cc91,Terminalia mantaly,road,False,True,False
tree_cc95,Terminalia mantaly,road,False,True,False
tree_cc99,Terminalia mantaly,road,False,True,False
tree_cc9d,Terminalia mantaly,road,False,True,False
tree_cca1,Terminalia mantaly,road,False,True,False
tree_cca5,Terminalia mantaly,road,False,True,False
tree_cca9,Terminalia mantaly,road,False,True,False
tree_ccad,Terminalia mantaly,road,False,True,False
tree_ccb1,Terminalia mantaly,road,False,True,False
tree_ccb5,Terminalia mantaly,road,False,True,False
tree_ccb9,Terminalia mantaly,road,False,True,False
tree_ccbd,Terminalia mantaly,road,False,True,False
tree_ccc1,Terminalia mantaly,road,False,True,False
tree_ccc5,Terminalia mantaly,road,False,True,False
tree_ccc9,Terminalia mantaly,road,False,True,False
tree_cccd,Terminalia mantaly,road,False,True,False
tree_ccd1,Terminalia mantaly,road,False,True,False
tree_ccd5,Terminalia mantaly,road,False,True,False
tree_ccd9,Terminalia mantaly,road,False,True,False
tree_ccdd,Terminalia mantaly,road,False,True,False
tree_cce1,Terminalia mantaly,road,False,True,False
tree_cce5,Terminalia mantaly,road,False,True,False
tree_cce9,Terminalia mantaly,road,False,True,False
tree_cced,Terminalia mantaly,road,False,True,False
tree_ccf1,Terminalia mantaly,road,False,True,False
tree_ccf5,Terminalia mantaly,road,False,True,False
tree_ccf9,Terminalia mantaly,road,False,True,False
tree_ccfd,Terminalia mantaly,road,False,True,False
tree_cd01,Terminalia mantaly,road,False,True,False
tree_cd05,Terminalia mantaly,road,False,True,False
tree_cd09,Terminalia mantaly,road,False,True,False
tree_cd0d,Terminalia mantaly,road,False,True,False
tree_cd11,Terminalia mantaly,road,False,True,False
tree_cd15,Terminalia mantaly,road,False,True,False
tree_cd19,Terminalia mantaly,road,False,True,False
tree_cd1d,Terminalia mantaly,road,False,True,False
tree_cd21,Terminalia mantaly,road,False,True,False
tree_cd25,Terminalia mantaly,road,False,True,False
tree_cd29,Terminalia mantaly,road,False,True,False
tree_cd2d,Terminalia mantaly,road,False,True,False
tree_cd31,Terminalia mantaly,road,False,True,False
tree_cd35,Terminalia mantaly,road,False,True,False
tree_cd39,Terminalia mantaly,road,False,True,False
tree_cd3d,Terminalia mantaly,road,False,True,False
tree_cd41,Terminalia mantaly,road,False,True,False
tree_cd45,Terminalia mantaly,road,False,True,False
tree_cd49,Terminalia mantaly,road,False,True,False
tree_cd4d,Terminalia mantaly,road,False,True,False
tree_cd51,Terminalia mantaly,road,False,True,False
tree_cd55,Terminalia mantaly,road,False,True,False
tree_cd59,Terminalia mantaly,road,False,True,False
tree_cd5d,Terminalia mantaly,road,False,True,False
tree_cd61,Terminalia mantaly,road,False,True,False
tree_cd65,Terminalia mantaly,road,False,True,False
tree_cd69,Terminalia mantaly,road,False,True,False
tree_cd6d,Terminalia mantaly,road,False,True,False
tree_cd71,Terminalia mantaly,road,False,True,False
tree_cd75,Terminalia mantaly,road,False,True,False
tree_cd79,Terminalia mantaly,road,False,True,False
tree_cd7d,Terminalia mantaly,road,False,True,False
tree_cd81,Terminalia mantaly,road,False,True,False
tree_cd85,Terminalia mantaly,road,False,True,False
tree_cd89,Terminalia mantaly,road,False,True,False
tree_cd8d,Terminalia mantaly,road,False,True,False
tree_cd91,Terminalia mantaly,road,False,True,False
tree_cd95,Terminalia mantaly,road,False,True,False
tree_cd99,Terminalia mantaly,road,False,True,False
tree_cd9d,Terminalia mantaly,road,False,True,False
tree_cda1,Terminalia mantaly,road,False,True,False
tree_ce2d,Terminalia mantaly,road,False,True,False
tree_ce31,Terminalia mantaly,road,False,True,False
tree_ce35,Terminalia mantaly,road,False,True,False
tree_ce39,Terminalia mantaly,road,False,True,False
tree_ce3d,Terminalia mantaly,road,False,True,False
tree_ce41,Terminalia mantaly,road,False,True,False
tree_ce45,Terminalia mantaly,road,False,True,False
tree_ce49,Terminalia mantaly,road,False,True,False
tree_ce4d,Terminalia mantaly,road,False,True,False
tree_ce51,Terminalia mantaly,road,False,True,False
tree_ce55,Terminalia mantaly,road,False,True,False
tree_ce59,Terminalia mantaly,road,False,True,False
tree_ce5d,Terminalia mantaly,road,False,True,False
tree_ce61,Terminalia mantaly,road,False,True,False
tree_ce65,Terminalia mantaly,road,False,True,False
tree_ce69,Terminalia mantaly,road,False,True,False
tree_ce6d,Terminalia mantaly,road,False,True,False
tree_ce71,Terminalia mantaly,road,False,True,False
tree_ce75,Terminalia mantaly,road,False,True,False
tree_cf45,Tamarindus indica,road,False,True,False
tree_cf49,Terminalia mantaly,road,False,True,False
tree_cf95,Terminalia mantaly,road,False,True,False
tree_cfe3,Terminalia mantaly,road,False,True,False
tree_cfe5,Terminalia mantaly,road,False,True,False
tree_cfe7,Terminalia mantaly,road,False,True,False
tree_cfeb,Terminalia mantaly,road,False,True,False
tree_d0cf,Khaya senegalensis,road,False,True,False
tree_d0df,Tamarindus indica,road,False,True,False
tree_d47f,Terminalia mantaly,road,False,True,False
tree_d4c3,Terminalia mantaly,road,False,True,False
tree_d4e3,Terminalia mantaly,road,False,True,False
tree_d615,Terminalia mantaly,road,False,True,False
tree_d89f,Tamarindus indica,road,False,True,False
tree_d8a3,Tamarindus indica,road,False,True,False
tree_d8ab,Khaya senegalensis,road,False,True,False
tree_d8ad,Terminalia mantaly,road,False,True,False
tree_d8b1,Terminalia mantaly,road,False,True,False
tree_d8b3,Terminalia mantaly,road,False,True,False
tree_d8b5,Azadirachta indica,road,False,True,False
tree_d8b7,Tamarindus indica,road,False,True,False
tree_d8bb,Terminalia mantaly,road,False,True,False
tree_d8cd,Tamarindus indica,road,False,True,False
tree_d8d1,Tamarindus indica,road,False,True,False
tree_d8d3,Tamarindus indica,road,False,True,False
tree_d8d7,Azadirachta indica,road,False,True,False
tree_d8d9,Azadirachta indica,road,False,True,False
tree_d8db,Tamarindus indica,road,False,True,False
tree_d92b,Terminalia mantaly,road,False,True,False
tree_d933,Terminalia mantaly,road,False,True,False
tree_d977,Tamarindus indica,road,False,True,False
tree_d97b,Terminalia mantaly,road,False,True,False
tree_d9e3,Terminalia mantaly,road,False,True,False
tree_d9e9,Azadirachta indica,road,False,True,False
tree_d9eb,Tamarindus indica,road,False,True,False
tree_d9ed,Azadirachta indica,road,False,True,False
tree_dc67,Terminalia mantaly,road,False,True,False
tree_dc6f,Tamarindus indica,road,False,True,False
tree_dc7f,Azadirachta indica,road,False,True,False
tree_dc81,Tamarindus indica,road,False,True,False
tree_dd75,Terminalia mantaly,road,False,True,False
tree_dd7f,Azadirachta indica,road,False,True,False
tree_ddd9,Azadirachta indica,road,False,True,False
tree_dddd,Terminalia mantaly,road,False,True,False
tree_dde7,Terminalia mantaly,road,False,True,False
tree_dec1,Terminalia mantaly,road,False,True,False
tree_dec3,Terminalia mantaly,road,False,True,False
tree_dec5,Terminalia mantaly,road,False,True,False
tree_dec7,Azadirachta indica,road,False,True,False
tree_dec9,Terminalia mantaly,road,False,True,False
tree_decd,Terminalia mantaly,road,False,True,False
tree_ded1,Terminalia mantaly,road,False,True,False
tree_dee1,Terminalia mantaly,road,False,True,False
tree_dee5,Terminalia mantaly,road,False,True,False
tree_dee9,Terminalia mantaly,road,False,True,False
tree_deed,Terminalia mantaly,road,False,True,False
tree_def1,Terminalia mantaly,road,False,True,False
tree_def5,Terminalia mantaly,road,False,True,False
tree_e035,Terminalia mantaly,road,False,True,False
tree_e039,Terminalia mantaly,road,False,True,False
tree_e03d,Terminalia mantaly,road,False,True,False
tree_e041,Terminalia mantaly,road,False,True,False
tree_e045,Terminalia mantaly,road,False,True,False
tree_e049,Terminalia mantaly,road,False,True,False
tree_e04d,Terminalia mantaly,road,False,True,False
tree_e051,Terminalia mantaly,road,False,True,False
tree_e055,Terminalia mantaly,road,False,True,False
tree_e059,Terminalia mantaly,road,False,True,False
tree_e05d,Terminalia mantaly,road,False,True,False
tree_e061,Terminalia mantaly,road,False,True,False
tree_e065,Terminalia mantaly,road,False,True,False
tree_e069,Terminalia mantaly,road,False,True,False
tree_e06d,Terminalia mantaly,road,False,True,False
tree_e071,Terminalia mantaly,road,False,True,False
tree_e075,Terminalia mantaly,road,False,True,False
tree_e07b,Terminalia mantaly,road,False,True,False
tree_e07f,Terminalia mantaly,road,False,True,False
tree_e083,Terminalia mantaly,road,False,True,False
tree_e087,Terminalia mantaly,road,False,True,False
tree_e08b,Terminalia mantaly,road,False,True,False
tree_e08f,Terminalia mantaly,road,False,True,False
tree_e093,Terminalia mantaly,road,False,True,False
tree_e097,Terminalia mantaly,road,False,True,False
tree_e413,Terminalia mantaly,road,False,True,False
tree_e485,Terminalia mantaly,road,False,True,False
tree_e489,Terminalia mantaly,road,False,True,False
tree_e48d,Terminalia mantaly,road,False,True,False
tree_e491,Terminalia mantaly,road,False,True,False
tree_e495,Terminalia mantaly,road,False,True,False
tree_e499,Terminalia mantaly,road,False,True,False
tree_e49d,Terminalia mantaly,road,False,True,False
tree_e4a1,Terminalia mantaly,road,False,True,False
tree_e4a5,Terminalia mantaly,road,False,True,False
tree_e4a9,Terminalia mantaly,road,False,True,False
tree_e4ad,Terminalia mantaly,road,False,True,False
tree_e4b1,Terminalia mantaly,road,False,True,False
tree_e4b5,Terminalia mantaly,road,False,True,False
tree_e4b9,Terminalia mantaly,road,False,True,False
tree_e4c1,Terminalia mantaly,road,False,True,False
tree_e4c9,Terminalia mantaly,road,False,True,False
tree_e4cd,Terminalia mantaly,road,False,True,False
tree_e4d1,Terminalia mantaly,road,False,True,False
tree_e4d5,Azadirachta indica,road,False,True,False
tree_e4dd,Terminalia mantaly,road,False,True,False
tree_e4e1,Azadirachta indica,road,False,True,False
tree_e4e5,Terminalia mantaly,road,False,True,False
tree_e4ed,Tamarindus indica,road,False,True,False
tree_e4f5,Terminalia mantaly,road,False,True,False
tree_e4f9,Azadirachta indica,road,False,True,False
tree_e4fd,Terminalia mantaly,road,False,True,False
tree_e501,Terminalia mantaly,road,False,True,False
tree_e505,Terminalia mantaly,road,False,True,False
tree_e50d,Terminalia mantaly,road,False,True,False
tree_e529,Terminalia mantaly,road,False,True,False
tree_e52f,Terminalia mantaly,road,False,True,False
tree_e533,Terminalia mantaly,road,False,True,False
tree_e541,Terminalia mantaly,road,False,True,False
tree_e543,Terminalia mantaly,road,False,True,False
tree_e557,Terminalia mantaly,road,False,True,False
tree_e559,Terminalia mantaly,road,False,True,False
tree_e55b,Terminalia mantaly,road,False,True,False
tree_e55d,Terminalia mantaly,road,False,True,False
tree_e55f,Terminalia mantaly,road,False,True,False
tree_e561,Terminalia mantaly,road,False,True,False
tree_e563,Terminalia mantaly,road,False,True,False
tree_e567,Terminalia mantaly,road,False,True,False
tree_e573,Terminalia mantaly,road,False,True,False
tree_e577,Terminalia mantaly,road,False,True,False
tree_e57b,Terminalia mantaly,road,False,True,False
tree_e57f,Terminalia mantaly,road,False,True,False
tree_e583,Terminalia mantaly,road,False,True,False
tree_e587,Terminalia mantaly,road,False,True,False
tree_e58b,Terminalia mantaly,road,False,True,False
tree_e58f,Terminalia mantaly,road,False,True,False
tree_e593,Terminalia mantaly,road,False,True,False
tree_e597,Terminalia mantaly,road,False,True,False
tree_e59b,Terminalia mantaly,road,False,True,False
tree_e59f,Terminalia mantaly,road,False,True,False
tree_e5a3,Terminalia mantaly,road,False,True,False
tree_e5bb,Terminalia mantaly,road,False,True,False
tree_e5c3,Azadirachta indica,road,False,True,False
tree_e60b,Terminalia mantaly,road,False,True,False
tree_e60f,Terminalia mantaly,road,False,True,False
tree_e613,Terminalia mantaly,road,False,True,False
tree_e617,Terminalia mantaly,road,False,True,False
tree_e61f,Terminalia mantaly,road,False,True,False
tree_e623,Terminalia mantaly,road,False,True,False
tree_e627,Terminalia mantaly,road,False,True,False
tree_e62b,Terminalia mantaly,road,False,True,False
tree_e62f,Terminalia mantaly,road,False,True,False
tree_e633,Terminalia mantaly,road,False,True,False
tree_e637,Terminalia mantaly,road,False,True,False
tree_e63b,Terminalia mantaly,road,False,True,False
tree_e63f,Terminalia mantaly,road,False,True,False
tree_e643,Terminalia mantaly,road,False,True,False
tree_e647,Terminalia mantaly,road,False,True,False
tree_e64b,Terminalia mantaly,road,False,True,False
tree_e64f,Terminalia mantaly,road,False,True,False
tree_e653,Terminalia mantaly,road,False,True,False
tree_e657,Terminalia mantaly,road,False,True,False
tree_e65b,Terminalia mantaly,road,False,True,False
tree_e65f,Terminalia mantaly,road,False,True,False
tree_e663,Terminalia mantaly,road,False,True,False
tree_e667,Terminalia mantaly,road,False,True,False
tree_e66b,Terminalia mantaly,road,False,True,False
tree_e66f,Terminalia mantaly,road,False,True,False
tree_e673,Terminalia mantaly,road,False,True,False
tree_e677,Terminalia mantaly,road,False,True,False
tree_e67b,Terminalia mantaly,road,False,True,False
tree_e67f,Terminalia mantaly,road,False,True,False
tree_e683,Terminalia mantaly,road,False,True,False
tree_e687,Terminalia mantaly,road,False,True,False
tree_e68b,Terminalia mantaly,road,False,True,False
tree_e68f,Terminalia mantaly,road,False,True,False
tree_e693,Terminalia mantaly,road,False,True,False
tree_e697,Terminalia mantaly,road,False,True,False
tree_e69b,Terminalia mantaly,road,False,True,False
tree_e69f,Terminalia mantaly,road,False,True,False
tree_e6a3,Terminalia mantaly,road,False,True,False
tree_e6a7,Terminalia mantaly,road,False,True,False
tree_e6ab,Terminalia mantaly,road,False,True,False
tree_e6af,Terminalia mantaly,road,False,True,False
tree_e6b3,Terminalia mantaly,road,False,True,False
tree_e6b7,Terminalia mantaly,road,False,True,False
tree_e6bb,Terminalia mantaly,road,False,True,False
tree_e6bf,Terminalia mantaly,road,False,True,False
tree_e75b,Terminalia mantaly,road,False,True,False
tree_e75f,Terminalia mantaly,road,False,True,False
tree_e763,Terminalia mantaly,road,False,True,False
tree_e767,Terminalia mantaly,road,False,True,False
tree_e771,Terminalia mantaly,road,False,True,False
tree_e777,Terminalia mantaly,road,False,True,False
tree_e79d,Terminalia mantaly,road,False,True,False
tree_e7a1,Terminalia mantaly,road,False,True,False
tree_e7ed,Terminalia mantaly,road,False,True,False
tree_e7f5,Terminalia mantaly,road,False,True,False
tree_e7f9,Terminalia mantaly,road,False,True,False
tree_e7fd,Terminalia mantaly,road,False,True,False
tree_e801,Terminalia mantaly,road,False,True,False
tree_e805,Terminalia mantaly,road,False,True,False
tree_e809,Terminalia mantaly,road,False,True,False
tree_e80d,Terminalia mantaly,road,False,True,False
tree_e811,Terminalia mantaly,road,False,True,False
tree_e815,Terminalia mantaly,road,False,True,False
tree_e8b1,Terminalia mantaly,road,False,True,False
tree_e8b5,Terminalia mantaly,road,False,True,False
tree_e8b9,Terminalia mantaly,road,False,True,False
tree_e8bd,Terminalia mantaly,road,False,True,False
tree_e8c1,Terminalia mantaly,road,False,True,False
tree_e8f9,Terminalia mantaly,road,False,True,False
tree_e8fd,Terminalia mantaly,road,False,True,False
tree_e901,Terminalia mantaly,road,False,True,False
tree_e905,Terminalia mantaly,road,False,True,False
tree_e909,Terminalia mantaly,road,False,True,False
tree_e90d,Terminalia mantaly,road,False,True,False
tree_e911,Terminalia mantaly,road,False,True,False
tree_e915,Terminalia mantaly,road,False,True,False
tree_e919,Terminalia mantaly,road,False,True,False
tree_e971,Terminalia mantaly,road,False,True,False
tree_e975,Terminalia mantaly,road,True,True,False
tree_e979,Terminalia mantaly,road,False,True,False
tree_e97d,Terminalia mantaly,road,False,True,False
tree_e985,Terminalia mantaly,road,False,True,False
tree_e989,Terminalia mantaly,road,False,True,False
tree_e98d,Terminalia mantaly,road,False,True,False
tree_e991,Terminalia mantaly,road,False,True,False
tree_e995,Terminalia mantaly,road,False,True,False
tree_e999,Terminalia mantaly,road,True,True,False
tree_e99d,Terminalia mantaly,road,False,True,False
tree_eaa5,Terminalia mantaly,road,False,True,False
tree_eaa9,Terminalia mantaly,road,False,True,False
tree_eaab,Terminalia mantaly,road,False,True,False
tree_eaad,Terminalia mantaly,road,False,True,False
tree_eaaf,Terminalia mantaly,road,False,True,False
tree_eab1,Terminalia mantaly,road,False,True,False
tree_eab3,Terminalia mantaly,road,False,True,False
tree_eab5,Terminalia mantaly,road,False,True,False
tree_eab7,Terminalia mantaly,road,False,True,False
tree_eab9,Terminalia mantaly,road,False,True,False
tree_eabb,Terminalia mantaly,road,False,True,False
tree_eabd,Terminalia mantaly,road,False,True,False
tree_eabf,Terminalia mantaly,road,False,True,False
tree_eac1,Terminalia mantaly,road,False,True,False
tree_eac3,Terminalia mantaly,road,False,True,False
tree_eac5,Terminalia mantaly,road,False,True,False
tree_eac7,Terminalia mantaly,road,False,True,False
tree_eac9,Terminalia mantaly,road,False,True,False
tree_eacb,Terminalia mantaly,road,False,True,False
tree_eacd,Terminalia mantaly,road,False,True,False
tree_eacf,Terminalia mantaly,road,False,True,False
tree_ead3,Terminalia mantaly,road,False,True,False
tree_ead7,Terminalia mantaly,road,False,True,False
tree_eb0b,Terminalia mantaly,road,False,True,False
tree_eb0f,Terminalia mantaly,road,False,True,False
tree_eb13,Terminalia mantaly,road,False,True,False
tree_eb17,Terminalia mantaly,road,False,True,False
tree_eb1b,Terminalia mantaly,road,False,True,False
tree_eb1f,Terminalia mantaly,road,False,True,False
tree_eb23,Terminalia mantaly,road,False,True,False
tree_eb27,Terminalia mantaly,road,False,True,False
tree_eb2b,Terminalia mantaly,road,False,True,False
tree_eb2f,Terminalia mantaly,road,False,True,False
tree_eb33,Terminalia mantaly,road,False,True,False
tree_eb37,Terminalia mantaly,road,False,True,False
tree_eb3b,Terminalia mantaly,road,False,True,False
tree_eb3f,Terminalia mantaly,road,False,True,False
tree_eb43,Terminalia mantaly,road,False,True,False
tree_eb47,Terminalia mantaly,road,False,True,False
tree_eb4b,Terminalia mantaly,road,False,True,False
tree_eb4f,Terminalia mantaly,road,False,True,False
tree_eb53,Terminalia mantaly,road,False,True,False
tree_eb57,Terminalia mantaly,road,False,True,False
tree_eb5b,Terminalia mantaly,road,False,True,False
tree_eb5f,Terminalia mantaly,road,False,True,False
tree_eb63,Terminalia mantaly,road,False,True,False
tree_eb67,Terminalia mantaly,road,False,True,False
tree_eb6b,Terminalia mantaly,road,False,True,False
tree_eb6f,Terminalia mantaly,road,True,True,False
tree_eb73,Terminalia mantaly,road,False,True,False
tree_eb77,Terminalia mantaly,road,False,True,False
tree_eb7b,Terminalia mantaly,road,False,True,False
tree_eb7f,Terminalia mantaly,road,False,True,False
tree_eb83,Terminalia mantaly,road,False,True,False
tree_eb87,Terminalia mantaly,road,False,True,False
tree_eb8b,Terminalia mantaly,road,False,True,False
tree_eb8f,Terminalia mantaly,road,False,True,False
tree_eb93,Terminalia mantaly,road,False,True,False
tree_eb97,Terminalia mantaly,road,False,True,False
tree_eb9b,Terminalia mantaly,road,True,True,False
tree_eb9f,Terminalia mantaly,road,False,True,False
tree_eba3,Terminalia mantaly,road,False,True,False
tree_eba7,Terminalia mantaly,road,False,True,False
tree_ebab,Terminalia mantaly,road,False,True,False
tree_ebaf,Terminalia mantaly,road,False,True,False
tree_ebb3,Terminalia mantaly,road,False,True,False
tree_ebb7,Terminalia mantaly,road,False,True,False
tree_ebbb,Terminalia mantaly,road,False,True,False
tree_ebbf,Terminalia mantaly,road,False,True,False
tree_ebc3,Terminalia mantaly,road,False,True,False
tree_ebc7,Terminalia mantaly,road,False,True,False
tree_ebcb,Terminalia mantaly,road,False,True,False
tree_ebd3,Azadirachta indica,road,False,True,False
tree_ebd7,Terminalia mantaly,road,False,True,False
tree_ebdb,Terminalia mantaly,road,False,True,False
tree_ebe3,Tamarindus indica,road,False,True,False
tree_ebeb,Azadirachta indica,road,False,True,False
tree_ebef,Terminalia mantaly,road,True,True,False
tree_ebff,Azadirachta indica,road,False,True,False
tree_ec03,Terminalia mantaly,road,False,True,False
tree_ec07,Terminalia mantaly,road,False,True,False
tree_ec0b,Terminalia mantaly,road,False,True,False
tree_ec0f,Terminalia mantaly,road,False,True,False
tree_ec13,Terminalia mantaly,road,True,True,False
tree_ec17,Terminalia mantaly,road,False,True,False
tree_ec1b,Terminalia mantaly,road,False,True,False
tree_ec1f,Terminalia mantaly,road,False,True,False
tree_ec23,Terminalia mantaly,road,False,True,False
tree_ec27,Terminalia mantaly,road,False,True,False
tree_ec2b,Terminalia mantaly,road,False,True,False
tree_ec2f,Terminalia mantaly,road,False,True,False
tree_ec33,Terminalia mantaly,road,False,True,False
tree_ec37,Terminalia mantaly,road,False,True,False
tree_ec3b,Terminalia mantaly,road,False,True,False
tree_ec3f,Terminalia mantaly,road,False,True,False
tree_ec43,Terminalia mantaly,road,False,True,False
tree_ec47,Terminalia mantaly,road,False,True,False
tree_ec4b,Terminalia mantaly,road,False,True,False
tree_ec4f,Terminalia mantaly,road,False,True,False
tree_ec53,Terminalia mantaly,road,False,True,False
tree_ec57,Terminalia mantaly,road,False,True,False
tree_ec5b,Terminalia mantaly,road,False,True,False
tree_ec5f,Terminalia mantaly,road,False,True,False
tree_ec63,Terminalia mantaly,road,False,True,False
tree_ec67,Terminalia mantaly,road,False,True,False
tree_ec6b,Terminalia mantaly,road,False,True,False
tree_ec6f,Terminalia mantaly,road,False,True,False
tree_ec73,Terminalia mantaly,road,False,True,False
tree_ec77,Terminalia mantaly,road,False,True,False
tree_ec7b,Terminalia mantaly,road,False,True,False
tree_ec7f,Terminalia mantaly,road,False,True,False
tree_ec83,Terminalia mantaly,road,False,True,False
tree_ec87,Terminalia mantaly,road,False,True,False
tree_ec8b,Terminalia mantaly,road,False,True,False
tree_ec8f,Terminalia mantaly,road,False,True,False
tree_ec93,Terminalia mantaly,road,False,True,False
tree_ec97,Terminalia mantaly,road,False,True,False
tree_ecab,Terminalia mantaly,road,False,True,False
tree_ecaf,Azadirachta indica,road,False,True,False
tree_ecbb,Tamarindus indica,road,False,True,False
tree_ecbf,Terminalia mantaly,road,False,True,False
tree_ecc7,Azadirachta indica,road,False,True,False
tree_eccb,Tamarindus indica,road,False,True,False
tree_eccf,Azadirachta indica,road,False,True,False
tree_ecdb,Terminalia mantaly,road,False,True,False
tree_ecdf,Terminalia mantaly,road,False,True,False
tree_ece7,Tamarindus indica,road,False,True,False
tree_eceb,Azadirachta indica,road,False,True,False
tree_ecef,Tamarindus indica,road,False,True,False
tree_ecf3,Tamarindus indica,road,False,True,False
tree_ecf7,Terminalia mantaly,road,False,True,False
tree_ecfb,Azadirachta indica,road,False,True,False
tree_ecff,Azadirachta indica,road,False,True,False
tree_ed07,Azadirachta indica,road,False,True,False
tree_ed13,Tamarindus indica,road,False,True,False
tree_ed17,Azadirachta indica,road,False,True,False
tree_ed1b,Tamarindus indica,road,False,True,False
tree_ed27,Terminalia mantaly,road,False,True,False
tree_ed2b,Terminalia mantaly,road,False,True,False
tree_ed33,Azadirachta indica,road,False,True,False
tree_ed43,Azadirachta indica,road,False,True,False
tree_ed47,Azadirachta indica,road,False,True,False
tree_ed4b,Tamarindus indica,road,False,True,False
tree_ed53,Tamarindus indica,road,False,True,False
tree_ed57,Tamarindus indica,road,False,True,False
tree_ed67,Azadirachta indica,road,False,True,False
tree_ed6b,Tamarindus indica,road,False,True,False
tree_ed77,Khaya senegalensis,road,False,True,False
tree_ed7f,Azadirachta indica,road,False,True,False
tree_ed87,Tamarindus indica,road,False,True,False
tree_ed93,Khaya senegalensis,road,False,True,False
tree_ed97,Azadirachta indica,road,False,True,False
tree_ed9b,Azadirachta indica,road,False,True,False
tree_eda3,Tamarindus indica,road,False,True,False
tree_edb3,Tamarindus indica,road,False,True,False
tree_edb7,Terminalia mantaly,road,False,True,False
tree_edc7,Tamarindus indica,road,False,True,False
tree_edd3,Azadirachta indica,road,False,True,False
tree_edd7,Terminalia mantaly,road,False,True,False
tree_eddb,Tamarindus indica,road,False,True,False
tree_ede3,Terminalia mantaly,road,False,True,False
tree_ede7,Tamarindus indica,road,False,True,False
tree_edf3,Azadirachta indica,road,False,True,False
tree_edf7,Azadirachta indica,road,False,True,False
tree_ee07,Tamarindus indica,road,False,True,False
tree_ee0b,Terminalia mantaly,road,False,True,False
tree_ee0f,Tamarindus indica,road,False,True,False
tree_ee13,Terminalia mantaly,road,False,True,False
tree_ee2f,Khaya senegalensis,road,False,True,False
tree_ee37,Terminalia mantaly,road,False,True,False
tree_ee3b,Azadirachta indica,road,False,True,False
tree_ee3f,Tamarindus indica,road,False,True,False
tree_ee43,Azadirachta indica,road,False,True,False
tree_ee4b,Terminalia mantaly,road,False,True,False
tree_ee4f,Azadirachta indica,road,False,True,False
tree_ee53,Azadirachta indica,road,False,True,False
tree_ee5f,Tamarindus indica,road,False,True,False
tree_ee63,Azadirachta indica,road,False,True,False
tree_ee6b,Azadirachta indica,road,False,True,False
tree_ee6f,Terminalia mantaly,road,False,True,False
tree_ee73,Tamarindus indica,road,False,True,False
tree_ee7b,Terminalia mantaly,road,False,True,False
tree_ee87,Terminalia mantaly,road,False,True,False
tree_ee8b,Azadirachta indica,road,False,True,False
tree_eea3,Tamarindus indica,road,False,True,False
tree_eea7,Azadirachta indica,road,False,True,False
tree_eeb3,Terminalia mantaly,road,False,True,False
tree_eebb,Terminalia mantaly,road,False,True,False
tree_eec3,Azadirachta indica,road,False,True,False
tree_eecb,Azadirachta indica,road,False,True,False
tree_eecf,Terminalia mantaly,road,False,True,False
tree_eed3,Tamarindus indica,road,False,True,False
tree_eedb,Azadirachta indica,road,False,True,False
tree_eedf,Tamarindus indica,road,False,True,False
tree_eee3,Terminalia mantaly,road,False,True,False
tree_eee7,Terminalia mantaly,road,False,True,False
tree_eeeb,Terminalia mantaly,road,False,True,False
tree_eeef,Terminalia mantaly,road,False,True,False
tree_eef3,Terminalia mantaly,road,True,True,False
tree_eef7,Terminalia mantaly,road,False,True,False
tree_eefb,Terminalia mantaly,road,False,True,False
tree_eeff,Terminalia mantaly,road,True,True,False
tree_ef03,Terminalia mantaly,road,False,True,False
tree_ef07,Terminalia mantaly,road,False,True,False
tree_ef0b,Terminalia mantaly,road,False,True,False
tree_ef0f,Terminalia mantaly,road,False,True,False
tree_ef13,Terminalia mantaly,road,False,True,False
tree_ef27,Terminalia mantaly,road,False,True,False
tree_ef2b,Terminalia mantaly,road,False,True,False
tree_ef2f,Terminalia mantaly,road,False,True,False
tree_ef33,Terminalia mantaly,road,False,True,False
tree_ef37,Terminalia mantaly,road,False,True,False
tree_ef3b,Terminalia mantaly,road,False,True,False
tree_ef3f,Terminalia mantaly,road,False,True,False
tree_ef43,Terminalia mantaly,road,False,True,False
tree_ef47,Terminalia mantaly,road,False,True,False
tree_ef4b,Terminalia mantaly,road,False,True,False
tree_ef4f,Terminalia mantaly,road,False,True,False
tree_ef53,Terminalia mantaly,road,False,True,False
tree_ef57,Terminalia mantaly,road,False,True,False
tree_ef5b,Terminalia mantaly,road,False,True,False
tree_ef5f,Terminalia mantaly,road,False,True,False
tree_ef63,Terminalia mantaly,road,False,True,False
tree_efc3,Terminalia mantaly,road,False,True,False
tree_f017,Terminalia mantaly,road,False,True,False
tree_f01b,Terminalia mantaly,road,False,True,False
tree_f01f,Terminalia mantaly,road,False,True,False
tree_f023,Terminalia mantaly,road,False,True,False
tree_f027,Terminalia mantaly,road,False,True,False
tree_f02b,Terminalia mantaly,road,False,True,False
tree_f02f,Terminalia mantaly,road,False,True,False
tree_f033,Terminalia mantaly,road,False,True,False
tree_f037,Terminalia mantaly,road,False,True,False
tree_f03b,Terminalia mantaly,road,False,True,False
tree_f03f,Azadirachta indica,road,False,True,False
tree_f053,Azadirachta indica,road,False,True,False
tree_f05b,Tamarindus indica,road,False,True,False
tree_f063,Terminalia mantaly,road,False,True,False
tree_f067,Tamarindus indica,road,False,True,False
tree_f06b,Azadirachta indica,road,False,True,False
tree_f06f,Azadirachta indica,road,False,True,False
tree_f073,Terminalia mantaly,road,False,True,False
tree_f077,Terminalia mantaly,road,False,True,False
tree_f07b,Terminalia mantaly,road,False,True,False
tree_f07f,Terminalia mantaly,road,False,True,False
tree_f083,Terminalia mantaly,road,True,True,False
tree_f087,Terminalia mantaly,road,False,True,False
tree_f08b,Terminalia mantaly,road,False,True,False
tree_f08f,Terminalia mantaly,road,False,True,False
tree_f093,Terminalia mantaly,road,False,True,False
tree_f097,Terminalia mantaly,road,False,True,False
tree_f09b,Terminalia mantaly,road,False,True,False
tree_f09f,Terminalia mantaly,road,False,True,False
tree_f0a3,Terminalia mantaly,road,False,True,False
tree_f0a7,Terminalia mantaly,road,False,True,False
tree_f0ab,Terminalia mantaly,road,False,True,False
tree_f0af,Terminalia mantaly,road,False,True,False
tree_f0b3,Terminalia mantaly,road,False,True,False
tree_f0b7,Terminalia mantaly,road,False,True,False
tree_f0bb,Terminalia mantaly,road,False,True,False
tree_f0bf,Terminalia mantaly,road,False,True,False
tree_f0c3,Terminalia mantaly,road,False,True,False
tree_f0c7,Terminalia mantaly,road,False,True,False
tree_f0cb,Terminalia mantaly,road,False,True,False
tree_f0cf,Terminalia mantaly,road,False,True,False
tree_f0d3,Terminalia mantaly,road,False,True,False
tree_f0d7,Terminalia mantaly,road,False,True,False
tree_f0db,Terminalia mantaly,road,False,True,False
tree_f0df,Terminalia mantaly,road,False,True,False
tree_f0e3,Terminalia mantaly,road,False,True,False
tree_f0e7,Terminalia mantaly,road,False,True,False
tree_f0eb,Terminalia mantaly,road,False,True,False
tree_f0ef,Terminalia mantaly,road,False,True,False
tree_f0f3,Terminalia mantaly,road,False,True,False
tree_f0f7,Terminalia mantaly,road,False,True,False
tree_f0fb,Terminalia mantaly,road,False,True,False
tree_f0ff,Terminalia mantaly,road,True,True,False
tree_f103,Terminalia mantaly,road,False,True,False
tree_f107,Terminalia mantaly,road,False,True,False
tree_f10b,Terminalia mantaly,road,False,True,False
tree_f10f,Terminalia mantaly,road,False,True,False
tree_f113,Terminalia mantaly,road,False,True,False
tree_f117,Terminalia mantaly,road,False,True,False
tree_f11b,Terminalia mantaly,road,False,True,False
tree_f11f,Terminalia mantaly,road,False,True,False
tree_f123,Terminalia mantaly,road,False,True,False
tree_f127,Terminalia mantaly,road,False,True,False
tree_f12b,Terminalia mantaly,road,False,True,False
tree_f12f,Terminalia mantaly,road,False,True,False
tree_f133,Terminalia mantaly,road,False,True,False
tree_f137,Terminalia mantaly,road,False,True,False
tree_f13b,Terminalia mantaly,road,False,True,False
tree_f13f,Terminalia mantaly,road,False,True,False
tree_f143,Terminalia mantaly,road,False,True,False
tree_f147,Terminalia mantaly,road,False,True,False
tree_f14b,Terminalia mantaly,road,False,True,False
tree_f14f,Terminalia mantaly,road,False,True,False
tree_f153,Terminalia mantaly,road,False,True,False
tree_f157,Terminalia mantaly,road,False,True,False
tree_f15b,Terminalia mantaly,road,False,True,False
tree_f15f,Terminalia mantaly,road,False,True,False
tree_f163,Terminalia mantaly,road,False,True,False
tree_f167,Terminalia mantaly,road,False,True,False
tree_f16b,Terminalia mantaly,road,False,True,False
tree_f16f,Terminalia mantaly,road,False,True,False
tree_f173,Terminalia mantaly,road,False,True,False
tree_f177,Terminalia mantaly,road,False,True,False
tree_f17b,Terminalia mantaly,road,False,True,False
tree_f17f,Terminalia mantaly,road,False,True,False
tree_f183,Terminalia mantaly,road,False,True,False
tree_f187,Terminalia mantaly,road,False,True,False
tree_f18b,Terminalia mantaly,road,False,True,False
tree_f18f,Terminalia mantaly,road,False,True,False
tree_f193,Terminalia mantaly,road,False,True,False
tree_f197,Terminalia mantaly,road,False,True,False
tree_f19b,Terminalia mantaly,road,False,True,False
tree_f19f,Terminalia mantaly,road,False,True,False
tree_f1a3,Terminalia mantaly,road,False,True,False
tree_f1a7,Terminalia mantaly,road,False,True,False
tree_f1ab,Terminalia mantaly,road,False,True,False
tree_f1af,Terminalia mantaly,road,False,True,False
tree_f1b3,Terminalia mantaly,road,False,True,False
tree_f1b7,Terminalia mantaly,road,False,True,False
tree_f1bb,Terminalia mantaly,road,False,True,False
tree_f1bf,Terminalia mantaly,road,False,True,False
tree_f1c3,Terminalia mantaly,road,False,True,False
tree_f1c7,Terminalia mantaly,road,False,True,False
tree_f1cb,Terminalia mantaly,road,False,True,False
tree_f1cf,Terminalia mantaly,road,False,True,False
tree_f1d3,Terminalia mantaly,road,False,True,False
tree_f1d7,Terminalia mantaly,road,False,True,False
tree_f1db,Terminalia mantaly,road,False,True,False
tree_f1df,Terminalia mantaly,road,False,True,False
tree_f1e3,Terminalia mantaly,road,False,True,False
tree_f1e7,Terminalia mantaly,road,False,True,False
tree_f1eb,Terminalia mantaly,road,False,True,False
tree_f1ef,Terminalia mantaly,road,True,True,False
tree_f1f3,Terminalia mantaly,road,False,True,False
tree_f1f7,Terminalia mantaly,road,False,True,False
tree_f1fb,Terminalia mantaly,road,False,True,False
tree_f1ff,Terminalia mantaly,road,False,True,False
tree_f203,Terminalia mantaly,road,False,True,False
tree_f207,Terminalia mantaly,road,False,True,False
tree_f20b,Terminalia mantaly,road,False,True,False
tree_f20f,Terminalia mantaly,road,False,True,False
tree_f213,Terminalia mantaly,road,False,True,False
tree_f217,Terminalia mantaly,road,False,True,False
tree_f21b,Terminalia mantaly,road,False,True,False
tree_f21f,Terminalia mantaly,road,False,True,False
tree_f223,Terminalia mantaly,road,False,True,False
tree_f227,Terminalia mantaly,road,False,True,False
tree_f22b,Terminalia mantaly,road,False,True,False
tree_f22f,Terminalia mantaly,road,False,True,False
tree_f233,Terminalia mantaly,road,False,True,False
tree_f237,Terminalia mantaly,road,False,True,False
tree_f23b,Terminalia mantaly,road,False,True,False
tree_f23f,Terminalia mantaly,road,False,True,False
tree_f243,Terminalia mantaly,road,False,True,False
tree_f247,Terminalia mantaly,road,False,True,False
tree_f24b,Terminalia mantaly,road,False,True,False
tree_f24f,Terminalia mantaly,road,False,True,False
tree_f253,Terminalia mantaly,road,False,True,False
tree_f257,Terminalia mantaly,road,False,True,False
tree_f25b,Terminalia mantaly,road,False,True,False
tree_f25f,Terminalia mantaly,road,False,True,False
tree_f263,Terminalia mantaly,road,False,True,False
tree_f267,Terminalia mantaly,road,False,True,False
tree_f26b,Terminalia mantaly,road,False,True,False
tree_f26f,Terminalia mantaly,road,False,True,False
tree_f273,Terminalia mantaly,road,False,True,False
tree_f277,Terminalia mantaly,road,False,True,False
tree_f27b,Terminalia mantaly,road,False,True,False
tree_f27f,Terminalia mantaly,road,False,True,False
tree_f283,Terminalia mantaly,road,False,True,False
tree_f287,Terminalia mantaly,road,False,True,False
tree_f28b,Terminalia mantaly,road,False,True,False
tree_f28f,Terminalia mantaly,road,False,True,False
tree_f293,Terminalia mantaly,road,False,True,False
tree_f297,Terminalia mantaly,road,False,True,False
tree_f29b,Terminalia mantaly,road,True,True,False
tree_f29f,Terminalia mantaly,road,False,True,False
tree_f2a3,Terminalia mantaly,road,False,True,False
tree_f2a7,Terminalia mantaly,road,False,True,False
tree_f2ab,Terminalia mantaly,road,False,True,False
tree_f2af,Terminalia mantaly,road,False,True,False
tree_f2b3,Terminalia mantaly,road,False,True,False
tree_f2b7,Terminalia mantaly,road,False,True,False
tree_f2bb,Terminalia mantaly,road,False,True,False
tree_f2bf,Terminalia mantaly,road,False,True,False
tree_f2c3,Terminalia mantaly,road,False,True,False
tree_f2c7,Terminalia mantaly,road,False,True,False
tree_f2cb,Terminalia mantaly,road,False,True,False
tree_f2cf,Terminalia mantaly,road,False,True,False
tree_f2d3,Terminalia mantaly,road,False,True,False
tree_f2d7,Terminalia mantaly,road,False,True,False
tree_f2db,Terminalia mantaly,road,False,True,False
tree_f2df,Terminalia mantaly,road,False,True,False
tree_f2e3,Terminalia mantaly,road,False,True,False
tree_f2e7,Terminalia mantaly,road,False,True,False
tree_f2eb,Terminalia mantaly,road,False,True,False
tree_f2ef,Terminalia mantaly,road,False,True,False
tree_f2f3,Terminalia mantaly,road,False,True,False
tree_f2f7,Terminalia mantaly,road,False,True,False
tree_f2fb,Terminalia mantaly,road,False,True,False
tree_f2ff,Terminalia mantaly,road,False,True,False
tree_f303,Terminalia mantaly,road,False,True,False
tree_f307,Terminalia mantaly,road,False,True,False
tree_f30b,Terminalia mantaly,road,False,True,False
tree_f30f,Terminalia mantaly,road,False,True,False
tree_f313,Terminalia mantaly,road,False,True,False
tree_f317,Terminalia mantaly,road,False,True,False
tree_f31b,Terminalia mantaly,road,False,True,False
tree_f31f,Terminalia mantaly,road,False,True,False
tree_f323,Terminalia mantaly,road,False,True,False
tree_f327,Terminalia mantaly,road,False,True,False
tree_f32b,Terminalia mantaly,road,False,True,False
tree_f32f,Terminalia mantaly,road,False,True,False
tree_f359,Terminalia mantaly,road,False,True,False
tree_f35d,Terminalia mantaly,road,False,True,False
tree_f365,Terminalia mantaly,road,False,True,False
tree_f369,Terminalia mantaly,road,False,True,False
tree_f36d,Terminalia mantaly,road,False,True,False
tree_f371,Terminalia mantaly,road,False,True,False
tree_f375,Terminalia mantaly,road,False,True,False
tree_f379,Terminalia mantaly,road,False,True,False
tree_f37d,Terminalia mantaly,road,False,True,False
tree_f381,Terminalia mantaly,road,False,True,False
tree_f385,Terminalia mantaly,road,False,True,False
tree_f389,Terminalia mantaly,road,False,True,False
tree_f38d,Terminalia mantaly,road,False,True,False
tree_f391,Terminalia mantaly,road,False,True,False
tree_f395,Terminalia mantaly,road,False,True,False
tree_f399,Terminalia mantaly,road,False,True,False
tree_f39d,Terminalia mantaly,road,False,True,False
tree_f3a1,Terminalia mantaly,road,False,True,False
tree_f3a5,Terminalia mantaly,road,False,True,False
tree_f3a9,Terminalia mantaly,road,False,True,False
tree_f3ad,Terminalia mantaly,road,False,True,False
tree_f3b1,Terminalia mantaly,road,False,True,False
tree_f3b5,Terminalia mantaly,road,False,True,False
tree_f3b9,Terminalia mantaly,road,False,True,False
tree_f3bd,Terminalia mantaly,road,False,True,False
tree_f52d,Terminalia mantaly,road,False,True,False
tree_f531,Terminalia mantaly,road,False,True,False
tree_f535,Terminalia mantaly,road,False,True,False
tree_f539,Terminalia mantaly,road,False,True,False
tree_f53d,Terminalia mantaly,road,False,True,False
tree_f541,Terminalia mantaly,road,False,True,False
tree_f545,Terminalia mantaly,road,True,True,False
tree_f549,Terminalia mantaly,road,False,True,False
tree_f54d,Terminalia mantaly,road,False,True,False
tree_f551,Terminalia mantaly,road,False,True,False
tree_f555,Terminalia mantaly,road,False,True,False
tree_f559,Terminalia mantaly,road,False,True,False
tree_f55d,Terminalia mantaly,road,False,True,False
tree_f561,Terminalia mantaly,road,False,True,False
tree_f565,Terminalia mantaly,road,False,True,False
tree_f569,Terminalia mantaly,road,False,True,False
tree_f56d,Terminalia mantaly,road,False,True,False
tree_f571,Terminalia mantaly,road,False,True,False
tree_f575,Terminalia mantaly,road,False,True,False
tree_f579,Terminalia mantaly,road,False,True,False
tree_f57d,Terminalia mantaly,road,False,True,False
tree_f581,Terminalia mantaly,road,False,True,False
tree_f585,Terminalia mantaly,road,True,True,False
tree_f589,Terminalia mantaly,road,False,True,False
tree_f58d,Terminalia mantaly,road,False,True,False
tree_f591,Terminalia mantaly,road,False,True,False
tree_f595,Terminalia mantaly,road,False,True,False
tree_f599,Terminalia mantaly,road,False,True,False
tree_f59d,Terminalia mantaly,road,False,True,False
tree_f5a1,Terminalia mantaly,road,False,True,False
tree_f5a5,Terminalia mantaly,road,False,True,False
tree_f5a9,Terminalia mantaly,road,False,True,False
tree_f5ad,Terminalia mantaly,road,False,True,False
tree_f5b1,Terminalia mantaly,road,False,True,False
tree_f5b5,Terminalia mantaly,road,False,True,False
tree_f5b9,Terminalia mantaly,road,False,True,False
tree_f5bd,Terminalia mantaly,road,False,True,False
tree_f5c1,Terminalia mantaly,road,False,True,False
tree_f5c5,Terminalia mantaly,road,False,True,False
tree_f5c9,Terminalia mantaly,road,False,True,False
tree_f5cd,Terminalia mantaly,road,False,True,False
tree_f5d1,Terminalia mantaly,road,False,True,False
tree_f5d5,Terminalia mantaly,road,False,True,False
tree_f5d9,Terminalia mantaly,road,False,True,False
tree_f5dd,Terminalia mantaly,road,False,True,False
tree_f5e1,Terminalia mantaly,road,False,True,False
tree_f5e5,Terminalia mantaly,road,False,True,False
tree_f5e9,Terminalia mantaly,road,False,True,False
tree_f5ed,Terminalia mantaly,road,False,True,False
tree_f5f1,Terminalia mantaly,road,False,True,False
tree_f5f5,Terminalia mantaly,road,False,True,False
tree_f5f9,Terminalia mantaly,road,False,True,False
tree_f5fd,Terminalia mantaly,road,False,True,False
tree_f601,Terminalia mantaly,road,False,True,False
tree_f605,Terminalia mantaly,road,False,True,False
tree_f609,Terminalia mantaly,road,True,True,False
tree_f60d,Terminalia mantaly,road,False,True,False
tree_f611,Terminalia mantaly,road,False,True,False
tree_f615,Terminalia mantaly,road,False,True,False
tree_f619,Terminalia mantaly,road,False,True,False
tree_f61d,Terminalia mantaly,road,False,True,False
tree_f621,Terminalia mantaly,road,False,True,False
tree_f625,Terminalia mantaly,road,False,True,False
tree_f629,Terminalia mantaly,road,False,True,False
tree_f62d,Terminalia mantaly,road,False,True,False
tree_f631,Terminalia mantaly,road,False,True,False
tree_f635,Terminalia mantaly,road,False,True,False
tree_f639,Terminalia mantaly,road,False,True,False
tree_f63d,Terminalia mantaly,road,False,True,False
tree_f641,Terminalia mantaly,road,False,True,False
tree_f645,Terminalia mantaly,road,False,True,False
tree_f649,Terminalia mantaly,road,False,True,False
tree_f64d,Terminalia mantaly,road,False,True,False
tree_f651,Terminalia mantaly,road,False,True,False
tree_f655,Terminalia mantaly,road,False,True,False
tree_f659,Terminalia mantaly,road,False,True,False
tree_f65d,Terminalia mantaly,road,False,True,False
tree_f661,Terminalia mantaly,road,False,True,False
tree_f665,Terminalia mantaly,road,False,True,False
tree_f669,Terminalia mantaly,road,False,True,False
tree_f66d,Terminalia mantaly,road,False,True,False
tree_f671,Terminalia mantaly,road,False,True,False
tree_f675,Terminalia mantaly,road,True,True,False
tree_f679,Terminalia mantaly,road,False,True,False
tree_f67d,Terminalia mantaly,road,False,True,False
tree_f681,Terminalia mantaly,road,False,True,False
tree_f685,Terminalia mantaly,road,False,True,False
tree_f689,Terminalia mantaly,road,True,True,False
tree_f68d,Terminalia mantaly,road,False,True,False
tree_f691,Terminalia mantaly,road,False,True,False
tree_f695,Terminalia mantaly,road,False,True,False
tree_f699,Terminalia mantaly,road,False,True,False
tree_f69d,Terminalia mantaly,road,False,True,False
tree_f6a1,Terminalia mantaly,road,False,True,False
tree_f6a5,Terminalia mantaly,road,False,True,False
tree_f6a9,Terminalia mantaly,road,False,True,False
tree_f6ad,Terminalia mantaly,road,False,True,False
tree_f6b1,Terminalia mantaly,road,False,True,False
tree_f6b5,Terminalia mantaly,road,False,True,False
tree_f6b9,Terminalia mantaly,road,False,True,False
tree_f6bd,Terminalia mantaly,road,False,True,False
tree_f6c1,Terminalia mantaly,road,False,True,False
tree_f6c5,Terminalia mantaly,road,False,True,False
tree_f6c9,Terminalia mantaly,road,False,True,False
tree_f6cd,Terminalia mantaly,road,False,True,False
tree_f6d1,Terminalia mantaly,road,True,True,False
tree_f6d5,Terminalia mantaly,road,False,True,False
tree_f6d9,Terminalia mantaly,road,False,True,False
tree_f6dd,Terminalia mantaly,road,False,True,False
tree_f6e1,Terminalia mantaly,road,False,True,False
tree_f6e5,Terminalia mantaly,road,False,True,False
tree_f6e9,Terminalia mantaly,road,False,True,False
tree_f6ed,Terminalia mantaly,road,False,True,False
tree_f6f1,Terminalia mantaly,road,False,True,False
tree_f6f5,Terminalia mantaly,road,False,True,False
tree_f6f9,Terminalia mantaly,road,False,True,False
tree_f6fd,Terminalia mantaly,road,False,True,False
tree_f701,Terminalia mantaly,road,False,True,False
tree_f705,Terminalia mantaly,road,False,True,False
tree_f709,Terminalia mantaly,road,False,True,False
tree_f70d,Terminalia mantaly,road,False,True,False
tree_f711,Terminalia mantaly,road,False,True,False
tree_f715,Terminalia mantaly,road,False,True,False
tree_f719,Terminalia mantaly,road,False,True,False
tree_f71d,Terminalia mantaly,road,False,True,False
tree_f721,Terminalia mantaly,road,False,True,False
tree_f725,Terminalia mantaly,road,False,True,False
tree_f729,Terminalia mantaly,road,False,True,False
tree_f72d,Terminalia mantaly,road,False,True,False
tree_f731,Terminalia mantaly,road,False,True,False
tree_f735,Terminalia mantaly,road,False,True,False
tree_f739,Terminalia mantaly,road,False,True,False
tree_f73d,Terminalia mantaly,road,False,True,False
tree_f741,Terminalia mantaly,road,False,True,False
tree_f745,Terminalia mantaly,road,False,True,False
tree_f749,Terminalia mantaly,road,False,True,False
tree_f74d,Terminalia mantaly,road,False,True,False
tree_f751,Terminalia mantaly,road,False,True,False
tree_f755,Terminalia mantaly,road,False,True,False
tree_f759,Terminalia mantaly,road,False,True,False
tree_f75d,Terminalia mantaly,road,False,True,False
tree_f761,Terminalia mantaly,road,False,True,False
tree_f765,Terminalia mantaly,road,False,True,False
tree_f769,Terminalia mantaly,road,False,True,False
tree_f76d,Terminalia mantaly,road,False,True,False
tree_f771,Terminalia mantaly,road,False,True,False
tree_f775,Terminalia mantaly,road,False,True,False
tree_f779,Terminalia mantaly,road,False,True,False
tree_f77d,Terminalia mantaly,road,False,True,False
tree_f781,Terminalia mantaly,road,False,True,False
tree_f785,Terminalia mantaly,road,False,True,False
tree_f789,Terminalia mantaly,road,False,True,False
tree_f78d,Terminalia mantaly,road,False,True,False
tree_f791,Terminalia mantaly,road,False,True,False
tree_f795,Terminalia mantaly,road,False,True,False
tree_f799,Terminalia mantaly,road,False,True,False
tree_f79d,Terminalia mantaly,road,False,True,False
tree_f7a1,Terminalia mantaly,road,False,True,False
tree_f7a5,Terminalia mantaly,road,False,True,False
tree_f7a9,Terminalia mantaly,road,False,True,False
tree_f7ad,Terminalia mantaly,road,False,True,False
tree_f7b1,Terminalia mantaly,road,False,True,False
tree_f7b5,Terminalia mantaly,road,False,True,False
tree_f7b9,Terminalia mantaly,road,True,True,False
tree_f7bd,Terminalia mantaly,road,False,True,False
tree_f7c1,Terminalia mantaly,road,False,True,False
tree_f7c5,Terminalia mantaly,road,False,True,False
tree_f7c9,Terminalia mantaly,road,False,True,False
tree_f7cd,Terminalia mantaly,road,False,True,False
tree_f7d1,Terminalia mantaly,road,False,True,False
tree_f7d5,Terminalia mantaly,road,False,True,False
tree_f7d9,Terminalia mantaly,road,False,True,False
tree_f7dd,Terminalia mantaly,road,False,True,False
tree_f7e1,Terminalia mantaly,road,False,True,False
tree_f7e5,Terminalia mantaly,road,False,True,False
tree_f7e9,Terminalia mantaly,road,False,True,False
tree_f7ed,Terminalia mantaly,road,True,True,False
tree_f7f1,Terminalia mantaly,road,False,True,False
tree_f7f5,Terminalia mantaly,road,False,True,False
tree_f7f9,Terminalia mantaly,road,False,True,False
tree_f7fd,Terminalia mantaly,road,False,True,False
tree_f801,Terminalia mantaly,road,False,True,False
tree_f805,Terminalia mantaly,road,False,True,False
tree_f809,Terminalia mantaly,road,False,True,False
tree_f80d,Terminalia mantaly,road,False,True,False
tree_f811,Terminalia mantaly,road,False,True,False
tree_f815,Terminalia mantaly,road,False,True,False
tree_f819,Terminalia mantaly,road,False,True,False
tree_f81d,Terminalia mantaly,road,False,True,False
tree_f821,Terminalia mantaly,road,False,True,False
tree_f825,Terminalia mantaly,road,False,True,False
tree_f829,Terminalia mantaly,road,False,True,False
tree_f82d,Terminalia mantaly,road,False,True,False
tree_f831,Terminalia mantaly,road,False,True,False
tree_f835,Terminalia mantaly,road,False,True,False
tree_f839,Terminalia mantaly,road,False,True,False
tree_f83d,Terminalia mantaly,road,True,True,False
tree_f841,Terminalia mantaly,road,False,True,False
tree_f845,Terminalia mantaly,road,False,True,False
tree_f849,Terminalia mantaly,road,False,True,False
tree_f84d,Terminalia mantaly,road,False,True,False
tree_f851,Terminalia mantaly,road,False,True,False
tree_f855,Terminalia mantaly,road,False,True,False
tree_f859,Terminalia mantaly,road,False,True,False
tree_f85d,Terminalia mantaly,road,False,True,False
tree_f861,Terminalia mantaly,road,False,True,False
tree_f865,Terminalia mantaly,road,False,True,False
tree_f869,Terminalia mantaly,road,False,True,False
tree_f86d,Terminalia mantaly,road,False,True,False
tree_f871,Terminalia mantaly,road,False,True,False
tree_fcef,Tamarindus indica,road,False,True,False
tree_fd6b,Azadirachta indica,road,False,True,False
tree_fecf,Terminalia mantaly,road,False,True,False
