<?xml version='1.0' encoding='UTF-8'?>
<osm version='0.6' upload='false' generator='JOSM'>
  <node id='-130554' lat='14.76872171291' lon='-17.00651543006' />
  <node id='-130555' lat='14.77044386909' lon='-17.00696187329' />
  <node id='-130556' lat='14.77048611987' lon='-17.00697424112' />
  <node id='-130557' lat='14.77052756162' lon='-17.00698922365' />
  <node id='-130558' lat='14.77056804128' lon='-17.00700676555' />
  <node id='-130559' lat='14.77207827633' lon='-17.00771752722' />
  <node id='-130560' lat='14.7709526488' lon='-17.01078057609' />
  <node id='-130561' lat='14.76971542993' lon='-17.01039912559' />
  <node id='-130562' lat='14.76963644918' lon='-17.01037742051' />
  <node id='-130563' lat='14.76955633878' lon='-17.01036064855' />
  <node id='-130564' lat='14.76947539016' lon='-17.01034887074' />
  <node id='-130565' lat='14.76939389785' lon='-17.01034212991' />
  <node id='-130566' lat='14.76931215833' lon='-17.01034045058' />
  <node id='-130567' lat='14.76923046898' lon='-17.01034383886' />
  <node id='-130568' lat='14.76914912701' lon='-17.01035228242' />
  <node id='-130569' lat='14.76876397787' lon='-17.01040436351' />
  <node id='-130570' lat='14.76867024656' lon='-17.0104136476' />
  <node id='-130571' lat='14.76857611421' lon='-17.01041622121' />
  <node id='-130572' lat='14.76848203515' lon='-17.01041207193' />
  <node id='-130573' lat='14.76838846345' lon='-17.01040121978' />
  <node id='-130574' lat='14.76829585073' lon='-17.01038371717' />
  <node id='-130575' lat='14.768204644' lon='-17.01035964857' />
  <node id='-130576' lat='14.76811528345' lon='-17.01032913015' />
  <node id='-130577' lat='14.76802820038' lon='-17.01029230922' />
  <node id='-130578' lat='14.76792233516' lon='-17.01024093646' />
  <node id='-130579' lat='14.76781356587' lon='-17.01019642969' />
  <node id='-130580' lat='14.76770231364' lon='-17.01015896122' />
  <node id='-130581' lat='14.76758900925' lon='-17.0101286761' />
  <node id='-130582' lat='14.76747409138' lon='-17.01010569161' />
  <node id='-130583' lat='14.767358005' lon='-17.0100900967' />
  <node id='-130584' lat='14.76724119956' lon='-17.01008195176' />
  <node id='-130585' action='modify' lat='14.76622927318' lon='-17.00989948661' />
  <node id='-130586' action='modify' lat='14.7664421283' lon='-17.00904486102' />
  <node id='-130587' action='modify' lat='14.76702376986' lon='-17.00919645528' />
  <node id='-130588' action='modify' lat='14.76669843371' lon='-17.00796292016' />
  <node id='-130589' action='modify' lat='14.76728691679' lon='-17.00811540769' />
  <node id='-130590' action='modify' lat='14.76695723893' lon='-17.00687157392' />
  <node id='-130591' action='modify' lat='14.76755006387' lon='-17.00703435814' />
  <node id='-130592' lat='14.76771649801' lon='-17.00635061987' />
  <node id='-130593' action='modify' lat='14.7670241545' lon='-17.00965120407' />
  <node id='-130594' lat='14.76938481015' lon='-17.0054206309' />
  <node id='-130595' lat='14.76956091952' lon='-17.00460218361' />
  <node id='-130596' lat='14.77051089382' lon='-17.00481854462' />
  <node id='-130597' action='modify' lat='14.76912664382' lon='-17.00662040202' />
  <node id='-130598' action='modify' lat='14.76960283951' lon='-17.00674425463' />
  <node id='-130599' action='modify' lat='14.76927210258' lon='-17.00806353759' />
  <node id='-130600' action='modify' lat='14.76886786098' lon='-17.00655229632' />
  <node id='-130601' lat='14.76837271444' lon='-17.00789511543' />
  <node id='-130602' action='modify' lat='14.76861823568' lon='-17.00722977723' />
  <node id='-130603' action='modify' lat='14.76790737978' lon='-17.00698733334' />
  <node id='-130604' lat='14.76799468693' lon='-17.00910312206' />
  <node id='-130605' action='modify' lat='14.76810045646' lon='-17.00652733478' />
  <node id='-130606' lat='14.76761504412' lon='-17.00773658352' />
  <node id='-130607' action='modify' lat='14.76726438177' lon='-17.0088571346' />
  <node id='-130608' action='modify' lat='14.76743037247' lon='-17.00832670704' />
  <node id='-130609' action='modify' lat='14.76816067868' lon='-17.00857268702' />
  <node id='-130610' action='modify' lat='14.76753629317' lon='-17.01011634744' />
  <node id='-130612' lat='14.76558645657' lon='-17.01323508641' />
  <node id='-130613' lat='14.76561621739' lon='-17.01324165185' />
  <node id='-130614' lat='14.76564634083' lon='-17.01324614306' />
  <node id='-130615' lat='14.76567669017' lon='-17.01324853964' />
  <node id='-130616' lat='14.76570712765' lon='-17.01324883072' />
  <node id='-130617' lat='14.76573751513' lon='-17.01324701498' />
  <node id='-130618' lat='14.76576771468' lon='-17.01324310066' />
  <node id='-130619' lat='14.76579758924' lon='-17.01323710552' />
  <node id='-130620' lat='14.76582700319' lon='-17.01322905677' />
  <node id='-130621' lat='14.76585582304' lon='-17.01321899095' />
  <node id='-130622' lat='14.76588391798' lon='-17.01320695374' />
  <node id='-130623' lat='14.76591116049' lon='-17.01319299978' />
  <node id='-130624' lat='14.76593742691' lon='-17.0131771924' />
  <node id='-130625' lat='14.76596259803' lon='-17.01315960335' />
  <node id='-130626' lat='14.7659865596' lon='-17.01314031245' />
  <node id='-130627' lat='14.76600920287' lon='-17.01311940728' />
  <node id='-130628' lat='14.76603042504' lon='-17.01309698272' />
  <node id='-130629' lat='14.76605012981' lon='-17.01307314054' />
  <node id='-130630' lat='14.76606822773' lon='-17.01304798897' />
  <node id='-130631' lat='14.76608463666' lon='-17.01302164216' />
  <node id='-130632' lat='14.76609928211' lon='-17.0129942197' />
  <node id='-130633' lat='14.76611209763' lon='-17.01296584605' />
  <node id='-130634' lat='14.76612302503' lon='-17.01293665001' />
  <node id='-130635' lat='14.76613201472' lon='-17.01290676408' />
  <node id='-130636' action='modify' lat='14.76591589667' lon='-17.01117434176' />
  <node id='-130637' action='modify' lat='14.76654524617' lon='-17.0113487698' />
  <node id='-130638' action='modify' lat='14.77324843415' lon='-17.01240945041' />
  <node id='-130639' lat='14.77323397227' lon='-17.0140602086' />
  <node id='-130640' action='modify' lat='14.77007210805' lon='-17.00686630583' />
  <node id='-130641' action='modify' lat='14.77084761135' lon='-17.0125166539' />
  <node id='-130642' lat='14.77083493561' lon='-17.0139698192' />
  <node id='-130643' lat='14.77069048775' lon='-17.01156474208' />
  <node id='-130644' lat='14.77058235989' lon='-17.01212460787' />
  <node id='-130645' lat='14.77058048012' lon='-17.01213575734' />
  <node id='-130646' lat='14.77057913121' lon='-17.0121469877' />
  <node id='-130647' lat='14.77056817679' lon='-17.01226097312' />
  <node id='-130648' lat='14.77056718061' lon='-17.01227696671' />
  <node id='-130649' lat='14.77056726046' lon='-17.01229299282' />
  <node id='-130650' lat='14.77056841595' lon='-17.01230897508' />
  <node id='-130651' lat='14.77057064159' lon='-17.01232483734' />
  <node id='-130652' lat='14.77057392676' lon='-17.01234050401' />
  <node id='-130653' lat='14.77057825582' lon='-17.01235590043' />
  <node id='-130654' lat='14.77058360812' lon='-17.01237095323' />
  <node id='-130655' lat='14.77058995818' lon='-17.01238559069' />
  <node id='-130656' lat='14.77059727572' lon='-17.01239974305' />
  <node id='-130657' lat='14.77060552587' lon='-17.01241334287' />
  <node id='-130658' lat='14.77061466933' lon='-17.01242632534' />
  <node id='-130659' lat='14.77062466252' lon='-17.0124386286' />
  <node id='-130660' lat='14.77063545783' lon='-17.01245019403' />
  <node id='-130661' lat='14.7706470038' lon='-17.0124609665' />
  <node id='-130662' lat='14.77065924542' lon='-17.01247089469' />
  <node id='-130663' lat='14.77067212436' lon='-17.01247993129' />
  <node id='-130664' lat='14.77068557924' lon='-17.01248803323' />
  <node id='-130665' lat='14.77069954595' lon='-17.0124951619' />
  <node id='-130666' lat='14.77071395793' lon='-17.01250128334' />
  <node id='-130667' lat='14.77072874651' lon='-17.01250636837' />
  <node id='-130668' lat='14.77074384121' lon='-17.01251039277' />
  <node id='-130669' lat='14.77075917011' lon='-17.01251333735' />
  <node id='-130670' lat='14.77077466015' lon='-17.01251518808' />
  <node id='-130671' lat='14.77079023753' lon='-17.01251593615' />
  <node id='-130672' lat='14.77166559081' lon='-17.01252688693' />
  <node id='-130673' lat='14.77384351982' lon='-17.0123652914' />
  <node id='-130674' lat='14.77386809551' lon='-17.01236245665' />
  <node id='-130675' lat='14.77389242594' lon='-17.01235790638' />
  <node id='-130676' lat='14.77391639785' lon='-17.01235166178' />
  <node id='-130677' lat='14.77393989967' lon='-17.01234375189' />
  <node id='-130678' lat='14.77396282201' lon='-17.01233421355' />
  <node id='-130679' lat='14.77398505818' lon='-17.01232309114' />
  <node id='-130680' lat='14.77400650467' lon='-17.01231043643' />
  <node id='-130681' lat='14.77402706167' lon='-17.01229630834' />
  <node id='-130682' lat='14.7740466335' lon='-17.0122807726' />
  <node id='-130683' lat='14.77406512905' lon='-17.01226390154' />
  <node id='-130684' lat='14.77408246223' lon='-17.01224577369' />
  <node id='-130685' lat='14.77409855238' lon='-17.01222647341' />
  <node id='-130686' lat='14.77411332459' lon='-17.01220609055' />
  <node id='-130687' lat='14.7741267101' lon='-17.01218471997' />
  <node id='-130688' lat='14.77413864663' lon='-17.01216246114' />
  <node id='-130689' lat='14.7741490786' lon='-17.01213941767' />
  <node id='-130690' lat='14.77415795746' lon='-17.01211569682' />
  <node id='-130691' lat='14.77416524189' lon='-17.01209140899' />
  <node id='-130692' lat='14.77417089797' lon='-17.01206666724' />
  <node id='-130693' lat='14.77417489939' lon='-17.01204158672' />
  <node id='-130694' lat='14.77417722751' lon='-17.01201628417' />
  <node id='-130695' lat='14.7741778715' lon='-17.01199087736' />
  <node id='-130696' lat='14.77417682836' lon='-17.01196548456' />
  <node id='-130697' action='modify' lat='14.77406507232' lon='-17.01013929079' />
  <node id='-130698' lat='14.77402953975' lon='-17.0094376822' />
  <node id='-130699' lat='14.77402712182' lon='-17.00935861936' />
  <node id='-130700' lat='14.77402907454' lon='-17.00927954295' />
  <node id='-130701' lat='14.77403539163' lon='-17.00920070793' />
  <node id='-130702' lat='14.77404605272' lon='-17.00912236853' />
  <node id='-130703' lat='14.77406102343' lon='-17.00904477734' />
  <node id='-130704' lat='14.77422925684' lon='-17.00818623388' />
  <node id='-130705' lat='14.77460416466' lon='-17.00653822297' />
  <node id='-130706' lat='14.77460715597' lon='-17.00652270664' />
  <node id='-130707' lat='14.77460911229' lon='-17.006507017' />
  <node id='-130708' lat='14.77461002453' lon='-17.00649122687' />
  <node id='-130709' lat='14.77460988847' lon='-17.00647540954' />
  <node id='-130710' lat='14.77460870473' lon='-17.00645963846' />
  <node id='-130711' lat='14.77460647881' lon='-17.00644398681' />
  <node id='-130712' lat='14.77460322104' lon='-17.00642852726' />
  <node id='-130713' lat='14.77459894655' lon='-17.00641333157' />
  <node id='-130714' lat='14.77459367517' lon='-17.00639847028' />
  <node id='-130715' lat='14.77458743138' lon='-17.00638401237' />
  <node id='-130716' lat='14.77458024416' lon='-17.00637002496' />
  <node id='-130717' lat='14.77457214687' lon='-17.00635657297' />
  <node id='-130718' lat='14.7745631771' lon='-17.00634371885' />
  <node id='-130719' lat='14.77455337649' lon='-17.00633152227' />
  <node id='-130720' lat='14.77454279053' lon='-17.00632003984' />
  <node id='-130721' lat='14.77453146835' lon='-17.00630932486' />
  <node id='-130722' lat='14.77451946253' lon='-17.00629942708' />
  <node id='-130723' lat='14.77450682879' lon='-17.00629039244' />
  <node id='-130724' lat='14.77449362577' lon='-17.00628226287' />
  <node id='-130725' lat='14.77447991476' lon='-17.00627507612' />
  <node id='-130726' lat='14.77446575941' lon='-17.00626886554' />
  <node id='-130727' lat='14.77445122542' lon='-17.00626365996' />
  <node id='-130728' lat='14.77443638027' lon='-17.00625948355' />
  <node id='-130729' lat='14.77291321275' lon='-17.00588779722' />
  <node id='-130730' lat='14.77287041077' lon='-17.00587894431' />
  <node id='-130731' lat='14.77282711651' lon='-17.00587314693' />
  <node id='-130732' lat='14.77278353625' lon='-17.0058704327' />
  <node id='-130733' lat='14.77273987762' lon='-17.00587081454' />
  <node id='-130734' lat='14.77269634862' lon='-17.00587429064' />
  <node id='-130735' lat='14.77265315665' lon='-17.00588084443' />
  <node id='-130736' lat='14.77261050747' lon='-17.00589044469' />
  <node id='-130737' lat='14.7725686043' lon='-17.00590304567' />
  <node id='-130738' lat='14.77252764676' lon='-17.00591858735' />
  <node id='-130739' lat='14.77248783' lon='-17.00593699566' />
  <node id='-130740' lat='14.77244934372' lon='-17.0059581829' />
  <node id='-130741' lat='14.77241237128' lon='-17.00598204814' />
  <node id='-130742' lat='14.77237708883' lon='-17.00600847766' />
  <node id='-130743' lat='14.77234366446' lon='-17.00603734555' />
  <node id='-130744' lat='14.77231225742' lon='-17.00606851427' />
  <node id='-130745' lat='14.77228301735' lon='-17.00610183532' />
  <node id='-130746' lat='14.77225608354' lon='-17.00613714994' />
  <node id='-130747' lat='14.77223158434' lon='-17.00617428989' />
  <node id='-130748' lat='14.77220963645' lon='-17.00621307821' />
  <node id='-130749' lat='14.77219034444' lon='-17.00625333012' />
  <node id='-130750' lat='14.77217380023' lon='-17.00629485382' />
  <node id='-130751' lat='14.77216008264' lon='-17.00633745149' />
  <node id='-130752' lat='14.77214925703' lon='-17.00638092019' />
  <node id='-130753' lat='14.77214137496' lon='-17.0064250528' />
  <node id='-130754' lat='14.77213647399' lon='-17.00646963908' />
  <node id='-130755' lat='14.77213457748' lon='-17.00651446659' />
  <node id='-130756' lat='14.77212589128' lon='-17.00751352706' />
  <node id='-130757' lat='14.77212447051' lon='-17.00755164792' />
  <node id='-130758' lat='14.77212087629' lon='-17.00758961748' />
  <node id='-130759' lat='14.77211512102' lon='-17.00762730497' />
  <node id='-130760' action='modify' lat='14.77084425062' lon='-17.01290193328' />
  <node id='-130761' lat='14.77129604168' lon='-17.01290605662' />
  <node id='-130762' lat='14.77128672539' lon='-17.01397395499' />
  <node id='-130763' lat='14.77279311433' lon='-17.01280375804' />
  <node id='-130764' lat='14.77278278974' lon='-17.01398774071' />
  <node id='-130765' action='modify' lat='14.77075801321' lon='-17.01072413342' />
  <node id='-130766' lat='14.77074834093' lon='-17.01076121363' />
  <node id='-130767' lat='14.77060813155' lon='-17.01124153295' />
  <node id='-130768' lat='14.77051076305' lon='-17.0115750889' />
  <node id='-130769' lat='14.77043625809' lon='-17.01183032247' />
  <node id='-130770' lat='14.77041617449' lon='-17.01194198608' />
  <node id='-130771' lat='14.77028478682' lon='-17.0126725278' />
  <node id='-130772' lat='14.77031558594' lon='-17.01062779431' />
  <node id='-130773' lat='14.77017537694' lon='-17.01110811284' />
  <node id='-130774' lat='14.77007800869' lon='-17.01144166831' />
  <node id='-130775' lat='14.76999644228' lon='-17.01172109273' />
  <node id='-130776' lat='14.76997189209' lon='-17.0118575905' />
  <node id='-130777' action='modify' lat='14.76984050472' lon='-17.0125881316' />
  <node id='-130778' action='modify' lat='14.76989637856' lon='-17.01045553694' />
  <node id='-130779' lat='14.76988283079' lon='-17.01049437563' />
  <node id='-130780' lat='14.76974262217' lon='-17.01097469336' />
  <node id='-130781' lat='14.76964525416' lon='-17.01130824835' />
  <node id='-130782' lat='14.76955662634' lon='-17.01161186354' />
  <node id='-130783' lat='14.7695276096' lon='-17.01177319538' />
  <node id='-130784' lat='14.7693962222' lon='-17.0125037355' />
  <node id='-130785' lat='14.76893698434' lon='-17.00535138874' />
  <node id='-130786' action='modify' lat='14.76868582033' lon='-17.00650497261' />
  <node id='-130787' action='modify' lat='14.77432188482' lon='-17.01296503396' />
  <node id='-130788' lat='14.77506840715' lon='-17.01297195127' />
  <node id='-130789' lat='14.77506138783' lon='-17.01377659464' />
  <node id='-130790' lat='14.77458219208' lon='-17.01377217859' />
  <node id='-130791' lat='14.77444517184' lon='-17.01334474449' />
  <node id='-130792' lat='14.77518199146' lon='-17.01204429535' />
  <node id='-130793' action='modify' lat='14.77451975602' lon='-17.01204447677' />
  <node id='-130794' lat='14.77490193941' lon='-17.0125060673' />
  <node id='-130795' action='modify' lat='14.77447588702' lon='-17.01250703981' />
  <node id='-130796' action='modify' lat='14.7747392568' lon='-17.00906059805' />
  <node id='-130797' lat='14.77446572289' lon='-17.00904555563' />
  <node id='-130798' lat='14.77342478265' lon='-17.00907274642' />
  <node id='-130799' action='modify' lat='14.77300366664' lon='-17.00933345147' />
  <node id='-130800' action='modify' lat='14.7727020821' lon='-17.01244999298' />
  <node id='-130801' lat='14.77266609958' lon='-17.0119068253' />
  <node id='-130802' lat='14.77280142789' lon='-17.01095738106' />
  <node id='-130803' action='modify' lat='14.77278651155' lon='-17.00950753857' />
  <node id='-130804' action='modify' lat='14.77278623625' lon='-17.00898400016' />
  <node id='-130805' lat='14.77289005669' lon='-17.00820735157' />
  <node id='-130806' action='modify' lat='14.77353164413' lon='-17.00603714844' />
  <node id='-130807' action='modify' lat='14.77256786001' lon='-17.0092116878' />
  <node id='-130808' action='modify' lat='14.77165919553' lon='-17.00885587874' />
  <node id='-130809' lat='14.77254013921' lon='-17.00943153609' />
  <node id='-130810' lat='14.77293929578' lon='-17.00955467045' />
  <node id='-130811' lat='14.77309411777' lon='-17.00902260408' />
  <node id='-130812' lat='14.77259952123' lon='-17.00896058881' />
  <node id='-130813' action='modify' lat='14.7741433852' lon='-17.01251344842' />
  <node id='-130814' action='modify' lat='14.7741740232' lon='-17.01204843338' />
  <node id='-130815' action='modify' lat='14.77412310347' lon='-17.01104100317' />
  <node id='-130816' lat='14.7751973874' lon='-17.01110842768' />
  <node id='-130817' lat='14.77521368519' lon='-17.01011748789' />
  <node id='-130818' lat='14.77490123123' lon='-17.01155494856' />
  <node id='-130819' lat='14.77492050308' lon='-17.01058759356' />
  <node id='-130820' lat='14.77493587097' lon='-17.00962940705' />
  <node id='-130821' action='modify' lat='14.77459535713' lon='-17.00657693893' />
  <node id='-130822' lat='14.77486518749' lon='-17.00664177206' />
  <node id='-130823' lat='14.77470666795' lon='-17.00968655135' />
  <node id='-130824' lat='14.77468547907' lon='-17.01009348037' />
  <node id='-130825' action='modify' lat='14.77470342921' lon='-17.0110774257' />
  <node id='-130826' action='modify' lat='14.77465228091' lon='-17.0120393793' />
  <node id='-130827' action='modify' lat='14.77466179644' lon='-17.01296820566' />
  <node id='-130828' action='modify' lat='14.77369151538' lon='-17.00544290923' />
  <node id='-130829' lat='14.77401332961' lon='-17.00483853487' />
  <node id='-130830' action='modify' lat='14.76626206965' lon='-17.01241642214' />
  <node id='-130831' lat='14.77432202907' lon='-17.01296060376' />
  <node id='-130832' lat='14.7743149485' lon='-17.01317806905' />
  <node id='-130834' lat='14.77420651362' lon='-17.01260025856' />
  <node id='-130835' action='modify' lat='14.77399987542' lon='-17.01231610311' />
  <node id='-130836' action='modify' lat='14.77473442882' lon='-17.0091533319' />
  <node id='-130837' lat='14.77496001338' lon='-17.00916573761' />
  <node id='-130838' lat='14.77429253741' lon='-17.00558965053' />
  <node id='-130839' lat='14.77502077826' lon='-17.0055645958' />
  <node id='-130840' lat='14.77508496497' lon='-17.00553204017' />
  <node id='-130841' lat='14.7750638637' lon='-17.00473432256' />
  <node id='-130842' lat='14.77507015761' lon='-17.0047347427' />
  <node id='-130843' lat='14.77507646471' lon='-17.00473471061' />
  <node id='-130844' lat='14.77508275427' lon='-17.00473422643' />
  <node id='-130845' lat='14.77508899564' lon='-17.00473329254' />
  <node id='-130846' lat='14.77509515842' lon='-17.00473191348' />
  <node id='-130847' lat='14.77510121259' lon='-17.00473009597' />
  <node id='-130848' lat='14.77510712864' lon='-17.00472784885' />
  <node id='-130849' lat='14.77511287776' lon='-17.00472518309' />
  <node id='-130850' lat='14.77511843194' lon='-17.00472211167' />
  <node id='-130851' lat='14.77512376411' lon='-17.00471864955' />
  <node id='-130852' lat='14.77512884831' lon='-17.0047148136' />
  <node id='-130853' lat='14.77513365975' lon='-17.00471062251' />
  <node id='-130854' lat='14.77513817501' lon='-17.00470609669' />
  <node id='-130855' lat='14.77514237207' lon='-17.0047012582' />
  <node id='-130856' lat='14.7751462305' lon='-17.0046961306' />
  <node id='-130857' lat='14.7751497315' lon='-17.00469073889' />
  <node id='-130858' lat='14.775152858' lon='-17.00468510932' />
  <node id='-130859' lat='14.77515559478' lon='-17.00467926932' />
  <node id='-130860' lat='14.77515792851' lon='-17.00467324735' />
  <node id='-130861' lat='14.77515984781' lon='-17.00466707275' />
  <node id='-130862' lat='14.77516134333' lon='-17.00466077558' />
  <node id='-130863' lat='14.77516240779' lon='-17.00465438655' />
  <node id='-130864' lat='14.77516303601' lon='-17.00464793677' />
  <node id='-130865' lat='14.77516322491' lon='-17.00464145766' />
  <node id='-130866' lat='14.77516297358' lon='-17.00463498079' />
  <node id='-130867' lat='14.77516228325' lon='-17.00462853771' />
  <node id='-130868' lat='14.77516115728' lon='-17.00462215983' />
  <node id='-130869' lat='14.77515960115' lon='-17.00461587819' />
  <node id='-130870' lat='14.77515762245' lon='-17.00460972342' />
  <node id='-130871' lat='14.77515523081' lon='-17.0046037255' />
  <node id='-130872' lat='14.77515243789' lon='-17.00459791364' />
  <node id='-130873' lat='14.77514925729' lon='-17.00459231617' />
  <node id='-130874' lat='14.77514570451' lon='-17.00458696035' />
  <node id='-130875' lat='14.77514179687' lon='-17.00458187228' />
  <node id='-130876' lat='14.77513755338' lon='-17.00457707673' />
  <node id='-130877' lat='14.77513299474' lon='-17.00457259709' />
  <node id='-130878' lat='14.77512814315' lon='-17.00456845517' />
  <node id='-130879' lat='14.77512302224' lon='-17.00456467115' />
  <node id='-130880' lat='14.77511765696' lon='-17.00456126347' />
  <node id='-130881' lat='14.77511207346' lon='-17.00455824873' />
  <node id='-130882' lat='14.77510629894' lon='-17.00455564161' />
  <node id='-130883' lat='14.77510036152' lon='-17.00455345482' />
  <node id='-130884' lat='14.77509429014' lon='-17.00455169901' />
  <node id='-130885' lat='14.77508811437' lon='-17.00455038274' />
  <node id='-130886' lat='14.7750818643' lon='-17.00454951242' />
  <node id='-130888' lat='14.77499264169' lon='-17.00472699554' />
  <node id='-130889' action='modify' lat='14.77464005252' lon='-17.00450519384' />
  <node id='-130890' lat='14.77509040149' lon='-17.00552904133' />
  <node id='-130891' lat='14.77509562622' lon='-17.00552566819' />
  <node id='-130892' lat='14.77510061479' lon='-17.00552193648' />
  <node id='-130893' lat='14.77510534393' lon='-17.0055178636' />
  <node id='-130894' lat='14.7751097916' lon='-17.00551346855' />
  <node id='-130895' lat='14.77511393707' lon='-17.00550877181' />
  <node id='-130896' lat='14.77511776099' lon='-17.00550379527' />
  <node id='-130897' lat='14.77512124556' lon='-17.00549856215' />
  <node id='-130898' lat='14.77512437451' lon='-17.00549309684' />
  <node id='-130899' lat='14.77512713326' lon='-17.00548742483' />
  <node id='-130900' lat='14.77512950895' lon='-17.00548157256' />
  <node id='-130901' lat='14.7751314905' lon='-17.00547556731' />
  <node id='-130902' lat='14.77513306867' lon='-17.00546943709' />
  <node id='-130903' lat='14.77513423611' lon='-17.00546321047' />
  <node id='-130904' lat='14.77513498736' lon='-17.0054569165' />
  <node id='-130905' lat='14.77513531894' lon='-17.0054505845' />
  <node id='-130906' lat='14.77513522928' lon='-17.00544424402' />
  <node id='-130907' lat='14.77513471881' lon='-17.0054379246' />
  <node id='-130908' lat='14.77513378992' lon='-17.00543165572' />
  <node id='-130909' lat='14.77513244692' lon='-17.0054254666' />
  <node id='-130910' lat='14.77513069609' lon='-17.00541938609' />
  <node id='-130911' lat='14.77512854558' lon='-17.00541344256' />
  <node id='-130912' lat='14.77512600543' lon='-17.0054076637' />
  <node id='-130913' lat='14.77512308747' lon='-17.00540207647' />
  <node id='-130914' lat='14.77511980531' lon='-17.00539670691' />
  <node id='-130915' lat='14.77511617426' lon='-17.00539158006' />
  <node id='-130916' lat='14.77511221123' lon='-17.00538671983' />
  <node id='-130917' lat='14.77510793472' lon='-17.00538214886' />
  <node id='-130918' lat='14.77510336466' lon='-17.00537788849' />
  <node id='-130919' lat='14.77509852236' lon='-17.00537395856' />
  <node id='-130920' lat='14.77509343039' lon='-17.00537037741' />
  <node id='-130921' lat='14.77508811249' lon='-17.00536716172' />
  <node id='-130922' lat='14.77508259347' lon='-17.0053643265' />
  <node id='-130923' lat='14.77507689905' lon='-17.00536188496' />
  <node id='-130924' lat='14.77507105578' lon='-17.00535984848' />
  <node id='-130925' lat='14.7750650909' lon='-17.00535822656' />
  <node id='-130926' lat='14.77505903224' lon='-17.00535702677' />
  <node id='-130927' lat='14.77505290803' lon='-17.00535625469' />
  <node id='-130928' lat='14.77504674683' lon='-17.00535591393' />
  <node id='-130929' lat='14.77504057737' lon='-17.00535600608' />
  <node id='-130930' lat='14.7750344284' lon='-17.00535653069' />
  <node id='-130931' lat='14.77502832861' lon='-17.00535748534' />
  <node id='-130932' lat='14.77502230643' lon='-17.00535886557' />
  <node id='-130933' lat='14.77501638993' lon='-17.00536066494' />
  <node id='-130934' lat='14.77501060671' lon='-17.00536287506' />
  <node id='-130936' lat='14.77458270254' lon='-17.00557966754' />
  <node id='-130937' lat='14.77500498373' lon='-17.00536548563' />
  <node id='-130939' lat='14.77297534895' lon='-17.00474044911' />
  <node id='-130940' lat='14.77296982889' lon='-17.00474328218' />
  <node id='-130941' lat='14.77296450982' lon='-17.00474649579' />
  <node id='-130942' lat='14.77295941654' lon='-17.00475007495' />
  <node id='-130943' lat='14.7729545728' lon='-17.00475400298' />
  <node id='-130944' lat='14.77295000119' lon='-17.00475826155' />
  <node id='-130945' lat='14.772945723' lon='-17.00476283082' />
  <node id='-130946' lat='14.77294175821' lon='-17.00476768949' />
  <node id='-130947' lat='14.77293812528' lon='-17.00477281489' />
  <node id='-130948' lat='14.77293484116' lon='-17.00477818313' />
  <node id='-130949' lat='14.77293192116' lon='-17.00478376918' />
  <node id='-130950' lat='14.7729293789' lon='-17.004789547' />
  <node id='-130951' lat='14.77292722622' lon='-17.00479548965' />
  <node id='-130952' lat='14.77292547317' lon='-17.00480156942' />
  <node id='-130953' lat='14.77292412791' lon='-17.00480775796' />
  <node id='-130954' lat='14.77292319672' lon='-17.00481402642' />
  <node id='-130955' lat='14.77292268395' lon='-17.00482034558' />
  <node id='-130956' lat='14.77292259198' lon='-17.00482668597' />
  <node id='-130957' lat='14.77292292124' lon='-17.00483301803' />
  <node id='-130958' lat='14.77292367019' lon='-17.00483931223' />
  <node id='-130959' lat='14.77292483535' lon='-17.00484553924' />
  <node id='-130960' lat='14.77292641129' lon='-17.00485167001' />
  <node id='-130961' lat='14.77292839064' lon='-17.00485767596' />
  <node id='-130962' lat='14.77293076419' lon='-17.00486352909' />
  <node id='-130963' lat='14.77293352087' lon='-17.00486920212' />
  <node id='-130964' lat='14.77293664783' lon='-17.00487466858' />
  <node id='-130965' lat='14.77294013048' lon='-17.004879903' />
  <node id='-130966' lat='14.77294395259' lon='-17.00488488096' />
  <node id='-130967' lat='14.77294809633' lon='-17.00488957926' />
  <node id='-130968' lat='14.7729525424' lon='-17.00489397599' />
  <node id='-130969' lat='14.77295727006' lon='-17.00489805066' />
  <node id='-130970' lat='14.77296225726' lon='-17.00490178426' />
  <node id='-130971' lat='14.77296748075' lon='-17.00490515938' />
  <node id='-130972' lat='14.77297291619' lon='-17.0049081603' />
  <node id='-130973' lat='14.77297853822' lon='-17.00491077302' />
  <node id='-130974' lat='14.77298432063' lon='-17.00491298535' />
  <node id='-130975' lat='14.77299023647' lon='-17.00491478698' />
  <node id='-130976' lat='14.77299625815' lon='-17.00491616952' />
  <node id='-130977' lat='14.7730023576' lon='-17.00491712651' />
  <node id='-130978' lat='14.77300850637' lon='-17.0049176535' />
  <node id='-130979' lat='14.7730146758' lon='-17.00491774802' />
  <node id='-130980' lat='14.77302083713' lon='-17.00491740964' />
  <node id='-130981' lat='14.77302696162' lon='-17.00491663993' />
  <node id='-130982' lat='14.77303302073' lon='-17.00491544249' />
  <node id='-130983' lat='14.7730389862' lon='-17.00491382289' />
  <node id='-130985' action='modify' lat='14.77304483021' lon='-17.00491178869' />
  <node id='-130986' lat='14.77311180167' lon='-17.00488582542' />
  <node id='-130987' action='modify' lat='14.7734100579' lon='-17.00457088562' />
  <node id='-130988' lat='14.77435561529' lon='-17.00447480001' />
  <node id='-130989' lat='14.77367606104' lon='-17.00446856686' />
  <node id='-130990' action='modify' lat='14.77298104426' lon='-17.00473800979' />
  <node id='-130991' action='modify' lat='14.77408209133' lon='-17.00447229113' />
  <node id='-130992' lat='14.76924443721' lon='-17.01395516821' />
  <node id='-130993' action='modify' lat='14.7695034577' lon='-17.01252410599' />
  <node id='-130994' action='modify' lat='14.77324494294' lon='-17.0128079566' />
  <node id='-130995' lat='14.76886809954' lon='-17.0080678237' />
  <node id='-130996' lat='14.76933483263' lon='-17.00823118028' />
  <node id='-130997' lat='14.76978156288' lon='-17.00838786925' />
  <node id='-130998' lat='14.77003159846' lon='-17.00843454256' />
  <node id='-130999' lat='14.77044165682' lon='-17.00840787209' />
  <node id='-131000' lat='14.7707717038' lon='-17.00851788775' />
  <node id='-131001' lat='14.7670097' lon='-17.0038265' />
  <node id='-131002' lat='14.7643721' lon='-17.014684' />
  <node id='-131003' lat='14.76733' lon='-17.0025055' />
  <node id='-131004' action='modify' lat='14.76206991198' lon='-17.03474051847' />
  <node id='-131005' action='modify' lat='14.76336691861' lon='-17.02262338976' />
  <node id='-131006' action='modify' lat='14.7636833743' lon='-17.0192212278' />
  <node id='-131010' lat='14.76404' lon='-17.0164973' />
  <node id='-131011' lat='14.7641451' lon='-17.0157945' />
  <node id='-131012' lat='14.7642034' lon='-17.0154405' />
  <node id='-131013' lat='14.764254' lon='-17.0151655' />
  <node id='-131014' lat='14.7643526' lon='-17.0147619' />
  <node id='-131015' lat='14.7645328' lon='-17.0140404' />
  <node id='-131016' action='modify' lat='14.76470688387' lon='-17.013349729' />
  <node id='-131018' lat='14.7649828' lon='-17.0122272' />
  <node id='-131019' lat='14.7651268' lon='-17.011617' />
  <node id='-131020' lat='14.7652564' lon='-17.0111007' />
  <node id='-131021' lat='14.7655508' lon='-17.0098735' />
  <node id='-131022' lat='14.7659839' lon='-17.0081154' />
  <node id='-131023' lat='14.7662705' lon='-17.0069513' />
  <node id='-131024' action='modify' lat='14.76658695255' lon='-17.0056248513' />
  <node id='-131025' lat='14.76712' lon='-17.0033638' />
  <node id='-131026' lat='14.767626' lon='-17.0012168' />
  <node id='-131027' lat='14.7681282' lon='-16.999174' />
  <node id='-131028' lat='14.7682466' lon='-16.9987563' />
  <node id='-131029' lat='14.7684107' lon='-16.9983244' />
  <node id='-131030' lat='14.7684954' lon='-16.9981533' />
  <node id='-131031' lat='14.7686387' lon='-16.9978636' />
  <node id='-131032' lat='14.7688885' lon='-16.9974441' />
  <node id='-131033' lat='14.7691908' lon='-16.9970231' />
  <node id='-131034' lat='14.7696533' lon='-16.9965184' />
  <node id='-131035' lat='14.7701103' lon='-16.9961312' />
  <node id='-131036' lat='14.7704381' lon='-16.9958826' />
  <node id='-131037' lat='14.7707277' lon='-16.9957011' />
  <node id='-131038' lat='14.7731177' lon='-16.9942495' />
  <node id='-131039' lat='14.7741865' lon='-16.9935929' />
  <node id='-131040' lat='14.7746309' lon='-16.9932916' />
  <node id='-131041' lat='14.7749696' lon='-16.9930129' />
  <node id='-131042' lat='14.7753119' lon='-16.9926889' />
  <node id='-131043' lat='14.7756243' lon='-16.9923601' />
  <node id='-131044' lat='14.7758291' lon='-16.9921133' />
  <node id='-131045' lat='14.7760185' lon='-16.9918183' />
  <node id='-131046' lat='14.7767109' lon='-16.9906434' />
  <node id='-131047' lat='14.7774527' lon='-16.9893158' />
  <node id='-131048' lat='14.7782644' lon='-16.9878405' />
  <node id='-131049' lat='14.7790788' lon='-16.986376' />
  <node id='-131050' lat='14.7793409' lon='-16.9858576' />
  <node id='-131051' lat='14.7800591' lon='-16.9846165' />
  <node id='-131052' action='modify' lat='14.78141095478' lon='-16.98233382514' />
  <node id='-131053' lat='14.77028029446' lon='-17.00675442785' />
  <node id='-131054' lat='14.77042981174' lon='-17.00665009908' />
  <node id='-131055' lat='14.77032829468' lon='-17.00649644053' />
  <node id='-131056' lat='14.77017877747' lon='-17.00660076937' />
  <node id='-131057' lat='14.77041828085' lon='-17.00646732484' />
  <node id='-131058' lat='14.77060517732' lon='-17.00633691353' />
  <node id='-131059' lat='14.77047828072' lon='-17.00614484034' />
  <node id='-131060' lat='14.77029138434' lon='-17.00627525177' />
  <node id='-131061' lat='14.77078342525' lon='-17.00481081435' />
  <node id='-131062' lat='14.77097032098' lon='-17.00468040132' />
  <node id='-131063' lat='14.77084342292' lon='-17.00448832856' />
  <node id='-131064' lat='14.77065652729' lon='-17.00461874171' />
  <node id='-131065' lat='14.76954871548' lon='-17.00813292154' />
  <node id='-131066' lat='14.76975700007' lon='-17.00804303241' />
  <node id='-131067' lat='14.76966953316' lon='-17.00782897947' />
  <node id='-131068' lat='14.76946124862' lon='-17.00791886878' />
  <node id='-131069' lat='14.76992432935' lon='-17.00702346506' />
  <node id='-131070' lat='14.76975387266' lon='-17.00708517487' />
  <node id='-131071' lat='14.76981391937' lon='-17.0072603524' />
  <node id='-131072' lat='14.76998437609' lon='-17.00719864272' />
  <node id='-131073' lat='14.76986951118' lon='-17.00733868475' />
  <node id='-131074' lat='14.76965644025' lon='-17.00741582167' />
  <node id='-131075' lat='14.76973149829' lon='-17.00763479355' />
  <node id='-131076' lat='14.76994456927' lon='-17.00755765684' />
  <node id='-131077' lat='14.76920684925' lon='-17.00527964348' />
  <node id='-131078' lat='14.76931994428' lon='-17.00513477642' />
  <node id='-131079' lat='14.76917898079' lon='-17.00501854957' />
  <node id='-131080' lat='14.76906588583' lon='-17.00516341662' />
  <node id='-131081' lat='14.76925667278' lon='-17.00496355001' />
  <node id='-131082' lat='14.76939804135' lon='-17.00478246588' />
  <node id='-131083' lat='14.76922183672' lon='-17.00463718254' />
  <node id='-131084' lat='14.76908046827' lon='-17.00481826664' />
  <node id='-131085' lat='14.76911044376' lon='-17.0043554722' />
  <node id='-131086' lat='14.76920812901' lon='-17.0045117314' />
  <node id='-131087' lat='14.76936017768' lon='-17.00441134101' />
  <node id='-131088' lat='14.76926249236' lon='-17.00425508172' />
  <node id='-131089' lat='14.76910957934' lon='-17.01194341066' />
  <node id='-131090' lat='14.76925909846' lon='-17.01183908621' />
  <node id='-131091' lat='14.76915758505' lon='-17.01168542661' />
  <node id='-131092' lat='14.76900806599' lon='-17.01178975113' />
  <node id='-131093' lat='14.76924757159' lon='-17.01165631323' />
  <node id='-131094' lat='14.76943447036' lon='-17.01152590732' />
  <node id='-131095' lat='14.76930757832' lon='-17.01133383281' />
  <node id='-131096' lat='14.76912067964' lon='-17.01146423884' />
  <node id='-131097' lat='14.7693472444' lon='-17.01055030797' />
  <node id='-131098' lat='14.76919201071' lon='-17.01064540964' />
  <node id='-131099' lat='14.76928454965' lon='-17.01080494218' />
  <node id='-131100' lat='14.76943978339' lon='-17.01070984059' />
  <node id='-131101' lat='14.76935410414' lon='-17.01087044327' />
  <node id='-131102' lat='14.7691600619' lon='-17.01098932005' />
  <node id='-131103' lat='14.76927573523' lon='-17.01118873585' />
  <node id='-131104' lat='14.76946977756' lon='-17.01106985921' />
  <node id='-131105' lat='14.76915550657' lon='-17.01229586527' />
  <node id='-131106' lat='14.76896146377' lon='-17.0124147406' />
  <node id='-131107' lat='14.7690771358' lon='-17.01261415679' />
  <node id='-131108' lat='14.76927117869' lon='-17.01249528161' />
  <node id='-131109' lat='14.77064544074' lon='-17.00509791913' />
  <node id='-131110' lat='14.77079495742' lon='-17.00499358899' />
  <node id='-131111' lat='14.7706934392' lon='-17.00483993078' />
  <node id='-131112' lat='14.77054392258' lon='-17.00494426099' />
  <node id='-131113' lat='14.77062988821' lon='-17.00561348662' />
  <node id='-131114' lat='14.77043736065' lon='-17.00573493862' />
  <node id='-131115' lat='14.77055553912' lon='-17.00593279897' />
  <node id='-131116' lat='14.77074806676' lon='-17.00581134711' />
  <node id='-131117' lat='14.77061899233' lon='-17.00529346672' />
  <node id='-131118' lat='14.77046497039' lon='-17.00539062857' />
  <node id='-131119' lat='14.77055951343' lon='-17.00554891674' />
  <node id='-131120' lat='14.77071353542' lon='-17.00545175497' />
  <node id='-131121' lat='14.77202491608' lon='-17.01199480382' />
  <node id='-131122' lat='14.77184691484' lon='-17.01213775544' />
  <node id='-131123' lat='14.77198601255' lon='-17.01232068835' />
  <node id='-131124' lat='14.7721640139' lon='-17.01217773682' />
  <node id='-131125' lat='14.77214393078' lon='-17.0116988672' />
  <node id='-131126' lat='14.77200152991' lon='-17.01181322878' />
  <node id='-131127' lat='14.77211280831' lon='-17.01195957506' />
  <node id='-131128' lat='14.77225520925' lon='-17.01184521354' />
  <node id='-131129' lat='14.77151167114' lon='-17.01069215273' />
  <node id='-131130' lat='14.7714770246' lon='-17.01046273684' />
  <node id='-131131' lat='14.77125379296' lon='-17.01049834331' />
  <node id='-131132' lat='14.7712884395' lon='-17.01072775896' />
  <node id='-131133' lat='14.7717050442' lon='-17.0109432398' />
  <node id='-131134' lat='14.77167732721' lon='-17.01075970691' />
  <node id='-131135' lat='14.77149874189' lon='-17.01078819184' />
  <node id='-131136' lat='14.77152645888' lon='-17.01097172457' />
  <node id='-131137' lat='14.77136127642' lon='-17.01143705475' />
  <node id='-131138' lat='14.77127140775' lon='-17.01122405409' />
  <node id='-131139' lat='14.77106414869' lon='-17.01131641236' />
  <node id='-131140' lat='14.7711540173' lon='-17.01152941283' />
  <node id='-131141' lat='14.77184738355' lon='-17.00982831581' />
  <node id='-131142' lat='14.77181273618' lon='-17.00959889958' />
  <node id='-131143' lat='14.77158950456' lon='-17.00963450696' />
  <node id='-131144' lat='14.77162415193' lon='-17.00986392294' />
  <node id='-131145' lat='14.77204075759' lon='-17.01007940266' />
  <node id='-131146' lat='14.77201303993' lon='-17.0098958695' />
  <node id='-131147' lat='14.77183445464' lon='-17.00992435516' />
  <node id='-131148' lat='14.77186217229' lon='-17.01010788816' />
  <node id='-131149' lat='14.77169616308' lon='-17.01189387186' />
  <node id='-131150' lat='14.7716111393' lon='-17.01167878041' />
  <node id='-131151' lat='14.77140184615' lon='-17.01176615971' />
  <node id='-131152' lat='14.77148686987' lon='-17.01198125097' />
  <node id='-131153' lat='14.77132945141' lon='-17.01201691781' />
  <node id='-131154' lat='14.77125968866' lon='-17.01184558388' />
  <node id='-131155' lat='14.77109297314' lon='-17.01191727923' />
  <node id='-131156' lat='14.77116273586' lon='-17.01208861305' />
  <node id='-131157' lat='14.77164773129' lon='-17.01228385183' />
  <node id='-131158' lat='14.7715627079' lon='-17.01206876033' />
  <node id='-131159' lat='14.77135341465' lon='-17.01215613923' />
  <node id='-131160' lat='14.77143843798' lon='-17.01237123053' />
  <node id='-131161' lat='14.77233155455' lon='-17.01108834646' />
  <node id='-131162' lat='14.77242324247' lon='-17.0113005277' />
  <node id='-131163' lat='14.77262970321' lon='-17.01120629936' />
  <node id='-131164' lat='14.77253801523' lon='-17.01099411793' />
  <node id='-131165' lat='14.77208113555' lon='-17.01089780464' />
  <node id='-131166' lat='14.77215448607' lon='-17.01106754937' />
  <node id='-131167' lat='14.77231965461' lon='-17.01099216659' />
  <node id='-131168' lat='14.77224630404' lon='-17.01082242174' />
  <node id='-131169' lat='14.7723907201' lon='-17.01068484028' />
  <node id='-131170' lat='14.7724824084' lon='-17.01089702146' />
  <node id='-131171' lat='14.77268886903' lon='-17.01080279269' />
  <node id='-131172' lat='14.77259718067' lon='-17.01059061133' />
  <node id='-131173' lat='14.77221319362' lon='-17.00933806347' />
  <node id='-131174' lat='14.77227063713' lon='-17.00956259579' />
  <node id='-131175' lat='14.77248911609' lon='-17.00950356077' />
  <node id='-131176' lat='14.77243167255' lon='-17.00927902823' />
  <node id='-131177' lat='14.77371541042' lon='-17.00855878043' />
  <node id='-131178' lat='14.77354695257' lon='-17.00840409399' />
  <node id='-131179' lat='14.77339643744' lon='-17.00857722028' />
  <node id='-131180' lat='14.77356489517' lon='-17.00873190671' />
  <node id='-131181' lat='14.77330006843' lon='-17.00967870942' />
  <node id='-131182' lat='14.7731316114' lon='-17.00952402255' />
  <node id='-131183' lat='14.77298109557' lon='-17.00969714766' />
  <node id='-131184' lat='14.77314955248' lon='-17.00985183453' />
  <node id='-131185' lat='14.77349054886' lon='-17.00973384453' />
  <node id='-131186' lat='14.77366014227' lon='-17.00958047452' />
  <node id='-131187' lat='14.7735109079' lon='-17.00940618121' />
  <node id='-131188' lat='14.77334131459' lon='-17.00955955128' />
  <node id='-131189' lat='14.77338851578' lon='-17.01003640772' />
  <node id='-131190' lat='14.77352419065' lon='-17.009913712' />
  <node id='-131191' lat='14.77340480337' lon='-17.00977427727' />
  <node id='-131192' lat='14.77326912858' lon='-17.00989697303' />
  <node id='-131193' lat='14.77314580169' lon='-17.01069668843' />
  <node id='-131194' lat='14.77326798519' lon='-17.0108919642' />
  <node id='-131195' lat='14.77345799551' lon='-17.01076639477' />
  <node id='-131196' lat='14.77333581192' lon='-17.01057111887' />
  <node id='-131197' lat='14.77286997433' lon='-17.01054774507' />
  <node id='-131198' lat='14.77296772128' lon='-17.0107039654' />
  <node id='-131199' lat='14.77311972946' lon='-17.01060350984' />
  <node id='-131200' lat='14.77302198245' lon='-17.01044728943' />
  <node id='-131201' lat='14.77313019003' lon='-17.01029362554' />
  <node id='-131202' lat='14.7732523739' lon='-17.01048890111' />
  <node id='-131203' lat='14.77344238404' lon='-17.01036333131' />
  <node id='-131204' lat='14.77332020008' lon='-17.01016805561' />
  <node id='-131205' lat='14.77294795524' lon='-17.01110862769' />
  <node id='-131206' lat='14.77307013839' lon='-17.01130390345' />
  <node id='-131207' lat='14.77326014887' lon='-17.0111783345' />
  <node id='-131208' lat='14.77313796564' lon='-17.01098305861' />
  <node id='-131209' lat='14.77294271474' lon='-17.01151863426' />
  <node id='-131210' lat='14.77306489751' lon='-17.0117139102' />
  <node id='-131211' lat='14.77325490817' lon='-17.01158834164' />
  <node id='-131212' lat='14.77313272531' lon='-17.01139306558' />
  <node id='-131213' lat='14.77312229169' lon='-17.01202307785' />
  <node id='-131214' lat='14.77324447398' lon='-17.01221835419' />
  <node id='-131215' lat='14.77343448487' lon='-17.01209278602' />
  <node id='-131216' lat='14.7733123025' lon='-17.01189750955' />
  <node id='-131217' lat='14.77356412482' lon='-17.00776550955' />
  <node id='-131218' lat='14.77356504968' lon='-17.00753334633' />
  <node id='-131219' lat='14.77333914693' lon='-17.00753239597' />
  <node id='-131220' lat='14.7733382221' lon='-17.00776455896' />
  <node id='-131221' lat='14.7737166285' lon='-17.008044752' />
  <node id='-131222' lat='14.77371736865' lon='-17.00785902133' />
  <node id='-131223' lat='14.77353664648' lon='-17.00785826075' />
  <node id='-131224' lat='14.77353590635' lon='-17.00804399128' />
  <node id='-131225' lat='14.77257932851' lon='-17.00723852163' />
  <node id='-131226' lat='14.77242320776' lon='-17.0074063223' />
  <node id='-131227' lat='14.77258648421' lon='-17.00756676897' />
  <node id='-131228' lat='14.77274260508' lon='-17.00739896832' />
  <node id='-131229' lat='14.77262505831' lon='-17.00701752425' />
  <node id='-131230' lat='14.77246376062' lon='-17.00685497727' />
  <node id='-131231' lat='14.77230559613' lon='-17.00702074414' />
  <node id='-131232' lat='14.7724668937' lon='-17.00718329109' />
  <node id='-131233' lat='14.7729261673' lon='-17.00709985938' />
  <node id='-131234' lat='14.77279712925' lon='-17.00696982153' />
  <node id='-131235' lat='14.77267059758' lon='-17.00710243514' />
  <node id='-131236' lat='14.77279963556' lon='-17.00723247297' />
  <node id='-131237' lat='14.77271155011' lon='-17.00632045155' />
  <node id='-131238' lat='14.77291013512' lon='-17.00620977824' />
  <node id='-131239' lat='14.7728024457' lon='-17.00600569053' />
  <node id='-131240' lat='14.77260386076' lon='-17.00611636399' />
  <node id='-131241' lat='14.77260222869' lon='-17.00651647696' />
  <node id='-131242' lat='14.77270740805' lon='-17.00672194234' />
  <node id='-131243' lat='14.77290733374' lon='-17.00661384858' />
  <node id='-131244' lat='14.7728021543' lon='-17.00640838303' />
  <node id='-131245' lat='14.77234006381' lon='-17.00634342265' />
  <node id='-131246' lat='14.77242420747' lon='-17.00650779467' />
  <node id='-131247' lat='14.77258414796' lon='-17.00642131959' />
  <node id='-131248' lat='14.77250000425' lon='-17.00625694746' />
  <node id='-131249' lat='14.77423654861' lon='-17.00674866535' />
  <node id='-131250' lat='14.77441077956' lon='-17.0066008865' />
  <node id='-131251' lat='14.77426698606' lon='-17.00642182649' />
  <node id='-131252' lat='14.77409275522' lon='-17.00656960542' />
  <node id='-131253' lat='14.7741252507' lon='-17.0070477605' />
  <node id='-131254' lat='14.77426463559' lon='-17.00692953769' />
  <node id='-131255' lat='14.77414960102' lon='-17.00678628963' />
  <node id='-131256' lat='14.7740102162' lon='-17.00690451248' />
  <node id='-131257' lat='14.77385115034' lon='-17.00679044515' />
  <node id='-131258' lat='14.77402538128' lon='-17.00664266655' />
  <node id='-131259' lat='14.77388158778' lon='-17.00646360687' />
  <node id='-131260' lat='14.77370735694' lon='-17.00661138555' />
  <node id='-131261' lat='14.77172918969' lon='-17.0101930722' />
  <node id='-131262' lat='14.77169454267' lon='-17.00996365609' />
  <node id='-131263' lat='14.77147131105' lon='-17.00999926308' />
  <node id='-131264' lat='14.77150595806' lon='-17.01022867895' />
  <node id='-131265' lat='14.77269336714' lon='-17.00984392344' />
  <node id='-131266' lat='14.77264254313' lon='-17.00966568806' />
  <node id='-131267' lat='14.77246911332' lon='-17.00971792039' />
  <node id='-131268' lat='14.7725199373' lon='-17.00989615562' />
  <node id='-131269' lat='14.77342094881' lon='-17.00886527726' />
  <node id='-131270' lat='14.77342300775' lon='-17.0089766963' />
  <node id='-131271' lat='14.77241741428' lon='-17.01192732216' />
  <node id='-131272' lat='14.77223941305' lon='-17.01207027406' />
  <node id='-131273' lat='14.77237851078' lon='-17.01225320729' />
  <node id='-131274' lat='14.77255651212' lon='-17.01211025548' />
  <node id='-131275' lat='14.77241473305' lon='-17.00782538264' />
  <node id='-131276' lat='14.77278864759' lon='-17.00808194009' />
  <node id='-131277' lat='14.77272963949' lon='-17.0101429419' />
  <node id='-131278' lat='14.77223835875' lon='-17.00996941877' />
  <node id='-131279' lat='14.77212882358' lon='-17.00941367171' />
  <node id='-131280' lat='14.77208286865' lon='-17.00923404598' />
  <node id='-131281' lat='14.77190808552' lon='-17.00928127419' />
  <node id='-131282' lat='14.77195404042' lon='-17.00946089977' />
  <node id='-131283' lat='14.77332704778' lon='-17.00815476333' />
  <node id='-131284' lat='14.773327973' lon='-17.00792260041' />
  <node id='-131285' lat='14.77310207029' lon='-17.00792164968' />
  <node id='-131286' lat='14.7731011451' lon='-17.00815381237' />
  <node id='-131287' lat='14.77174044321' lon='-17.0094371084' />
  <node id='-131288' lat='14.77190048244' lon='-17.00900302782' />
  <node id='-131289' lat='14.77163903473' lon='-17.00939764831' />
  <node id='-131290' lat='14.77193224598' lon='-17.00891561891' />
  <node id='-131291' lat='14.77209228432' lon='-17.00848153745' />
  <node id='-131292' lat='14.77183083738' lon='-17.008876159' />
  <node id='-131293' lat='14.77243404684' lon='-17.00853594355' />
  <node id='-131294' lat='14.77227407622' lon='-17.00869986935' />
  <node id='-131295' lat='14.77243358238' lon='-17.00886427244' />
  <node id='-131296' lat='14.77259355311' lon='-17.00870034668' />
  <node id='-131297' lat='14.77232803137' lon='-17.00849900945' />
  <node id='-131298' lat='14.77245600778' lon='-17.00836786867' />
  <node id='-131299' lat='14.77232840254' lon='-17.00823634641' />
  <node id='-131300' lat='14.77220042621' lon='-17.00836748722' />
  <node id='-131301' lat='14.77349390864' lon='-17.01378563278' />
  <node id='-131302' lat='14.77349360946' lon='-17.01381992538' />
  <node id='-131303' lat='14.77348005577' lon='-17.01381980048' />
  <node id='-131304' lat='14.77347987348' lon='-17.01384069443' />
  <node id='-131305' lat='14.77329862874' lon='-17.0138996547' />
  <node id='-131306' lat='14.77329822363' lon='-17.01394608564' />
  <node id='-131307' lat='14.77334792048' lon='-17.01394654362' />
  <node id='-131308' lat='14.77334804201' lon='-17.01393261433' />
  <node id='-131309' lat='14.77338870306' lon='-17.01393298903' />
  <node id='-131310' lat='14.77338882459' lon='-17.01391905974' />
  <node id='-131311' lat='14.77342948565' lon='-17.01391943445' />
  <node id='-131312' lat='14.77342960718' lon='-17.01390550516' />
  <node id='-131313' lat='14.77347026823' lon='-17.01390587986' />
  <node id='-131314' lat='14.77347038976' lon='-17.01389195056' />
  <node id='-131315' lat='14.77351105082' lon='-17.01389232526' />
  <node id='-131316' lat='14.77351117235' lon='-17.01387839597' />
  <node id='-131317' lat='14.77356538709' lon='-17.01387889556' />
  <node id='-131318' lat='14.77356619496' lon='-17.01378629888' />
  <node id='-131319' lat='14.77356700743' lon='-17.01369317155' />
  <node id='-131320' lat='14.77351279269' lon='-17.01369267199' />
  <node id='-131321' lat='14.77351291421' lon='-17.01367874269' />
  <node id='-131322' lat='14.77347225315' lon='-17.01367836803' />
  <node id='-131323' lat='14.77347237467' lon='-17.01366443874' />
  <node id='-131324' lat='14.77343171361' lon='-17.01366406408' />
  <node id='-131325' lat='14.77343183513' lon='-17.01365013479' />
  <node id='-131326' lat='14.77339117407' lon='-17.01364976013' />
  <node id='-131327' lat='14.77339129559' lon='-17.01363583084' />
  <node id='-131328' lat='14.77335063453' lon='-17.01363545619' />
  <node id='-131329' lat='14.77335075604' lon='-17.01362152691' />
  <node id='-131330' lat='14.77330105919' lon='-17.01362106901' />
  <node id='-131331' lat='14.77330065414' lon='-17.01366749996' />
  <node id='-131332' lat='14.77348084105' lon='-17.0137297907' />
  <node id='-131333' lat='14.77348065877' lon='-17.01375068464' />
  <node id='-131334' lat='14.77349421245' lon='-17.01375080954' />
  <node id='-131335' lat='14.77349755403' lon='-17.01336775382' />
  <node id='-131336' lat='14.77349725491' lon='-17.01340204643' />
  <node id='-131337' lat='14.77348370122' lon='-17.01340192156' />
  <node id='-131338' lat='14.77348351896' lon='-17.01342281551' />
  <node id='-131339' lat='14.77330227429' lon='-17.01348177614' />
  <node id='-131341' lat='14.77330186927' lon='-17.0135282071' />
  <node id='-131342' lat='14.77335156612' lon='-17.01352866498' />
  <node id='-131343' lat='14.77335168763' lon='-17.01351473569' />
  <node id='-131344' lat='14.77339234869' lon='-17.01351511031' />
  <node id='-131345' lat='14.7733924702' lon='-17.01350118102' />
  <node id='-131346' lat='14.77343313126' lon='-17.01350155564' />
  <node id='-131347' lat='14.77343325277' lon='-17.01348762635' />
  <node id='-131348' lat='14.77347391383' lon='-17.01348800097' />
  <node id='-131349' lat='14.77347403534' lon='-17.01347407168' />
  <node id='-131350' lat='14.7735146964' lon='-17.0134744463' />
  <node id='-131351' lat='14.77351481791' lon='-17.013460517' />
  <node id='-131352' lat='14.77356903266' lon='-17.01346101649' />
  <node id='-131353' lat='14.77356984037' lon='-17.01336841978' />
  <node id='-131354' lat='14.77357065267' lon='-17.01327529242' />
  <node id='-131355' lat='14.77351643792' lon='-17.01327479297' />
  <node id='-131356' lat='14.77351655941' lon='-17.01326086367' />
  <node id='-131357' lat='14.77347589834' lon='-17.01326048909' />
  <node id='-131358' lat='14.77347601984' lon='-17.01324655979' />
  <node id='-131359' lat='14.77343535877' lon='-17.01324618521' />
  <node id='-131360' lat='14.77343548026' lon='-17.01323225591' />
  <node id='-131361' lat='14.77339481919' lon='-17.01323188134' />
  <node id='-131362' lat='14.77339494068' lon='-17.01321795204' />
  <node id='-131363' lat='14.77335427961' lon='-17.01321757747' />
  <node id='-131364' lat='14.7733544011' lon='-17.01320364818' />
  <node id='-131366' lat='14.77330470424' lon='-17.01320319037' />
  <node id='-131367' lat='14.77330429927' lon='-17.01324962134' />
  <node id='-131368' lat='14.77348448634' lon='-17.01331191175' />
  <node id='-131369' lat='14.77348430409' lon='-17.0133328057' />
  <node id='-131370' lat='14.77349785778' lon='-17.01333293057' />
  <node id='-131371' lat='14.77350119867' lon='-17.01294987474' />
  <node id='-131372' lat='14.7735008996' lon='-17.01298416736' />
  <node id='-131373' lat='14.77348734591' lon='-17.01298404252' />
  <node id='-131374' lat='14.77348716369' lon='-17.01300493647' />
  <node id='-131375' lat='14.77330591908' lon='-17.01306389747' />
  <node id='-131376' lat='14.77330551414' lon='-17.01311032844' />
  <node id='-131378' lat='14.77335521101' lon='-17.01311078622' />
  <node id='-131379' lat='14.77335533249' lon='-17.01309685693' />
  <node id='-131380' lat='14.77339599357' lon='-17.01309723148' />
  <node id='-131381' lat='14.77339611505' lon='-17.01308330218' />
  <node id='-131382' lat='14.77343677612' lon='-17.01308367673' />
  <node id='-131383' lat='14.77343689761' lon='-17.01306974743' />
  <node id='-131384' lat='14.77347755868' lon='-17.01307012197' />
  <node id='-131385' lat='14.77347768016' lon='-17.01305619267' />
  <node id='-131386' lat='14.77351834123' lon='-17.01305656722' />
  <node id='-131387' lat='14.77351846272' lon='-17.01304263791' />
  <node id='-131388' lat='14.77357267748' lon='-17.0130431373' />
  <node id='-131389' lat='14.77357348502' lon='-17.01295054057' />
  <node id='-131390' lat='14.77357429716' lon='-17.01285741318' />
  <node id='-131391' lat='14.77352008239' lon='-17.01285691384' />
  <node id='-131392' lat='14.77352020386' lon='-17.01284298453' />
  <node id='-131393' lat='14.77347954278' lon='-17.01284261003' />
  <node id='-131394' lat='14.77347966424' lon='-17.01282868072' />
  <node id='-131395' lat='14.77343900317' lon='-17.01282830622' />
  <node id='-131396' lat='14.77343912463' lon='-17.01281437692' />
  <node id='-131397' lat='14.77339846355' lon='-17.01281400242' />
  <node id='-131398' lat='14.77339858502' lon='-17.01280007312' />
  <node id='-131399' lat='14.77335792394' lon='-17.01279969863' />
  <node id='-131400' lat='14.7733580454' lon='-17.01278576933' />
  <node id='-131402' lat='14.77330834853' lon='-17.01278531162' />
  <node id='-131403' lat='14.77330794364' lon='-17.0128317426' />
  <node id='-131404' lat='14.77348813087' lon='-17.01289403269' />
  <node id='-131405' lat='14.77348794866' lon='-17.01291492664' />
  <node id='-131406' lat='14.77350150235' lon='-17.01291505148' />
  <node id='-131407' lat='14.77252710096' lon='-17.01377672424' />
  <node id='-131408' lat='14.77252740475' lon='-17.01374190115' />
  <node id='-131409' lat='14.77254095844' lon='-17.01374202604' />
  <node id='-131410' lat='14.77254114071' lon='-17.01372113218' />
  <node id='-131411' lat='14.77272238541' lon='-17.01366217188' />
  <node id='-131413' lat='14.77272279044' lon='-17.01361574105' />
  <node id='-131414' lat='14.77267309359' lon='-17.01361528317' />
  <node id='-131415' lat='14.77267297208' lon='-17.01362921242' />
  <node id='-131416' lat='14.77263231102' lon='-17.01362883779' />
  <node id='-131417' lat='14.77263218951' lon='-17.01364276703' />
  <node id='-131418' lat='14.77259152845' lon='-17.0136423924' />
  <node id='-131419' lat='14.77259140694' lon='-17.01365632164' />
  <node id='-131420' lat='14.77255074588' lon='-17.01365594701' />
  <node id='-131421' lat='14.77255062437' lon='-17.01366987625' />
  <node id='-131422' lat='14.7725099633' lon='-17.01366950161' />
  <node id='-131423' lat='14.77250984179' lon='-17.01368343085' />
  <node id='-131424' lat='14.77245562704' lon='-17.01368293134' />
  <node id='-131425' lat='14.77245481464' lon='-17.0137760582' />
  <node id='-131426' lat='14.77245400682' lon='-17.01386865441' />
  <node id='-131427' lat='14.77250822156' lon='-17.01386915397' />
  <node id='-131428' lat='14.77250810004' lon='-17.0138830832' />
  <node id='-131429' lat='14.7725487611' lon='-17.01388345788' />
  <node id='-131430' lat='14.77254863957' lon='-17.01389738711' />
  <node id='-131431' lat='14.77258930063' lon='-17.01389776179' />
  <node id='-131432' lat='14.7725891791' lon='-17.01391169103' />
  <node id='-131433' lat='14.77262984016' lon='-17.01391206571' />
  <node id='-131434' lat='14.77262971863' lon='-17.01392599495' />
  <node id='-131435' lat='14.77267037969' lon='-17.01392636963' />
  <node id='-131436' lat='14.77267025816' lon='-17.01394029887' />
  <node id='-131438' lat='14.772719955' lon='-17.01394075682' />
  <node id='-131439' lat='14.77272036009' lon='-17.013894326' />
  <node id='-131440' lat='14.7725401732' lon='-17.01383203543' />
  <node id='-131441' lat='14.77254035548' lon='-17.01381114158' />
  <node id='-131442' lat='14.7725268018' lon='-17.01381101669' />
  <node id='-131443' lat='14.7725307461' lon='-17.01335884713' />
  <node id='-131444' lat='14.77253104983' lon='-17.01332402403' />
  <node id='-131445' lat='14.77254460352' lon='-17.01332414889' />
  <node id='-131446' lat='14.77254478576' lon='-17.01330325503' />
  <node id='-131447' lat='14.77272603039' lon='-17.01324429436' />
  <node id='-131449' lat='14.77272643534' lon='-17.01319786352' />
  <node id='-131450' lat='14.77267673847' lon='-17.01319740573' />
  <node id='-131451' lat='14.77267661699' lon='-17.01321133498' />
  <node id='-131452' lat='14.77263595592' lon='-17.01321096043' />
  <node id='-131453' lat='14.77263583443' lon='-17.01322488968' />
  <node id='-131454' lat='14.77259517336' lon='-17.01322451513' />
  <node id='-131455' lat='14.77259505188' lon='-17.01323844437' />
  <node id='-131456' lat='14.7725543908' lon='-17.01323806982' />
  <node id='-131457' lat='14.77255426932' lon='-17.01325199906' />
  <node id='-131458' lat='14.77251360825' lon='-17.0132516245' />
  <node id='-131459' lat='14.77251348676' lon='-17.01326555374' />
  <node id='-131460' lat='14.772459272' lon='-17.01326505433' />
  <node id='-131461' lat='14.77245845976' lon='-17.01335818122' />
  <node id='-131462' lat='14.77245765211' lon='-17.01345077746' />
  <node id='-131463' lat='14.77251186687' lon='-17.01345127692' />
  <node id='-131464' lat='14.77251174537' lon='-17.01346520615' />
  <node id='-131465' lat='14.77255240644' lon='-17.01346558075' />
  <node id='-131466' lat='14.77255228494' lon='-17.01347950999' />
  <node id='-131467' lat='14.772592946' lon='-17.01347988459' />
  <node id='-131468' lat='14.7725928245' lon='-17.01349381383' />
  <node id='-131469' lat='14.77263348557' lon='-17.01349418843' />
  <node id='-131470' lat='14.77263336407' lon='-17.01350811767' />
  <node id='-131471' lat='14.77267402513' lon='-17.01350849228' />
  <node id='-131472' lat='14.77267390363' lon='-17.01352242153' />
  <node id='-131473' lat='14.77272360049' lon='-17.01352287938' />
  <node id='-131474' lat='14.77272400549' lon='-17.01347644855' />
  <node id='-131475' lat='14.77254381845' lon='-17.01341415831' />
  <node id='-131476' lat='14.77254400069' lon='-17.01339326445' />
  <node id='-131477' lat='14.772530447' lon='-17.01339313959' />
  <node id='-131478' lat='14.77253439049' lon='-17.0129409699' />
  <node id='-131479' lat='14.77253469415' lon='-17.01290614679' />
  <node id='-131480' lat='14.77254824785' lon='-17.01290627162' />
  <node id='-131481' lat='14.77254843004' lon='-17.01288537776' />
  <node id='-131482' lat='14.77272967461' lon='-17.01282641673' />
  <node id='-131484' lat='14.77273007948' lon='-17.01277998587' />
  <node id='-131485' lat='14.7726803826' lon='-17.01277952819' />
  <node id='-131486' lat='14.77268026114' lon='-17.01279345744' />
  <node id='-131487' lat='14.77263960006' lon='-17.01279308297' />
  <node id='-131488' lat='14.7726394786' lon='-17.01280701222' />
  <node id='-131489' lat='14.77259881752' lon='-17.01280663774' />
  <node id='-131490' lat='14.77259869606' lon='-17.01282056699' />
  <node id='-131491' lat='14.77255803497' lon='-17.01282019251' />
  <node id='-131492' lat='14.77255791351' lon='-17.01283412176' />
  <node id='-131493' lat='14.77251725243' lon='-17.01283374728' />
  <node id='-131494' lat='14.77251713097' lon='-17.01284767652' />
  <node id='-131495' lat='14.77246291619' lon='-17.01284717722' />
  <node id='-131496' lat='14.77246210412' lon='-17.01294030413' />
  <node id='-131497' lat='14.77246129664' lon='-17.01303290039' />
  <node id='-131498' lat='14.77251551141' lon='-17.01303339975' />
  <node id='-131499' lat='14.77251538994' lon='-17.01304732899' />
  <node id='-131500' lat='14.77255605102' lon='-17.0130477035' />
  <node id='-131501' lat='14.77255592955' lon='-17.01306163275' />
  <node id='-131502' lat='14.77259659062' lon='-17.01306200727' />
  <node id='-131503' lat='14.77259646915' lon='-17.01307593651' />
  <node id='-131504' lat='14.77263713022' lon='-17.01307631104' />
  <node id='-131505' lat='14.77263700875' lon='-17.01309024029' />
  <node id='-131506' lat='14.77267766982' lon='-17.01309061482' />
  <node id='-131507' lat='14.77267754834' lon='-17.01310454407' />
  <node id='-131508' lat='14.77272724521' lon='-17.01310500183' />
  <node id='-131509' lat='14.77272765014' lon='-17.01305857098' />
  <node id='-131510' lat='14.77254746293' lon='-17.01299628107' />
  <node id='-131511' lat='14.77254764514' lon='-17.0129753872' />
  <node id='-131512' lat='14.77253409145' lon='-17.01297526237' />
  <node id='-131513' lat='14.77154605463' lon='-17.01376768517' />
  <node id='-131514' lat='14.77154575548' lon='-17.01380197747' />
  <node id='-131515' lat='14.7715322018' lon='-17.01380185259' />
  <node id='-131516' lat='14.77153201953' lon='-17.01382274635' />
  <node id='-131517' lat='14.77135077483' lon='-17.01388170632' />
  <node id='-131518' lat='14.77135036978' lon='-17.01392813685' />
  <node id='-131520' lat='14.77140006663' lon='-17.01392859476' />
  <node id='-131521' lat='14.77140018815' lon='-17.0139146656' />
  <node id='-131522' lat='14.77144084921' lon='-17.01391504025' />
  <node id='-131523' lat='14.77144097072' lon='-17.01390111108' />
  <node id='-131524' lat='14.77148163178' lon='-17.01390148573' />
  <node id='-131525' lat='14.7714817533' lon='-17.01388755656' />
  <node id='-131526' lat='14.77152241436' lon='-17.01388793121' />
  <node id='-131527' lat='14.77152253587' lon='-17.01387400204' />
  <node id='-131528' lat='14.77156319693' lon='-17.01387437668' />
  <node id='-131529' lat='14.77156331845' lon='-17.01386044751' />
  <node id='-131530' lat='14.77161753319' lon='-17.01386094704' />
  <node id='-131531' lat='14.77161834096' lon='-17.01376835117' />
  <node id='-131532' lat='14.77161915332' lon='-17.01367522467' />
  <node id='-131533' lat='14.77156493857' lon='-17.01367472519' />
  <node id='-131534' lat='14.77156506007' lon='-17.01366079602' />
  <node id='-131535' lat='14.77152439901' lon='-17.01366042141' />
  <node id='-131536' lat='14.77152452051' lon='-17.01364649224' />
  <node id='-131537' lat='14.77148385944' lon='-17.01364611764' />
  <node id='-131538' lat='14.77148398094' lon='-17.01363218847' />
  <node id='-131539' lat='14.77144331988' lon='-17.01363181387' />
  <node id='-131540' lat='14.77144344137' lon='-17.0136178847' />
  <node id='-131541' lat='14.77140278031' lon='-17.01361751011' />
  <node id='-131542' lat='14.77140290181' lon='-17.01360358094' />
  <node id='-131543' lat='14.77135320495' lon='-17.01360312311' />
  <node id='-131544' lat='14.77135279995' lon='-17.01364955365' />
  <node id='-131545' lat='14.77153298697' lon='-17.01371184361' />
  <node id='-131546' lat='14.77153280471' lon='-17.01373273737' />
  <node id='-131547' lat='14.7715463584' lon='-17.01373286224' />
  <node id='-131548' lat='14.77154969952' lon='-17.01334980993' />
  <node id='-131549' lat='14.77154940043' lon='-17.01338410224' />
  <node id='-131550' lat='14.77153584674' lon='-17.01338397738' />
  <node id='-131551' lat='14.77153566451' lon='-17.01340487115' />
  <node id='-131552' lat='14.77135441988' lon='-17.01346383149' />
  <node id='-131553' lat='14.77135401491' lon='-17.01351026203' />
  <node id='-131554' lat='14.77140371177' lon='-17.01351071984' />
  <node id='-131555' lat='14.77140383326' lon='-17.01349679067' />
  <node id='-131556' lat='14.77144449433' lon='-17.01349716525' />
  <node id='-131557' lat='14.77144461583' lon='-17.01348323608' />
  <node id='-131558' lat='14.7714852769' lon='-17.01348361065' />
  <node id='-131559' lat='14.77148539839' lon='-17.01346968148' />
  <node id='-131560' lat='14.77152605946' lon='-17.01347005604' />
  <node id='-131561' lat='14.77152618095' lon='-17.01345612687' />
  <node id='-131562' lat='14.77156684202' lon='-17.01345650144' />
  <node id='-131563' lat='14.77156696351' lon='-17.01344257226' />
  <node id='-131564' lat='14.77162117827' lon='-17.01344307168' />
  <node id='-131565' lat='14.77162198587' lon='-17.01335047579' />
  <node id='-131566' lat='14.77162279806' lon='-17.01325734927' />
  <node id='-131567' lat='14.77156858329' lon='-17.01325684989' />
  <node id='-131568' lat='14.77156870477' lon='-17.01324292071' />
  <node id='-131569' lat='14.77152804369' lon='-17.01324254618' />
  <node id='-131570' lat='14.77152816517' lon='-17.01322861701' />
  <node id='-131571' lat='14.77148750409' lon='-17.01322824248' />
  <node id='-131572' lat='14.77148762557' lon='-17.01321431331' />
  <node id='-131573' lat='14.77144696449' lon='-17.01321393879' />
  <node id='-131574' lat='14.77144708597' lon='-17.01320000962' />
  <node id='-131575' lat='14.77140642489' lon='-17.0131996351' />
  <node id='-131576' lat='14.77140654636' lon='-17.01318570593' />
  <node id='-131578' lat='14.77135684949' lon='-17.0131852482' />
  <node id='-131579' lat='14.77135644458' lon='-17.01323167875' />
  <node id='-131580' lat='14.77153663175' lon='-17.01329396838' />
  <node id='-131581' lat='14.77153644953' lon='-17.01331486214' />
  <node id='-131582' lat='14.77155000322' lon='-17.01331498699' />
  <node id='-131583' lat='14.77155334365' lon='-17.01293193457' />
  <node id='-131584' lat='14.77155304463' lon='-17.01296622689' />
  <node id='-131585' lat='14.77153949093' lon='-17.01296610206' />
  <node id='-131586' lat='14.77153930874' lon='-17.01298699583' />
  <node id='-131587' lat='14.77135806417' lon='-17.01304595653' />
  <node id='-131589' lat='14.77135765929' lon='-17.01309238709' />
  <node id='-131590' lat='14.77140735616' lon='-17.0130928448' />
  <node id='-131591' lat='14.77140747763' lon='-17.01307891563' />
  <node id='-131592' lat='14.77144813871' lon='-17.01307929013' />
  <node id='-131593' lat='14.77144826017' lon='-17.01306536096' />
  <node id='-131594' lat='14.77148892125' lon='-17.01306573545' />
  <node id='-131595' lat='14.77148904272' lon='-17.01305180627' />
  <node id='-131596' lat='14.7715297038' lon='-17.01305218076' />
  <node id='-131597' lat='14.77152982527' lon='-17.01303825159' />
  <node id='-131598' lat='14.77157048635' lon='-17.01303862608' />
  <node id='-131599' lat='14.77157060781' lon='-17.0130246969' />
  <node id='-131600' lat='14.77162482259' lon='-17.01302519621' />
  <node id='-131601' lat='14.77162563002' lon='-17.0129326003' />
  <node id='-131602' lat='14.77162644204' lon='-17.01283947375' />
  <node id='-131603' lat='14.77157222726' lon='-17.01283897447' />
  <node id='-131604' lat='14.77157234871' lon='-17.01282504529' />
  <node id='-131605' lat='14.77153168763' lon='-17.01282467084' />
  <node id='-131606' lat='14.77153180908' lon='-17.01281074166' />
  <node id='-131607' lat='14.77149114799' lon='-17.01281036721' />
  <node id='-131608' lat='14.77149126944' lon='-17.01279643804' />
  <node id='-131609' lat='14.77145060835' lon='-17.01279606359' />
  <node id='-131610' lat='14.7714507298' lon='-17.01278213442' />
  <node id='-131611' lat='14.77141006871' lon='-17.01278175998' />
  <node id='-131612' lat='14.77141019016' lon='-17.01276783081' />
  <node id='-131614' lat='14.77136049328' lon='-17.01276737317' />
  <node id='-131615' lat='14.77136008845' lon='-17.01281380373' />
  <node id='-131616' lat='14.77154027578' lon='-17.01287609303' />
  <node id='-131617' lat='14.7715400936' lon='-17.0128969868' />
  <node id='-131618' lat='14.77155364729' lon='-17.01289711162' />
  <node id='-131619' lat='14.7698803757' lon='-17.00651554798' />
  <node id='-131620' lat='14.76988769218' lon='-17.0064815452' />
  <node id='-131621' lat='14.76990092675' lon='-17.00648455285' />
  <node id='-131622' lat='14.76990531664' lon='-17.00646415118' />
  <node id='-131623' lat='14.77009451523' lon='-17.00644505592' />
  <node id='-131625' lat='14.77010427054' lon='-17.00639971884' />
  <node id='-131626' lat='14.77005574378' lon='-17.0063886908' />
  <node id='-131627' lat='14.77005281719' lon='-17.00640229192' />
  <node id='-131628' lat='14.77001311347' lon='-17.00639326899' />
  <node id='-131629' lat='14.77001018688' lon='-17.0064068701' />
  <node id='-131630' lat='14.76997048317' lon='-17.00639784717' />
  <node id='-131631' lat='14.76996755658' lon='-17.00641144829' />
  <node id='-131632' lat='14.76992785286' lon='-17.00640242535' />
  <node id='-131633' lat='14.76992492627' lon='-17.00641602647' />
  <node id='-131634' lat='14.76988522256' lon='-17.00640700354' />
  <node id='-131635' lat='14.76988229597' lon='-17.00642060465' />
  <node id='-131636' lat='14.76982935768' lon='-17.00640857408' />
  <node id='-131637' lat='14.76980979132' lon='-17.00649950719' />
  <node id='-131638' lat='14.76979033643' lon='-17.00658992214' />
  <node id='-131639' lat='14.7698432747' lon='-17.00660195275' />
  <node id='-131640' lat='14.7698403481' lon='-17.00661555385' />
  <node id='-131641' lat='14.7698800518' lon='-17.00662457682' />
  <node id='-131642' lat='14.7698771252' lon='-17.00663817792' />
  <node id='-131643' lat='14.7699168289' lon='-17.0066472009' />
  <node id='-131644' lat='14.7699139023' lon='-17.006660802' />
  <node id='-131645' lat='14.769953606' lon='-17.00666982498' />
  <node id='-131646' lat='14.76995067939' lon='-17.00668342609' />
  <node id='-131647' lat='14.76999038309' lon='-17.00669244908' />
  <node id='-131648' lat='14.76998745648' lon='-17.00670605019' />
  <node id='-131650' lat='14.77003598322' lon='-17.00671707829' />
  <node id='-131651' lat='14.77004573858' lon='-17.00667174124' />
  <node id='-131652' lat='14.76988201537' lon='-17.00657244192' />
  <node id='-131653' lat='14.76988640527' lon='-17.00655204026' />
  <node id='-131654' lat='14.7698731707' lon='-17.00654903261' />
  <node id='-131655' lat='14.76996817322' lon='-17.00610751451' />
  <node id='-131656' lat='14.76997548965' lon='-17.0060735117' />
  <node id='-131657' lat='14.76998872423' lon='-17.00607651932' />
  <node id='-131658' lat='14.76999311409' lon='-17.00605611764' />
  <node id='-131659' lat='14.77018231268' lon='-17.00603702201' />
  <node id='-131660' lat='14.77019206791' lon='-17.00599168489' />
  <node id='-131661' lat='14.77014354112' lon='-17.00598065693' />
  <node id='-131662' lat='14.77014061455' lon='-17.00599425807' />
  <node id='-131663' lat='14.77010091081' lon='-17.0059852352' />
  <node id='-131664' lat='14.77009798425' lon='-17.00599883633' />
  <node id='-131665' lat='14.77005828051' lon='-17.00598981346' />
  <node id='-131666' lat='14.77005535394' lon='-17.00600341459' />
  <node id='-131667' lat='14.7700156502' lon='-17.00599439172' />
  <node id='-131668' lat='14.77001272363' lon='-17.00600799285' />
  <node id='-131669' lat='14.76997301989' lon='-17.00599896999' />
  <node id='-131670' lat='14.76997009333' lon='-17.00601257111' />
  <node id='-131671' lat='14.76991715501' lon='-17.00600054063' />
  <node id='-131672' lat='14.7698975888' lon='-17.00609147383' />
  <node id='-131673' lat='14.76987813406' lon='-17.00618188888' />
  <node id='-131674' lat='14.76993107236' lon='-17.0061939194' />
  <node id='-131675' lat='14.76992814578' lon='-17.00620752052' />
  <node id='-131676' lat='14.76996784951' lon='-17.00621654342' />
  <node id='-131677' lat='14.76996492293' lon='-17.00623014454' />
  <node id='-131678' lat='14.77000462666' lon='-17.00623916744' />
  <node id='-131679' lat='14.77000170008' lon='-17.00625276857' />
  <node id='-131680' lat='14.7700414038' lon='-17.00626179148' />
  <node id='-131681' lat='14.77003847722' lon='-17.0062753926' />
  <node id='-131682' lat='14.77007818094' lon='-17.00628441552' />
  <node id='-131683' lat='14.77007525436' lon='-17.00629801664' />
  <node id='-131684' lat='14.77012378113' lon='-17.00630904466' />
  <node id='-131685' lat='14.77013353641' lon='-17.00626370757' />
  <node id='-131686' lat='14.76996981299' lon='-17.00616440848' />
  <node id='-131687' lat='14.76997420285' lon='-17.0061440068' />
  <node id='-131688' lat='14.76996096828' lon='-17.00614099917' />
  <node id='-131689' lat='14.76918518848' lon='-17.00736372797' />
  <node id='-131690' lat='14.7691934766' lon='-17.00732996161' />
  <node id='-131691' lat='14.76920661919' lon='-17.00733336866' />
  <node id='-131692' lat='14.76921159206' lon='-17.00731310885' />
  <node id='-131693' lat='14.76940125586' lon='-17.00729975056' />
  <node id='-131694' lat='14.76941230667' lon='-17.0072547287' />
  <node id='-131696' lat='14.76936411715' lon='-17.00724223618' />
  <node id='-131697' lat='14.76936080191' lon='-17.00725574274' />
  <node id='-131698' lat='14.76932137412' lon='-17.00724552159' />
  <node id='-131699' lat='14.76931805888' lon='-17.00725902814' />
  <node id='-131700' lat='14.76927863109' lon='-17.00724880699' />
  <node id='-131701' lat='14.76927531585' lon='-17.00726231354' />
  <node id='-131702' lat='14.76923588806' lon='-17.0072520924' />
  <node id='-131703' lat='14.76923257282' lon='-17.00726559894' />
  <node id='-131704' lat='14.76919314504' lon='-17.0072553778' />
  <node id='-131705' lat='14.76918982979' lon='-17.00726888434' />
  <node id='-131706' lat='14.76913725941' lon='-17.00725525616' />
  <node id='-131707' lat='14.76911509464' lon='-17.00734555702' />
  <node id='-131708' lat='14.76909305614' lon='-17.00743534333' />
  <node id='-131709' lat='14.76914562651' lon='-17.00744897156' />
  <node id='-131710' lat='14.76914231126' lon='-17.0074624781' />
  <node id='-131711' lat='14.76918173904' lon='-17.00747269927' />
  <node id='-131712' lat='14.76917842378' lon='-17.00748620581' />
  <node id='-131713' lat='14.76921785156' lon='-17.00749642699' />
  <node id='-131714' lat='14.7692145363' lon='-17.00750993353' />
  <node id='-131715' lat='14.76925396407' lon='-17.00752015472' />
  <node id='-131716' lat='14.76925064882' lon='-17.00753366127' />
  <node id='-131717' lat='14.76929007659' lon='-17.00754388246' />
  <node id='-131718' lat='14.76928676133' lon='-17.007557389' />
  <node id='-131720' lat='14.76933495082' lon='-17.00756988159' />
  <node id='-131721' lat='14.76934600168' lon='-17.00752485976' />
  <node id='-131722' lat='14.76918519638' lon='-17.00742064665' />
  <node id='-131723' lat='14.76919016925' lon='-17.00740038684' />
  <node id='-131724' lat='14.76917702666' lon='-17.00739697979' />
  <node id='-131725' lat='14.76908573075' lon='-17.007768924' />
  <node id='-131726' lat='14.76909401892' lon='-17.00773515768' />
  <node id='-131727' lat='14.76910716151' lon='-17.00773856475' />
  <node id='-131728' lat='14.76911213441' lon='-17.00771830496' />
  <node id='-131729' lat='14.76930179819' lon='-17.00770494702' />
  <node id='-131730' lat='14.76931284908' lon='-17.00765992522' />
  <node id='-131732' lat='14.76926465959' lon='-17.00764743262' />
  <node id='-131733' lat='14.76926134433' lon='-17.00766093916' />
  <node id='-131734' lat='14.76922191657' lon='-17.00765071794' />
  <node id='-131735' lat='14.7692186013' lon='-17.00766422448' />
  <node id='-131736' lat='14.76917917354' lon='-17.00765400327' />
  <node id='-131737' lat='14.76917585828' lon='-17.0076675098' />
  <node id='-131738' lat='14.76913643051' lon='-17.00765728859' />
  <node id='-131739' lat='14.76913311525' lon='-17.00767079513' />
  <node id='-131740' lat='14.76909368749' lon='-17.00766057392' />
  <node id='-131741' lat='14.76909037223' lon='-17.00767408045' />
  <node id='-131742' lat='14.76903780187' lon='-17.00766045218' />
  <node id='-131743' lat='14.76901563696' lon='-17.00775075294' />
  <node id='-131744' lat='14.76899359831' lon='-17.00784053915' />
  <node id='-131745' lat='14.76904616865' lon='-17.00785416746' />
  <node id='-131746' lat='14.76904285337' lon='-17.00786767398' />
  <node id='-131747' lat='14.76908228112' lon='-17.00787789522' />
  <node id='-131748' lat='14.76907896585' lon='-17.00789140174' />
  <node id='-131749' lat='14.76911839359' lon='-17.00790162299' />
  <node id='-131750' lat='14.76911507832' lon='-17.00791512952' />
  <node id='-131751' lat='14.76915450606' lon='-17.00792535077' />
  <node id='-131752' lat='14.76915119078' lon='-17.0079388573' />
  <node id='-131753' lat='14.76919061853' lon='-17.00794907856' />
  <node id='-131754' lat='14.76918730325' lon='-17.00796258508' />
  <node id='-131755' lat='14.76923549271' lon='-17.00797507774' />
  <node id='-131756' lat='14.76924654364' lon='-17.00793005597' />
  <node id='-131757' lat='14.76908573855' lon='-17.00782584264' />
  <node id='-131758' lat='14.76909071146' lon='-17.00780558285' />
  <node id='-131759' lat='14.76907756887' lon='-17.00780217578' />
  <node id='-131760' lat='14.77505357007' lon='-17.00797712113' />
  <node id='-131761' lat='14.77505178719' lon='-17.00801136649' />
  <node id='-131762' lat='14.77503825228' lon='-17.00801062222' />
  <node id='-131763' lat='14.77503716599' lon='-17.00803148738' />
  <node id='-131764' lat='14.77485354853' lon='-17.00808210587' />
  <node id='-131765' lat='14.77485113455' lon='-17.00812847284' />
  <node id='-131766' lat='14.77490076256' lon='-17.00813120184' />
  <node id='-131767' lat='14.77490148675' lon='-17.00811729174' />
  <node id='-131768' lat='14.77494209149' lon='-17.00811952455' />
  <node id='-131769' lat='14.77494281568' lon='-17.00810561445' />
  <node id='-131770' lat='14.77498342042' lon='-17.00810784726' />
  <node id='-131771' lat='14.77498414462' lon='-17.00809393716' />
  <node id='-131772' lat='14.77502474935' lon='-17.00809616997' />
  <node id='-131773' lat='14.77502547355' lon='-17.00808225987' />
  <node id='-131774' lat='14.77506607828' lon='-17.00808449268' />
  <node id='-131775' lat='14.77506680248' lon='-17.00807058257' />
  <node id='-131776' lat='14.77512094213' lon='-17.00807355965' />
  <node id='-131777' lat='14.77512575628' lon='-17.00798109054' />
  <node id='-131778' lat='14.77513059798' lon='-17.00788809151' />
  <node id='-131779' lat='14.77507645832' lon='-17.00788511447' />
  <node id='-131780' lat='14.7750771825' lon='-17.00787120437' />
  <node id='-131781' lat='14.77503657776' lon='-17.0078689716' />
  <node id='-131782' lat='14.77503730194' lon='-17.00785506149' />
  <node id='-131783' lat='14.7749966972' lon='-17.00785282873' />
  <node id='-131784' lat='14.77499742138' lon='-17.00783891862' />
  <node id='-131785' lat='14.77495681663' lon='-17.00783668586' />
  <node id='-131786' lat='14.77495754081' lon='-17.00782277576' />
  <node id='-131787' lat='14.77491693606' lon='-17.007820543' />
  <node id='-131788' lat='14.77491766024' lon='-17.0078066329' />
  <node id='-131790' lat='14.77486803222' lon='-17.00780390399' />
  <node id='-131791' lat='14.77486561829' lon='-17.00785027097' />
  <node id='-131792' lat='14.77504293191' lon='-17.00792073645' />
  <node id='-131793' lat='14.77504184563' lon='-17.0079416016' />
  <node id='-131794' lat='14.77505538054' lon='-17.00794234586' />
  <node id='-131795' lat='14.77507529534' lon='-17.00755981786' />
  <node id='-131796' lat='14.77507351252' lon='-17.00759406323' />
  <node id='-131797' lat='14.7750599776' lon='-17.00759331899' />
  <node id='-131798' lat='14.77505889135' lon='-17.00761418415' />
  <node id='-131799' lat='14.77487527394' lon='-17.00766480301' />
  <node id='-131801' lat='14.77487286004' lon='-17.00771117001' />
  <node id='-131802' lat='14.77492248807' lon='-17.0077138989' />
  <node id='-131803' lat='14.77492321224' lon='-17.0076999888' />
  <node id='-131804' lat='14.77496381699' lon='-17.00770222154' />
  <node id='-131805' lat='14.77496454116' lon='-17.00768831143' />
  <node id='-131806' lat='14.77500514591' lon='-17.00769054417' />
  <node id='-131807' lat='14.77500587008' lon='-17.00767663406' />
  <node id='-131808' lat='14.77504647483' lon='-17.00767886679' />
  <node id='-131809' lat='14.775047199' lon='-17.00766495668' />
  <node id='-131810' lat='14.77508780375' lon='-17.00766718942' />
  <node id='-131811' lat='14.77508852792' lon='-17.0076532793' />
  <node id='-131812' lat='14.77514266759' lon='-17.00765625628' />
  <node id='-131813' lat='14.77514748157' lon='-17.00756378713' />
  <node id='-131814' lat='14.77515232311' lon='-17.00747078806' />
  <node id='-131815' lat='14.77509818343' lon='-17.00746781113' />
  <node id='-131816' lat='14.77509890759' lon='-17.00745390101' />
  <node id='-131817' lat='14.77505830283' lon='-17.00745166832' />
  <node id='-131818' lat='14.77505902699' lon='-17.00743775821' />
  <node id='-131819' lat='14.77501842223' lon='-17.00743552552' />
  <node id='-131820' lat='14.77501914639' lon='-17.00742161541' />
  <node id='-131821' lat='14.77497854163' lon='-17.00741938272' />
  <node id='-131822' lat='14.77497926578' lon='-17.00740547262' />
  <node id='-131823' lat='14.77493866102' lon='-17.00740323994' />
  <node id='-131824' lat='14.77493938517' lon='-17.00738932983' />
  <node id='-131826' lat='14.77488975713' lon='-17.00738660101' />
  <node id='-131827' lat='14.77488734329' lon='-17.00743296801' />
  <node id='-131828' lat='14.77506465707' lon='-17.00750343317' />
  <node id='-131829' lat='14.77506357083' lon='-17.00752429834' />
  <node id='-131830' lat='14.77507710575' lon='-17.00752504258' />
  <node id='-131831' lat='14.77509701987' lon='-17.0071425144' />
  <node id='-131832' lat='14.77509523711' lon='-17.00717675979' />
  <node id='-131833' lat='14.77508170219' lon='-17.00717601557' />
  <node id='-131834' lat='14.77508061597' lon='-17.00719688075' />
  <node id='-131835' lat='14.77489699861' lon='-17.00724749997' />
  <node id='-131836' lat='14.77489458479' lon='-17.00729386699' />
  <node id='-131837' lat='14.77494421283' lon='-17.00729659579' />
  <node id='-131838' lat='14.77494493698' lon='-17.00728268568' />
  <node id='-131839' lat='14.77498554174' lon='-17.00728491834' />
  <node id='-131840' lat='14.77498626589' lon='-17.00727100823' />
  <node id='-131841' lat='14.77502687065' lon='-17.00727324089' />
  <node id='-131842' lat='14.7750275948' lon='-17.00725933078' />
  <node id='-131843' lat='14.77506819956' lon='-17.00726156343' />
  <node id='-131844' lat='14.77506892371' lon='-17.00724765332' />
  <node id='-131845' lat='14.77510952847' lon='-17.00724988597' />
  <node id='-131846' lat='14.77511025262' lon='-17.00723597585' />
  <node id='-131847' lat='14.7751643923' lon='-17.00723895273' />
  <node id='-131848' lat='14.77516920612' lon='-17.00714648353' />
  <node id='-131849' lat='14.77517404749' lon='-17.00705348442' />
  <node id='-131850' lat='14.7751199078' lon='-17.0070505076' />
  <node id='-131851' lat='14.77512063193' lon='-17.00703659747' />
  <node id='-131852' lat='14.77508002716' lon='-17.00703436486' />
  <node id='-131853' lat='14.77508075129' lon='-17.00702045474' />
  <node id='-131854' lat='14.77504014652' lon='-17.00701822213' />
  <node id='-131855' lat='14.77504087065' lon='-17.00700431201' />
  <node id='-131856' lat='14.77500026588' lon='-17.0070020794' />
  <node id='-131857' lat='14.77500099001' lon='-17.00698816929' />
  <node id='-131858' lat='14.77496038523' lon='-17.00698593669' />
  <node id='-131859' lat='14.77496110936' lon='-17.00697202658' />
  <node id='-131861' lat='14.7749114813' lon='-17.00696929784' />
  <node id='-131862' lat='14.77490906754' lon='-17.00701566487' />
  <node id='-131863' lat='14.7750863815' lon='-17.00708612972' />
  <node id='-131864' lat='14.77508529529' lon='-17.0071069949' />
  <node id='-131865' lat='14.77509883021' lon='-17.0071077391' />
  <node id='-131866' lat='14.77511874365' lon='-17.00672521076' />
  <node id='-131867' lat='14.77511696095' lon='-17.00675945616' />
  <node id='-131868' lat='14.77510342602' lon='-17.00675871197' />
  <node id='-131869' lat='14.77510233985' lon='-17.00677957716' />
  <node id='-131870' lat='14.77491872253' lon='-17.00683019675' />
  <node id='-131871' lat='14.7749163088' lon='-17.00687656378' />
  <node id='-131872' lat='14.77496593686' lon='-17.00687929249' />
  <node id='-131873' lat='14.77496666098' lon='-17.00686538238' />
  <node id='-131874' lat='14.77500726576' lon='-17.00686761496' />
  <node id='-131875' lat='14.77500798988' lon='-17.00685370485' />
  <node id='-131876' lat='14.77504859465' lon='-17.00685593743' />
  <node id='-131877' lat='14.77504931878' lon='-17.00684202731' />
  <node id='-131878' lat='14.77508992355' lon='-17.00684425989' />
  <node id='-131879' lat='14.77509064767' lon='-17.00683034977' />
  <node id='-131880' lat='14.77513125245' lon='-17.00683258235' />
  <node id='-131881' lat='14.77513197657' lon='-17.00681867222' />
  <node id='-131882' lat='14.77518611628' lon='-17.00682164899' />
  <node id='-131883' lat='14.77519092993' lon='-17.00672917976' />
  <node id='-131884' lat='14.77519577113' lon='-17.00663618061' />
  <node id='-131885' lat='14.77514163142' lon='-17.00663320388' />
  <node id='-131886' lat='14.77514235553' lon='-17.00661929375' />
  <node id='-131887' lat='14.77510175075' lon='-17.00661706121' />
  <node id='-131888' lat='14.77510247485' lon='-17.00660315109' />
  <node id='-131889' lat='14.77506187007' lon='-17.00660091855' />
  <node id='-131890' lat='14.77506259417' lon='-17.00658700843' />
  <node id='-131891' lat='14.77502198938' lon='-17.0065847759' />
  <node id='-131892' lat='14.77502271349' lon='-17.00657086578' />
  <node id='-131893' lat='14.7749821087' lon='-17.00656863325' />
  <node id='-131894' lat='14.7749828328' lon='-17.00655472314' />
  <node id='-131896' lat='14.77493320473' lon='-17.0065519945' />
  <node id='-131897' lat='14.77493079105' lon='-17.00659836155' />
  <node id='-131898' lat='14.77510810517' lon='-17.00666882608' />
  <node id='-131899' lat='14.77510701901' lon='-17.00668969127' />
  <node id='-131900' lat='14.77512055393' lon='-17.00669043545' />
  <node id='-131901' lat='14.76928464554' lon='-17.00695853148' />
  <node id='-131902' lat='14.7692929336' lon='-17.00692476508' />
  <node id='-131903' lat='14.76930607621' lon='-17.00692817212' />
  <node id='-131904' lat='14.76931104904' lon='-17.00690791228' />
  <node id='-131905' lat='14.76950071286' lon='-17.00689455364' />
  <node id='-131906' lat='14.7695117636' lon='-17.00684953173' />
  <node id='-131907' lat='14.76946357405' lon='-17.00683703929' />
  <node id='-131908' lat='14.76946025883' lon='-17.00685054586' />
  <node id='-131909' lat='14.76942083102' lon='-17.00684032477' />
  <node id='-131910' lat='14.7694175158' lon='-17.00685383134' />
  <node id='-131911' lat='14.76937808798' lon='-17.00684361026' />
  <node id='-131912' lat='14.76937477276' lon='-17.00685711682' />
  <node id='-131913' lat='14.76933534495' lon='-17.00684689574' />
  <node id='-131914' lat='14.76933202973' lon='-17.0068604023' />
  <node id='-131915' lat='14.76929260192' lon='-17.00685018122' />
  <node id='-131916' lat='14.7692892867' lon='-17.00686368778' />
  <node id='-131917' lat='14.76923671628' lon='-17.00685005968' />
  <node id='-131918' lat='14.76921455166' lon='-17.00694036065' />
  <node id='-131919' lat='14.76919251331' lon='-17.00703014706' />
  <node id='-131920' lat='14.76924508371' lon='-17.0070437752' />
  <node id='-131921' lat='14.76924176848' lon='-17.00705728175' />
  <node id='-131922' lat='14.76928119628' lon='-17.00706750286' />
  <node id='-131923' lat='14.76927788105' lon='-17.00708100942' />
  <node id='-131924' lat='14.76931730885' lon='-17.00709123054' />
  <node id='-131925' lat='14.76931399362' lon='-17.00710473709' />
  <node id='-131926' lat='14.76935342142' lon='-17.00711495822' />
  <node id='-131927' lat='14.76935010618' lon='-17.00712846478' />
  <node id='-131928' lat='14.76938953398' lon='-17.00713868591' />
  <node id='-131929' lat='14.76938621874' lon='-17.00715219247' />
  <node id='-131930' lat='14.76943440827' lon='-17.00716468497' />
  <node id='-131932' lat='14.76944545906' lon='-17.0071196631' />
  <node id='-131933' lat='14.76928465354' lon='-17.0070154502' />
  <node id='-131934' lat='14.76928962638' lon='-17.00699519037' />
  <node id='-131935' lat='14.76927648378' lon='-17.00699178334' />
  <node id='-131936' lat='14.77330249992' lon='-17.0087133121' />
  <node id='-131937' lat='14.77313404215' lon='-17.00855862589' />
  <node id='-131938' lat='14.77298352695' lon='-17.00873175176' />
  <node id='-131939' lat='14.77315198461' lon='-17.00888643797' />
  <node id='-131940' lat='14.77023143069' lon='-17.00566768364' />
  <node id='-131941' lat='14.77023947629' lon='-17.0056304226' />
  <node id='-131942' lat='14.77021609902' lon='-17.00562509138' />
  <node id='-131943' lat='14.77022269601' lon='-17.00559453914' />
  <node id='-131944' lat='14.77024607328' lon='-17.00559987037' />
  <node id='-131945' lat='14.77025590025' lon='-17.00555435932' />
  <node id='-131946' lat='14.77019476648' lon='-17.00554041767' />
  <node id='-131947' lat='14.77017029693' lon='-17.00565374197' />
  <node id='-131949' lat='14.77026394583' lon='-17.00551709827' />
  <node id='-131950' lat='14.77024056855' lon='-17.00551176705' />
  <node id='-131951' lat='14.77024716553' lon='-17.00548121481' />
  <node id='-131952' lat='14.7702705428' lon='-17.00548654602' />
  <node id='-131953' lat='14.77028036975' lon='-17.00544103496' />
  <node id='-131954' lat='14.77021923597' lon='-17.00542709335' />
  <node id='-131956' lat='14.77028841531' lon='-17.0054037739' />
  <node id='-131957' lat='14.77026503803' lon='-17.0053984427' />
  <node id='-131958' lat='14.770271635' lon='-17.00536789045' />
  <node id='-131959' lat='14.77029501228' lon='-17.00537322165' />
  <node id='-131961' lat='14.77024370541' lon='-17.00531376899' />
  <node id='-131962' lat='14.7703048392' lon='-17.00532771057' />
  <node id='-131963' lat='14.77031288475' lon='-17.00529044951' />
  <node id='-131964' lat='14.77028950746' lon='-17.00528511831' />
  <node id='-131965' lat='14.77029610441' lon='-17.00525456605' />
  <node id='-131966' lat='14.7703194817' lon='-17.00525989724' />
  <node id='-131967' lat='14.7703293086' lon='-17.00521438615' />
  <node id='-131968' lat='14.7702681748' lon='-17.00520044459' />
  <node id='-131969' lat='14.77028979791' lon='-17.00455114479' />
  <node id='-131970' lat='14.77029784333' lon='-17.00451388368' />
  <node id='-131971' lat='14.77027446602' lon='-17.00450855257' />
  <node id='-131972' lat='14.77028106287' lon='-17.00447800027' />
  <node id='-131973' lat='14.77030444018' lon='-17.00448333138' />
  <node id='-131976' lat='14.77022866404' lon='-17.00453720342' />
  <node id='-131977' lat='14.77031426693' lon='-17.00443782024' />
  <node id='-131978' lat='14.77032231234' lon='-17.00440055912' />
  <node id='-131979' lat='14.77029893503' lon='-17.00439522802' />
  <node id='-131980' lat='14.77030553186' lon='-17.00436467571' />
  <node id='-131981' lat='14.77032890917' lon='-17.00437000681' />
  <node id='-131982' lat='14.77033873591' lon='-17.00432449566' />
  <node id='-131983' lat='14.77027760202' lon='-17.00431055434' />
  <node id='-131984' lat='14.77025313306' lon='-17.0044238789' />
  <node id='-131986' lat='14.7703467813' lon='-17.00428723453' />
  <node id='-131987' lat='14.77032340398' lon='-17.00428190343' />
  <node id='-131988' lat='14.7703300008' lon='-17.00425135112' />
  <node id='-131989' lat='14.77035337812' lon='-17.00425668221' />
  <node id='-131990' lat='14.77036320483' lon='-17.00421117104' />
  <node id='-131991' lat='14.77030207093' lon='-17.00419722975' />
  <node id='-131992' lat='14.76963252721' lon='-17.00451422411' />
  <node id='-131993' lat='14.76964057261' lon='-17.0044769631' />
  <node id='-131994' lat='14.7696171953' lon='-17.00447163202' />
  <node id='-131995' lat='14.76962379213' lon='-17.00444107981' />
  <node id='-131996' lat='14.76964716944' lon='-17.00444641089' />
  <node id='-131997' lat='14.76965699617' lon='-17.00440089988' />
  <node id='-131998' lat='14.76959586229' lon='-17.00438695861' />
  <node id='-131999' lat='14.76957139333' lon='-17.00450028281' />
  <node id='-132001' lat='14.76966504156' lon='-17.00436363887' />
  <node id='-132002' lat='14.76964166424' lon='-17.00435830779' />
  <node id='-132003' lat='14.76964826106' lon='-17.00432775558' />
  <node id='-132004' lat='14.76967163838' lon='-17.00433308665' />
  <node id='-132005' lat='14.76968146509' lon='-17.00428757562' />
  <node id='-132006' lat='14.76962033119' lon='-17.00427363438' />
  <node id='-132008' lat='14.76968951046' lon='-17.0042503146' />
  <node id='-132009' lat='14.76966613314' lon='-17.00424498353' />
  <node id='-132010' lat='14.76967272994' lon='-17.00421443131' />
  <node id='-132011' lat='14.76969610726' lon='-17.00421976237' />
  <node id='-132012' lat='14.76970593395' lon='-17.00417425133' />
  <node id='-132013' lat='14.76964480004' lon='-17.00416031012' />
  <node id='-132014' lat='14.77035377795' lon='-17.0051010617' />
  <node id='-132015' lat='14.77036182345' lon='-17.00506380061' />
  <node id='-132016' lat='14.77033844617' lon='-17.00505846944' />
  <node id='-132017' lat='14.77034504309' lon='-17.00502791716' />
  <node id='-132018' lat='14.77036842038' lon='-17.00503324833' />
  <node id='-132019' lat='14.77037824724' lon='-17.00498773721' />
  <node id='-132020' lat='14.77031711342' lon='-17.00497379571' />
  <node id='-132021' lat='14.77029264413' lon='-17.00508712017' />
  <node id='-132022' lat='14.76992317421' lon='-17.00556409202' />
  <node id='-132023' lat='14.76993121979' lon='-17.00552683103' />
  <node id='-132024' lat='14.76990784251' lon='-17.00552149982' />
  <node id='-132025' lat='14.76991443949' lon='-17.00549094762' />
  <node id='-132026' lat='14.76993781676' lon='-17.00549627883' />
  <node id='-132027' lat='14.7699476437' lon='-17.00545076783' />
  <node id='-132028' lat='14.76988650992' lon='-17.00543682625' />
  <node id='-132029' lat='14.76986204044' lon='-17.0055501504' />
  <node id='-132030' lat='14.76973595438' lon='-17.00543578526' />
  <node id='-132031' lat='14.76972790882' lon='-17.00547304622' />
  <node id='-132032' lat='14.7697512861' lon='-17.00547837742' />
  <node id='-132033' lat='14.76974468913' lon='-17.00550892959' />
  <node id='-132034' lat='14.76972131185' lon='-17.0055035984' />
  <node id='-132035' lat='14.76971148491' lon='-17.00554910934' />
  <node id='-132036' lat='14.76977261869' lon='-17.00556305094' />
  <node id='-132038' lat='14.76976042379' lon='-17.00532246115' />
  <node id='-132039' lat='14.76975237825' lon='-17.00535972212' />
  <node id='-132040' lat='14.76977575553' lon='-17.0053650533' />
  <node id='-132041' lat='14.76976915858' lon='-17.00539560549' />
  <node id='-132042' lat='14.7697457813' lon='-17.0053902743' />
  <node id='-132044' lat='14.76979708816' lon='-17.00544972683' />
  <node id='-132045' lat='14.76982155759' lon='-17.00533640269' />
  <node id='-132046' lat='14.76978489315' lon='-17.005209137' />
  <node id='-132047' lat='14.76977684763' lon='-17.00524639798' />
  <node id='-132048' lat='14.76980022492' lon='-17.00525172915' />
  <node id='-132049' lat='14.76979362798' lon='-17.00528228135' />
  <node id='-132050' lat='14.76977025069' lon='-17.00527695017' />
  <node id='-132052' lat='14.76984602696' lon='-17.00522307851' />
  <node id='-132053' lat='14.76980936246' lon='-17.00509581282' />
  <node id='-132054' lat='14.76980131696' lon='-17.00513307381' />
  <node id='-132055' lat='14.76982469425' lon='-17.00513840497' />
  <node id='-132056' lat='14.76981809732' lon='-17.00516895718' />
  <node id='-132057' lat='14.76979472003' lon='-17.00516362601' />
  <node id='-132059' lat='14.76987049628' lon='-17.0051097543' />
  <node id='-132061' lat='14.77006557077' lon='-17.00551675699' />
  <node id='-132062' lat='14.77008894804' lon='-17.0055220882' />
  <node id='-132063' lat='14.77008235106' lon='-17.00555264042' />
  <node id='-132064' lat='14.77005897379' lon='-17.0055473092' />
  <node id='-132065' lat='14.77004914683' lon='-17.00559282022' />
  <node id='-132066' lat='14.7701102806' lon='-17.00560676186' />
  <node id='-132067' lat='14.77013475012' lon='-17.00549343758' />
  <node id='-132069' lat='14.77009004024' lon='-17.00540343272' />
  <node id='-132070' lat='14.77011341752' lon='-17.00540876392' />
  <node id='-132071' lat='14.77010682055' lon='-17.00543931615' />
  <node id='-132072' lat='14.77008344328' lon='-17.00543398495' />
  <node id='-132073' lat='14.77007361634' lon='-17.00547949597' />
  <node id='-132074' lat='14.77015921958' lon='-17.00538011328' />
  <node id='-132075' lat='14.7701225552' lon='-17.00525284738' />
  <node id='-132076' lat='14.77011450966' lon='-17.00529010842' />
  <node id='-132077' lat='14.77013788695' lon='-17.00529543961' />
  <node id='-132078' lat='14.77013128999' lon='-17.00532599185' />
  <node id='-132079' lat='14.77010791271' lon='-17.00532066066' />
  <node id='-132080' lat='14.7700980858' lon='-17.00536617169' />
  <node id='-132081' lat='14.770183689' lon='-17.00526678894' />
  <node id='-132082' lat='14.77014702455' lon='-17.00513952304' />
  <node id='-132083' lat='14.77013897903' lon='-17.00517678409' />
  <node id='-132084' lat='14.77016235632' lon='-17.00518211527' />
  <node id='-132085' lat='14.77015575938' lon='-17.00521266751' />
  <node id='-132086' lat='14.7701323821' lon='-17.00520733633' />
  <node id='-132088' lat='14.77020815836' lon='-17.00515346457' />
  <node id='-132089' lat='14.77012513124' lon='-17.00439468861' />
  <node id='-132090' lat='14.77011708584' lon='-17.0044319497' />
  <node id='-132091' lat='14.77014046315' lon='-17.0044372808' />
  <node id='-132092' lat='14.77013386631' lon='-17.00446783307' />
  <node id='-132093' lat='14.770110489' lon='-17.00446250197' />
  <node id='-132094' lat='14.77010066225' lon='-17.00450801307' />
  <node id='-132095' lat='14.77016179612' lon='-17.00452195442' />
  <node id='-132096' lat='14.77018626512' lon='-17.00440862993' />
  <node id='-132098' lat='14.7701415548' lon='-17.00431862521' />
  <node id='-132099' lat='14.77016493212' lon='-17.0043239563' />
  <node id='-132100' lat='14.77015833529' lon='-17.00435450859' />
  <node id='-132101' lat='14.77013495797' lon='-17.0043491775' />
  <node id='-132104' lat='14.77021073407' lon='-17.00429530541' />
  <node id='-132105' lat='14.77017406907' lon='-17.00416803959' />
  <node id='-132106' lat='14.77016602371' lon='-17.00420530069' />
  <node id='-132107' lat='14.77018940103' lon='-17.00421063177' />
  <node id='-132108' lat='14.77018280421' lon='-17.00424118407' />
  <node id='-132109' lat='14.7701594269' lon='-17.00423585299' />
  <node id='-132110' lat='14.77014960018' lon='-17.00428136411' />
  <node id='-132111' lat='14.77023520297' lon='-17.00418198085' />
  <node id='-132112' lat='14.77053777948' lon='-17.0047416085' />
  <node id='-132113' lat='14.77053878742' lon='-17.00462553195' />
  <node id='-132115' lat='14.77047583762' lon='-17.00466312365' />
  <node id='-132116' lat='14.77049978261' lon='-17.00466334324' />
  <node id='-132117' lat='14.77049951087' lon='-17.00469463748' />
  <node id='-132118' lat='14.77047556588' lon='-17.00469441788' />
  <node id='-132119' lat='14.77047516109' lon='-17.00474103421' />
  <node id='-132120' lat='14.7705397953' lon='-17.00450945538' />
  <node id='-132121' lat='14.7704771769' lon='-17.00450888115' />
  <node id='-132122' lat='14.77047684552' lon='-17.00454704712' />
  <node id='-132123' lat='14.77050079051' lon='-17.0045472667' />
  <node id='-132124' lat='14.77050051878' lon='-17.00457856094' />
  <node id='-132125' lat='14.7704765738' lon='-17.00457834135' />
  <node id='-132126' lat='14.77047616903' lon='-17.00462495768' />
  <node id='-132127' lat='14.77054080313' lon='-17.00439337881' />
  <node id='-132128' lat='14.77047818472' lon='-17.00439280462' />
  <node id='-132129' lat='14.77047785336' lon='-17.00443097058' />
  <node id='-132130' lat='14.77050179835' lon='-17.00443119016' />
  <node id='-132131' lat='14.77050152664' lon='-17.00446248439' />
  <node id='-132132' lat='14.77047758165' lon='-17.00446226482' />
  <node id='-132135' lat='14.77047919249' lon='-17.00427672807' />
  <node id='-132136' lat='14.77047886114' lon='-17.00431489404' />
  <node id='-132137' lat='14.77050280613' lon='-17.0043151136' />
  <node id='-132138' lat='14.77050253444' lon='-17.00434640784' />
  <node id='-132139' lat='14.77047858945' lon='-17.00434618827' />
  <node id='-132141' lat='14.77054181089' lon='-17.00427730223' />
  <node id='-132142' lat='14.7705428186' lon='-17.00416122564' />
  <node id='-132143' lat='14.77048020019' lon='-17.00416065151' />
  <node id='-132144' lat='14.77047986886' lon='-17.00419881748' />
  <node id='-132145' lat='14.77050381385' lon='-17.00419903703' />
  <node id='-132146' lat='14.77050354218' lon='-17.00423033128' />
  <node id='-132147' lat='14.77047959719' lon='-17.00423011172' />
  <node id='-132149' lat='14.76986003104' lon='-17.00450322189' />
  <node id='-132150' lat='14.76986103881' lon='-17.00438714568' />
  <node id='-132151' lat='14.76979842041' lon='-17.00438657151' />
  <node id='-132152' lat='14.76979808906' lon='-17.00442473736' />
  <node id='-132153' lat='14.76982203405' lon='-17.00442495692' />
  <node id='-132154' lat='14.76982176235' lon='-17.00445625106' />
  <node id='-132155' lat='14.76979781736' lon='-17.0044560315' />
  <node id='-132156' lat='14.76979741264' lon='-17.00450264769' />
  <node id='-132157' lat='14.76986204653' lon='-17.00427106946' />
  <node id='-132158' lat='14.76979942812' lon='-17.00427049532' />
  <node id='-132159' lat='14.76979909679' lon='-17.00430866118' />
  <node id='-132160' lat='14.76982304178' lon='-17.00430888073' />
  <node id='-132161' lat='14.7698227701' lon='-17.00434017487' />
  <node id='-132162' lat='14.76979882511' lon='-17.00433995532' />
  <node id='-132165' lat='14.76986305419' lon='-17.00415499323' />
  <node id='-132166' lat='14.76980043577' lon='-17.00415441913' />
  <node id='-132167' lat='14.76980010446' lon='-17.00419258498' />
  <node id='-132168' lat='14.76982404946' lon='-17.00419280452' />
  <node id='-132169' lat='14.76982377779' lon='-17.00422409867' />
  <node id='-132170' lat='14.7697998328' lon='-17.00422387912' />
  <node id='-132173' lat='14.76992852274' lon='-17.00450384995' />
  <node id='-132174' lat='14.76999114114' lon='-17.00450442416' />
  <node id='-132175' lat='14.76999147251' lon='-17.00446625827' />
  <node id='-132176' lat='14.76996752752' lon='-17.00446603871' />
  <node id='-132177' lat='14.76996779922' lon='-17.00443474454' />
  <node id='-132178' lat='14.76999174421' lon='-17.00443496411' />
  <node id='-132181' lat='14.7699275149' lon='-17.00461992619' />
  <node id='-132182' lat='14.7699901333' lon='-17.00462050043' />
  <node id='-132183' lat='14.76999046468' lon='-17.00458233455' />
  <node id='-132184' lat='14.7699665197' lon='-17.00458211497' />
  <node id='-132185' lat='14.76996679141' lon='-17.00455082081' />
  <node id='-132186' lat='14.7699907364' lon='-17.00455104039' />
  <node id='-132187' lat='14.76993053824' lon='-17.00427169744' />
  <node id='-132188' lat='14.76992953052' lon='-17.0043877737' />
  <node id='-132189' lat='14.76999214893' lon='-17.00438834787' />
  <node id='-132190' lat='14.76999248027' lon='-17.00435018199' />
  <node id='-132191' lat='14.76996853528' lon='-17.00434996243' />
  <node id='-132192' lat='14.76996880697' lon='-17.00431866827' />
  <node id='-132193' lat='14.76999275196' lon='-17.00431888782' />
  <node id='-132195' lat='14.76993154591' lon='-17.00415562118' />
  <node id='-132197' lat='14.76999315665' lon='-17.00427227158' />
  <node id='-132198' lat='14.76999348798' lon='-17.0042341057' />
  <node id='-132199' lat='14.76996954299' lon='-17.00423388615' />
  <node id='-132200' lat='14.76996981466' lon='-17.00420259199' />
  <node id='-132201' lat='14.76999375965' lon='-17.00420281153' />
  <node id='-132202' lat='14.76999416432' lon='-17.00415619528' />
  <node id='-132203' lat='14.76993194123' lon='-17.00544718687' />
  <node id='-132204' lat='14.76993998678' lon='-17.00540992588' />
  <node id='-132205' lat='14.7699166095' lon='-17.00540459468' />
  <node id='-132206' lat='14.76992320646' lon='-17.00537404248' />
  <node id='-132207' lat='14.76994658374' lon='-17.00537937367' />
  <node id='-132208' lat='14.76995641066' lon='-17.00533386266' />
  <node id='-132210' lat='14.76987080744' lon='-17.00543324529' />
  <node id='-132212' lat='14.7699644562' lon='-17.00529660165' />
  <node id='-132213' lat='14.76994107891' lon='-17.00529127047' />
  <node id='-132214' lat='14.76994767586' lon='-17.00526071826' />
  <node id='-132215' lat='14.76997105314' lon='-17.00526604944' />
  <node id='-132217' lat='14.76991974623' lon='-17.00520659689' />
  <node id='-132218' lat='14.76989527686' lon='-17.00531992111' />
  <node id='-132219' lat='14.76998088004' lon='-17.00522053842' />
  <node id='-132220' lat='14.76998892556' lon='-17.0051832774' />
  <node id='-132221' lat='14.76996554827' lon='-17.00517794623' />
  <node id='-132222' lat='14.7699721452' lon='-17.00514739401' />
  <node id='-132223' lat='14.76999552249' lon='-17.00515272517' />
  <node id='-132224' lat='14.77000534937' lon='-17.00510721414' />
  <node id='-132225' lat='14.76994421555' lon='-17.00509327265' />
  <node id='-132228' lat='14.77018868125' lon='-17.00504647951' />
  <node id='-132229' lat='14.77019386874' lon='-17.00502245473' />
  <node id='-132230' lat='14.77022359759' lon='-17.00502923437' />
  <node id='-132231' lat='14.7702184101' lon='-17.00505325914' />
  <node id='-132232' lat='14.77026269463' lon='-17.00506335819' />
  <node id='-132233' lat='14.7702762604' lon='-17.00500053112' />
  <node id='-132234' lat='14.77016599015' lon='-17.00497538413' />
  <node id='-132235' lat='14.77004215415' lon='-17.00501306419' />
  <node id='-132236' lat='14.77007841101' lon='-17.00502133251' />
  <node id='-132237' lat='14.77008359849' lon='-17.00499730775' />
  <node id='-132238' lat='14.77011332735' lon='-17.00500408737' />
  <node id='-132239' lat='14.77010813987' lon='-17.00502811214' />
  <node id='-132240' lat='14.77015242439' lon='-17.00503821117' />
  <node id='-132243' lat='14.76993188391' lon='-17.00498791724' />
  <node id='-132244' lat='14.76996814076' lon='-17.00499618555' />
  <node id='-132245' lat='14.76997332824' lon='-17.0049721608' />
  <node id='-132246' lat='14.7700030571' lon='-17.00497894041' />
  <node id='-132247' lat='14.76999786962' lon='-17.00500296517' />
  <node id='-132249' lat='14.7700557199' lon='-17.00495023718' />
  <node id='-132250' lat='14.76994544964' lon='-17.00492509025' />
  <node id='-132251' lat='14.7695437004' lon='-17.00489954964' />
  <node id='-132252' lat='14.76957995727' lon='-17.00490781792' />
  <node id='-132253' lat='14.76958514473' lon='-17.00488379321' />
  <node id='-132254' lat='14.7696148736' lon='-17.00489057279' />
  <node id='-132255' lat='14.76960968613' lon='-17.00491459751' />
  <node id='-132256' lat='14.76965397067' lon='-17.00492469648' />
  <node id='-132257' lat='14.76966753639' lon='-17.00486186957' />
  <node id='-132258' lat='14.7695572661' lon='-17.00483672276' />
  <node id='-132260' lat='14.76969022754' lon='-17.00493296477' />
  <node id='-132261' lat='14.76969541501' lon='-17.00490894004' />
  <node id='-132262' lat='14.76972514387' lon='-17.00491571964' />
  <node id='-132263' lat='14.7697199564' lon='-17.00493974436' />
  <node id='-132264' lat='14.76976424094' lon='-17.00494984335' />
  <node id='-132265' lat='14.76977780666' lon='-17.00488701641' />
  <node id='-132266' lat='14.7700639751' lon='-17.0046016192' />
  <node id='-132267' lat='14.77010023198' lon='-17.00460988746' />
  <node id='-132268' lat='14.77010541942' lon='-17.00458586268' />
  <node id='-132269' lat='14.7701351483' lon='-17.00459264225' />
  <node id='-132270' lat='14.77012996086' lon='-17.00461666704' />
  <node id='-132271' lat='14.77017424541' lon='-17.00462676599' />
  <node id='-132272' lat='14.77018781106' lon='-17.0045639389' />
  <node id='-132273' lat='14.77007754074' lon='-17.00453879215' />
  <node id='-132274' lat='14.77018355683' lon='-17.00462888943' />
  <node id='-132275' lat='14.7702198137' lon='-17.0046371577' />
  <node id='-132276' lat='14.77022500115' lon='-17.00461313291' />
  <node id='-132277' lat='14.77025473002' lon='-17.00461991249' />
  <node id='-132278' lat='14.77024954258' lon='-17.00464393728' />
  <node id='-132279' lat='14.77029382713' lon='-17.00465403625' />
  <node id='-132280' lat='14.77030739279' lon='-17.00459120913' />
  <node id='-132281' lat='14.77019712248' lon='-17.00456606234' />
  <node id='-132282' lat='14.77044581022' lon='-17.00490117219' />
  <node id='-132283' lat='14.77040955336' lon='-17.00489290386' />
  <node id='-132284' lat='14.77040436588' lon='-17.00491692867' />
  <node id='-132285' lat='14.77037463702' lon='-17.00491014904' />
  <node id='-132286' lat='14.7703798245' lon='-17.00488612424' />
  <node id='-132287' lat='14.77033553996' lon='-17.00487602522' />
  <node id='-132288' lat='14.77032197422' lon='-17.00493885232' />
  <node id='-132289' lat='14.77043224447' lon='-17.00496399932' />
  <node id='-132291' lat='14.7702992831' lon='-17.00486775691' />
  <node id='-132292' lat='14.77029409563' lon='-17.0048917817' />
  <node id='-132293' lat='14.77026436676' lon='-17.00488500208' />
  <node id='-132294' lat='14.77026955424' lon='-17.00486097729' />
  <node id='-132296' lat='14.77021170397' lon='-17.00491370535' />
  <node id='-132298' lat='14.7702252697' lon='-17.00485087829' />
  <node id='-132299' lat='14.77018901283' lon='-17.00484260998' />
  <node id='-132300' lat='14.77018382536' lon='-17.00486663476' />
  <node id='-132301' lat='14.7701540965' lon='-17.00485985515' />
  <node id='-132302' lat='14.77015928397' lon='-17.00483583037' />
  <node id='-132303' lat='14.77011499943' lon='-17.00482573138' />
  <node id='-132304' lat='14.77010143371' lon='-17.00488855842' />
  <node id='-132306' lat='14.77007874256' lon='-17.00481746309' />
  <node id='-132307' lat='14.77007355509' lon='-17.00484148785' />
  <node id='-132308' lat='14.77004382623' lon='-17.00483470825' />
  <node id='-132309' lat='14.77004901369' lon='-17.00481068349' />
  <node id='-132313' lat='14.77000472915' lon='-17.00480058451' />
  <node id='-132314' lat='14.76996847228' lon='-17.00479231622' />
  <node id='-132315' lat='14.76996328482' lon='-17.00481634098' />
  <node id='-132316' lat='14.76993355595' lon='-17.00480956139' />
  <node id='-132317' lat='14.76993874341' lon='-17.00478553664' />
  <node id='-132318' lat='14.76989445886' lon='-17.00477543767' />
  <node id='-132319' lat='14.76988089316' lon='-17.00483826465' />
  <node id='-132320' lat='14.76999116344' lon='-17.00486341152' />
  <node id='-132321' lat='14.76980621045' lon='-17.00475546964' />
  <node id='-132322' lat='14.76976995358' lon='-17.00474720137' />
  <node id='-132323' lat='14.76976476613' lon='-17.00477122611' />
  <node id='-132324' lat='14.76973503725' lon='-17.00476444653' />
  <node id='-132325' lat='14.76974022471' lon='-17.0047404218' />
  <node id='-132328' lat='14.76979264476' lon='-17.0048182966' />
  <node id='-132329' lat='14.76969594015' lon='-17.00473032285' />
  <node id='-132330' lat='14.76965968328' lon='-17.0047220546' />
  <node id='-132331' lat='14.76965449583' lon='-17.00474607933' />
  <node id='-132332' lat='14.76962476696' lon='-17.00473929976' />
  <node id='-132333' lat='14.76962995441' lon='-17.00471527504' />
  <node id='-132334' lat='14.76958566985' lon='-17.0047051761' />
  <node id='-132335' lat='14.76957210418' lon='-17.00476800301' />
  <node id='-132336' lat='14.76968237448' lon='-17.00479314979' />
  <node id='-132337' lat='14.77004701026' lon='-17.00552641229' />
  <node id='-132338' lat='14.77001075343' lon='-17.00551814389' />
  <node id='-132339' lat='14.7700055659' lon='-17.00554216862' />
  <node id='-132340' lat='14.76997583707' lon='-17.00553538894' />
  <node id='-132341' lat='14.7699810246' lon='-17.0055113642' />
  <node id='-132342' lat='14.7699367401' lon='-17.00550126509' />
  <node id='-132344' lat='14.77003344436' lon='-17.00558923925' />
  <node id='-132345' lat='14.77285575268' lon='-17.00938328932' />
  <node id='-132346' lat='14.77290956132' lon='-17.00915780722' />
  <node id='-132347' lat='14.77273403931' lon='-17.00911356761' />
  <node id='-132348' lat='14.77268023073' lon='-17.00933904955' />
  <node id='-132349' lat='14.76969217495' lon='-17.01075702198' />
  <node id='-132350' lat='14.7697244607' lon='-17.01062173495' />
  <node id='-132351' lat='14.76963669985' lon='-17.01059961505' />
  <node id='-132352' lat='14.76960441411' lon='-17.01073490204' />
  <node id='-132353' lat='14.77376404647' lon='-17.00596401589' />
  <node id='-132354' lat='14.77379632981' lon='-17.00582872533' />
  <node id='-132355' lat='14.77370856834' lon='-17.00580660667' />
  <node id='-132356' lat='14.77367628502' lon='-17.00594189718' />
  <node id='-132357' lat='14.7678001603' lon='-17.00887550085' />
  <node id='-132358' lat='14.7678647293' lon='-17.00860492816' />
  <node id='-132359' lat='14.76768920692' lon='-17.00856069053' />
  <node id='-132360' lat='14.76762463799' lon='-17.00883126304' />
  <node id='-132361' lat='14.77006070928' lon='-17.00592029643' />
  <node id='-132362' lat='14.77009657831' lon='-17.00576998013' />
  <node id='-132363' lat='14.77000881676' lon='-17.00574786205' />
  <node id='-132364' lat='14.76997294775' lon='-17.0058981783' />
  <node id='-132365' lat='14.7746304678' lon='-17.00993345872' />
  <node id='-132366' lat='14.77448609561' lon='-17.00992551869' />
  <node id='-132367' lat='14.77448199123' lon='-17.0100043423' />
  <node id='-132368' lat='14.77462636341' lon='-17.01001228237' />
  <node id='-132369' lat='14.77495961822' lon='-17.00478246212' />
  <node id='-132370' lat='14.77484426233' lon='-17.00471383217' />
  <node id='-132371' lat='14.7747491921' lon='-17.00488261162' />
  <node id='-132372' lat='14.77487333697' lon='-17.00495647058' />
  <node id='-132373' lat='14.77494548537' lon='-17.00498777916' />
  <node id='-132374' lat='14.77317351564' lon='-17.01374059378' />
  <node id='-132375' lat='14.77317420405' lon='-17.0136616636' />
  <node id='-132376' lat='14.77302963139' lon='-17.01366033185' />
  <node id='-132377' lat='14.77302894299' lon='-17.01373926198' />
  <node id='-132378' lat='14.76997933906' lon='-17.01090708877' />
  <node id='-132379' lat='14.77000140905' lon='-17.01083148288' />
  <node id='-132380' lat='14.76986292746' lon='-17.01078878882' />
  <node id='-132381' lat='14.76984085748' lon='-17.01086439467' />
  <node id='-132382' lat='14.77458515801' lon='-17.01218349893' />
  <node id='-132383' lat='14.77458381257' lon='-17.01210457472' />
  <node id='-132384' lat='14.77443925617' lon='-17.01210717754' />
  <node id='-132385' lat='14.77444060162' lon='-17.0121861017' />
  <node id='-132386' lat='14.77534131724' lon='-17.00949411215' />
  <node id='-132387' lat='14.77534299051' lon='-17.00939197323' />
  <node id='-132388' lat='14.7751984322' lon='-17.00938947195' />
  <node id='-132389' lat='14.77519675894' lon='-17.00949161081' />
  <node id='-132390' lat='14.77320483331' lon='-17.0043572017' />
  <node id='-132391' lat='14.77327699497' lon='-17.00455379866' />
  <node id='-132392' lat='14.77339536018' lon='-17.00450791098' />
  <node id='-132393' lat='14.77336529154' lon='-17.004425992' />
  <node id='-132394' lat='14.77336412918' lon='-17.00441927086' />
  <node id='-132395' lat='14.77336598379' lon='-17.00420568719' />
  <node id='-132396' lat='14.77321061474' lon='-17.00420426235' />
  <node id='-132397' lat='14.77320616165' lon='-17.00420422151' />
  <node id='-132398' lat='14.7702956687' lon='-17.01225434812' />
  <node id='-132399' lat='14.77030962939' lon='-17.0121767282' />
  <node id='-132400' lat='14.77016745908' lon='-17.01214972144' />
  <node id='-132401' lat='14.7701534984' lon='-17.01222734131' />
  <node id='-132402' lat='14.76909816337' lon='-17.00576373124' />
  <node id='-132403' lat='14.76908155298' lon='-17.0058407955' />
  <node id='-132404' lat='14.7692227106' lon='-17.00587292897' />
  <node id='-132405' lat='14.769239321' lon='-17.00579586466' />
  <node id='-132406' lat='14.77531196052' lon='-17.01128383854' />
  <node id='-132407' lat='14.77531365033' lon='-17.01118089218' />
  <node id='-132408' lat='14.77516951033' lon='-17.01117179779' />
  <node id='-132409' lat='14.77516744742' lon='-17.01128133308' />
  <node id='-132410' lat='14.7747628293' lon='-17.00982448904' />
  <node id='-132411' lat='14.77475872494' lon='-17.00990331275' />
  <node id='-132412' lat='14.77490309713' lon='-17.0099112528' />
  <node id='-132413' lat='14.77490720149' lon='-17.00983242904' />
  <node id='-132414' lat='14.7729978616' lon='-17.01315848701' />
  <node id='-132415' lat='14.7729985498' lon='-17.01307955686' />
  <node id='-132416' lat='14.77285397708' lon='-17.01307822552' />
  <node id='-132417' lat='14.77285328889' lon='-17.01315715561' />
  <node id='-132418' lat='14.77463172048' lon='-17.01121695164' />
  <node id='-132419' lat='14.77463642697' lon='-17.01113816359' />
  <node id='-132420' lat='14.77449211999' lon='-17.01112905879' />
  <node id='-132421' lat='14.77448741351' lon='-17.01120784679' />
  <node id='-132422' lat='14.77061765093' lon='-17.01098269364' />
  <node id='-132423' lat='14.77063972097' lon='-17.01090708755' />
  <node id='-132424' lat='14.77050123942' lon='-17.01086439326' />
  <node id='-132425' lat='14.7704791694' lon='-17.01093999931' />
  <node id='-132426' lat='14.77479011054' lon='-17.00930054305' />
  <node id='-132427' lat='14.7749344828' lon='-17.0093084827' />
  <node id='-132428' lat='14.77493858697' lon='-17.00922965889' />
  <node id='-132429' lat='14.7747942147' lon='-17.00922171929' />
  <node id='-132430' lat='14.77299178739' lon='-17.01385500603' />
  <node id='-132431' lat='14.77299247583' lon='-17.01377607593' />
  <node id='-132432' lat='14.77284790318' lon='-17.01377474412' />
  <node id='-132433' lat='14.77284721475' lon='-17.01385367418' />
  <node id='-132434' lat='14.77476886507' lon='-17.00970857181' />
  <node id='-132435' lat='14.77476476075' lon='-17.00978739553' />
  <node id='-132436' lat='14.77490913295' lon='-17.0097953355' />
  <node id='-132437' lat='14.77491323728' lon='-17.00971651173' />
  <node id='-132438' lat='14.77462467963' lon='-17.00469586386' />
  <node id='-132439' lat='14.77467221469' lon='-17.00461147415' />
  <node id='-132440' lat='14.7745934187' lon='-17.00456459534' />
  <node id='-132441' lat='14.77452709688' lon='-17.00455777252' />
  <node id='-132442' lat='14.7745064415' lon='-17.00476983887' />
  <node id='-132443' lat='14.7745746544' lon='-17.00478467432' />
  <node id='-132444' lat='14.77090037408' lon='-17.01371965016' />
  <node id='-132445' lat='14.77104494676' lon='-17.01372098241' />
  <node id='-132446' lat='14.77104563541' lon='-17.013642053' />
  <node id='-132447' lat='14.77090106273' lon='-17.0136407208' />
  <node id='-132448' lat='14.76892172276' lon='-17.00572353463' />
  <node id='-132449' lat='14.7689051124' lon='-17.00580059884' />
  <node id='-132450' lat='14.76904627002' lon='-17.00583273224' />
  <node id='-132451' lat='14.76906288041' lon='-17.00575566799' />
  <node id='-132452' lat='14.76920861183' lon='-17.00654053276' />
  <node id='-132453' lat='14.76928360532' lon='-17.00655757615' />
  <node id='-132454' lat='14.76931482343' lon='-17.00641249829' />
  <node id='-132455' lat='14.76923982992' lon='-17.00639545495' />
  <node id='-132456' lat='14.77410571585' lon='-17.00468958002' />
  <node id='-132457' lat='14.77429203928' lon='-17.00472652801' />
  <node id='-132458' lat='14.77432714446' lon='-17.00453954804' />
  <node id='-132459' lat='14.77413421636' lon='-17.00453777834' />
  <node id='-132460' lat='14.77090442518' lon='-17.01325528526' />
  <node id='-132461' lat='14.7710489979' lon='-17.0132566172' />
  <node id='-132462' lat='14.77104968639' lon='-17.01317768777' />
  <node id='-132463' lat='14.77090511366' lon='-17.01317635588' />
  <node id='-132464' lat='14.76884842656' lon='-17.00606359317' />
  <node id='-132465' lat='14.76883181609' lon='-17.00614065731' />
  <node id='-132466' lat='14.76897297364' lon='-17.00617279091' />
  <node id='-132467' lat='14.76898958413' lon='-17.00609572672' />
  <node id='-132468' lat='14.77489931079' lon='-17.01371009196' />
  <node id='-132469' lat='14.77499870447' lon='-17.01371100791' />
  <node id='-132470' lat='14.77500000078' lon='-17.01356242771' />
  <node id='-132471' lat='14.77490060709' lon='-17.01356151183' />
  <node id='-132472' lat='14.77474596947' lon='-17.01217969093' />
  <node id='-132473' lat='14.77489052747' lon='-17.01218219772' />
  <node id='-132474' lat='14.77489182327' lon='-17.01210327252' />
  <node id='-132475' lat='14.77474726527' lon='-17.01210076578' />
  <node id='-132476' lat='14.77327740353' lon='-17.00480749069' />
  <node id='-132477' lat='14.77341162553' lon='-17.00494534742' />
  <node id='-132478' lat='14.77350105183' lon='-17.00485338633' />
  <node id='-132479' lat='14.77336682978' lon='-17.00471552959' />
  <node id='-132480' lat='14.77463650362' lon='-17.00981754157' />
  <node id='-132481' lat='14.77449213142' lon='-17.00980960162' />
  <node id='-132482' lat='14.77448802708' lon='-17.00988842523' />
  <node id='-132483' lat='14.77463239927' lon='-17.00989636523' />
  <node id='-132484' lat='14.77011795583' lon='-17.01222058961' />
  <node id='-132485' lat='14.7701319165' lon='-17.01214296976' />
  <node id='-132486' lat='14.76998974617' lon='-17.01211596305' />
  <node id='-132487' lat='14.76997578552' lon='-17.01219358286' />
  <node id='-132488' lat='14.76971474094' lon='-17.01190790223' />
  <node id='-132489' lat='14.76972870149' lon='-17.01183028248' />
  <node id='-132490' lat='14.7695865311' lon='-17.01180327606' />
  <node id='-132491' lat='14.76957257056' lon='-17.01188089576' />
  <node id='-132492' lat='14.77480387565' lon='-17.00517751864' />
  <node id='-132493' lat='14.77469043221' lon='-17.00523505755' />
  <node id='-132494' lat='14.77477441264' lon='-17.00540993952' />
  <node id='-132495' lat='14.77488785611' lon='-17.00535240069' />
  <node id='-132496' lat='14.77462808545' lon='-17.01370759257' />
  <node id='-132497' lat='14.77472763079' lon='-17.01370850989' />
  <node id='-132498' lat='14.77472892707' lon='-17.01355992987' />
  <node id='-132499' lat='14.77458031112' lon='-17.01355856046' />
  <node id='-132500' lat='14.77510141247' lon='-17.00480351712' />
  <node id='-132501' lat='14.77499515648' lon='-17.00479258592' />
  <node id='-132502' lat='14.77498108494' lon='-17.00499701209' />
  <node id='-132503' lat='14.77511818194' lon='-17.00500129312' />
  <node id='-132504' lat='14.77515962498' lon='-17.00500187578' />
  <node id='-132505' lat='14.76963261954' lon='-17.01236448882' />
  <node id='-132506' lat='14.76964658024' lon='-17.01228686915' />
  <node id='-132507' lat='14.76950440993' lon='-17.01225986246' />
  <node id='-132508' lat='14.76949044924' lon='-17.01233748208' />
  <node id='-132509' lat='14.76907372918' lon='-17.00587709417' />
  <node id='-132510' lat='14.76905711875' lon='-17.00595415841' />
  <node id='-132511' lat='14.76919827634' lon='-17.00598629194' />
  <node id='-132512' lat='14.76921488678' lon='-17.00590922766' />
  <node id='-132513' lat='14.76912259106' lon='-17.00565039819' />
  <node id='-132514' lat='14.76910598071' lon='-17.00572746247' />
  <node id='-132515' lat='14.76924713835' lon='-17.00575959587' />
  <node id='-132516' lat='14.76926374872' lon='-17.00568253154' />
  <node id='-132517' lat='14.77507034926' lon='-17.00525872436' />
  <node id='-132518' lat='14.7750444193' lon='-17.00519793628' />
  <node id='-132519' lat='14.77504300578' lon='-17.00519249826' />
  <node id='-132520' lat='14.77504324221' lon='-17.00518687478' />
  <node id='-132521' lat='14.77504510688' lon='-17.00518158233' />
  <node id='-132522' lat='14.77504842854' lon='-17.00517710697' />
  <node id='-132523' lat='14.77505290211' lon='-17.00517385971' />
  <node id='-132524' lat='14.77514285407' lon='-17.00512773179' />
  <node id='-132525' lat='14.7751435972' lon='-17.00512737215' />
  <node id='-132526' lat='14.77521815323' lon='-17.00509339574' />
  <node id='-132527' lat='14.77517527378' lon='-17.00503914449' />
  <node id='-132528' lat='14.77497870374' lon='-17.00503401216' />
  <node id='-132529' lat='14.77497627151' lon='-17.00507487152' />
  <node id='-132530' lat='14.77506578836' lon='-17.00526128261' />
  <node id='-132531' lat='14.77475626027' lon='-17.01050254218' />
  <node id='-132532' lat='14.77490081321' lon='-17.01049973679' />
  <node id='-132533' lat='14.77489936303' lon='-17.01042081435' />
  <node id='-132534' lat='14.77475481009' lon='-17.01042361979' />
  <node id='-132535' lat='14.77449858522' lon='-17.01303171111' />
  <node id='-132536' lat='14.7744972893' lon='-17.01318029102' />
  <node id='-132537' lat='14.77459668302' lon='-17.0131812067' />
  <node id='-132538' lat='14.77459797895' lon='-17.01303262672' />
  <node id='-132539' lat='14.77352862897' lon='-17.00420717878' />
  <node id='-132540' lat='14.77340212716' lon='-17.00420601866' />
  <node id='-132541' lat='14.7734003027' lon='-17.00441613012' />
  <node id='-132542' lat='14.77342917882' lon='-17.00449480021' />
  <node id='-132543' lat='14.7735372649' lon='-17.00445289749' />
  <node id='-132544' lat='14.7735279367' lon='-17.00442748376' />
  <node id='-132545' lat='14.77352677434' lon='-17.00442076261' />
  <node id='-132546' lat='14.77454295039' lon='-17.00571757053' />
  <node id='-132547' lat='14.77441986573' lon='-17.00568753522' />
  <node id='-132548' lat='14.77437602778' lon='-17.00587727954' />
  <node id='-132549' lat='14.77449911241' lon='-17.00590731495' />
  <node id='-132550' lat='14.77520423689' lon='-17.0047354393' />
  <node id='-132551' lat='14.77513604873' lon='-17.00479276446' />
  <node id='-132552' lat='14.77519488533' lon='-17.00499104023' />
  <node id='-132553' lat='14.77540113512' lon='-17.00484401625' />
  <node id='-132554' lat='14.77533936096' lon='-17.00480995167' />
  <node id='-132555' lat='14.77202901413' lon='-17.00496620441' />
  <node id='-132556' lat='14.77189102878' lon='-17.00507056759' />
  <node id='-132557' lat='14.77200350542' lon='-17.00522763493' />
  <node id='-132558' lat='14.77210822173' lon='-17.00514843439' />
  <node id='-132559' lat='14.77458713655' lon='-17.01229956394' />
  <node id='-132560' lat='14.77458579115' lon='-17.01222063973' />
  <node id='-132561' lat='14.77444123476' lon='-17.01222324248' />
  <node id='-132562' lat='14.77444258017' lon='-17.01230216664' />
  <node id='-132563' lat='14.76887285439' lon='-17.0059502603' />
  <node id='-132564' lat='14.76885624395' lon='-17.00602732446' />
  <node id='-132565' lat='14.76899740153' lon='-17.00605945799' />
  <node id='-132566' lat='14.76901401198' lon='-17.00598239378' />
  <node id='-132567' lat='14.77477803934' lon='-17.0095323776' />
  <node id='-132568' lat='14.77492241157' lon='-17.0095403174' />
  <node id='-132569' lat='14.77492651582' lon='-17.00946149361' />
  <node id='-132570' lat='14.77478214358' lon='-17.00945355386' />
  <node id='-132571' lat='14.77476377395' lon='-17.01370884296' />
  <node id='-132572' lat='14.77486316763' lon='-17.01370975889' />
  <node id='-132573' lat='14.77486446393' lon='-17.01356117878' />
  <node id='-132574' lat='14.77476507023' lon='-17.01356026292' />
  <node id='-132575' lat='14.77507759573' lon='-17.01399034527' />
  <node id='-132576' lat='14.77526748969' lon='-17.01399209547' />
  <node id='-132577' lat='14.77526916749' lon='-17.01388995373' />
  <node id='-132578' lat='14.77510559445' lon='-17.01388844619' />
  <node id='-132579' lat='14.77510001795' lon='-17.01388748572' />
  <node id='-132580' lat='14.77509500319' lon='-17.01388480125' />
  <node id='-132581' lat='14.77509104104' lon='-17.01388065557' />
  <node id='-132582' lat='14.77508851934' lon='-17.01387545448' />
  <node id='-132583' lat='14.77508768493' lon='-17.01386970711' />
  <node id='-132584' lat='14.77508792801' lon='-17.01384184831' />
  <node id='-132585' lat='14.77507889223' lon='-17.01384176504' />
  <node id='-132586' lat='14.77494307928' lon='-17.01115751138' />
  <node id='-132587' lat='14.77493421994' lon='-17.01130581849' />
  <node id='-132588' lat='14.77501088301' lon='-17.01131065551' />
  <node id='-132589' lat='14.77501974235' lon='-17.01116234834' />
  <node id='-132590' lat='14.77181227282' lon='-17.00569237307' />
  <node id='-132591' lat='14.77181643542' lon='-17.00569825936' />
  <node id='-132592' lat='14.77188664618' lon='-17.00579754381' />
  <node id='-132593' lat='14.77204014948' lon='-17.00568289294' />
  <node id='-132594' lat='14.77196577607' lon='-17.00557772216' />
  <node id='-132595' lat='14.77508747087' lon='-17.00923784663' />
  <node id='-132596' lat='14.77507974534' lon='-17.00938622096' />
  <node id='-132597' lat='14.77516227384' lon='-17.0093907596' />
  <node id='-132598' lat='14.77516480612' lon='-17.00924209963' />
  <node id='-132599' lat='14.77512974222' lon='-17.01319214259' />
  <node id='-132600' lat='14.77512885117' lon='-17.01329429157' />
  <node id='-132601' lat='14.77527892828' lon='-17.01329567432' />
  <node id='-132602' lat='14.77528060577' lon='-17.01319353252' />
  <node id='-132603' lat='14.77531695925' lon='-17.01097929736' />
  <node id='-132604' lat='14.77531864636' lon='-17.01087650635' />
  <node id='-132605' lat='14.77517410295' lon='-17.01087400064' />
  <node id='-132606' lat='14.77517241422' lon='-17.01098210225' />
  <node id='-132607' lat='14.77108412878' lon='-17.01337299558' />
  <node id='-132608' lat='14.77122870148' lon='-17.01337432761' />
  <node id='-132609' lat='14.77122939002' lon='-17.01329539812' />
  <node id='-132610' lat='14.77108481731' lon='-17.01329406614' />
  <node id='-132611' lat='14.77516287849' lon='-17.00450716617' />
  <node id='-132612' lat='14.77521951973' lon='-17.00457726991' />
  <node id='-132613' lat='14.77542299589' lon='-17.00451336655' />
  <node id='-132614' lat='14.77542772729' lon='-17.00422459642' />
  <node id='-132615' lat='14.77530744962' lon='-17.00422349322' />
  <node id='-132616' lat='14.77427198506' lon='-17.01349919492' />
  <node id='-132617' lat='14.7744122979' lon='-17.01345168755' />
  <node id='-132618' lat='14.77438333325' lon='-17.01336942356' />
  <node id='-132619' lat='14.77431166575' lon='-17.01327769488' />
  <node id='-132620' lat='14.77419718055' lon='-17.0133721691' />
  <node id='-132621' lat='14.77421281479' lon='-17.01339871764' />
  <node id='-132622' lat='14.77460735704' lon='-17.01162479555' />
  <node id='-132623' lat='14.77446305013' lon='-17.01161569043' />
  <node id='-132624' lat='14.77445834348' lon='-17.01169447839' />
  <node id='-132625' lat='14.77460265039' lon='-17.01170358356' />
  <node id='-132626' lat='14.77497468003' lon='-17.0092316438' />
  <node id='-132627' lat='14.77496695452' lon='-17.00938001805' />
  <node id='-132628' lat='14.77504365228' lon='-17.00938423602' />
  <node id='-132629' lat='14.7750513778' lon='-17.00923586172' />
  <node id='-132630' lat='14.77034718097' lon='-17.01126288166' />
  <node id='-132631' lat='14.7703692511' lon='-17.0111872757' />
  <node id='-132632' lat='14.77023076961' lon='-17.01114458132' />
  <node id='-132633' lat='14.77020869951' lon='-17.01122018724' />
  <node id='-132634' lat='14.7729907749' lon='-17.01397108302' />
  <node id='-132635' lat='14.77299146338' lon='-17.01389215292' />
  <node id='-132636' lat='14.77284689074' lon='-17.01389082104' />
  <node id='-132637' lat='14.77284620227' lon='-17.01396975109' />
  <node id='-132638' lat='14.7753073879' lon='-17.01156239873' />
  <node id='-132639' lat='14.77530906457' lon='-17.01146026' />
  <node id='-132640' lat='14.77516450651' lon='-17.01145775365' />
  <node id='-132641' lat='14.77516282986' lon='-17.01155989231' />
  <node id='-132642' lat='14.77315996457' lon='-17.00492825839' />
  <node id='-132643' lat='14.77326201129' lon='-17.00509072645' />
  <node id='-132644' lat='14.77328523607' lon='-17.0050753192' />
  <node id='-132645' lat='14.77338607515' lon='-17.00497162201' />
  <node id='-132646' lat='14.77325185316' lon='-17.00483376529' />
  <node id='-132647' lat='14.77299482504' lon='-17.01350671374' />
  <node id='-132648' lat='14.77299551336' lon='-17.01342778362' />
  <node id='-132649' lat='14.77285094068' lon='-17.01342645204' />
  <node id='-132650' lat='14.77285025237' lon='-17.01350538212' />
  <node id='-132651' lat='14.77299583756' lon='-17.01339060608' />
  <node id='-132652' lat='14.77299652585' lon='-17.01331167595' />
  <node id='-132653' lat='14.77285195315' lon='-17.01331034446' />
  <node id='-132654' lat='14.77285126488' lon='-17.01338927454' />
  <node id='-132655' lat='14.77007689488' lon='-17.01244888328' />
  <node id='-132656' lat='14.77009085562' lon='-17.01237126346' />
  <node id='-132657' lat='14.76994868534' lon='-17.01234425662' />
  <node id='-132658' lat='14.76993472461' lon='-17.01242187639' />
  <node id='-132659' lat='14.77474215816' lon='-17.01241182369' />
  <node id='-132660' lat='14.77488671613' lon='-17.01241433064' />
  <node id='-132661' lat='14.77488801201' lon='-17.01233540545' />
  <node id='-132662' lat='14.77474345403' lon='-17.01233289856' />
  <node id='-132663' lat='14.77375968659' lon='-17.00462096253' />
  <node id='-132664' lat='14.77377592131' lon='-17.00453449181' />
  <node id='-132665' lat='14.77368732166' lon='-17.00453367913' />
  <node id='-132666' lat='14.77353027837' lon='-17.00459456149' />
  <node id='-132667' lat='14.77358338747' lon='-17.00464910873' />
  <node id='-132668' lat='14.77364157883' lon='-17.0047088759' />
  <node id='-132669' lat='14.77372555779' lon='-17.00462251631' />
  <node id='-132670' lat='14.7737303133' lon='-17.00461900513' />
  <node id='-132671' lat='14.77373591153' lon='-17.00461724084' />
  <node id='-132672' lat='14.77374176479' lon='-17.00461740865' />
  <node id='-132673' lat='14.77490519592' lon='-17.01303545683' />
  <node id='-132674' lat='14.77490389996' lon='-17.01318403702' />
  <node id='-132675' lat='14.77500329368' lon='-17.01318495272' />
  <node id='-132676' lat='14.77500458964' lon='-17.01303637247' />
  <node id='-132677' lat='14.77493123589' lon='-17.0101879881' />
  <node id='-132678' lat='14.77493396576' lon='-17.01033654803' />
  <node id='-132679' lat='14.77501075951' lon='-17.01033505761' />
  <node id='-132680' lat='14.77500802965' lon='-17.01018649763' />
  <node id='-132681' lat='14.77317554062' lon='-17.01350840893' />
  <node id='-132682' lat='14.77317622895' lon='-17.01342947874' />
  <node id='-132683' lat='14.77303165627' lon='-17.01342814714' />
  <node id='-132684' lat='14.77303096794' lon='-17.01350707728' />
  <node id='-132685' lat='14.77108311589' lon='-17.01348910222' />
  <node id='-132686' lat='14.77122768858' lon='-17.01349043433' />
  <node id='-132687' lat='14.77122837716' lon='-17.01341150485' />
  <node id='-132688' lat='14.77108380446' lon='-17.01341017278' />
  <node id='-132689' lat='14.77422644694' lon='-17.00564033695' />
  <node id='-132690' lat='14.77410336225' lon='-17.00561030174' />
  <node id='-132691' lat='14.7740595244' lon='-17.00580004582' />
  <node id='-132692' lat='14.77418260905' lon='-17.00583008112' />
  <node id='-132693' lat='14.76978980188' lon='-17.01251239398' />
  <node id='-132694' lat='14.76980376263' lon='-17.01243477426' />
  <node id='-132695' lat='14.76966159236' lon='-17.01240776744' />
  <node id='-132696' lat='14.76964763162' lon='-17.01248538711' />
  <node id='-132697' lat='14.77317857721' lon='-17.0131601819' />
  <node id='-132698' lat='14.77317926542' lon='-17.01308125169' />
  <node id='-132699' lat='14.77303469271' lon='-17.01307992033' />
  <node id='-132700' lat='14.77303400451' lon='-17.01315885049' />
  <node id='-132701' lat='14.77277723256' lon='-17.00459380064' />
  <node id='-132702' lat='14.77272987913' lon='-17.00465812463' />
  <node id='-132703' lat='14.77272591664' lon='-17.00466207202' />
  <node id='-132704' lat='14.77269915428' lon='-17.00468156432' />
  <node id='-132705' lat='14.77266803597' lon='-17.00475228712' />
  <node id='-132706' lat='14.77266670847' lon='-17.00479493341' />
  <node id='-132707' lat='14.77285481002' lon='-17.0048011177' />
  <node id='-132708' lat='14.77289112471' lon='-17.00471858508' />
  <node id='-132709' lat='14.77033672949' lon='-17.01202605417' />
  <node id='-132710' lat='14.77035069011' lon='-17.01194843421' />
  <node id='-132711' lat='14.77020851975' lon='-17.01192142759' />
  <node id='-132712' lat='14.77019455915' lon='-17.0119990475' />
  <node id='-132713' lat='14.7688972886' lon='-17.00583689748' />
  <node id='-132714' lat='14.7688806782' lon='-17.00591396166' />
  <node id='-132715' lat='14.7690218358' lon='-17.00594609513' />
  <node id='-132716' lat='14.76903844622' lon='-17.0058690309' />
  <node id='-132717' lat='14.77434185484' lon='-17.004214637' />
  <node id='-132718' lat='14.77421535304' lon='-17.00421347681' />
  <node id='-132719' lat='14.77421365961' lon='-17.00440848874' />
  <node id='-132720' lat='14.77434016139' lon='-17.00440964905' />
  <node id='-132721' lat='14.77460043548' lon='-17.01174066027' />
  <node id='-132722' lat='14.77445612858' lon='-17.01173155507' />
  <node id='-132723' lat='14.7744514219' lon='-17.01181034302' />
  <node id='-132724' lat='14.77459572879' lon='-17.01181944826' />
  <node id='-132725' lat='14.77194452652' lon='-17.00554767337' />
  <node id='-132726' lat='14.7719187131' lon='-17.00551117091' />
  <node id='-132727' lat='14.77191612022' lon='-17.00550591352' />
  <node id='-132728' lat='14.77191526078' lon='-17.00550008594' />
  <node id='-132729' lat='14.77191540092' lon='-17.0054839548' />
  <node id='-132730' lat='14.77168407066' lon='-17.0054615213' />
  <node id='-132731' lat='14.7716988173' lon='-17.00550185534' />
  <node id='-132732' lat='14.77171047089' lon='-17.00553372946' />
  <node id='-132733' lat='14.77172158828' lon='-17.00556413705' />
  <node id='-132734' lat='14.77173678069' lon='-17.00558562044' />
  <node id='-132735' lat='14.77179102328' lon='-17.0056623243' />
  <node id='-132736' lat='14.77491467073' lon='-17.01290554966' />
  <node id='-132737' lat='14.7749914749' lon='-17.01290626588' />
  <node id='-132738' lat='14.77499278667' lon='-17.01275768575' />
  <node id='-132739' lat='14.77491598249' lon='-17.01275696959' />
  <node id='-132740' lat='14.76984951506' lon='-17.01135182904' />
  <node id='-132741' lat='14.76987158519' lon='-17.01127622325' />
  <node id='-132742' lat='14.76973310371' lon='-17.01123352895' />
  <node id='-132743' lat='14.7697110336' lon='-17.0113091347' />
  <node id='-132744' lat='14.77529442886' lon='-17.0123517415' />
  <node id='-132745' lat='14.77529610587' lon='-17.01224960282' />
  <node id='-132746' lat='14.77515154789' lon='-17.01224709595' />
  <node id='-132747' lat='14.77514987088' lon='-17.01234923456' />
  <node id='-132748' lat='14.7710810902' lon='-17.01372128484' />
  <node id='-132749' lat='14.77122566287' lon='-17.0137226171' />
  <node id='-132750' lat='14.77122635153' lon='-17.01364368763' />
  <node id='-132751' lat='14.77108177885' lon='-17.01364235542' />
  <node id='-132752' lat='14.77031472486' lon='-17.01137406689' />
  <node id='-132753' lat='14.77033679502' lon='-17.01129846096' />
  <node id='-132754' lat='14.77019831356' lon='-17.01125576651' />
  <node id='-132755' lat='14.77017624342' lon='-17.01133137241' />
  <node id='-132756' lat='14.77009742538' lon='-17.01233473646' />
  <node id='-132757' lat='14.77011138609' lon='-17.01225711662' />
  <node id='-132758' lat='14.76996921578' lon='-17.01223010985' />
  <node id='-132759' lat='14.76995525509' lon='-17.01230772964' />
  <node id='-132760' lat='14.77002261687' lon='-17.01140519705' />
  <node id='-132761' lat='14.77004468702' lon='-17.01132959121' />
  <node id='-132762' lat='14.76990620556' lon='-17.01128689683' />
  <node id='-132763' lat='14.76988413543' lon='-17.01136250263' />
  <node id='-132764' lat='14.77475199495' lon='-17.0102704175' />
  <node id='-132765' lat='14.77489654791' lon='-17.01026761195' />
  <node id='-132766' lat='14.77489509765' lon='-17.0101886895' />
  <node id='-132767' lat='14.77475054469' lon='-17.0101914951' />
  <node id='-132768' lat='14.77031619912' lon='-17.01214020116' />
  <node id='-132769' lat='14.77033015977' lon='-17.01206258122' />
  <node id='-132770' lat='14.77018798944' lon='-17.01203557453' />
  <node id='-132771' lat='14.7701740288' lon='-17.01211319442' />
  <node id='-132772' lat='14.77532154187' lon='-17.01070008481' />
  <node id='-132773' lat='14.77532321816' lon='-17.01059794602' />
  <node id='-132774' lat='14.77517866002' lon='-17.01059544023' />
  <node id='-132775' lat='14.77517698374' lon='-17.01069757896' />
  <node id='-132776' lat='14.76981033239' lon='-17.01239824731' />
  <node id='-132777' lat='14.76982429311' lon='-17.01232062758' />
  <node id='-132778' lat='14.76968212281' lon='-17.01229362083' />
  <node id='-132779' lat='14.76966816211' lon='-17.01237124052' />
  <node id='-132780' lat='14.77528985495' lon='-17.01263030147' />
  <node id='-132781' lat='14.77529153209' lon='-17.01252816282' />
  <node id='-132782' lat='14.77514697413' lon='-17.01252565576' />
  <node id='-132783' lat='14.775145297' lon='-17.01262779435' />
  <node id='-132784' lat='14.76914702515' lon='-17.00553703519' />
  <node id='-132785' lat='14.76913041484' lon='-17.0056140995' />
  <node id='-132786' lat='14.7692715725' lon='-17.00564623283' />
  <node id='-132787' lat='14.76928818283' lon='-17.00556916848' />
  <node id='-132788' lat='14.77312347952' lon='-17.00461331326' />
  <node id='-132789' lat='14.77324317633' lon='-17.00456690941' />
  <node id='-132790' lat='14.77316982216' lon='-17.00436706359' />
  <node id='-132791' lat='14.77316865979' lon='-17.00436034245' />
  <node id='-132792' lat='14.77317001828' lon='-17.00420389005' />
  <node id='-132793' lat='14.77302024152' lon='-17.00420251651' />
  <node id='-132794' lat='14.77298309157' lon='-17.00430894362' />
  <node id='-132795' lat='14.7722297269' lon='-17.00491507921' />
  <node id='-132796' lat='14.77206201598' lon='-17.00495105403' />
  <node id='-132797' lat='14.77214122359' lon='-17.00513328404' />
  <node id='-132798' lat='14.77226849842' lon='-17.00510598307' />
  <node id='-132799' lat='14.77398150023' lon='-17.00466494807' />
  <node id='-132800' lat='14.77400559763' lon='-17.00453659855' />
  <node id='-132801' lat='14.77381266952' lon='-17.00453482889' />
  <node id='-132802' lat='14.77379517677' lon='-17.00462800021' />
  <node id='-132803' lat='14.77530054079' lon='-17.01197948084' />
  <node id='-132804' lat='14.77530124837' lon='-17.01193638183' />
  <node id='-132805' lat='14.77530220519' lon='-17.01187810021' />
  <node id='-132806' lat='14.77515769245' lon='-17.01187559437' />
  <node id='-132807' lat='14.77515635788' lon='-17.01197104475' />
  <node id='-132808' lat='14.77529671568' lon='-17.01221246149' />
  <node id='-132809' lat='14.77529676723' lon='-17.01220932208' />
  <node id='-132810' lat='14.77529839264' lon='-17.01211032281' />
  <node id='-132811' lat='14.77515383464' lon='-17.01210781602' />
  <node id='-132812' lat='14.7751521577' lon='-17.01220995464' />
  <node id='-132813' lat='14.77317250293' lon='-17.0138567015' />
  <node id='-132814' lat='14.77317319138' lon='-17.01377777133' />
  <node id='-132815' lat='14.77302861873' lon='-17.01377643951' />
  <node id='-132816' lat='14.77302793029' lon='-17.01385536963' />
  <node id='-132817' lat='14.77475798907' lon='-17.01122491841' />
  <node id='-132818' lat='14.77490229603' lon='-17.01123402331' />
  <node id='-132819' lat='14.77490700254' lon='-17.01115523516' />
  <node id='-132820' lat='14.77476269557' lon='-17.01114613031' />
  <node id='-132821' lat='14.77528756787' lon='-17.01276958144' />
  <node id='-132822' lat='14.77528851426' lon='-17.01271194845' />
  <node id='-132823' lat='14.77528924507' lon='-17.0126674428' />
  <node id='-132824' lat='14.77514468713' lon='-17.01266493565' />
  <node id='-132825' lat='14.77514300994' lon='-17.01276707422' />
  <node id='-132826' lat='14.77474406384' lon='-17.01229575732' />
  <node id='-132827' lat='14.77488862183' lon='-17.01229826418' />
  <node id='-132828' lat='14.77488991767' lon='-17.01221933899' />
  <node id='-132829' lat='14.77474535968' lon='-17.01221683218' />
  <node id='-132830' lat='14.77494205892' lon='-17.01398909607' />
  <node id='-132831' lat='14.77504145258' lon='-17.01399001215' />
  <node id='-132832' lat='14.77504274907' lon='-17.01384143194' />
  <node id='-132833' lat='14.7749433554' lon='-17.01384051593' />
  <node id='-132834' lat='14.77090239975' lon='-17.01348746773' />
  <node id='-132835' lat='14.77104697245' lon='-17.01348879982' />
  <node id='-132836' lat='14.77104766102' lon='-17.0134098704' />
  <node id='-132837' lat='14.77090308831' lon='-17.01340853836' />
  <node id='-132838' lat='14.77510941291' lon='-17.00525778239' />
  <node id='-132839' lat='14.77515232407' lon='-17.00532170056' />
  <node id='-132840' lat='14.77531527425' lon='-17.00522261842' />
  <node id='-132841' lat='14.77524158478' lon='-17.00512371134' />
  <node id='-132842' lat='14.77508458962' lon='-17.00519958866' />
  <node id='-132843' lat='14.76953953309' lon='-17.00661573968' />
  <node id='-132844' lat='14.76961452657' lon='-17.00663278314' />
  <node id='-132845' lat='14.76964574475' lon='-17.00648770508' />
  <node id='-132846' lat='14.76957075125' lon='-17.00647066167' />
  <node id='-132847' lat='14.77015901656' lon='-17.01199229583' />
  <node id='-132848' lat='14.77017297716' lon='-17.01191467594' />
  <node id='-132849' lat='14.77003080679' lon='-17.01188766937' />
  <node id='-132850' lat='14.7700168462' lon='-17.01196528922' />
  <node id='-132851' lat='14.77502522562' lon='-17.00447835404' />
  <node id='-132852' lat='14.7751311931' lon='-17.0044892554' />
  <node id='-132853' lat='14.77526797621' lon='-17.00422313116' />
  <node id='-132854' lat='14.77505027861' lon='-17.00422113444' />
  <node id='-132855' lat='14.76902486708' lon='-17.00610379003' />
  <node id='-132856' lat='14.76900825658' lon='-17.00618085422' />
  <node id='-132857' lat='14.76914941413' lon='-17.00621298788' />
  <node id='-132858' lat='14.76916602464' lon='-17.00613592364' />
  <node id='-132859' lat='14.77512488143' lon='-17.01374931874' />
  <node id='-132860' lat='14.77512399014' lon='-17.01385146767' />
  <node id='-132861' lat='14.77526977758' lon='-17.01385281127' />
  <node id='-132862' lat='14.77527145531' lon='-17.01375066951' />
  <node id='-132863' lat='14.77462479912' lon='-17.01133281641' />
  <node id='-132864' lat='14.77462950565' lon='-17.01125402837' />
  <node id='-132865' lat='14.77448519869' lon='-17.01124492349' />
  <node id='-132866' lat='14.77448049217' lon='-17.01132371148' />
  <node id='-132867' lat='14.77190789571' lon='-17.0058275926' />
  <node id='-132868' lat='14.77198226899' lon='-17.00593276343' />
  <node id='-132869' lat='14.77213577235' lon='-17.00581811262' />
  <node id='-132870' lat='14.77206139902' lon='-17.00571294175' />
  <node id='-132871' lat='14.77473465191' lon='-17.01282493136' />
  <node id='-132872' lat='14.77473395503' lon='-17.01290386445' />
  <node id='-132873' lat='14.77487852759' lon='-17.01290521262' />
  <node id='-132874' lat='14.77487922447' lon='-17.01282627947' />
  <node id='-132875' lat='14.77475679347' lon='-17.00994040626' />
  <node id='-132876' lat='14.77475268907' lon='-17.01001922996' />
  <node id='-132877' lat='14.77489706124' lon='-17.01002717008' />
  <node id='-132878' lat='14.77490116565' lon='-17.00994834633' />
  <node id='-132879' lat='14.77453544846' lon='-17.01398534857' />
  <node id='-132880' lat='14.77456255582' lon='-17.0139855984' />
  <node id='-132881' lat='14.77463484213' lon='-17.01398626461' />
  <node id='-132882' lat='14.77463613858' lon='-17.01383768468' />
  <node id='-132883' lat='14.7745367449' lon='-17.0138367687' />
  <node id='-132884' lat='14.770152441' lon='-17.01096045649' />
  <node id='-132885' lat='14.77017451102' lon='-17.01088485055' />
  <node id='-132886' lat='14.77003602945' lon='-17.01084215641' />
  <node id='-132887' lat='14.77001395945' lon='-17.01091776231' />
  <node id='-132888' lat='14.77438469868' lon='-17.00567895371' />
  <node id='-132889' lat='14.774261614' lon='-17.00564891844' />
  <node id='-132890' lat='14.77421777609' lon='-17.00583866265' />
  <node id='-132891' lat='14.77434086074' lon='-17.005868698' />
  <node id='-132892' lat='14.77317655315' lon='-17.01339230117' />
  <node id='-132893' lat='14.77317724144' lon='-17.01331337097' />
  <node id='-132894' lat='14.77303266875' lon='-17.01331203946' />
  <node id='-132895' lat='14.77303198047' lon='-17.0133909696' />
  <node id='-132896' lat='14.77317149043' lon='-17.01397277859' />
  <node id='-132897' lat='14.77317217891' lon='-17.01389384842' />
  <node id='-132898' lat='14.77302760627' lon='-17.01389251653' />
  <node id='-132899' lat='14.77302691779' lon='-17.01397144664' />
  <node id='-132900' lat='14.77462977645' lon='-17.01050499691' />
  <node id='-132901' lat='14.77462832626' lon='-17.01042607456' />
  <node id='-132902' lat='14.77448377331' lon='-17.01042888002' />
  <node id='-132903' lat='14.77448522351' lon='-17.01050780231' />
  <node id='-132904' lat='14.774858397' lon='-17.01322076583' />
  <node id='-132905' lat='14.77485723666' lon='-17.01335378565' />
  <node id='-132906' lat='14.77500180932' lon='-17.0133551177' />
  <node id='-132907' lat='14.77500296967' lon='-17.01322209778' />
  <node id='-132908' lat='14.77489545924' lon='-17.01195466184' />
  <node id='-132909' lat='14.77497212226' lon='-17.01195949908' />
  <node id='-132910' lat='14.77498098202' lon='-17.01181119202' />
  <node id='-132911' lat='14.77490431898' lon='-17.01180635483' />
  <node id='-132912' lat='14.77090138681' lon='-17.01360357426' />
  <node id='-132913' lat='14.7710459595' lon='-17.01360490643' />
  <node id='-132914' lat='14.77104664811' lon='-17.01352597702' />
  <node id='-132915' lat='14.77090207541' lon='-17.0135246449' />
  <node id='-132916' lat='14.77504416789' lon='-17.01018579624' />
  <node id='-132917' lat='14.77504689932' lon='-17.01033444187' />
  <node id='-132918' lat='14.77514681747' lon='-17.01033297737' />
  <node id='-132919' lat='14.7751492662' lon='-17.01018375642' />
  <node id='-132920' lat='14.77089834819' lon='-17.01395183255' />
  <node id='-132921' lat='14.77104292084' lon='-17.01395316495' />
  <node id='-132922' lat='14.77104360957' lon='-17.01387423556' />
  <node id='-132923' lat='14.77089903691' lon='-17.01387290321' />
  <node id='-132924' lat='14.77041209305' lon='-17.01104051109' />
  <node id='-132925' lat='14.7704341631' lon='-17.01096490507' />
  <node id='-132926' lat='14.77029568156' lon='-17.0109222108' />
  <node id='-132927' lat='14.77027361152' lon='-17.01099781678' />
  <node id='-132928' lat='14.7746580198' lon='-17.00525149723' />
  <node id='-132929' lat='14.77454457635' lon='-17.00530903608' />
  <node id='-132930' lat='14.77462855674' lon='-17.00548391794' />
  <node id='-132931' lat='14.77474200022' lon='-17.00542637918' />
  <node id='-132932' lat='14.77017954684' lon='-17.0118781489' />
  <node id='-132933' lat='14.77019350741' lon='-17.01180052898' />
  <node id='-132934' lat='14.77005133701' lon='-17.01177352249' />
  <node id='-132935' lat='14.77003737647' lon='-17.01185114236' />
  <node id='-132936' lat='14.76994688313' lon='-17.0110182739' />
  <node id='-132937' lat='14.76996895316' lon='-17.01094266803' />
  <node id='-132938' lat='14.7698304716' lon='-17.01089997391' />
  <node id='-132939' lat='14.76980840159' lon='-17.01097557974' />
  <node id='-132940' lat='14.77037963704' lon='-17.0111516964' />
  <node id='-132941' lat='14.77040170712' lon='-17.0110760904' />
  <node id='-132942' lat='14.77026322561' lon='-17.01103339608' />
  <node id='-132943' lat='14.77024115554' lon='-17.01110900203' />
  <node id='-132944' lat='14.77533447157' lon='-17.00991195314' />
  <node id='-132945' lat='14.77533614503' lon='-17.00980981424' />
  <node id='-132946' lat='14.77519158675' lon='-17.00980731269' />
  <node id='-132947' lat='14.77518991331' lon='-17.00990945152' />
  <node id='-132948' lat='14.77533675354' lon='-17.00977267283' />
  <node id='-132949' lat='14.77533842694' lon='-17.00967053392' />
  <node id='-132950' lat='14.77519386865' lon='-17.00966803246' />
  <node id='-132951' lat='14.77519219527' lon='-17.0097701713' />
  <node id='-132952' lat='14.77302592319' lon='-17.00498859601' />
  <node id='-132953' lat='14.77302420519' lon='-17.00504378489' />
  <node id='-132954' lat='14.77301990538' lon='-17.00518190993' />
  <node id='-132955' lat='14.77306140184' lon='-17.0051832743' />
  <node id='-132956' lat='14.77320841896' lon='-17.00512627941' />
  <node id='-132957' lat='14.77323164375' lon='-17.00511087217' />
  <node id='-132958' lat='14.77312959704' lon='-17.00494840413' />
  <node id='-132959' lat='14.77530281495' lon='-17.01184095887' />
  <node id='-132960' lat='14.77530449174' lon='-17.01173882016' />
  <node id='-132961' lat='14.77515993371' lon='-17.01173631362' />
  <node id='-132962' lat='14.77515825693' lon='-17.01183845226' />
  <node id='-132963' lat='14.77459203839' lon='-17.01258712965' />
  <node id='-132964' lat='14.77444748203' lon='-17.01258973216' />
  <node id='-132965' lat='14.77444882731' lon='-17.0126686563' />
  <node id='-132966' lat='14.77459338367' lon='-17.01266605385' />
  <node id='-132967' lat='14.77474414627' lon='-17.01145664806' />
  <node id='-132968' lat='14.7748884532' lon='-17.01146575311' />
  <node id='-132969' lat='14.77489315979' lon='-17.01138696498' />
  <node id='-132970' lat='14.77474885285' lon='-17.01137785998' />
  <node id='-132971' lat='14.77502761804' lon='-17.01290660292' />
  <node id='-132972' lat='14.7751045621' lon='-17.01290732045' />
  <node id='-132973' lat='14.77510699724' lon='-17.0127587602' />
  <node id='-132974' lat='14.77502892979' lon='-17.01275802456' />
  <node id='-132975' lat='14.77436030775' lon='-17.01376261848' />
  <node id='-132976' lat='14.77449762608' lon='-17.01371612516' />
  <node id='-132977' lat='14.77446652397' lon='-17.0136191021' />
  <node id='-132978' lat='14.77432920565' lon='-17.01366559547' />
  <node id='-132979' lat='14.7750139856' lon='-17.00422080157' />
  <node id='-132980' lat='14.77488702999' lon='-17.00421963715' />
  <node id='-132981' lat='14.77486338773' lon='-17.00446170507' />
  <node id='-132982' lat='14.77498926055' lon='-17.00447465416' />
  <node id='-132983' lat='14.77463728287' lon='-17.01091353606' />
  <node id='-132984' lat='14.77449272996' lon='-17.0109163412' />
  <node id='-132985' lat='14.77449417998' lon='-17.01099526347' />
  <node id='-132986' lat='14.77463873289' lon='-17.01099245839' />
  <node id='-132987' lat='14.77023407711' lon='-17.01259678883' />
  <node id='-132988' lat='14.77024803791' lon='-17.01251916897' />
  <node id='-132989' lat='14.77010586767' lon='-17.012492162' />
  <node id='-132990' lat='14.77009190688' lon='-17.01256978181' />
  <node id='-132991' lat='14.77018489691' lon='-17.01084927126' />
  <node id='-132992' lat='14.7702069669' lon='-17.01077366529' />
  <node id='-132993' lat='14.7700684853' lon='-17.0107309712' />
  <node id='-132994' lat='14.77004641533' lon='-17.01080657713' />
  <node id='-132995' lat='14.77485691263' lon='-17.01339093068' />
  <node id='-132996' lat='14.7748557522' lon='-17.01352395049' />
  <node id='-132997' lat='14.77500032484' lon='-17.01352528265' />
  <node id='-132998' lat='14.77500148529' lon='-17.01339226275' />
  <node id='-132999' lat='14.77045537044' lon='-17.01153862035' />
  <node id='-133000' lat='14.77047744066' lon='-17.01146301439' />
  <node id='-133001' lat='14.77033895925' lon='-17.01142031981' />
  <node id='-133002' lat='14.77031688905' lon='-17.01149592573' />
  <node id='-133003' lat='14.76897058449' lon='-17.00549683875' />
  <node id='-133004' lat='14.76895397419' lon='-17.005573903' />
  <node id='-133005' lat='14.76909513187' lon='-17.00560603627' />
  <node id='-133006' lat='14.76911174218' lon='-17.00552897197' />
  <node id='-133007' lat='14.77493315428' lon='-17.01002915511' />
  <node id='-133008' lat='14.775009852' lon='-17.01003337331' />
  <node id='-133009' lat='14.77501757794' lon='-17.00988499911' />
  <node id='-133010' lat='14.77494088021' lon='-17.00988078096' />
  <node id='-133011' lat='14.7747510677' lon='-17.01134078324' />
  <node id='-133012' lat='14.77489537464' lon='-17.01134988822' />
  <node id='-133013' lat='14.77490008119' lon='-17.01127110008' />
  <node id='-133014' lat='14.77475577424' lon='-17.01126199516' />
  <node id='-133015' lat='14.76973527116' lon='-17.01179375551' />
  <node id='-133016' lat='14.76974923167' lon='-17.01171613574' />
  <node id='-133017' lat='14.76960706125' lon='-17.01168912939' />
  <node id='-133018' lat='14.76959310076' lon='-17.01176674911' />
  <node id='-133019' lat='14.77447084506' lon='-17.00476235435' />
  <node id='-133020' lat='14.77449113181' lon='-17.00455407264' />
  <node id='-133021' lat='14.77436369045' lon='-17.00454096221' />
  <node id='-133022' lat='14.77432760038' lon='-17.00473318797' />
  <node id='-133023' lat='14.77432918564' lon='-17.00473342619' />
  <node id='-133024' lat='14.77433009598' lon='-17.00473358751' />
  <node id='-133025' lat='14.77468734845' lon='-17.00421780572' />
  <node id='-133026' lat='14.7745603229' lon='-17.00421664069' />
  <node id='-133027' lat='14.77453969718' lon='-17.00442840572' />
  <node id='-133028' lat='14.77466557493' lon='-17.00444135525' />
  <node id='-133029' lat='14.76961208905' lon='-17.0124786354' />
  <node id='-133030' lat='14.76962604979' lon='-17.01240101574' />
  <node id='-133031' lat='14.7694838795' lon='-17.01237400898' />
  <node id='-133032' lat='14.76946991878' lon='-17.01245162859' />
  <node id='-133033' lat='14.77279995349' lon='-17.00483647952' />
  <node id='-133034' lat='14.77266555275' lon='-17.00483206075' />
  <node id='-133035' lat='14.77266422523' lon='-17.00487470705' />
  <node id='-133036' lat='14.77271909499' lon='-17.00502419448' />
  <node id='-133037' lat='14.7727474987' lon='-17.0050553147' />
  <node id='-133038' lat='14.77284557473' lon='-17.00496077026' />
  <node id='-133039' lat='14.77288476172' lon='-17.00492299431' />
  <node id='-133040' lat='14.7728536543' lon='-17.00483824507' />
  <node id='-133041' lat='14.77467098528' lon='-17.01398659772' />
  <node id='-133042' lat='14.77477037895' lon='-17.01398751378' />
  <node id='-133043' lat='14.77477167541' lon='-17.01383893376' />
  <node id='-133044' lat='14.77467228173' lon='-17.01383801777' />
  <node id='-133045' lat='14.7748065221' lon='-17.01398784689' />
  <node id='-133046' lat='14.77490591577' lon='-17.01398876296' />
  <node id='-133047' lat='14.77490721224' lon='-17.01384018284' />
  <node id='-133048' lat='14.77480781857' lon='-17.01383926684' />
  <node id='-133049' lat='14.77476965902' lon='-17.01303420824' />
  <node id='-133050' lat='14.77476836307' lon='-17.01318278834' />
  <node id='-133051' lat='14.77486775679' lon='-17.01318370403' />
  <node id='-133052' lat='14.77486905275' lon='-17.01303512387' />
  <node id='-133053' lat='14.77494590781' lon='-17.01098649762' />
  <node id='-133054' lat='14.77502270154' lon='-17.01098500743' />
  <node id='-133055' lat='14.7750199721' lon='-17.01083644749' />
  <node id='-133056' lat='14.77494317836' lon='-17.01083793773' />
  <node id='-133057' lat='14.77339238014' lon='-17.00468925497' />
  <node id='-133058' lat='14.77352660221' lon='-17.00482711171' />
  <node id='-133059' lat='14.77361602847' lon='-17.00473515053' />
  <node id='-133060' lat='14.77349315761' lon='-17.00460895241' />
  <node id='-133061' lat='14.77345673994' lon='-17.00462307076' />
  <node id='-133062' lat='14.76894615043' lon='-17.00561020166' />
  <node id='-133063' lat='14.7689295401' lon='-17.00568726589' />
  <node id='-133064' lat='14.76907069775' lon='-17.00571939922' />
  <node id='-133065' lat='14.7690873081' lon='-17.00564233495' />
  <node id='-133066' lat='14.77463515044' lon='-17.01079747381' />
  <node id='-133067' lat='14.77449059752' lon='-17.01080027902' />
  <node id='-133068' lat='14.77449204758' lon='-17.0108792013' />
  <node id='-133069' lat='14.7746366005' lon='-17.01087639614' />
  <node id='-133070' lat='14.77471978239' lon='-17.0118644921' />
  <node id='-133071' lat='14.77471507565' lon='-17.01194328013' />
  <node id='-133072' lat='14.77485938252' lon='-17.01195238549' />
  <node id='-133073' lat='14.77486408927' lon='-17.01187359741' />
  <node id='-133074' lat='14.76904929493' lon='-17.00599045707' />
  <node id='-133075' lat='14.76903268447' lon='-17.00606752129' />
  <node id='-133076' lat='14.76917384204' lon='-17.00609965488' />
  <node id='-133077' lat='14.76919045251' lon='-17.00602259062' />
  <node id='-133078' lat='14.76942921631' lon='-17.00659066847' />
  <node id='-133079' lat='14.76950420979' lon='-17.00660771191' />
  <node id='-133080' lat='14.76953542795' lon='-17.00646263391' />
  <node id='-133081' lat='14.76946043445' lon='-17.00644559052' />
  <node id='-133082' lat='14.77011998504' lon='-17.01107164169' />
  <node id='-133083' lat='14.7701420551' lon='-17.01099603578' />
  <node id='-133084' lat='14.77000357355' lon='-17.01095334157' />
  <node id='-133085' lat='14.76998150352' lon='-17.01102894745' />
  <node id='-133086' lat='14.77427930487' lon='-17.00551960764' />
  <node id='-133087' lat='14.77429889787' lon='-17.00552438874' />
  <node id='-133088' lat='14.77456694688' lon='-17.00551516656' />
  <node id='-133089' lat='14.77459614431' lon='-17.00550035758' />
  <node id='-133090' lat='14.77451404074' lon='-17.00532938402' />
  <node id='-133091' lat='14.7703572598' lon='-17.01191190715' />
  <node id='-133092' lat='14.77037122038' lon='-17.01183428717' />
  <node id='-133093' lat='14.77022905' lon='-17.01180728062' />
  <node id='-133094' lat='14.77021508944' lon='-17.01188490055' />
  <node id='-133095' lat='14.77476376667' lon='-17.01091108157' />
  <node id='-133096' lat='14.77476521668' lon='-17.01099000395' />
  <node id='-133097' lat='14.77490976959' lon='-17.01098719888' />
  <node id='-133098' lat='14.77490831958' lon='-17.01090827645' />
  <node id='-133099' lat='14.77512609675' lon='-17.01361002472' />
  <node id='-133100' lat='14.77512520552' lon='-17.01371217367' />
  <node id='-133101' lat='14.77527206538' lon='-17.01371352705' />
  <node id='-133102' lat='14.77527374305' lon='-17.01361138528' />
  <node id='-133103' lat='14.77532706072' lon='-17.00458233832' />
  <node id='-133104' lat='14.7752300837' lon='-17.00461279472' />
  <node id='-133105' lat='14.77522132621' lon='-17.00470270673' />
  <node id='-133106' lat='14.77526866989' lon='-17.00472881374' />
  <node id='-133107' lat='14.77541811523' lon='-17.00481122342' />
  <node id='-133108' lat='14.77542235615' lon='-17.00455241001' />
  <node id='-133109' lat='14.77108514134' lon='-17.01325691956' />
  <node id='-133110' lat='14.77122971406' lon='-17.01325825152' />
  <node id='-133111' lat='14.77123040256' lon='-17.01317932202' />
  <node id='-133112' lat='14.77108582984' lon='-17.01317799012' />
  <node id='-133113' lat='14.77308954706' lon='-17.00462646813' />
  <node id='-133114' lat='14.77295998022' lon='-17.00434555929' />
  <node id='-133115' lat='14.77288249752' lon='-17.00445081058' />
  <node id='-133116' lat='14.77279935821' lon='-17.00456374557' />
  <node id='-133117' lat='14.77291748707' lon='-17.00469317194' />
  <node id='-133118' lat='14.77530510147' lon='-17.01170167881' />
  <node id='-133119' lat='14.77530677819' lon='-17.01159954009' />
  <node id='-133120' lat='14.77516222015' lon='-17.01159703364' />
  <node id='-133121' lat='14.77516054343' lon='-17.01169917229' />
  <node id='-133122' lat='14.77517064048' lon='-17.00535372467' />
  <node id='-133123' lat='14.77520222999' lon='-17.00541950732' />
  <node id='-133124' lat='14.77540146543' lon='-17.00540602445' />
  <node id='-133125' lat='14.7753883615' lon='-17.00536644747' />
  <node id='-133126' lat='14.77533442732' lon='-17.00525413382' />
  <node id='-133127' lat='14.77005636432' lon='-17.01256303007' />
  <node id='-133128' lat='14.7700703251' lon='-17.01248541027' />
  <node id='-133129' lat='14.76992815484' lon='-17.01245840336' />
  <node id='-133130' lat='14.76991419408' lon='-17.01253602311' />
  <node id='-133131' lat='14.77317452802' lon='-17.01362451667' />
  <node id='-133132' lat='14.77317521639' lon='-17.01354558649' />
  <node id='-133133' lat='14.77303064372' lon='-17.01354425482' />
  <node id='-133134' lat='14.77302995536' lon='-17.01362318495' />
  <node id='-133135' lat='14.76988197114' lon='-17.01124064403' />
  <node id='-133136' lat='14.76990404123' lon='-17.01116503822' />
  <node id='-133137' lat='14.76976555972' lon='-17.01112234398' />
  <node id='-133138' lat='14.76974348965' lon='-17.01119794975' />
  <node id='-133139' lat='14.77369127415' lon='-17.00420867039' />
  <node id='-133140' lat='14.77356477234' lon='-17.00420751025' />
  <node id='-133141' lat='14.77356294786' lon='-17.00441762187' />
  <node id='-133142' lat='14.77357108353' lon='-17.00443978671' />
  <node id='-133143' lat='14.77366163913' lon='-17.00440468015' />
  <node id='-133144' lat='14.77366817904' lon='-17.00440348556' />
  <node id='-133145' lat='14.77368958078' lon='-17.00440368186' />
  <node id='-133146' lat='14.77473362559' lon='-17.01163276255' />
  <node id='-133147' lat='14.77472891893' lon='-17.0117115506' />
  <node id='-133148' lat='14.77487322583' lon='-17.01172065582' />
  <node id='-133149' lat='14.7748779325' lon='-17.01164186772' />
  <node id='-133150' lat='14.77463301795' lon='-17.01068141155' />
  <node id='-133151' lat='14.77448846502' lon='-17.01068421684' />
  <node id='-133152' lat='14.77448991512' lon='-17.01076313912' />
  <node id='-133153' lat='14.77463446805' lon='-17.01076033389' />
  <node id='-133154' lat='14.7740165645' lon='-17.00421165366' />
  <node id='-133155' lat='14.7738900627' lon='-17.00421049349' />
  <node id='-133156' lat='14.7738883693' lon='-17.00440550514' />
  <node id='-133157' lat='14.77401487109' lon='-17.00440666542' />
  <node id='-133158' lat='14.77108210294' lon='-17.01360520885' />
  <node id='-133159' lat='14.77122667562' lon='-17.01360654104' />
  <node id='-133160' lat='14.77122736424' lon='-17.01352761156' />
  <node id='-133161' lat='14.77108279155' lon='-17.01352627942' />
  <node id='-133162' lat='14.77475950176' lon='-17.01067895693' />
  <node id='-133163' lat='14.77476095185' lon='-17.01075787931' />
  <node id='-133164' lat='14.77490550477' lon='-17.01075507409' />
  <node id='-133165' lat='14.77490405469' lon='-17.01067615165' />
  <node id='-133166' lat='14.77533219992' lon='-17.01005059855' />
  <node id='-133167' lat='14.77533386303' lon='-17.00994909456' />
  <node id='-133168' lat='14.77518930477' lon='-17.00994659291' />
  <node id='-133169' lat='14.77518772351' lon='-17.0100431017' />
  <node id='-133170' lat='14.7746178777' lon='-17.01144868116' />
  <node id='-133171' lat='14.77462258427' lon='-17.01136989313' />
  <node id='-133172' lat='14.77447827732' lon='-17.01136078818' />
  <node id='-133173' lat='14.77447357077' lon='-17.01143957615' />
  <node id='-133174' lat='14.77500819898' lon='-17.01196177543' />
  <node id='-133175' lat='14.77511996673' lon='-17.0119688277' />
  <node id='-133176' lat='14.77512240816' lon='-17.01182011557' />
  <node id='-133177' lat='14.77501705874' lon='-17.01181346834' />
  <node id='-133178' lat='14.77005507297' lon='-17.01129401197' />
  <node id='-133179' lat='14.7700771431' lon='-17.01121840611' />
  <node id='-133180' lat='14.76993866161' lon='-17.01117571179' />
  <node id='-133181' lat='14.76991659151' lon='-17.01125131761' />
  <node id='-133182' lat='14.77492552359' lon='-17.01225246431' />
  <node id='-133183' lat='14.77500232002' lon='-17.01225379608' />
  <node id='-133184' lat='14.77500475921' lon='-17.01210523092' />
  <node id='-133185' lat='14.77492796277' lon='-17.01210389921' />
  <node id='-133186' lat='14.77512852715' lon='-17.01333143665' />
  <node id='-133187' lat='14.77512763604' lon='-17.01343358561' />
  <node id='-133188' lat='14.77527664073' lon='-17.01343495858' />
  <node id='-133189' lat='14.77527831828' lon='-17.01333281679' />
  <node id='-133190' lat='14.77528527834' lon='-17.01290900571' />
  <node id='-133191' lat='14.77528695797' lon='-17.01280672276' />
  <node id='-133192' lat='14.77514240077' lon='-17.01280421553' />
  <node id='-133193' lat='14.77514070615' lon='-17.01290765751' />
  <node id='-133194' lat='14.77403295917' lon='-17.01274146266' />
  <node id='-133195' lat='14.77406406169' lon='-17.01283848545' />
  <node id='-133196' lat='14.7742013799' lon='-17.01279199157' />
  <node id='-133197' lat='14.77417027737' lon='-17.01269496872' />
  <node id='-133198' lat='14.77462764381' lon='-17.01038893463' />
  <node id='-133199' lat='14.77462619358' lon='-17.01031001228' />
  <node id='-133200' lat='14.77448164063' lon='-17.01031281782' />
  <node id='-133201' lat='14.77448309086' lon='-17.01039174012' />
  <node id='-133202' lat='14.77533903543' lon='-17.0096333925' />
  <node id='-133203' lat='14.77534070876' lon='-17.00953125358' />
  <node id='-133204' lat='14.77519615047' lon='-17.00952875221' />
  <node id='-133205' lat='14.77519447714' lon='-17.00963089106' />
  <node id='-133206' lat='14.77466378482' lon='-17.00929359588' />
  <node id='-133207' lat='14.77466788896' lon='-17.00921477216' />
  <node id='-133208' lat='14.77452351669' lon='-17.00920683261' />
  <node id='-133209' lat='14.77451941255' lon='-17.00928565627' />
  <node id='-133210' lat='14.77532839912' lon='-17.01028224424' />
  <node id='-133211' lat='14.77533006504' lon='-17.01018072615' />
  <node id='-133212' lat='14.77518542669' lon='-17.01018310616' />
  <node id='-133213' lat='14.77518384096' lon='-17.01027973867' />
  <node id='-133214' lat='14.77299381246' lon='-17.01362282139' />
  <node id='-133215' lat='14.77299450082' lon='-17.01354389127' />
  <node id='-133216' lat='14.77284992815' lon='-17.01354255962' />
  <node id='-133217' lat='14.7728492398' lon='-17.01362148969' />
  <node id='-133218' lat='14.77044454901' lon='-17.01092932574' />
  <node id='-133219' lat='14.77046661903' lon='-17.0108537197' />
  <node id='-133220' lat='14.77032813746' lon='-17.01081102549' />
  <node id='-133221' lat='14.77030606746' lon='-17.01088663149' />
  <node id='-133222' lat='14.77534359896' lon='-17.0093548318' />
  <node id='-133223' lat='14.77534528311' lon='-17.00925202485' />
  <node id='-133224' lat='14.77520091911' lon='-17.00924408563' />
  <node id='-133225' lat='14.77519905606' lon='-17.00935233081' />
  <node id='-133226' lat='14.7752046049' lon='-17.00545657381' />
  <node id='-133227' lat='14.77517629968' lon='-17.00554235507' />
  <node id='-133228' lat='14.77531783164' lon='-17.00566983833' />
  <node id='-133229' lat='14.77534576169' lon='-17.0056370874' />
  <node id='-133230' lat='14.77540689289' lon='-17.00549601095' />
  <node id='-133231' lat='14.77540729822' lon='-17.0054712799' />
  <node id='-133232' lat='14.77540776457' lon='-17.0054428254' />
  <node id='-133233' lat='14.77290948965' lon='-17.00495008721' />
  <node id='-133234' lat='14.77287030266' lon='-17.00498786315' />
  <node id='-133235' lat='14.77277222661' lon='-17.00508240759' />
  <node id='-133236' lat='14.77280063031' lon='-17.00511352783' />
  <node id='-133237' lat='14.77294228261' lon='-17.00517935775' />
  <node id='-133238' lat='14.77298377907' lon='-17.00518072212' />
  <node id='-133239' lat='14.77298807888' lon='-17.0050425971' />
  <node id='-133240' lat='14.77298979688' lon='-17.00498740823' />
  <node id='-133241' lat='14.77531925595' lon='-17.01083936498' />
  <node id='-133242' lat='14.7753209323' lon='-17.01073722619' />
  <node id='-133243' lat='14.77517637418' lon='-17.01073472032' />
  <node id='-133244' lat='14.77517469784' lon='-17.01083685903' />
  <node id='-133245' lat='14.77465171364' lon='-17.00952543029' />
  <node id='-133246' lat='14.77465581786' lon='-17.0094466066' />
  <node id='-133247' lat='14.77451144562' lon='-17.00943866689' />
  <node id='-133248' lat='14.7745073414' lon='-17.00951749053' />
  <node id='-133249' lat='14.77459599501' lon='-17.01281925963' />
  <node id='-133250' lat='14.77445143866' lon='-17.01282186198' />
  <node id='-133251' lat='14.77445279214' lon='-17.01290127142' />
  <node id='-133252' lat='14.77459741553' lon='-17.01290260359' />
  <node id='-133253' lat='14.7702822687' lon='-17.01148525208' />
  <node id='-133254' lat='14.77030433889' lon='-17.01140964617' />
  <node id='-133255' lat='14.77016585746' lon='-17.01136695167' />
  <node id='-133256' lat='14.77014378729' lon='-17.01144255754' />
  <node id='-133257' lat='14.7702546077' lon='-17.01248264195' />
  <node id='-133258' lat='14.77026856846' lon='-17.01240502208' />
  <node id='-133259' lat='14.77012639819' lon='-17.01237801518' />
  <node id='-133260' lat='14.77011243744' lon='-17.01245563501' />
  <node id='-133261' lat='14.77431789578' lon='-17.01363031438' />
  <node id='-133262' lat='14.7744552141' lon='-17.01358382099' />
  <node id='-133263' lat='14.77442411192' lon='-17.01348679796' />
  <node id='-133264' lat='14.77428679362' lon='-17.01353329141' />
  <node id='-133265' lat='14.77532382771' lon='-17.01056080464' />
  <node id='-133266' lat='14.77532431956' lon='-17.01053083448' />
  <node id='-133267' lat='14.77532550393' lon='-17.01045866583' />
  <node id='-133268' lat='14.77518094578' lon='-17.01045616014' />
  <node id='-133269' lat='14.77517926956' lon='-17.01055829888' />
  <node id='-133270' lat='14.77406819519' lon='-17.00560172026' />
  <node id='-133271' lat='14.77394511049' lon='-17.0055716851' />
  <node id='-133272' lat='14.77390127268' lon='-17.00576142907' />
  <node id='-133273' lat='14.77402435735' lon='-17.00579146431' />
  <node id='-133274' lat='14.77473670139' lon='-17.01259277517' />
  <node id='-133275' lat='14.77473600459' lon='-17.01267170828' />
  <node id='-133276' lat='14.77488057717' lon='-17.01267305629' />
  <node id='-133277' lat='14.77488127397' lon='-17.01259412313' />
  <node id='-133278' lat='14.77459351387' lon='-17.01185652497' />
  <node id='-133279' lat='14.77444920698' lon='-17.0118474197' />
  <node id='-133280' lat='14.77444450026' lon='-17.01192620763' />
  <node id='-133281' lat='14.77458880713' lon='-17.01193531295' />
  <node id='-133282' lat='14.77317756534' lon='-17.01327622623' />
  <node id='-133283' lat='14.77317825359' lon='-17.01319729602' />
  <node id='-133284' lat='14.77303368089' lon='-17.01319596459' />
  <node id='-133285' lat='14.77303299265' lon='-17.01327489474' />
  <node id='-133286' lat='14.77052028278' lon='-17.01131624978' />
  <node id='-133287' lat='14.77054235293' lon='-17.01124064377' />
  <node id='-133288' lat='14.77040387147' lon='-17.01119794931' />
  <node id='-133289' lat='14.77038180134' lon='-17.01127355528' />
  <node id='-133290' lat='14.77478407497' lon='-17.00941646033' />
  <node id='-133291' lat='14.77492844722' lon='-17.00942440006' />
  <node id='-133292' lat='14.77493255142' lon='-17.00934557626' />
  <node id='-133293' lat='14.77478817917' lon='-17.00933763658' />
  <node id='-133294' lat='14.77519288172' lon='-17.00560668585' />
  <node id='-133295' lat='14.77515247599' lon='-17.00557029088' />
  <node id='-133296' lat='14.77511295837' lon='-17.00559033429' />
  <node id='-133297' lat='14.7750504846' lon='-17.0056220211' />
  <node id='-133298' lat='14.77505676168' lon='-17.00581473085' />
  <node id='-133299' lat='14.77512620855' lon='-17.005801091' />
  <node id='-133300' lat='14.77526664285' lon='-17.00572986257' />
  <node id='-133301' lat='14.77529400794' lon='-17.00569777414' />
  <node id='-133302' lat='14.76991298415' lon='-17.01182751358' />
  <node id='-133303' lat='14.76992694469' lon='-17.01174989375' />
  <node id='-133304' lat='14.76978477428' lon='-17.01172288733' />
  <node id='-133305' lat='14.76977081376' lon='-17.01180050712' />
  <node id='-133306' lat='14.77501457467' lon='-17.0056298524' />
  <node id='-133307' lat='14.77488813877' lon='-17.00563420231' />
  <node id='-133308' lat='14.77489448756' lon='-17.00582911328' />
  <node id='-133309' lat='14.7749832067' lon='-17.00582606106' />
  <node id='-133310' lat='14.77502079683' lon='-17.00582087607' />
  <node id='-133311' lat='14.77193262099' lon='-17.00528124721' />
  <node id='-133312' lat='14.77197439436' lon='-17.00524965261' />
  <node id='-133313' lat='14.77186510184' lon='-17.0050970317' />
  <node id='-133314' lat='14.77178745698' lon='-17.00519591086' />
  <node id='-133315' lat='14.77174310659' lon='-17.00527623654' />
  <node id='-133316' lat='14.76965314997' lon='-17.01225034222' />
  <node id='-133317' lat='14.76966711063' lon='-17.01217272252' />
  <node id='-133318' lat='14.7695249403' lon='-17.0121457159' />
  <node id='-133319' lat='14.76951097965' lon='-17.01222333555' />
  <node id='-133320' lat='14.77411284782' lon='-17.01299360555' />
  <node id='-133321' lat='14.77425347179' lon='-17.01295449004' />
  <node id='-133322' lat='14.77424944737' lon='-17.01294193601' />
  <node id='-133323' lat='14.77421268991' lon='-17.01282727261' />
  <node id='-133324' lat='14.77407537169' lon='-17.01287376647' />
  <node id='-133325' lat='14.77411212914' lon='-17.0129884298' />
  <node id='-133326' lat='14.77458911504' lon='-17.01241562895' />
  <node id='-133327' lat='14.77458776967' lon='-17.01233670474' />
  <node id='-133328' lat='14.77444321329' lon='-17.01233930742' />
  <node id='-133329' lat='14.77444455866' lon='-17.01241823157' />
  <node id='-133330' lat='14.76967368035' lon='-17.01213619558' />
  <node id='-133331' lat='14.76968764097' lon='-17.01205857587' />
  <node id='-133332' lat='14.76954547062' lon='-17.01203156931' />
  <node id='-133333' lat='14.76953151001' lon='-17.01210918898' />
  <node id='-133334' lat='14.77473567668' lon='-17.01270885327' />
  <node id='-133335' lat='14.77473497984' lon='-17.01278778637' />
  <node id='-133336' lat='14.77487955241' lon='-17.01278913446' />
  <node id='-133337' lat='14.77488024925' lon='-17.0127102013' />
  <node id='-133338' lat='14.77505581909' lon='-17.01116462456' />
  <node id='-133339' lat='14.77504695974' lon='-17.01131293175' />
  <node id='-133340' lat='14.77513064863' lon='-17.01131821207' />
  <node id='-133341' lat='14.77513324773' lon='-17.01116950984' />
  <node id='-133342' lat='14.77108007713' lon='-17.01383739145' />
  <node id='-133343' lat='14.77122464979' lon='-17.01383872379' />
  <node id='-133344' lat='14.77122533849' lon='-17.01375979433' />
  <node id='-133345' lat='14.77108076582' lon='-17.01375846204' />
  <node id='-133346' lat='14.77385391933' lon='-17.00421016202' />
  <node id='-133347' lat='14.77372741752' lon='-17.00420900186' />
  <node id='-133348' lat='14.77372572414' lon='-17.00440401336' />
  <node id='-133349' lat='14.77385222593' lon='-17.00440517363' />
  <node id='-133350' lat='14.77464253939' lon='-17.00970162441' />
  <node id='-133351' lat='14.77449816717' lon='-17.00969368453' />
  <node id='-133352' lat='14.77449406287' lon='-17.00977250815' />
  <node id='-133353' lat='14.77463843507' lon='-17.00978044808' />
  <node id='-133354' lat='14.77476163424' lon='-17.01079501925' />
  <node id='-133355' lat='14.7747630843' lon='-17.01087394163' />
  <node id='-133356' lat='14.77490763721' lon='-17.01087113649' />
  <node id='-133357' lat='14.77490618716' lon='-17.01079221406' />
  <node id='-133358' lat='14.76964982076' lon='-17.00664080431' />
  <node id='-133359' lat='14.76972481423' lon='-17.00665784779' />
  <node id='-133360' lat='14.76975603244' lon='-17.00651276966' />
  <node id='-133361' lat='14.76968103895' lon='-17.00649572623' />
  <node id='-133362' lat='14.77107906427' lon='-17.01395346743' />
  <node id='-133363' lat='14.77122363692' lon='-17.01395479984' />
  <node id='-133364' lat='14.77122432566' lon='-17.01387587038' />
  <node id='-133365' lat='14.771079753' lon='-17.01387453802' />
  <node id='-133366' lat='14.77058519493' lon='-17.01109387906' />
  <node id='-133367' lat='14.77060726501' lon='-17.01101827299' />
  <node id='-133368' lat='14.77046878349' lon='-17.01097557865' />
  <node id='-133369' lat='14.77044671343' lon='-17.01105118467' />
  <node id='-133370' lat='14.76991442716' lon='-17.01112945898' />
  <node id='-133371' lat='14.76993649722' lon='-17.01105385314' />
  <node id='-133372' lat='14.76979801568' lon='-17.01101115896' />
  <node id='-133373' lat='14.76977594564' lon='-17.01108676476' />
  <node id='-133374' lat='14.77055273888' lon='-17.01120506444' />
  <node id='-133375' lat='14.770574809' lon='-17.0111294584' />
  <node id='-133376' lat='14.7704363275' lon='-17.011086764' />
  <node id='-133377' lat='14.77041425741' lon='-17.01116237' />
  <node id='-133378' lat='14.77530967426' lon='-17.01142311864' />
  <node id='-133379' lat='14.77531135086' lon='-17.0113209799' />
  <node id='-133380' lat='14.77516679279' lon='-17.01131847364' />
  <node id='-133381' lat='14.7751651162' lon='-17.01142061231' />
  <node id='-133382' lat='14.76969421067' lon='-17.01202204892' />
  <node id='-133383' lat='14.76970817126' lon='-17.01194442919' />
  <node id='-133384' lat='14.76956600088' lon='-17.0119174227' />
  <node id='-133385' lat='14.76955204031' lon='-17.01199504239' />
  <node id='-133386' lat='14.77462551111' lon='-17.01027287236' />
  <node id='-133387' lat='14.77462406084' lon='-17.01019395' />
  <node id='-133388' lat='14.77447950788' lon='-17.01019675562' />
  <node id='-133389' lat='14.77448095815' lon='-17.01027567792' />
  <node id='-133390' lat='14.77001179493' lon='-17.01079590361' />
  <node id='-133391' lat='14.77003386489' lon='-17.01072029769' />
  <node id='-133392' lat='14.76989538327' lon='-17.01067760369' />
  <node id='-133393' lat='14.76987331333' lon='-17.01075320957' />
  <node id='-133394' lat='14.76985139326' lon='-17.0121699539' />
  <node id='-133395' lat='14.7698653539' lon='-17.01209233413' />
  <node id='-133396' lat='14.76972318356' lon='-17.01206532752' />
  <node id='-133397' lat='14.76970922293' lon='-17.01214294724' />
  <node id='-133398' lat='14.77048782664' lon='-17.01142743509' />
  <node id='-133399' lat='14.77050989682' lon='-17.0113518291' />
  <node id='-133400' lat='14.77037141538' lon='-17.01130913458' />
  <node id='-133401' lat='14.77034934522' lon='-17.01138474052' />
  <node id='-133402' lat='14.77172473754' lon='-17.00531290933' />
  <node id='-133403' lat='14.77168252854' lon='-17.00542405729' />
  <node id='-133404' lat='14.7719165941' lon='-17.00544672373' />
  <node id='-133405' lat='14.77191981485' lon='-17.00531806711' />
  <node id='-133406' lat='14.76983086285' lon='-17.01228410062' />
  <node id='-133407' lat='14.76984482353' lon='-17.01220648087' />
  <node id='-133408' lat='14.76970265321' lon='-17.01217947419' />
  <node id='-133409' lat='14.76968869255' lon='-17.01225709389' />
  <node id='-133410' lat='14.77485066703' lon='-17.00421930363' />
  <node id='-133411' lat='14.77472364147' lon='-17.00421813859' />
  <node id='-133412' lat='14.77470154' lon='-17.00444505512' />
  <node id='-133413' lat='14.77482741774' lon='-17.00445800468' />
  <node id='-133414' lat='14.77299684974' lon='-17.01327453123' />
  <node id='-133415' lat='14.77299753798' lon='-17.0131956011' />
  <node id='-133416' lat='14.77285296528' lon='-17.01319426968' />
  <node id='-133417' lat='14.77285227705' lon='-17.01327319976' />
  <node id='-133418' lat='14.77485201421' lon='-17.00563544515' />
  <node id='-133419' lat='14.77472557831' lon='-17.00563979506' />
  <node id='-133420' lat='14.77472875273' lon='-17.00573725047' />
  <node id='-133421' lat='14.77473192712' lon='-17.00583470588' />
  <node id='-133422' lat='14.77485836301' lon='-17.00583035608' />
  <node id='-133423' lat='14.77512731199' lon='-17.01347073069' />
  <node id='-133424' lat='14.77512642082' lon='-17.01357287965' />
  <node id='-133425' lat='14.7752743531' lon='-17.01357424282' />
  <node id='-133426' lat='14.77527603071' lon='-17.01347210104' />
  <node id='-133427' lat='14.77532611346' lon='-17.01042152445' />
  <node id='-133428' lat='14.77532778962' lon='-17.01031938563' />
  <node id='-133429' lat='14.77518323146' lon='-17.01031688003' />
  <node id='-133430' lat='14.7751815553' lon='-17.01041901878' />
  <node id='-133431' lat='14.77008752903' lon='-17.01118282685' />
  <node id='-133432' lat='14.77010959912' lon='-17.01110722096' />
  <node id='-133433' lat='14.7699711176' lon='-17.0110645267' />
  <node id='-133434' lat='14.76994904754' lon='-17.01114013255' />
  <node id='-133435' lat='14.77089936103' lon='-17.01383575668' />
  <node id='-133436' lat='14.7710439337' lon='-17.013837089' />
  <node id='-133437' lat='14.77104462238' lon='-17.0137581596' />
  <node id='-133438' lat='14.77090004971' lon='-17.01375682733' />
  <node id='-133439' lat='14.76931889952' lon='-17.00656559729' />
  <node id='-133440' lat='14.76939389301' lon='-17.00658264071' />
  <node id='-133441' lat='14.76942511114' lon='-17.00643756278' />
  <node id='-133442' lat='14.76935011763' lon='-17.00642051941' />
  <node id='-133443' lat='14.77504594504' lon='-17.01003535835' />
  <node id='-133444' lat='14.77515160536' lon='-17.01004116944' />
  <node id='-133445' lat='14.77515404117' lon='-17.00989250421' />
  <node id='-133446' lat='14.77505367098' lon='-17.00988698413' />
  <node id='-133447' lat='14.77529214195' lon='-17.01249102149' />
  <node id='-133448' lat='14.77529381902' lon='-17.01238888283' />
  <node id='-133449' lat='14.77514926105' lon='-17.01238637586' />
  <node id='-133450' lat='14.77514758399' lon='-17.01248851446' />
  <node id='-133451' lat='14.77472670402' lon='-17.01174862733' />
  <node id='-133452' lat='14.77472199732' lon='-17.01182741537' />
  <node id='-133453' lat='14.7748663042' lon='-17.01183652066' />
  <node id='-133454' lat='14.77487101091' lon='-17.01175773257' />
  <node id='-133455' lat='14.77465774926' lon='-17.00940951309' />
  <node id='-133456' lat='14.77466185344' lon='-17.00933068939' />
  <node id='-133457' lat='14.77451748118' lon='-17.00932274975' />
  <node id='-133458' lat='14.774513377' lon='-17.00940157341' />
  <node id='-133459' lat='14.77459401673' lon='-17.01270319464' />
  <node id='-133460' lat='14.77444946037' lon='-17.01270579707' />
  <node id='-133461' lat='14.77445080562' lon='-17.01278472121' />
  <node id='-133462' lat='14.77459536196' lon='-17.01278211884' />
  <node id='-133463' lat='14.77299280009' lon='-17.0137388984' />
  <node id='-133464' lat='14.77299348849' lon='-17.01365996829' />
  <node id='-133465' lat='14.77284891583' lon='-17.01365863656' />
  <node id='-133466' lat='14.77284822743' lon='-17.01373756662' />
  <node id='-133467' lat='14.77475412764' lon='-17.01038647984' />
  <node id='-133468' lat='14.77489868059' lon='-17.01038367437' />
  <node id='-133469' lat='14.77489723037' lon='-17.01030475193' />
  <node id='-133470' lat='14.77475267742' lon='-17.01030755745' />
  <node id='-133471' lat='14.77417920967' lon='-17.00421314532' />
  <node id='-133472' lat='14.77405270787' lon='-17.00421198514' />
  <node id='-133473' lat='14.77405101445' lon='-17.00440699693' />
  <node id='-133474' lat='14.77417751624' lon='-17.00440815722' />
  <node id='-133475' lat='14.77505883977' lon='-17.01098430617' />
  <node id='-133476' lat='14.77513625698' lon='-17.01098280388' />
  <node id='-133477' lat='14.77513860452' lon='-17.01083414534' />
  <node id='-133478' lat='14.77505611033' lon='-17.0108357462' />
  <node id='-133479' lat='14.7741074905' lon='-17.01316312894' />
  <node id='-133480' lat='14.77425198466' lon='-17.01316809806' />
  <node id='-133481' lat='14.77425772517' lon='-17.01299178989' />
  <node id='-133482' lat='14.77411177178' lon='-17.01303238778' />
  <node id='-133483' lat='14.77090341263' lon='-17.01337136118' />
  <node id='-133484' lat='14.77104798533' lon='-17.0133726932' />
  <node id='-133485' lat='14.77104867386' lon='-17.01329376378' />
  <node id='-133486' lat='14.77090410115' lon='-17.01329243181' />
  <node id='-133487' lat='14.77471791073' lon='-17.00486400104' />
  <node id='-133488' lat='14.77481298094' lon='-17.0046952216' />
  <node id='-133489' lat='14.77470349608' lon='-17.00463008469' />
  <node id='-133490' lat='14.77460842592' lon='-17.00479886408' />
  <node id='-133491' lat='14.76989245391' lon='-17.01194166038' />
  <node id='-133492' lat='14.76990641448' lon='-17.01186404057' />
  <node id='-133493' lat='14.76976424409' lon='-17.01183703409' />
  <node id='-133494' lat='14.76975028354' lon='-17.01191465385' />
  <node id='-133495' lat='14.77503845951' lon='-17.01225442279' />
  <node id='-133496' lat='14.77511525594' lon='-17.01225575456' />
  <node id='-133497' lat='14.77511769514' lon='-17.01210718933' />
  <node id='-133498' lat='14.77504089871' lon='-17.01210585761' />
  <node id='-133499' lat='14.77238894727' lon='-17.00488092562' />
  <node id='-133500' lat='14.77226510921' lon='-17.00490748953' />
  <node id='-133501' lat='14.77230388072' lon='-17.00509839342' />
  <node id='-133502' lat='14.7724277188' lon='-17.00507182962' />
  <node id='-133503' lat='14.77452401856' lon='-17.00421642404' />
  <node id='-133504' lat='14.77438051386' lon='-17.00421594859' />
  <node id='-133505' lat='14.77437959046' lon='-17.00421592127' />
  <node id='-133506' lat='14.77437799071' lon='-17.00421583183' />
  <node id='-133507' lat='14.77437629073' lon='-17.0044115955' />
  <node id='-133508' lat='14.77450373211' lon='-17.00442470585' />
  <node id='-133509' lat='14.77027513822' lon='-17.01236849505' />
  <node id='-133510' lat='14.77028909895' lon='-17.01229087515' />
  <node id='-133511' lat='14.77014692866' lon='-17.01226386832' />
  <node id='-133512' lat='14.77013296795' lon='-17.01234148817' />
  <node id='-133513' lat='14.77492026853' lon='-17.005335961' />
  <node id='-133514' lat='14.77503371199' lon='-17.0052784221' />
  <node id='-133515' lat='14.77494173333' lon='-17.00508688451' />
  <node id='-133516' lat='14.77494022265' lon='-17.00508233051' />
  <node id='-133517' lat='14.77493990086' lon='-17.00507753051' />
  <node id='-133518' lat='14.77494290974' lon='-17.00502698388' />
  <node id='-133519' lat='14.77487671053' lon='-17.00499825691' />
  <node id='-133520' lat='14.77483145663' lon='-17.00515101792' />
  <node id='-133521' lat='14.76987192361' lon='-17.01205580716' />
  <node id='-133522' lat='14.76988588422' lon='-17.01197818737' />
  <node id='-133523' lat='14.76974371385' lon='-17.01195118082' />
  <node id='-133524' lat='14.76972975326' lon='-17.01202880056' />
  <node id='-133525' lat='14.77463412212' lon='-17.01303295967' />
  <node id='-133526' lat='14.77463282619' lon='-17.01318153967' />
  <node id='-133527' lat='14.7747322199' lon='-17.01318245536' />
  <node id='-133528' lat='14.77473351585' lon='-17.01303387529' />
  <node id='-133529' lat='14.77013848622' lon='-17.01210644274' />
  <node id='-133530' lat='14.77015244685' lon='-17.01202882286' />
  <node id='-133531' lat='14.77001027651' lon='-17.01200181623' />
  <node id='-133532' lat='14.76999631589' lon='-17.01207943606' />
  <node id='-133533' lat='14.7733378568' lon='-17.01251021238' />
  <node id='-133534' lat='14.77333626569' lon='-17.01269269502' />
  <node id='-133535' lat='14.77356216057' lon='-17.01269477902' />
  <node id='-133536' lat='14.77356391539' lon='-17.01249352204' />
  <node id='-133537' lat='14.76894615375' lon='-17.00701475652' />
  <node id='-133538' lat='14.76881326002' lon='-17.00698030579' />
  <node id='-133539' lat='14.76850658054' lon='-17.0077944059' />
  <node id='-133540' lat='14.76865613895' lon='-17.00784607314' />
  <node id='-133541' lat='14.76593725206' lon='-17.01375956783' />
  <node id='-133542' lat='14.7655602144' lon='-17.01337139161' />
  <node id='-133543' lat='14.76555347627' lon='-17.01337019356' />
  <node id='-133544' lat='14.76527983674' lon='-17.01329926624' />
  <node id='-133545' lat='14.76514072744' lon='-17.01387068549' />
  <node id='-133546' lat='14.76590669591' lon='-17.01387441896' />
  <node id='-133547' lat='14.77329130718' lon='-17.00560767225' />
  <node id='-133548' lat='14.7734671775' lon='-17.00565042761' />
  <node id='-133549' lat='14.77350349339' lon='-17.00549265111' />
  <node id='-133550' lat='14.77332762832' lon='-17.00544987286' />
  <node id='-133551' lat='14.76832431814' lon='-17.00624343996' />
  <node id='-133552' lat='14.76832933074' lon='-17.00625122254' />
  <node id='-133553' lat='14.76833084158' lon='-17.00625373883' />
  <node id='-133554' lat='14.76833611081' lon='-17.00626317435' />
  <node id='-133555' lat='14.76833810533' lon='-17.00626672423' />
  <node id='-133556' lat='14.76833949596' lon='-17.00626884676' />
  <node id='-133557' lat='14.76834102559' lon='-17.00627086578' />
  <node id='-133558' lat='14.76834268694' lon='-17.00627277169' />
  <node id='-133559' lat='14.76834447211' lon='-17.00627455545' />
  <node id='-133560' lat='14.76834637263' lon='-17.00627620857' />
  <node id='-133561' lat='14.76834837945' lon='-17.0062777232' />
  <node id='-133562' lat='14.76835048305' lon='-17.00627909214' />
  <node id='-133563' lat='14.76835267342' lon='-17.00628030889' />
  <node id='-133564' lat='14.76835564968' lon='-17.00628169905' />
  <node id='-133565' lat='14.76839027399' lon='-17.00629641372' />
  <node id='-133566' lat='14.76840586226' lon='-17.00630258942' />
  <node id='-133567' lat='14.76842120416' lon='-17.0063078074' />
  <node id='-133568' lat='14.76843729972' lon='-17.00631240781' />
  <node id='-133569' lat='14.76845175193' lon='-17.00631615427' />
  <node id='-133570' lat='14.76853365788' lon='-17.00593551579' />
  <node id='-133571' lat='14.7684625209' lon='-17.00590332255' />
  <node id='-133572' lat='14.76834459705' lon='-17.0061935336' />
  <node id='-133573' lat='14.77524281591' lon='-17.00894879113' />
  <node id='-133574' lat='14.77524645872' lon='-17.00839583776' />
  <node id='-133575' lat='14.77505595577' lon='-17.00838536195' />
  <node id='-133576' lat='14.77502723808' lon='-17.00893693589' />
  <node id='-133577' lat='14.7669276935' lon='-17.01038341191' />
  <node id='-133578' action='modify' lat='14.76625180433' lon='-17.01293422024' />
  <node id='-133579' action='modify' lat='14.76638843405' lon='-17.01296177297' />
  <node id='-133581' action='modify' lat='14.76706040712' lon='-17.0104168803' />
  <node id='-133582' lat='14.76805723843' lon='-17.0069406022' />
  <node id='-133583' lat='14.76856476559' lon='-17.00711370888' />
  <node id='-133584' lat='14.76873661375' lon='-17.00664858631' />
  <node id='-133585' lat='14.768385133' lon='-17.00655747108' />
  <node id='-133586' lat='14.76835105609' lon='-17.00655032101' />
  <node id='-133587' lat='14.76831683861' lon='-17.00654509885' />
  <node id='-133588' lat='14.76828173763' lon='-17.00654171782' />
  <node id='-133589' lat='14.76828019429' lon='-17.00654160856' />
  <node id='-133590' lat='14.76827959444' lon='-17.0065416072' />
  <node id='-133591' lat='14.76827899583' lon='-17.00654164687' />
  <node id='-133592' lat='14.76827840111' lon='-17.00654172737' />
  <node id='-133593' lat='14.76827781293' lon='-17.00654184836' />
  <node id='-133594' lat='14.76827723387' lon='-17.00654200929' />
  <node id='-133595' lat='14.76827666653' lon='-17.00654220946' />
  <node id='-133596' lat='14.76827611339' lon='-17.00654244798' />
  <node id='-133597' lat='14.76827557693' lon='-17.00654272379' />
  <node id='-133598' lat='14.7682750595' lon='-17.00654303566' />
  <node id='-133599' lat='14.7682734073' lon='-17.00654418988' />
  <node id='-133600' lat='14.76826562291' lon='-17.00654968346' />
  <node id='-133601' lat='14.76826345439' lon='-17.00655112191' />
  <node id='-133602' lat='14.76825528619' lon='-17.00655620651' />
  <node id='-133603' lat='14.76825304128' lon='-17.00655751536' />
  <node id='-133604' lat='14.76824460389' lon='-17.00656211232' />
  <node id='-133605' lat='14.76824228991' lon='-17.0065632873' />
  <node id='-133606' lat='14.76823373381' lon='-17.00656732361' />
  <node id='-133607' lat='14.7682290473' lon='-17.00656956947' />
  <node id='-133608' lat='14.7682257711' lon='-17.00657143269' />
  <node id='-133609' lat='14.76822262792' lon='-17.00657352397' />
  <node id='-133610' lat='14.76821963277' lon='-17.00657583332' />
  <node id='-133611' lat='14.76821679995' lon='-17.00657834972' />
  <node id='-133612' lat='14.76821414298' lon='-17.00658106115' />
  <node id='-133613' lat='14.76821167455' lon='-17.00658395467' />
  <node id='-133614' lat='14.76820940645' lon='-17.00658701646' />
  <node id='-133615' lat='14.76820692037' lon='-17.00659090273' />
  <node id='-133616' lat='14.76818311252' lon='-17.0066310777' />
  <node id='-133617' lat='14.76817352061' lon='-17.00664831787' />
  <node id='-133618' lat='14.76816514869' lon='-17.00666550238' />
  <node id='-133619' lat='14.76815746435' lon='-17.00668372405' />
  <node id='-133620' lat='14.76848173122' lon='-17.00695961598' />
  <node id='-133621' lat='14.76821257291' lon='-17.00686428908' />
  <node id='-133622' lat='14.76827705876' lon='-17.00669606513' />
  <node id='-133623' lat='14.76833313341' lon='-17.00665961661' />
  <node id='-133624' lat='14.76856303946' lon='-17.00672690619' />
  <node id='-133625' lat='14.76707960256' lon='-17.00994108136' />
  <node id='-133626' lat='14.76727500613' lon='-17.00995795687' />
  <node id='-133627' lat='14.7673477463' lon='-17.00996320698' />
  <node id='-133628' lat='14.76734985093' lon='-17.00996340983' />
  <node id='-133629' lat='14.76746192574' lon='-17.00997693667' />
  <node id='-133630' lat='14.76746405496' lon='-17.00997724661' />
  <node id='-133631' lat='14.76750168606' lon='-17.00998366668' />
  <node id='-133632' lat='14.76764003872' lon='-17.00967412195' />
  <node id='-133633' lat='14.76718419644' lon='-17.00952346268' />
  <node id='-133634' lat='14.76711207419' lon='-17.00975392844' />
  <node id='-133635' lat='14.76710307289' lon='-17.00978536065' />
  <node id='-133636' lat='14.76709584299' lon='-17.00981616821' />
  <node id='-133637' lat='14.76708945643' lon='-17.00985136927' />
  <node id='-133638' lat='14.76708490459' lon='-17.00988744685' />
  <node id='-133639' lat='14.76742752785' lon='-17.00986147897' />
  <node id='-133640' lat='14.76720883673' lon='-17.00985587151' />
  <node id='-133641' lat='14.76721164046' lon='-17.00980820806' />
  <node id='-133642' lat='14.76726210764' lon='-17.00965400278' />
  <node id='-133643' lat='14.7674836025' lon='-17.00972689982' />
  <node id='-133644' lat='14.77126977259' lon='-17.00954144741' />
  <node id='-133645' lat='14.77099016661' lon='-17.0094437936' />
  <node id='-133646' lat='14.77072599376' lon='-17.01013363018' />
  <node id='-133647' lat='14.77103154699' lon='-17.01022783573' />
  <node id='-133648' lat='14.77323077125' lon='-17.00607047153' />
  <node id='-133649' lat='14.77317810903' lon='-17.00625089228' />
  <node id='-133650' lat='14.77335121229' lon='-17.00630425787' />
  <node id='-133651' lat='14.77340690576' lon='-17.00611345212' />
  <node id='-133652' lat='14.76966317785' lon='-17.0056861644' />
  <node id='-133653' lat='14.76943154542' lon='-17.00563352326' />
  <node id='-133654' lat='14.76927995691' lon='-17.00633799886' />
  <node id='-133655' lat='14.76951158909' lon='-17.00639064066' />
  <node id='-133656' lat='14.76761257419' lon='-17.00547924529' />
  <node id='-133657' lat='14.7672029417' lon='-17.00537543557' />
  <node id='-133658' lat='14.76706585769' lon='-17.00595669913' />
  <node id='-133659' lat='14.76747318085' lon='-17.00606228863' />
  <node id='-133660' lat='14.77129684821' lon='-17.0128119435' />
  <node id='-133661' lat='14.77129844583' lon='-17.01262888473' />
  <node id='-133662' lat='14.7709370291' lon='-17.01262527937' />
  <node id='-133663' lat='14.77093541925' lon='-17.01280975769' />
  <node id='-133664' lat='14.76850055987' lon='-17.0072874994' />
  <node id='-133665' lat='14.76798985373' lon='-17.00711330807' />
  <node id='-133666' lat='14.76793500341' lon='-17.00724559668' />
  <node id='-133667' lat='14.76832472221' lon='-17.0073857833' />
  <node id='-133668' lat='14.76803313404' lon='-17.00828017392' />
  <node id='-133669' lat='14.76762312326' lon='-17.0081208586' />
  <node id='-133670' lat='14.76757413609' lon='-17.00827740046' />
  <node id='-133671' lat='14.76810247593' lon='-17.00845535852' />
  <node id='-133672' lat='14.76825920628' lon='-17.00795451627' />
  <node id='-133673' lat='14.76828669156' lon='-17.0078666848' />
  <node id='-133674' lat='14.76828746295' lon='-17.00786442196' />
  <node id='-133675' lat='14.77391304252' lon='-17.00583111491' />
  <node id='-133676' lat='14.7738712219' lon='-17.00601180623' />
  <node id='-133677' lat='14.77409979007' lon='-17.00606758198' />
  <node id='-133678' lat='14.77414154062' lon='-17.00588687337' />
  <node id='-133679' lat='14.76853940741' lon='-17.00633887729' />
  <node id='-133680' lat='14.7686270629' lon='-17.00636160034' />
  <node id='-133681' lat='14.76870228729' lon='-17.00601201313' />
  <node id='-133682' lat='14.76861797711' lon='-17.00597374342' />
  <node id='-133683' lat='14.76884463707' lon='-17.00621014474' />
  <node id='-133684' lat='14.76880220591' lon='-17.00640700296' />
  <node id='-133685' lat='14.76906532681' lon='-17.00647521242' />
  <node id='-133686' lat='14.76910933129' lon='-17.00627042432' />
  <node id='-133687' lat='14.77375917471' lon='-17.00619941356' />
  <node id='-133688' lat='14.77358304025' lon='-17.0061564328' />
  <node id='-133689' lat='14.77352431552' lon='-17.00635762357' />
  <node id='-133690' lat='14.77369741872' lon='-17.00641098936' />
  <node id='-133691' lat='14.77425551897' lon='-17.01213834997' />
  <node id='-133692' lat='14.77427626786' lon='-17.01239339741' />
  <node id='-133693' lat='14.77438084041' lon='-17.01239151464' />
  <node id='-133694' lat='14.77437648762' lon='-17.01213617186' />
  <node id='-133695' lat='14.77344637624' lon='-17.00574079968' />
  <node id='-133696' lat='14.77327050595' lon='-17.00569804425' />
  <node id='-133697' lat='14.7732341411' lon='-17.00585603274' />
  <node id='-133698' lat='14.77341001135' lon='-17.00589878828' />
  <node id='-133699' lat='14.77315555828' lon='-17.01269102118' />
  <node id='-133700' lat='14.77315701837' lon='-17.01252356403' />
  <node id='-133701' lat='14.77247884318' lon='-17.01257363499' />
  <node id='-133702' lat='14.77247787416' lon='-17.0126847758' />
  <node id='-133703' lat='14.77229340537' lon='-17.00541475944' />
  <node id='-133704' lat='14.77218723846' lon='-17.00528468734' />
  <node id='-133705' lat='14.77207213738' lon='-17.00537174214' />
  <node id='-133706' lat='14.77207001333' lon='-17.00545658907' />
  <node id='-133707' lat='14.77212731918' lon='-17.00553762476' />
  <node id='-133708' lat='14.76721186162' lon='-17.00943505871' />
  <node id='-133709' lat='14.76767802646' lon='-17.00958912949' />
  <node id='-133710' lat='14.76787029713' lon='-17.0091589482' />
  <node id='-133711' lat='14.76735281361' lon='-17.00898464523' />
  <node id='-133712' lat='14.76759014433' lon='-17.00942970419' />
  <node id='-133713' lat='14.76736864947' lon='-17.00937082581' />
  <node id='-133714' lat='14.76744995771' lon='-17.00910727497' />
  <node id='-133715' lat='14.76770509736' lon='-17.00919138694' />
  <node id='-133716' lat='14.77422945822' lon='-17.0059083272' />
  <node id='-133717' lat='14.77418770765' lon='-17.00608903587' />
  <node id='-133718' lat='14.77441630672' lon='-17.00614481937' />
  <node id='-133719' lat='14.77445811102' lon='-17.00596412363' />
  <node id='-133720' lat='14.77169941368' lon='-17.01328116118' />
  <node id='-133721' lat='14.7716965782' lon='-17.01360622997' />
  <node id='-133722' lat='14.772379418' lon='-17.01361249119' />
  <node id='-133723' lat='14.77238275036' lon='-17.01323046816' />
  <node id='-133724' lat='14.76640761757' lon='-17.01116155915' />
  <node id='-133725' lat='14.76651564075' lon='-17.01075418782' />
  <node id='-133726' lat='14.7661113837' lon='-17.01065025595' />
  <node id='-133727' lat='14.76601159061' lon='-17.01105974248' />
  <node id='-133728' lat='14.76730893311' lon='-17.00745099329' />
  <node id='-133729' lat='14.76738568344' lon='-17.00713568698' />
  <node id='-133730' lat='14.76699440876' lon='-17.00703509905' />
  <node id='-133731' lat='14.76691766122' lon='-17.00735040553' />
  <node id='-133732' lat='14.76718832463' lon='-17.00794647407' />
  <node id='-133733' lat='14.7672650756' lon='-17.0076311682' />
  <node id='-133734' lat='14.76687356971' lon='-17.00753051997' />
  <node id='-133735' lat='14.76679599587' lon='-17.00784561375' />
  <node id='-133736' lat='14.76671483208' lon='-17.00989161836' />
  <node id='-133737' lat='14.76685938735' lon='-17.00929778183' />
  <node id='-133738' lat='14.76646565897' lon='-17.00919655935' />
  <node id='-133739' lat='14.76632101803' lon='-17.00979039897' />
  <node id='-133740' lat='14.76704578605' lon='-17.00853204139' />
  <node id='-133741' lat='14.76712253777' lon='-17.00821673602' />
  <node id='-133742' lat='14.76672959848' lon='-17.00811571829' />
  <node id='-133743' lat='14.76665235827' lon='-17.00843089751' />
  <node id='-133744' lat='14.76615801985' lon='-17.01210249694' />
  <node id='-133745' lat='14.76621744164' lon='-17.01187846269' />
  <node id='-133746' lat='14.76583434249' lon='-17.01177996848' />
  <node id='-133747' lat='14.7657793687' lon='-17.01200514594' />
  <node id='-133748' lat='14.76626497893' lon='-17.01169923517' />
  <node id='-133749' lat='14.76633628461' lon='-17.01143039373' />
  <node id='-133750' lat='14.76594541478' lon='-17.01132990246' />
  <node id='-133751' lat='14.76587860318' lon='-17.01159989887' />
  <node id='-133752' lat='14.7656288413' lon='-17.01305453485' />
  <node id='-133753' lat='14.76564818372' lon='-17.0130588019' />
  <node id='-133754' lat='14.76566625437' lon='-17.0130614961' />
  <node id='-133755' lat='14.76568446052' lon='-17.01306293376' />
  <node id='-133756' lat='14.76570271956' lon='-17.01306310836' />
  <node id='-133757' lat='14.7657209486' lon='-17.01306201911' />
  <node id='-133758' lat='14.7657390649' lon='-17.01305967094' />
  <node id='-133759' lat='14.76575698624' lon='-17.01305607453' />
  <node id='-133760' lat='14.76577463127' lon='-17.01305124618' />
  <node id='-133761' lat='14.7657919199' lon='-17.01304520781' />
  <node id='-133762' lat='14.76580877367' lon='-17.01303798684' />
  <node id='-133763' lat='14.76582511608' lon='-17.01302961604' />
  <node id='-133764' lat='14.76584087294' lon='-17.0130201334' />
  <node id='-133765' lat='14.76585597275' lon='-17.01300958196' />
  <node id='-133766' lat='14.76587034697' lon='-17.01299800961' />
  <node id='-133767' lat='14.76588393034' lon='-17.01298546887' />
  <node id='-133768' lat='14.76589666123' lon='-17.01297201668' />
  <node id='-133769' lat='14.76590848185' lon='-17.01295771408' />
  <node id='-133770' lat='14.76591933854' lon='-17.012942626' />
  <node id='-133771' lat='14.76592918202' lon='-17.01292682091' />
  <node id='-133772' lat='14.76593796763' lon='-17.01291037055' />
  <node id='-133773' lat='14.76594565547' lon='-17.0128933496' />
  <node id='-133774' lat='14.76595221067' lon='-17.0128758353' />
  <node id='-133775' lat='14.76595805332' lon='-17.01285641158' />
  <node id='-133776' lat='14.76605106012' lon='-17.01250575823' />
  <node id='-133777' lat='14.76568166718' lon='-17.01241078686' />
  <node id='-133778' lat='14.7655294006' lon='-17.01302896829' />
  <node id='-133779' lat='14.7669251754' lon='-17.00902752068' />
  <node id='-133780' lat='14.76700192775' lon='-17.00871221575' />
  <node id='-133781' lat='14.76660833739' lon='-17.00861102977' />
  <node id='-133782' lat='14.7665315049' lon='-17.00892631355' />
  <node id='-133783' lat='14.76745146912' lon='-17.00686542422' />
  <node id='-133784' lat='14.76756314317' lon='-17.00640663818' />
  <node id='-133785' lat='14.76716925122' lon='-17.00630452994' />
  <node id='-133786' lat='14.76705940265' lon='-17.0067646332' />
  <node id='-133787' lat='14.76667122038' lon='-17.01016757898' />
  <node id='-133788' lat='14.76625499961' lon='-17.01006059997' />
  <node id='-133789' lat='14.76615527509' lon='-17.01047009104' />
  <node id='-133790' lat='14.76656317216' lon='-17.0105749584' />
  <node id='-133791' lat='14.7676880183' lon='-17.01007737345' />
  <node id='-133792' lat='14.76769098974' lon='-17.01007437441' />
  <node id='-133793' lat='14.76768671487' lon='-17.01007323179' />
  <node id='-133794' lat='14.76768362164' lon='-17.01006340295' />
  <node id='-133795' lat='14.76769499289' lon='-17.01004029071' />
  <node id='-133796' lat='14.76772213203' lon='-17.01000803671' />
  <node id='-133797' lat='14.76774032491' lon='-17.00999427389' />
  <node id='-133798' lat='14.76774957154' lon='-17.00999900226' />
  <node id='-133799' lat='14.76776550983' lon='-17.00999914879' />
  <node id='-133800' lat='14.76778813978' lon='-17.00999471348' />
  <node id='-133801' lat='14.76780631246' lon='-17.00998327215' />
  <node id='-133802' lat='14.76782002785' lon='-17.0099648248' />
  <node id='-133803' lat='14.76782474376' lon='-17.00994212015' />
  <node id='-133804' lat='14.76782046018' lon='-17.0099151582' />
  <node id='-133805' lat='14.76792539224' lon='-17.00979891166' />
  <node id='-133806' lat='14.76813953984' lon='-17.00959338022' />
  <node id='-133807' lat='14.76824658358' lon='-17.00949406289' />
  <node id='-133808' lat='14.76824652355' lon='-17.00950095998' />
  <node id='-133809' lat='14.76826004726' lon='-17.00950453311' />
  <node id='-133810' lat='14.76828715472' lon='-17.00950478227' />
  <node id='-133811' lat='14.76831884069' lon='-17.00949810846' />
  <node id='-133812' lat='14.76835510519' lon='-17.00948451168' />
  <node id='-133813' lat='14.7683799941' lon='-17.00948009707' />
  <node id='-133814' lat='14.76839350742' lon='-17.00948486466' />
  <node id='-133815' lat='14.76840482239' lon='-17.00948264697' />
  <node id='-133816' lat='14.76841393903' lon='-17.00947344402' />
  <node id='-133817' lat='14.76842313648' lon='-17.00945495506' />
  <node id='-133818' lat='14.76843241474' lon='-17.00942718009' />
  <node id='-133819' lat='14.76844385094' lon='-17.00941103339' />
  <node id='-133820' lat='14.76845744508' lon='-17.00940651497' />
  <node id='-133821' lat='14.768462064' lon='-17.00939494898' />
  <node id='-133822' lat='14.76845770772' lon='-17.00937633544' />
  <node id='-133823' lat='14.76846230644' lon='-17.00936709095' />
  <node id='-133824' lat='14.76847586017' lon='-17.00936721553' />
  <node id='-133825' lat='14.76848267744' lon='-17.00936263481' />
  <node id='-133826' lat='14.76848275825' lon='-17.0093533488' />
  <node id='-133827' lat='14.76848733677' lon='-17.00934642582' />
  <node id='-133828' lat='14.76849641299' lon='-17.00934186586' />
  <node id='-133829' lat='14.76849875276' lon='-17.00933260061' />
  <node id='-133830' lat='14.76849435607' lon='-17.00931863007' />
  <node id='-133831' lat='14.76849667563' lon='-17.00931168632' />
  <node id='-133832' lat='14.76850571145' lon='-17.00931176937' />
  <node id='-133833' lat='14.76851254892' lon='-17.00930486715' />
  <node id='-133834' lat='14.76851718805' lon='-17.00929097965' />
  <node id='-133835' lat='14.76852860403' lon='-17.00927715444' />
  <node id='-133836' lat='14.76854679689' lon='-17.00926339152' />
  <node id='-133837' lat='14.76855143601' lon='-17.00924950402' />
  <node id='-133838' lat='14.7685425214' lon='-17.00923549195' />
  <node id='-133839' lat='14.76854266281' lon='-17.00921924143' />
  <node id='-133840' lat='14.76855186025' lon='-17.00920075245' />
  <node id='-133841' lat='14.76855430359' lon='-17.00917958304' />
  <node id='-133842' lat='14.76854999286' lon='-17.0091557332' />
  <node id='-133843' lat='14.76857042369' lon='-17.00910948718' />
  <node id='-133844' lat='14.76861559607' lon='-17.00904084494' />
  <node id='-133845' lat='14.76864302415' lon='-17.00900424661' />
  <node id='-133846' lat='14.76865270794' lon='-17.00899969222' />
  <node id='-133847' lat='14.76866375848' lon='-17.00898122025' />
  <node id='-133848' lat='14.76867617579' lon='-17.00894883069' />
  <node id='-133849' lat='14.76868985072' lon='-17.00893502621' />
  <node id='-133850' lat='14.76870478327' lon='-17.00893980681' />
  <node id='-133851' lat='14.76871235053' lon='-17.00893058958' />
  <node id='-133852' lat='14.76871255252' lon='-17.00890737453' />
  <node id='-133853' lat='14.76871947078' lon='-17.00889118626' />
  <node id='-133854' lat='14.76873310531' lon='-17.00888202479' />
  <node id='-133855' lat='14.76873998317' lon='-17.00887047953' />
  <node id='-133856' lat='14.76874010436' lon='-17.00885655049' />
  <node id='-133857' lat='14.76874924117' lon='-17.00884502599' />
  <node id='-133858' lat='14.7687673936' lon='-17.00883590603' />
  <node id='-133859' lat='14.76877878937' lon='-17.00882440228' />
  <node id='-133860' lat='14.76878342847' lon='-17.00881051476' />
  <node id='-133861' lat='14.76879706299' lon='-17.00880135327' />
  <node id='-133862' lat='14.76881969294' lon='-17.00879691783' />
  <node id='-133863' lat='14.76883784538' lon='-17.00878779786' />
  <node id='-133864' lat='14.7688515203' lon='-17.00877399336' />
  <node id='-133865' lat='14.76886077829' lon='-17.00874853981' />
  <node id='-133866' lat='14.76890751469' lon='-17.00867145313' />
  <node id='-133867' lat='14.76893513957' lon='-17.00858159131' />
  <node id='-133868' lat='14.76905837035' lon='-17.00840433122' />
  <node id='-133869' lat='14.76921064136' lon='-17.00828256191' />
  <node id='-133870' lat='14.76838787706' lon='-17.00799832392' />
  <node id='-133871' lat='14.76803769827' lon='-17.00911733758' />
  <node id='-133872' lat='14.76761891209' lon='-17.01005510882' />
  <node id='-133873' lat='14.76844767254' lon='-17.00782304046' />
  <node id='-133874' lat='14.76976363685' lon='-17.00847360518' />
  <node id='-133875' lat='14.76985642872' lon='-17.00849771159' />
  <node id='-133876' lat='14.76995030409' lon='-17.00851508002' />
  <node id='-133877' lat='14.77004512626' lon='-17.0085257088' />
  <node id='-133878' lat='14.77009596943' lon='-17.00852775608' />
  <node id='-133879' lat='14.77009619482' lon='-17.00852690197' />
  <node id='-133880' lat='14.77009747245' lon='-17.00852541152' />
  <node id='-133881' lat='14.7701052687' lon='-17.00852261071' />
  <node id='-133882' lat='14.77010981222' lon='-17.00851970916' />
  <node id='-133883' lat='14.77011312764' lon='-17.00851626854' />
  <node id='-133884' lat='14.7701143864' lon='-17.00851328285' />
  <node id='-133885' lat='14.77011494642' lon='-17.00851164184' />
  <node id='-133886' lat='14.77011586145' lon='-17.00850700683' />
  <node id='-133887' lat='14.77011612985' lon='-17.00850236589' />
  <node id='-133888' lat='14.77011451063' lon='-17.00849900255' />
  <node id='-133889' lat='14.77011358125' lon='-17.00849769906' />
  <node id='-133890' lat='14.77011152771' lon='-17.00849303677' />
  <node id='-133891' lat='14.7701100664' lon='-17.00849049213' />
  <node id='-133892' lat='14.77010916277' lon='-17.00848837163' />
  <node id='-133893' lat='14.77010560119' lon='-17.00848439236' />
  <node id='-133894' lat='14.77010111897' lon='-17.00848024808' />
  <node id='-133895' lat='14.77009372423' lon='-17.00846965613' />
  <node id='-133896' lat='14.77009218749' lon='-17.00846817181' />
  <node id='-133897' lat='14.77008979225' lon='-17.00846497658' />
  <node id='-133898' lat='14.77008772752' lon='-17.00846146919' />
  <node id='-133899' lat='14.77008689782' lon='-17.00846030658' />
  <node id='-133900' lat='14.7700846299' lon='-17.00845564233' />
  <node id='-133901' lat='14.7700806113' lon='-17.00845096199' />
  <node id='-133902' lat='14.77007880986' lon='-17.00844780392' />
  <node id='-133903' lat='14.77007792967' lon='-17.00844629394' />
  <node id='-133904' lat='14.77007505087' lon='-17.00844162408' />
  <node id='-133905' lat='14.77007435603' lon='-17.00844039656' />
  <node id='-133906' lat='14.77007265716' lon='-17.00843695867' />
  <node id='-133907' lat='14.77007065257' lon='-17.00843229684' />
  <node id='-133908' lat='14.77006993228' lon='-17.00842953076' />
  <node id='-133909' lat='14.77006945726' lon='-17.00842764244' />
  <node id='-133910' lat='14.77006808762' lon='-17.00842298645' />
  <node id='-133911' lat='14.77006702377' lon='-17.00841833326' />
  <node id='-133912' lat='14.77006554376' lon='-17.00841461524' />
  <node id='-133913' lat='14.77006526669' lon='-17.0084136737' />
  <node id='-133914' lat='14.77006459075' lon='-17.00840902408' />
  <node id='-133915' lat='14.77006401536' lon='-17.00840437538' />
  <node id='-133916' lat='14.77006379029' lon='-17.0083997299' />
  <node id='-133917' lat='14.77006332352' lon='-17.0083950822' />
  <node id='-133918' lat='14.77006385662' lon='-17.00839044368' />
  <node id='-133919' lat='14.77006389128' lon='-17.00838580059' />
  <node id='-133920' lat='14.77006504247' lon='-17.00838116775' />
  <node id='-133921' lat='14.77006495287' lon='-17.00837652352' />
  <node id='-133922' lat='14.77006708727' lon='-17.00836261289' />
  <node id='-133923' lat='14.77007449168' lon='-17.00834875068' />
  <node id='-133924' lat='14.77007531313' lon='-17.00834411482' />
  <node id='-133925' lat='14.77007661028' lon='-17.00834110496' />
  <node id='-133926' lat='14.77005847781' lon='-17.00834037484' />
  <node id='-133927' lat='14.76997614337' lon='-17.0083311459' />
  <node id='-133928' lat='14.76989463103' lon='-17.00831606489' />
  <node id='-133929' lat='14.76981465042' lon='-17.00829528678' />
  <node id='-133930' lat='14.76945994885' lon='-17.00817274822' />
  <node id='-133931' lat='14.76931140056' lon='-17.00812142947' />
  <node id='-133932' lat='14.77035653946' lon='-17.00834152096' />
  <node id='-133933' lat='14.77031379054' lon='-17.00833944023' />
  <node id='-133934' lat='14.77027175106' lon='-17.00834020796' />
  <node id='-133935' lat='14.77022771581' lon='-17.00834108305' />
  <node id='-133936' lat='14.77021900946' lon='-17.00834134724' />
  <node id='-133937' lat='14.77015624218' lon='-17.00834362127' />
  <node id='-133938' lat='14.77014913633' lon='-17.00834346749' />
  <node id='-133939' lat='14.77014123704' lon='-17.00834370719' />
  <node id='-133940' lat='14.77011918817' lon='-17.00834281938' />
  <node id='-133941' lat='14.77011892109' lon='-17.0083428136' />
  <node id='-133942' lat='14.77011707204' lon='-17.00834449848' />
  <node id='-133943' lat='14.77011395045' lon='-17.00834911321' />
  <node id='-133944' lat='14.77011279614' lon='-17.00835374602' />
  <node id='-133945' lat='14.7701115624' lon='-17.0083583781' />
  <node id='-133946' lat='14.77011120526' lon='-17.00835957906' />
  <node id='-133947' lat='14.77011005867' lon='-17.0083630077' />
  <node id='-133948' lat='14.77010900851' lon='-17.00836764146' />
  <node id='-133949' lat='14.77010690215' lon='-17.00837226552' />
  <node id='-133950' lat='14.7701055475' lon='-17.00837689649' />
  <node id='-133951' lat='14.77010518837' lon='-17.00838153661' />
  <node id='-133952' lat='14.77010574665' lon='-17.00838618515' />
  <node id='-133953' lat='14.77010638163' lon='-17.0083908344' />
  <node id='-133954' lat='14.77010742334' lon='-17.00839548738' />
  <node id='-133955' lat='14.77010949707' lon='-17.00840014985' />
  <node id='-133956' lat='14.77010969255' lon='-17.00840479506' />
  <node id='-133957' lat='14.77011079132' lon='-17.00840716309' />
  <node id='-133958' lat='14.77011530114' lon='-17.00840813474' />
  <node id='-133959' lat='14.77011770994' lon='-17.00840951213' />
  <node id='-133960' lat='14.77011978996' lon='-17.00841151995' />
  <node id='-133961' lat='14.77012120527' lon='-17.00841418766' />
  <node id='-133962' lat='14.77012230122' lon='-17.00841884114' />
  <node id='-133963' lat='14.77012420962' lon='-17.00842285604' />
  <node id='-133964' lat='14.77012872488' lon='-17.00842320142' />
  <node id='-133965' lat='14.77013325754' lon='-17.00842154797' />
  <node id='-133966' lat='14.77013777042' lon='-17.00842216786' />
  <node id='-133967' lat='14.77014119615' lon='-17.00841901475' />
  <node id='-133968' lat='14.7701423222' lon='-17.00841831645' />
  <node id='-133969' lat='14.77014684653' lon='-17.00841762014' />
  <node id='-133970' lat='14.77015138013' lon='-17.00841585813' />
  <node id='-133971' lat='14.77015589552' lon='-17.00841618898' />
  <node id='-133972' lat='14.77016039073' lon='-17.00841884003' />
  <node id='-133973' lat='14.77016092008' lon='-17.00841919597' />
  <node id='-133974' lat='14.77016255897' lon='-17.00842385445' />
  <node id='-133975' lat='14.77016357641' lon='-17.00842850721' />
  <node id='-133976' lat='14.77016382177' lon='-17.00843315288' />
  <node id='-133977' lat='14.77016428829' lon='-17.00843780058' />
  <node id='-133978' lat='14.77016553812' lon='-17.00844245548' />
  <node id='-133979' lat='14.7701671095' lon='-17.00844711333' />
  <node id='-133980' lat='14.77016844471' lon='-17.00845176901' />
  <node id='-133981' lat='14.77016912938' lon='-17.00845308277' />
  <node id='-133982' lat='14.77017040347' lon='-17.00845643042' />
  <node id='-133983' lat='14.77017344761' lon='-17.00846110181' />
  <node id='-133984' lat='14.77017357596' lon='-17.00846132421' />
  <node id='-133985' lat='14.77017535888' lon='-17.00846576279' />
  <node id='-133986' lat='14.7701780243' lon='-17.00846936291' />
  <node id='-133987' lat='14.7701792022' lon='-17.00847044151' />
  <node id='-133988' lat='14.77018027092' lon='-17.00847509475' />
  <node id='-133989' lat='14.77017985727' lon='-17.00847973436' />
  <node id='-133990' lat='14.77018013408' lon='-17.00848438032' />
  <node id='-133991' lat='14.77017946081' lon='-17.00848901755' />
  <node id='-133992' lat='14.77017849421' lon='-17.00849365208' />
  <node id='-133993' lat='14.77017713179' lon='-17.00849792924' />
  <node id='-133994' lat='14.77017703035' lon='-17.00849828205' />
  <node id='-133995' lat='14.77017554468' lon='-17.00850291181' />
  <node id='-133996' lat='14.77017317527' lon='-17.00850738238' />
  <node id='-133997' lat='14.77017127806' lon='-17.00851215944' />
  <node id='-133998' lat='14.77016857657' lon='-17.00851662672' />
  <node id='-133999' lat='14.77016764493' lon='-17.00852141288' />
  <node id='-134000' lat='14.77016566846' lon='-17.00852603814' />
  <node id='-134001' lat='14.7701651315' lon='-17.00852877698' />
  <node id='-134002' lat='14.7701734268' lon='-17.00852851843' />
  <node id='-134003' lat='14.77019433089' lon='-17.00852786689' />
  <node id='-134004' lat='14.77023211609' lon='-17.00852668918' />
  <node id='-134005' lat='14.77031112602' lon='-17.00852516791' />
  <node id='-134006' lat='14.77038755823' lon='-17.00852895844' />
  <node id='-134007' lat='14.77046357244' lon='-17.00853799562' />
  <node id='-134008' lat='14.77048858792' lon='-17.0085427302' />
  <node id='-134009' lat='14.77053882802' lon='-17.00855223896' />
  <node id='-134010' lat='14.77061298776' lon='-17.00857162463' />
  <node id='-134011' lat='14.77068571935' lon='-17.00859606579' />
  <node id='-134012' lat='14.77076111384' lon='-17.00862728168' />
  <node id='-134013' lat='14.77088427529' lon='-17.00867270671' />
  <node id='-134014' lat='14.77085696463' lon='-17.00874548771' />
  <node id='-134015' lat='14.77152229751' lon='-17.00900705215' />
  <node id='-134016' lat='14.77155434438' lon='-17.00891984614' />
  <node id='-134017' lat='14.77161820418' lon='-17.00874607033' />
  <node id='-134018' lat='14.77165106971' lon='-17.00865663621' />
  <node id='-134019' lat='14.77107116095' lon='-17.00843807214' />
  <node id='-134020' lat='14.77101227381' lon='-17.00852258735' />
  <node id='-134021' lat='14.77082679849' lon='-17.00845417951' />
  <node id='-134022' lat='14.77081005534' lon='-17.00844729428' />
  <node id='-134023' lat='14.77080472125' lon='-17.00844510076' />
  <node id='-134024' lat='14.77074776784' lon='-17.00842168' />
  <node id='-134025' lat='14.7706963159' lon='-17.00840428624' />
  <node id='-134026' lat='14.77066320091' lon='-17.00839323566' />
  <node id='-134027' lat='14.7706146737' lon='-17.00838047759' />
  <node id='-134028' lat='14.77057736047' lon='-17.00837079594' />
  <node id='-134029' lat='14.77052914077' lon='-17.00836160478' />
  <node id='-134030' lat='14.7704902538' lon='-17.0083543058' />
  <node id='-134031' lat='14.77044288722' lon='-17.00834861733' />
  <node id='-134032' lat='14.77040226734' lon='-17.00834383825' />
  <node id='-134033' lat='14.77012128413' lon='-17.01145501034' />
  <node id='-134034' lat='14.77003685055' lon='-17.01175188318' />
  <node id='-134035' lat='14.77039227652' lon='-17.01181939947' />
  <node id='-134036' lat='14.77046748762' lon='-17.01156174682' />
  <node id='-134037' lat='14.77370186402' lon='-17.01295353886' />
  <node id='-134038' lat='14.77370315797' lon='-17.01280508039' />
  <node id='-134039' lat='14.77370843457' lon='-17.01280214487' />
  <node id='-134040' lat='14.77373204994' lon='-17.01278900698' />
  <node id='-134041' lat='14.77369606731' lon='-17.01258200714' />
  <node id='-134042' lat='14.77368740279' lon='-17.01243885103' />
  <node id='-134043' lat='14.77360953325' lon='-17.01244360139' />
  <node id='-134044' lat='14.77360895879' lon='-17.01250948848' />
  <node id='-134045' lat='14.7735959997' lon='-17.01399524767' />
  <node id='-134046' lat='14.77413540265' lon='-17.01399998735' />
  <node id='-134047' lat='14.7740186234' lon='-17.01392210747' />
  <node id='-134048' lat='14.77401308848' lon='-17.01386800272' />
  <node id='-134049' lat='14.77401030082' lon='-17.01384075302' />
  <node id='-134050' lat='14.77396709979' lon='-17.01382371531' />
  <node id='-134051' lat='14.77395636496' lon='-17.01381948168' />
  <node id='-134052' lat='14.77392135636' lon='-17.01368938035' />
  <node id='-134053' lat='14.77384172629' lon='-17.01349340301' />
  <node id='-134054' lat='14.77380373507' lon='-17.01332170075' />
  <node id='-134055' lat='14.77376349422' lon='-17.01313983196' />
  <node id='-134056' lat='14.77371040726' lon='-17.01297936295' />
  <node id='-134057' lat='14.77088720407' lon='-17.01315761722' />
  <node id='-134058' lat='14.77124863615' lon='-17.0131609163' />
  <node id='-134059' lat='14.77125045803' lon='-17.01295207482' />
  <node id='-134060' lat='14.77088902564' lon='-17.01294877608' />
  <node id='-134061' lat='14.77319749925' lon='-17.01306281073' />
  <node id='-134062' lat='14.77319932001' lon='-17.01285396736' />
  <node id='-134063' lat='14.77283788818' lon='-17.01285060873' />
  <node id='-134064' lat='14.77283606773' lon='-17.01305945175' />
  <node id='-134065' lat='14.76968853045' lon='-17.01132158749' />
  <node id='-134066' lat='14.76960060794' lon='-17.01162278644' />
  <node id='-134067' lat='14.76959256789' lon='-17.01166748882' />
  <node id='-134068' lat='14.76994799039' lon='-17.01173501095' />
  <node id='-134069' lat='14.76995245833' lon='-17.01171016717' />
  <node id='-134070' lat='14.77003473406' lon='-17.01142832346' />
  <node id='-134071' lat='14.76894236995' lon='-17.0042266022' />
  <node id='-134072' lat='14.76889917872' lon='-17.00432120963' />
  <node id='-134073' lat='14.76883291277' lon='-17.00441164697' />
  <node id='-134074' lat='14.76877854495' lon='-17.00446260862' />
  <node id='-134075' lat='14.76873198323' lon='-17.00450176642' />
  <node id='-134076' lat='14.7686813638' lon='-17.00456463781' />
  <node id='-134077' lat='14.76860811643' lon='-17.00457188312' />
  <node id='-134078' lat='14.76858528229' lon='-17.004540006' />
  <node id='-134079' lat='14.76857053592' lon='-17.00460075686' />
  <node id='-134080' lat='14.76853734594' lon='-17.00473748984' />
  <node id='-134081' lat='14.76851777388' lon='-17.00483051588' />
  <node id='-134082' lat='14.76848913446' lon='-17.00496663879' />
  <node id='-134083' lat='14.76851929345' lon='-17.00504212624' />
  <node id='-134084' lat='14.76855375078' lon='-17.00506619307' />
  <node id='-134085' lat='14.76858810498' lon='-17.00510213436' />
  <node id='-134086' lat='14.76859494864' lon='-17.00520115882' />
  <node id='-134087' lat='14.76854064942' lon='-17.0052442039' />
  <node id='-134088' lat='14.76847531132' lon='-17.00522777074' />
  <node id='-134089' lat='14.76844040714' lon='-17.00525515984' />
  <node id='-134090' lat='14.76840897632' lon='-17.0053261239' />
  <node id='-134091' lat='14.7683395117' lon='-17.00534132057' />
  <node id='-134092' lat='14.76820089186' lon='-17.0053360906' />
  <node id='-134093' lat='14.76810560109' lon='-17.00522042125' />
  <node id='-134094' lat='14.76808369511' lon='-17.00508167428' />
  <node id='-134095' lat='14.76808472624' lon='-17.00496292998' />
  <node id='-134096' lat='14.76803496597' lon='-17.00492684752' />
  <node id='-134097' lat='14.7679387814' lon='-17.00491409009' />
  <node id='-134098' lat='14.76788090569' lon='-17.0049254347' />
  <node id='-134099' lat='14.76778052592' lon='-17.00495222335' />
  <node id='-134100' lat='14.76773028448' lon='-17.00497155487' />
  <node id='-134101' lat='14.76767643212' lon='-17.00496314411' />
  <node id='-134102' lat='14.76764840018' lon='-17.00486645704' />
  <node id='-134103' lat='14.76756799341' lon='-17.00520740232' />
  <node id='-134104' lat='14.76780571397' lon='-17.00537530486' />
  <node id='-134105' lat='14.76809953524' lon='-17.00537630702' />
  <node id='-134106' lat='14.76829384265' lon='-17.00546923337' />
  <node id='-134107' lat='14.76813956985' lon='-17.00619556441' />
  <node id='-134108' lat='14.76815095281' lon='-17.00619527526' />
  <node id='-134109' lat='14.76816232851' lon='-17.00619578312' />
  <node id='-134110' lat='14.76817364419' lon='-17.00619708562' />
  <node id='-134111' lat='14.76818484733' lon='-17.00619917673' />
  <node id='-134112' lat='14.76819588598' lon='-17.00620204674' />
  <node id='-134113' lat='14.76820670892' lon='-17.00620568233' />
  <node id='-134114' lat='14.76821726592' lon='-17.00621006665' />
  <node id='-134115' lat='14.76822750803' lon='-17.00621517935' />
  <node id='-134116' lat='14.76823738771' lon='-17.00622099671' />
  <node id='-134117' lat='14.76824685913' lon='-17.00622749174' />
  <node id='-134118' lat='14.76825587836' lon='-17.00623463431' />
  <node id='-134119' lat='14.76826440354' lon='-17.00624239129' />
  <node id='-134120' lat='14.76827239513' lon='-17.00625072668' />
  <node id='-134121' lat='14.7683029052' lon='-17.00617564146' />
  <node id='-134122' lat='14.76826121335' lon='-17.00615774932' />
  <node id='-134123' lat='14.76852236514' lon='-17.00551505595' />
  <node id='-134124' lat='14.76856405574' lon='-17.0055329474' />
  <node id='-134125' lat='14.76866310982' lon='-17.00528917283' />
  <node id='-134126' lat='14.76912670513' lon='-17.00414824238' />
  <node id='-134129' lat='14.76891994807' lon='-17.00414722713' />
  <node id='-134130' lat='14.77474753778' lon='-17.01354152736' />
  <node id='-134131' lat='14.77483751859' lon='-17.01354235649' />
  <node id='-134132' lat='14.77484048741' lon='-17.01320202682' />
  <node id='-134133' lat='14.77438835539' lon='-17.01319786143' />
  <node id='-134134' lat='14.77448552373' lon='-17.01332222915' />
  <node id='-134135' lat='14.77455525514' lon='-17.01353975561' />
  <node id='-134136' lat='14.77390820835' lon='-17.0124116663' />
  <node id='-134137' lat='14.77401013938' lon='-17.0127296339' />
  <node id='-134138' lat='14.77418178713' lon='-17.01267151646' />
  <node id='-134139' lat='14.77416585506' lon='-17.01262181721' />
  <node id='-134140' lat='14.77399363566' lon='-17.01238128537' />
  <node id='-134141' lat='14.77396584706' lon='-17.01239338121' />
  <node id='-134142' lat='14.77393732801' lon='-17.01240352358' />
  <node id='-134143' lat='14.77536364617' lon='-17.00923443479' />
  <node id='-134144' lat='14.77536747724' lon='-17.00900214643' />
  <node id='-134145' lat='14.77478920472' lon='-17.00897034547' />
  <node id='-134146' lat='14.77478196222' lon='-17.00910944624' />
  <node id='-134147' lat='14.77522985494' lon='-17.00913407747' />
  <node id='-134148' lat='14.77522832736' lon='-17.00922699302' />
  <node id='-134149' lat='14.77443896804' lon='-17.00909270267' />
  <node id='-134150' lat='14.77410501654' lon='-17.00910142584' />
  <node id='-134151' lat='14.7740946822' lon='-17.00916464976' />
  <node id='-134152' lat='14.77408695864' lon='-17.00923257289' />
  <node id='-134153' lat='14.7740825918' lon='-17.00930081083' />
  <node id='-134154' lat='14.77408159289' lon='-17.00936918847' />
  <node id='-134155' lat='14.77408213599' lon='-17.00939598467' />
  <node id='-134156' lat='14.77408360211' lon='-17.00942274429' />
  <node id='-134157' lat='14.77408628264' lon='-17.00946888022' />
  <node id='-134158' lat='14.77412249847' lon='-17.01009222554' />
  <node id='-134159' lat='14.77438719158' lon='-17.01008708797' />
  <node id='-134160' lat='14.77438882103' lon='-17.01017993919' />
  <node id='-134161' lat='14.77412788865' lon='-17.01018500365' />
  <node id='-134162' lat='14.77417508568' lon='-17.01099740695' />
  <node id='-134163' lat='14.77440410706' lon='-17.01101185648' />
  <node id='-134164' lat='14.77440303553' lon='-17.01110482995' />
  <node id='-134165' lat='14.77418050906' lon='-17.01109076285' />
  <node id='-134166' lat='14.77423228595' lon='-17.01199308466' />
  <node id='-134167' lat='14.77423207945' lon='-17.01199945146' />
  <node id='-134168' lat='14.77434971949' lon='-17.01199733321' />
  <node id='-134169' lat='14.77468690118' lon='-17.00919721785' />
  <node id='-134170' lat='14.77469172955' lon='-17.00910448405' />
  <node id='-134171' lat='14.77451126419' lon='-17.0090945597' />
  <node id='-134172' lat='14.77450643583' lon='-17.00918729342' />
  <node id='-134173' lat='14.77523338685' lon='-17.00652199926' />
  <node id='-134174' lat='14.7751464886' lon='-17.00819121386' />
  <node id='-134175' lat='14.77538056783' lon='-17.00820408578' />
  <node id='-134176' lat='14.77538837945' lon='-17.00772777481' />
  <node id='-134177' lat='14.77540799269' lon='-17.00653159943' />
  <node id='-134178' lat='14.77541959954' lon='-17.00582354085' />
  <node id='-134179' lat='14.77541990184' lon='-17.00580509801' />
  <node id='-134180' lat='14.77542490068' lon='-17.00550010876' />
  <node id='-134181' lat='14.77536115728' lon='-17.00564721356' />
  <node id='-134182' lat='14.77527786457' lon='-17.00574488303' />
  <node id='-134183' lat='14.77514968536' lon='-17.00580989566' />
  <node id='-134184' lat='14.77514681172' lon='-17.00582223411' />
  <node id='-134185' lat='14.77512081262' lon='-17.00593386521' />
  <node id='-134186' lat='14.77506740217' lon='-17.00616319041' />
  <node id='-134187' lat='14.77501524422' lon='-17.00631610994' />
  <node id='-134188' lat='14.77494191777' lon='-17.00644527614' />
  <node id='-134190' lat='14.77491757182' lon='-17.00650463522' />
  <node id='-134191' lat='14.77498471479' lon='-17.00584459293' />
  <node id='-134192' lat='14.77471446949' lon='-17.00585389021' />
  <node id='-134193' lat='14.77471069046' lon='-17.00573787188' />
  <node id='-134194' lat='14.77470691138' lon='-17.00562185354' />
  <node id='-134195' lat='14.77458258573' lon='-17.00562613087' />
  <node id='-134196' lat='14.77456470896' lon='-17.00570379039' />
  <node id='-134197' lat='14.77450213761' lon='-17.00597486712' />
  <node id='-134198' lat='14.7744501192' lon='-17.00620079471' />
  <node id='-134199' lat='14.77446899736' lon='-17.00620664302' />
  <node id='-134200' lat='14.77448744038' lon='-17.00621380933' />
  <node id='-134201' lat='14.77450536123' lon='-17.00622225983' />
  <node id='-134202' lat='14.77452267539' lon='-17.00623195465' />
  <node id='-134203' lat='14.77453930115' lon='-17.00624284806' />
  <node id='-134204' lat='14.77455516011' lon='-17.00625488867' />
  <node id='-134205' lat='14.77457017742' lon='-17.00626801968' />
  <node id='-134206' lat='14.77458428226' lon='-17.00628217913' />
  <node id='-134207' lat='14.77459740808' lon='-17.00629730024' />
  <node id='-134208' lat='14.77460949296' lon='-17.00631331167' />
  <node id='-134209' lat='14.77462047989' lon='-17.00633013788' />
  <node id='-134210' lat='14.77463031704' lon='-17.00634769949' />
  <node id='-134211' lat='14.77463895799' lon='-17.00636591366' />
  <node id='-134212' lat='14.77464636198' lon='-17.00638469446' />
  <node id='-134213' lat='14.7746524941' lon='-17.00640395328' />
  <node id='-134214' lat='14.7746573254' lon='-17.00642359928' />
  <node id='-134215' lat='14.77466083309' lon='-17.00644353978' />
  <node id='-134216' lat='14.77466300063' lon='-17.00646368069' />
  <node id='-134217' lat='14.77466381779' lon='-17.00648392701' />
  <node id='-134218' lat='14.77466328072' lon='-17.00650418321' />
  <node id='-134219' lat='14.77466139195' lon='-17.00652435375' />
  <node id='-134220' lat='14.77465816039' lon='-17.00654434347' />
  <node id='-134221' lat='14.77473761674' lon='-17.00656343471' />
  <node id='-134222' lat='14.77477383656' lon='-17.006492681' />
  <node id='-134223' lat='14.77487232331' lon='-17.00633458327' />
  <node id='-134224' lat='14.77490542367' lon='-17.00625052724' />
  <node id='-134225' lat='14.77492694191' lon='-17.00613128074' />
  <node id='-134226' lat='14.77490976038' lon='-17.00600431314' />
  <node id='-134227' action='modify' lat='14.76575555474' lon='-17.01208749597' />
  <node id='-134228' action='modify' lat='14.76572673906' lon='-17.01222460108' />
  <node id='-134229' lat='14.76618627718' lon='-17.01234907351' />
  <node id='-134230' lat='14.76622193041' lon='-17.01221465301' />
  <node id='-134231' lat='14.76738727317' lon='-17.01046561115' />
  <node id='-134232' lat='14.76746176516' lon='-17.0101836411' />
  <node id='-134233' lat='14.76735042004' lon='-17.01016868309' />
  <node id='-134234' lat='14.76723825364' lon='-17.0101608616' />
  <node id='-134235' lat='14.76710646259' lon='-17.01015964991' />
  <node id='-134236' lat='14.76703148538' lon='-17.01018273711' />
  <node id='-134237' lat='14.76702584892' lon='-17.01018404718' />
  <node id='-134238' lat='14.76702031123' lon='-17.0101857448' />
  <node id='-134239' lat='14.76701489751' lon='-17.01018782225' />
  <node id='-134240' lat='14.76700963241' lon='-17.01019027008' />
  <node id='-134241' lat='14.76700453987' lon='-17.01019307715' />
  <node id='-134242' lat='14.76699964309' lon='-17.01019623068' />
  <node id='-134243' lat='14.76699496433' lon='-17.01019971632' />
  <node id='-134244' lat='14.7669905249' lon='-17.01020351822' />
  <node id='-134245' lat='14.76698399288' lon='-17.01020919757' />
  <node id='-134246' lat='14.76697717959' lon='-17.01021451647' />
  <node id='-134247' lat='14.76697010385' lon='-17.01021946024' />
  <node id='-134248' lat='14.76696317557' lon='-17.01022436236' />
  <node id='-134249' lat='14.7669565681' lon='-17.01022971185' />
  <node id='-134250' lat='14.76695030875' lon='-17.01023548659' />
  <node id='-134251' lat='14.76694442339' lon='-17.01024166271' />
  <node id='-134252' lat='14.76693893635' lon='-17.0102482147' />
  <node id='-134253' lat='14.76693387029' lon='-17.01025511548' />
  <node id='-134254' lat='14.76692924617' lon='-17.01026233652' />
  <node id='-134255' lat='14.76689605739' lon='-17.01032626996' />
  <node id='-134256' lat='14.77451721482' lon='-17.01400375449' />
  <node id='-134257' lat='14.77451883537' lon='-17.01381802968' />
  <node id='-134258' lat='14.7745204458' lon='-17.01372795406' />
  <node id='-134259' lat='14.77437459299' lon='-17.01377733697' />
  <node id='-134260' lat='14.77440599214' lon='-17.01378926315' />
  <node id='-134261' lat='14.77447516782' lon='-17.01387612066' />
  <node id='-134262' lat='14.77447622942' lon='-17.01388416696' />
  <node id='-134263' lat='14.77449197673' lon='-17.01400352189' />
  <node id='-134264' lat='14.77417352473' lon='-17.01336787047' />
  <node id='-134265' lat='14.77431444247' lon='-17.01325158386' />
  <node id='-134266' lat='14.77427380101' lon='-17.0131995661' />
  <node id='-134267' lat='14.77426944245' lon='-17.01318728204' />
  <node id='-134268' lat='14.77408882043' lon='-17.01318107047' />
  <node id='-134269' lat='14.77408764828' lon='-17.01321707032' />
  <node id='-134270' lat='14.77409623846' lon='-17.01324128066' />
  <node id='-134271' lat='14.7741142238' lon='-17.0132919701' />
  <node id='-134272' lat='14.77530304549' lon='-17.01292774547' />
  <node id='-134273' lat='14.77511401729' lon='-17.01292598268' />
  <node id='-134274' lat='14.77511183264' lon='-17.01317340356' />
  <node id='-134275' lat='14.77529898291' lon='-17.01317512778' />
  <node id='-134276' lat='14.77530045616' lon='-17.01308541926' />
  <node id='-134277' lat='14.77518286167' lon='-17.0119914045' />
  <node id='-134278' lat='14.77518124416' lon='-17.01208971538' />
  <node id='-134279' lat='14.77531676728' lon='-17.01209206548' />
  <node id='-134280' lat='14.77531829321' lon='-17.01199912293' />
  <node id='-134281' lat='14.77519916827' lon='-17.01100015972' />
  <node id='-134282' lat='14.77519662297' lon='-17.01115490016' />
  <node id='-134283' lat='14.77533201165' lon='-17.01116344238' />
  <node id='-134284' lat='14.77533312752' lon='-17.01109545929' />
  <node id='-134285' lat='14.77533473491' lon='-17.01099752907' />
  <node id='-134286' lat='14.77534844974' lon='-17.01016184791' />
  <node id='-134287' lat='14.775349955' lon='-17.01007011686' />
  <node id='-134288' lat='14.77534996419' lon='-17.01006955721' />
  <node id='-134289' lat='14.775214582' lon='-17.01006295212' />
  <node id='-134290' lat='14.77521292122' lon='-17.01016394432' />
  <node id='-134291' lat='14.77267907347' lon='-17.00581444556' />
  <node id='-134292' lat='14.77272012951' lon='-17.00581120799' />
  <node id='-134293' lat='14.77276128904' lon='-17.00580998544' />
  <node id='-134294' lat='14.77280245849' lon='-17.00581078071' />
  <node id='-134295' lat='14.77284801711' lon='-17.00581476013' />
  <node id='-134296' lat='14.77289322836' lon='-17.00582176998' />
  <node id='-134297' lat='14.77293790159' lon='-17.00583178072' />
  <node id='-134298' lat='14.77301702746' lon='-17.00585108898' />
  <node id='-134299' lat='14.77317977288' lon='-17.00589052983' />
  <node id='-134300' lat='14.77323299979' lon='-17.00565855724' />
  <node id='-134301' lat='14.77329387128' lon='-17.0053939456' />
  <node id='-134302' lat='14.77320468409' lon='-17.00537191747' />
  <node id='-134303' lat='14.77294642496' lon='-17.0055600187' />
  <node id='-134304' lat='14.77286807999' lon='-17.00556282898' />
  <node id='-134305' lat='14.77262962215' lon='-17.00558779237' />
  <node id='-134306' lat='14.77262268795' lon='-17.00558962924' />
  <node id='-134307' lat='14.77366317958' lon='-17.00538835071' />
  <node id='-134308' lat='14.77366378815' lon='-17.00538847669' />
  <node id='-134309' lat='14.7736644037' lon='-17.00538855943' />
  <node id='-134310' lat='14.77366502332' lon='-17.00538859854' />
  <node id='-134311' lat='14.7736656441' lon='-17.00538859383' />
  <node id='-134312' lat='14.77366626309' lon='-17.00538854533' />
  <node id='-134313' lat='14.77366687738' lon='-17.00538845327' />
  <node id='-134314' lat='14.77366748408' lon='-17.00538831808' />
  <node id='-134315' lat='14.77366808031' lon='-17.00538814039' />
  <node id='-134316' lat='14.77366866326' lon='-17.00538792106' />
  <node id='-134317' lat='14.77366923018' lon='-17.00538766111' />
  <node id='-134318' lat='14.7736697784' lon='-17.00538736177' />
  <node id='-134319' lat='14.77367030532' lon='-17.00538702445' />
  <node id='-134320' lat='14.77367080847' lon='-17.00538665074' />
  <node id='-134321' lat='14.77367128546' lon='-17.00538624242' />
  <node id='-134322' lat='14.77367173405' lon='-17.0053858014' />
  <node id='-134323' lat='14.77367215212' lon='-17.00538532977' />
  <node id='-134324' lat='14.77367253768' lon='-17.00538482975' />
  <node id='-134325' lat='14.77367288894' lon='-17.0053843037' />
  <node id='-134326' lat='14.77367320422' lon='-17.00538375411' />
  <node id='-134327' lat='14.7739702945' lon='-17.00482266653' />
  <node id='-134328' lat='14.77399582136' lon='-17.00468670381' />
  <node id='-134329' lat='14.77373834085' lon='-17.00463564553' />
  <node id='-134330' lat='14.77329665665' lon='-17.00508984949' />
  <node id='-134331' lat='14.77321660089' lon='-17.0051429582' />
  <node id='-134332' lat='14.77306441693' lon='-17.00520195614' />
  <node id='-134333' lat='14.77293811174' lon='-17.0051978033' />
  <node id='-134334' lat='14.77278990845' lon='-17.00512892894' />
  <node id='-134335' lat='14.77270345444' lon='-17.00503420648' />
  <node id='-134336' lat='14.77264604713' lon='-17.00487780572' />
  <node id='-134337' lat='14.77265008775' lon='-17.00474800071' />
  <node id='-134338' lat='14.77268470632' lon='-17.00466932286' />
  <node id='-134339' lat='14.77274560901' lon='-17.00460597392' />
  <node id='-134340' lat='14.77260175139' lon='-17.00460843878' />
  <node id='-134341' lat='14.77253308822' lon='-17.00471054897' />
  <node id='-134342' lat='14.77247165999' lon='-17.00476048019' />
  <node id='-134343' lat='14.77240996101' lon='-17.00481552219' />
  <node id='-134344' lat='14.77240294589' lon='-17.00485894944' />
  <node id='-134345' lat='14.77244910247' lon='-17.00508621613' />
  <node id='-134346' lat='14.77273406068' lon='-17.00525585386' />
  <node id='-134347' lat='14.77288226392' lon='-17.00532472827' />
  <node id='-134348' lat='14.77302324344' lon='-17.00539024573' />
  <node id='-134349' lat='14.77318245154' lon='-17.00527428746' />
  <node id='-134350' lat='14.77318294421' lon='-17.00527395293' />
  <node id='-134351' lat='14.77318345709' lon='-17.00527365218' />
  <node id='-134352' lat='14.77318398798' lon='-17.0052733865' />
  <node id='-134353' lat='14.77318453463' lon='-17.00527315703' />
  <node id='-134354' lat='14.77318509469' lon='-17.00527296473' />
  <node id='-134355' lat='14.77318566578' lon='-17.00527281044' />
  <node id='-134356' lat='14.77318624545' lon='-17.00527269481' />
  <node id='-134357' lat='14.77318683123' lon='-17.00527261834' />
  <node id='-134358' lat='14.77318742062' lon='-17.00527258134' />
  <node id='-134359' lat='14.77318801111' lon='-17.00527258399' />
  <node id='-134360' lat='14.77318860016' lon='-17.00527262627' />
  <node id='-134361' lat='14.77318918528' lon='-17.005272708' />
  <node id='-134362' lat='14.77318976394' lon='-17.00527282882' />
  <node id='-134363' lat='14.77197827437' lon='-17.00595870695' />
  <node id='-134364' lat='14.77215721005' lon='-17.00618608159' />
  <node id='-134365' lat='14.77218101335' lon='-17.00614373789' />
  <node id='-134366' lat='14.77220759917' lon='-17.00610318047' />
  <node id='-134367' lat='14.77223684112' lon='-17.00606460215' />
  <node id='-134368' lat='14.7722686002' lon='-17.0060281863' />
  <node id='-134369' lat='14.77230272543' lon='-17.00599410604' />
  <node id='-134370' lat='14.77233905459' lon='-17.00596252339' />
  <node id='-134371' lat='14.77237741497' lon='-17.00593358847' />
  <node id='-134372' lat='14.77227241667' lon='-17.00572858651' />
  <node id='-134373' lat='14.77224158462' lon='-17.00574526535' />
  <node id='-134374' lat='14.77216101647' lon='-17.00582221791' />
  <node id='-134375' lat='14.774520372' lon='-17.0053006005' />
  <node id='-134376' lat='14.7748120837' lon='-17.00515264336' />
  <node id='-134377' lat='14.77486526323' lon='-17.0049731282' />
  <node id='-134378' lat='14.77458373093' lon='-17.00480563302' />
  <node id='-134379' lat='14.77408454681' lon='-17.00470429807' />
  <node id='-134380' lat='14.77405301533' lon='-17.00486072891' />
  <node id='-134381' lat='14.77376665404' lon='-17.0054015536' />
  <node id='-134382' lat='14.7737663789' lon='-17.00540211812' />
  <node id='-134383' lat='14.77376614173' lon='-17.00540270055' />
  <node id='-134384' lat='14.77376594361' lon='-17.0054032982' />
  <node id='-134385' lat='14.77376578547' lon='-17.0054039083' />
  <node id='-134386' lat='14.77376566802' lon='-17.00540452804' />
  <node id='-134387' lat='14.77376559183' lon='-17.00540515454' />
  <node id='-134388' lat='14.77376555723' lon='-17.00540578492' />
  <node id='-134389' lat='14.77376556439' lon='-17.00540641625' />
  <node id='-134390' lat='14.77376561327' lon='-17.00540704563' />
  <node id='-134391' lat='14.77376570366' lon='-17.00540767014' />
  <node id='-134392' lat='14.77376583512' lon='-17.00540828689' />
  <node id='-134393' lat='14.77376600706' lon='-17.00540889304' />
  <node id='-134394' lat='14.77376621868' lon='-17.00540948578' />
  <node id='-134395' lat='14.773766469' lon='-17.00541006237' />
  <node id='-134396' lat='14.77376675686' lon='-17.00541062015' />
  <node id='-134397' lat='14.77376708093' lon='-17.00541115654' />
  <node id='-134398' lat='14.77376743972' lon='-17.00541166906' />
  <node id='-134399' lat='14.77376783157' lon='-17.00541215534' />
  <node id='-134400' lat='14.77376825466' lon='-17.00541261313' />
  <node id='-134401' lat='14.77376870704' lon='-17.00541304031' />
  <node id='-134402' lat='14.77376918662' lon='-17.00541343492' />
  <node id='-134403' lat='14.77376969118' lon='-17.00541379513' />
  <node id='-134404' lat='14.7737702184' lon='-17.00541411927' />
  <node id='-134405' lat='14.77377076582' lon='-17.00541440585' />
  <node id='-134406' lat='14.77377133093' lon='-17.00541465354' />
  <node id='-134407' lat='14.7737719111' lon='-17.00541486119' />
  <node id='-134408' lat='14.77377250367' lon='-17.00541502784' />
  <node id='-134409' lat='14.77423876734' lon='-17.00552880534' />
  <node id='-134410' lat='14.76971834582' lon='-17.00507509239' />
  <node id='-134411' lat='14.76951535666' lon='-17.00502896584' />
  <node id='-134412' lat='14.76942892539' lon='-17.00543065652' />
  <node id='-134413' lat='14.76941770922' lon='-17.00548279528' />
  <node id='-134414' lat='14.76962069824' lon='-17.00552892221' />
  <node id='-134415' lat='14.77542616499' lon='-17.00542296657' />
  <node id='-134416' lat='14.77543249003' lon='-17.00503702094' />
  <node id='-134417' lat='14.77543568601' lon='-17.00484199076' />
  <node id='-134418' lat='14.77518482646' lon='-17.00502081454' />
  <node id='-134419' lat='14.77524707716' lon='-17.00510053211' />
  <node id='-134420' lat='14.7753420049' lon='-17.00522794552' />
  <node id='-134421' lat='14.77540509018' lon='-17.00535931563' />
  <node id='-134422' action='modify' lat='14.76695099004' lon='-17.00610928464' />
  <node id='-134430' action='modify' lat='14.76665252521' lon='-17.00733453705' />
  <node id='-134431' action='modify' lat='14.76678401592' lon='-17.00736834396' />
  <node id='-134439' action='modify' lat='14.76708241909' lon='-17.00614335467' />
  <node id='-134440' lat='14.76742317128' lon='-17.00774700628' />
  <node id='-134441' lat='14.76722789992' lon='-17.0085492086' />
  <node id='-134442' lat='14.76722764133' lon='-17.00855044958' />
  <node id='-134443' lat='14.76722746581' lon='-17.00855170582' />
  <node id='-134444' lat='14.76722737419' lon='-17.00855297144' />
  <node id='-134445' lat='14.76722736688' lon='-17.00855424054' />
  <node id='-134446' lat='14.76722744392' lon='-17.00855550718' />
  <node id='-134447' lat='14.76722760496' lon='-17.00855676547' />
  <node id='-134448' lat='14.76722784924' lon='-17.00855800951' />
  <node id='-134449' lat='14.76722817562' lon='-17.00855923351' />
  <node id='-134450' lat='14.76722858257' lon='-17.00856043174' />
  <node id='-134451' lat='14.7672290682' lon='-17.00856159861' />
  <node id='-134452' lat='14.76722963024' lon='-17.00856272867' />
  <node id='-134453' lat='14.76723026606' lon='-17.00856381665' />
  <node id='-134454' lat='14.7672309727' lon='-17.00856485747' />
  <node id='-134455' lat='14.76723174686' lon='-17.00856584626' />
  <node id='-134456' lat='14.76723258491' lon='-17.00856677841' />
  <node id='-134457' lat='14.76723348296' lon='-17.00856764957' />
  <node id='-134458' lat='14.76723443679' lon='-17.00856845566' />
  <node id='-134459' lat='14.76723544197' lon='-17.00856919293' />
  <node id='-134460' lat='14.7672364938' lon='-17.00856985793' />
  <node id='-134461' lat='14.76723758736' lon='-17.00857044756' />
  <node id='-134462' lat='14.76723871755' lon='-17.00857095907' />
  <node id='-134463' lat='14.76723987909' lon='-17.00857139005' />
  <node id='-134464' lat='14.76724106657' lon='-17.00857173851' />
  <node id='-134465' lat='14.76724227442' lon='-17.00857200282' />
  <node id='-134466' lat='14.76724349702' lon='-17.00857218174' />
  <node id='-134467' lat='14.76724472866' lon='-17.00857227443' />
  <node id='-134468' lat='14.76724596358' lon='-17.00857228047' />
  <node id='-134469' lat='14.76724719601' lon='-17.00857219982' />
  <node id='-134470' lat='14.76724842021' lon='-17.00857203286' />
  <node id='-134471' lat='14.76724963046' lon='-17.00857178038' />
  <node id='-134472' lat='14.76725082111' lon='-17.00857144355' />
  <node id='-134473' lat='14.76725198659' lon='-17.00857102393' />
  <node id='-134474' lat='14.76725312146' lon='-17.00857052351' />
  <node id='-134475' lat='14.76725422043' lon='-17.0085699446' />
  <node id='-134476' lat='14.76725527837' lon='-17.00856928991' />
  <node id='-134477' lat='14.76725629032' lon='-17.0085685625' />
  <node id='-134478' lat='14.76725725158' lon='-17.00856776577' />
  <node id='-134479' lat='14.76725815765' lon='-17.00856690343' />
  <node id='-134480' lat='14.7672590043' lon='-17.00856597951' />
  <node id='-134481' lat='14.76725978757' lon='-17.00856499834' />
  <node id='-134482' lat='14.76726050381' lon='-17.00856396448' />
  <node id='-134483' lat='14.76726114968' lon='-17.00856288276' />
  <node id='-134484' lat='14.76726172215' lon='-17.00856175824' />
  <node id='-134485' lat='14.76726221856' lon='-17.00856059617' />
  <node id='-134486' lat='14.76726263659' lon='-17.00855940197' />
  <node id='-134487' lat='14.76752979832' lon='-17.00770566973' />
  <node id='-134488' lat='14.76753000308' lon='-17.00770505278' />
  <node id='-134489' lat='14.76753022877' lon='-17.00770444359' />
  <node id='-134490' lat='14.7680279196' lon='-17.00642887181' />
  <node id='-134491' lat='14.76802447535' lon='-17.00642113734' />
  <node id='-134492' lat='14.76802149688' lon='-17.00641320126' />
  <node id='-134493' lat='14.76801899529' lon='-17.00640509314' />
  <node id='-134494' lat='14.76776578893' lon='-17.00633945442' />
  <node id='-134495' lat='14.7677268397' lon='-17.00649946871' />
  <node id='-134496' lat='14.76744753384' lon='-17.00764692058' />
  <node id='-134498' lat='14.77075605818' lon='-17.01265288439' />
  <node id='-134499' lat='14.77074998537' lon='-17.01334934085' />
  <node id='-134500' lat='14.77079516291' lon='-17.01334975694' />
  <node id='-134501' action='modify' lat='14.77080123718' lon='-17.01265330039' />
  <node id='-134502' lat='14.76956572252' lon='-17.01258315928' />
  <node id='-134503' lat='14.76955751063' lon='-17.01262881794' />
  <node id='-134504' lat='14.77022393446' lon='-17.01275540825' />
  <node id='-134505' lat='14.77023214611' lon='-17.0127097509' />
  <node id='-134506' lat='14.7700760256' lon='-17.01268009467' />
  <node id='-134507' lat='14.77300858512' lon='-17.01126600626' />
  <node id='-134508' lat='14.77282977004' lon='-17.01123908706' />
  <node id='-134509' lat='14.7728232217' lon='-17.01128502955' />
  <node id='-134510' lat='14.77281667335' lon='-17.01133097205' />
  <node id='-134511' lat='14.77281012499' lon='-17.01137691454' />
  <node id='-134512' lat='14.77284215329' lon='-17.01138173616' />
  <node id='-134513' lat='14.77285482875' lon='-17.01138364436' />
  <node id='-134514' lat='14.77287718063' lon='-17.01138700927' />
  <node id='-134515' lat='14.77291584132' lon='-17.01139282935' />
  <node id='-134516' lat='14.77292188439' lon='-17.01139373909' />
  <node id='-134517' lat='14.77294423627' lon='-17.01139710401' />
  <node id='-134518' lat='14.77296658815' lon='-17.01140046892' />
  <node id='-134519' lat='14.77298894004' lon='-17.01140383384' />
  <node id='-134520' lat='14.77299548841' lon='-17.01135789132' />
  <node id='-134521' lat='14.77365791516' lon='-17.01210905218' />
  <node id='-134522' lat='14.77366116859' lon='-17.01215536458' />
  <node id='-134523' lat='14.77366123855' lon='-17.01215636042' />
  <node id='-134524' lat='14.77366439586' lon='-17.01220130465' />
  <node id='-134525' lat='14.77366442201' lon='-17.01220167697' />
  <node id='-134526' lat='14.77367092882' lon='-17.01229430176' />
  <node id='-134527' lat='14.77371599234' lon='-17.0122909582' />
  <node id='-134528' lat='14.77376105586' lon='-17.01228761464' />
  <node id='-134529' lat='14.77380611937' lon='-17.01228427108' />
  <node id='-134530' lat='14.77380449268' lon='-17.01226111486' />
  <node id='-134531' lat='14.77380337865' lon='-17.01224525666' />
  <node id='-134532' lat='14.77380206132' lon='-17.01222650436' />
  <node id='-134533' lat='14.77380123927' lon='-17.01221480244' />
  <node id='-134534' lat='14.77379725893' lon='-17.01215814215' />
  <node id='-134535' lat='14.77379635915' lon='-17.01214533381' />
  <node id='-134536' lat='14.77379473243' lon='-17.0121221776' />
  <node id='-134537' lat='14.77379310572' lon='-17.01209902138' />
  <node id='-134538' lat='14.7737480422' lon='-17.01210236498' />
  <node id='-134539' lat='14.77212620808' lon='-17.01222722227' />
  <node id='-134540' lat='14.77212783476' lon='-17.01225037831' />
  <node id='-134541' lat='14.77212946144' lon='-17.01227353435' />
  <node id='-134542' lat='14.77213108811' lon='-17.01229669038' />
  <node id='-134543' lat='14.77213228308' lon='-17.01231370088' />
  <node id='-134544' lat='14.77213588158' lon='-17.01236492642' />
  <node id='-134545' lat='14.77213596813' lon='-17.01236615849' />
  <node id='-134546' lat='14.7721375948' lon='-17.01238931452' />
  <node id='-134547' lat='14.77213922146' lon='-17.01241247056' />
  <node id='-134548' lat='14.77218428499' lon='-17.01240912709' />
  <node id='-134549' lat='14.77222934851' lon='-17.01240578363' />
  <node id='-134550' lat='14.77227441203' lon='-17.01240244016' />
  <node id='-134551' lat='14.77227164236' lon='-17.01236301301' />
  <node id='-134552' lat='14.7722711587' lon='-17.01235612806' />
  <node id='-134553' lat='14.77227052707' lon='-17.01234713665' />
  <node id='-134554' lat='14.77226383263' lon='-17.01225183984' />
  <node id='-134555' lat='14.77226302534' lon='-17.01224034781' />
  <node id='-134556' lat='14.77226139866' lon='-17.01221719176' />
  <node id='-134557' lat='14.77259811326' lon='-17.01238502408' />
  <node id='-134558' lat='14.77262515289' lon='-17.01238303728' />
  <node id='-134559' lat='14.77264317931' lon='-17.01238171274' />
  <node id='-134560' lat='14.77265219251' lon='-17.01238105047' />
  <node id='-134561' lat='14.77263186548' lon='-17.01207384105' />
  <node id='-134562' lat='14.77262461182' lon='-17.0119642156' />
  <node id='-134563' lat='14.77261559648' lon='-17.01196484564' />
  <node id='-134564' lat='14.77257051976' lon='-17.01196799585' />
  <node id='-134565' lat='14.7725720524' lon='-17.01199115871' />
  <node id='-134566' lat='14.77257358503' lon='-17.01201432157' />
  <node id='-134567' lat='14.77257511767' lon='-17.01203748443' />
  <node id='-134568' lat='14.7725766503' lon='-17.01206064729' />
  <node id='-134569' lat='14.77257818292' lon='-17.01208381015' />
  <node id='-134570' lat='14.77257971555' lon='-17.01210697301' />
  <node id='-134571' lat='14.77258124817' lon='-17.01213013588' />
  <node id='-134572' lat='14.77258278079' lon='-17.01215329874' />
  <node id='-134573' lat='14.77258431341' lon='-17.0121764616' />
  <node id='-134574' lat='14.77258584602' lon='-17.01219962446' />
  <node id='-134575' lat='14.77258737864' lon='-17.01222278732' />
  <node id='-134576' lat='14.77258891125' lon='-17.01224595018' />
  <node id='-134577' lat='14.77259030549' lon='-17.01226702181' />
  <node id='-134578' lat='14.77259044386' lon='-17.01226911304' />
  <node id='-134579' lat='14.77259197646' lon='-17.0122922759' />
  <node id='-134580' lat='14.77259350907' lon='-17.01231543877' />
  <node id='-134581' lat='14.77259504167' lon='-17.01233860163' />
  <node id='-134582' lat='14.77259657427' lon='-17.01236176449' />
  <node id='-134583' lat='14.77259810686' lon='-17.01238492735' />
  <node id='-134584' lat='14.77253565331' lon='-17.01131106946' />
  <node id='-134585' lat='14.77251770796' lon='-17.01132517161' />
  <node id='-134586' lat='14.77249976262' lon='-17.01133927376' />
  <node id='-134587' lat='14.77248181727' lon='-17.0113533759' />
  <node id='-134588' lat='14.77246387192' lon='-17.01136747804' />
  <node id='-134589' lat='14.77244592657' lon='-17.01138158018' />
  <node id='-134590' lat='14.77243135485' lon='-17.01139303119' />
  <node id='-134591' lat='14.77242798123' lon='-17.01139568231' />
  <node id='-134592' lat='14.7724275797' lon='-17.01139599785' />
  <node id='-134593' lat='14.77241003588' lon='-17.01140978445' />
  <node id='-134594' lat='14.77239209053' lon='-17.01142388658' />
  <node id='-134595' lat='14.77244697823' lon='-17.01149765689' />
  <node id='-134596' lat='14.77247442207' lon='-17.01153454205' />
  <node id='-134597' lat='14.77249236742' lon='-17.01152043993' />
  <node id='-134598' lat='14.77251031278' lon='-17.0115063378' />
  <node id='-134599' lat='14.77252825813' lon='-17.01149223567' />
  <node id='-134600' lat='14.77254620349' lon='-17.01147813353' />
  <node id='-134601' lat='14.77256414884' lon='-17.0114640314' />
  <node id='-134602' lat='14.7725771723' lon='-17.01145379707' />
  <node id='-134603' lat='14.77259380574' lon='-17.01144072589' />
  <node id='-134604' lat='14.77260003954' lon='-17.01143582712' />
  <node id='-134605' lat='14.7726179849' lon='-17.01142172498' />
  <node id='-134606' lat='14.77097752284' lon='-17.01149262755' />
  <node id='-134607' lat='14.77092083083' lon='-17.01147169151' />
  <node id='-134608' lat='14.77091374433' lon='-17.01146907451' />
  <node id='-134609' lat='14.77089248482' lon='-17.0114612235' />
  <node id='-134610' lat='14.77086033816' lon='-17.01144935193' />
  <node id='-134611' lat='14.7708499658' lon='-17.01144552148' />
  <node id='-134612' lat='14.7708287063' lon='-17.01143767048' />
  <node id='-134613' lat='14.77080744679' lon='-17.01142981947' />
  <node id='-134614' lat='14.770792168' lon='-17.01147351626' />
  <node id='-134615' lat='14.77077688921' lon='-17.01151721305' />
  <node id='-134616' lat='14.7707616104' lon='-17.01156090983' />
  <node id='-134617' lat='14.77078286991' lon='-17.01156876084' />
  <node id='-134618' lat='14.77080412941' lon='-17.01157661185' />
  <node id='-134619' lat='14.77082538891' lon='-17.01158446287' />
  <node id='-134620' lat='14.77084664841' lon='-17.01159231389' />
  <node id='-134621' lat='14.77086790791' lon='-17.01160016491' />
  <node id='-134622' lat='14.77088916741' lon='-17.01160801593' />
  <node id='-134623' lat='14.77091042691' lon='-17.01161586696' />
  <node id='-134624' lat='14.77093168641' lon='-17.01162371798' />
  <node id='-134625' lat='14.77141487634' lon='-17.01033390862' />
  <node id='-134626' lat='14.7713723262' lon='-17.0103182958' />
  <node id='-134627' lat='14.77135199303' lon='-17.010310835' />
  <node id='-134628' lat='14.77135105113' lon='-17.01031048939' />
  <node id='-134629' lat='14.77132977605' lon='-17.01030268299' />
  <node id='-134630' lat='14.77130092292' lon='-17.01029209599' />
  <node id='-134631' lat='14.7712872259' lon='-17.01028707018' />
  <node id='-134632' lat='14.77126595083' lon='-17.01027926378' />
  <node id='-134633' lat='14.77124467575' lon='-17.01027145739' />
  <node id='-134634' lat='14.7712294838' lon='-17.01031518626' />
  <node id='-134635' lat='14.77121429184' lon='-17.01035891513' />
  <node id='-134636' lat='14.77119909988' lon='-17.010402644' />
  <node id='-134637' lat='14.77122037495' lon='-17.0104104504' />
  <node id='-134638' lat='14.77124165002' lon='-17.01041825681' />
  <node id='-134639' lat='14.77126292509' lon='-17.01042606323' />
  <node id='-134640' lat='14.77128420016' lon='-17.01043386964' />
  <node id='-134641' lat='14.77130547523' lon='-17.01044167606' />
  <node id='-134642' lat='14.77132675029' lon='-17.01044948247' />
  <node id='-134643' lat='14.77134539016' lon='-17.01045632196' />
  <node id='-134644' lat='14.77134802536' lon='-17.01045728889' />
  <node id='-134645' lat='14.77136930043' lon='-17.01046509531' />
  <node id='-134646' lat='14.77138449241' lon='-17.01042136642' />
  <node id='-134647' lat='14.77139968438' lon='-17.01037763753' />
  <node id='-134648' lat='14.77159673651' lon='-17.00984271943' />
  <node id='-134649' lat='14.77154233666' lon='-17.00982160508' />
  <node id='-134650' lat='14.77153333607' lon='-17.00981811166' />
  <node id='-134651' lat='14.77151220259' lon='-17.00980990908' />
  <node id='-134652' lat='14.7714859761' lon='-17.00979972974' />
  <node id='-134653' lat='14.77146993563' lon='-17.00979350391' />
  <node id='-134654' lat='14.77144880214' lon='-17.00978530133' />
  <node id='-134655' lat='14.77142766866' lon='-17.00977709876' />
  <node id='-134656' lat='14.77139574278' lon='-17.00986397452' />
  <node id='-134657' lat='14.77137977983' lon='-17.00990741239' />
  <node id='-134658' lat='14.77140091331' lon='-17.00991561498' />
  <node id='-134659' lat='14.77142204678' lon='-17.00992381757' />
  <node id='-134660' lat='14.77144318026' lon='-17.00993202016' />
  <node id='-134661' lat='14.77146431374' lon='-17.00994022275' />
  <node id='-134662' lat='14.77148544721' lon='-17.00994842534' />
  <node id='-134663' lat='14.77149295338' lon='-17.00995133874' />
  <node id='-134664' lat='14.77151430183' lon='-17.00995962477' />
  <node id='-134665' lat='14.77152771416' lon='-17.00996483054' />
  <node id='-134666' lat='14.77154884763' lon='-17.00997303314' />
  <node id='-134667' lat='14.7715648106' lon='-17.00992959524' />
  <node id='-134668' lat='14.77210661816' lon='-17.00949086578' />
  <node id='-134669' lat='14.7720757504' lon='-17.0095193622' />
  <node id='-134670' lat='14.7720730069' lon='-17.00952189494' />
  <node id='-134671' lat='14.77205620127' lon='-17.00953740952' />
  <node id='-134672' lat='14.77203939563' lon='-17.0095529241' />
  <node id='-134673' lat='14.77199491523' lon='-17.00959398737' />
  <node id='-134674' lat='14.77198897874' lon='-17.00959946781' />
  <node id='-134675' lat='14.7719721731' lon='-17.00961498237' />
  <node id='-134676' lat='14.77200236572' lon='-17.00964952487' />
  <node id='-134677' lat='14.77203255834' lon='-17.00968406737' />
  <node id='-134678' lat='14.77206275094' lon='-17.00971860988' />
  <node id='-134679' lat='14.77207955659' lon='-17.00970309532' />
  <node id='-134680' lat='14.77209636223' lon='-17.00968758076' />
  <node id='-134681' lat='14.77211316786' lon='-17.00967206619' />
  <node id='-134682' lat='14.77219719605' lon='-17.00959449332' />
  <node id='-134683' lat='14.77216700343' lon='-17.0095599508' />
  <node id='-134684' lat='14.7721564617' lon='-17.00831959457' />
  <node id='-134685' lat='14.77209662691' lon='-17.00829637114' />
  <node id='-134686' lat='14.77209306105' lon='-17.00829498714' />
  <node id='-134687' lat='14.7720719275' lon='-17.00828678467' />
  <node id='-134688' lat='14.77203496372' lon='-17.00827243808' />
  <node id='-134689' lat='14.7720296604' lon='-17.00827037973' />
  <node id='-134690' lat='14.77200852685' lon='-17.00826217726' />
  <node id='-134691' lat='14.7719873933' lon='-17.0082539748' />
  <node id='-134692' lat='14.77197143062' lon='-17.00829741294' />
  <node id='-134693' lat='14.77193950524' lon='-17.0083842892' />
  <node id='-134694' lat='14.77196870662' lon='-17.008395623' />
  <node id='-134695' lat='14.77198177234' lon='-17.00840069415' />
  <node id='-134696' lat='14.77200290588' lon='-17.00840889663' />
  <node id='-134697' lat='14.77202403943' lon='-17.00841709911' />
  <node id='-134698' lat='14.77204517297' lon='-17.00842530159' />
  <node id='-134699' lat='14.77205023536' lon='-17.00842726644' />
  <node id='-134700' lat='14.77207947322' lon='-17.00843861442' />
  <node id='-134701' lat='14.77208744006' lon='-17.00844170656' />
  <node id='-134702' lat='14.7721085736' lon='-17.00844990905' />
  <node id='-134703' lat='14.77212453631' lon='-17.0084064709' />
  <node id='-134704' lat='14.77269412488' lon='-17.00830842209' />
  <node id='-134705' lat='14.77269105028' lon='-17.00833142248' />
  <node id='-134706' lat='14.77268797567' lon='-17.00835442286' />
  <node id='-134707' lat='14.77268490106' lon='-17.00837742324' />
  <node id='-134708' lat='14.77268182644' lon='-17.00840042362' />
  <node id='-134709' lat='14.77267875183' lon='-17.008423424' />
  <node id='-134710' lat='14.77267567721' lon='-17.00844642438' />
  <node id='-134711' lat='14.77267260259' lon='-17.00846942475' />
  <node id='-134712' lat='14.77266952797' lon='-17.00849242513' />
  <node id='-134713' lat='14.77271428846' lon='-17.00849874477' />
  <node id='-134714' lat='14.77275904894' lon='-17.00850506441' />
  <node id='-134715' lat='14.77280380943' lon='-17.00851138405' />
  <node id='-134716' lat='14.77280995868' lon='-17.00846538327' />
  <node id='-134717' lat='14.7728099706' lon='-17.0084652941' />
  <node id='-134718' lat='14.7728130333' lon='-17.00844238288' />
  <node id='-134719' lat='14.77281610792' lon='-17.00841938248' />
  <node id='-134720' lat='14.77281701891' lon='-17.00841256755' />
  <node id='-134721' lat='14.77281918253' lon='-17.00839638209' />
  <node id='-134722' lat='14.77282225715' lon='-17.0083733817' />
  <node id='-134723' lat='14.77282533176' lon='-17.0083503813' />
  <node id='-134724' lat='14.77282840637' lon='-17.0083273809' />
  <node id='-134725' lat='14.77278364587' lon='-17.0083210613' />
  <node id='-134726' lat='14.7728563727' lon='-17.0098568873' />
  <node id='-134727' lat='14.7728591289' lon='-17.00987993027' />
  <node id='-134728' lat='14.77285963931' lon='-17.00988419748' />
  <node id='-134729' lat='14.77286188511' lon='-17.00990297323' />
  <node id='-134730' lat='14.77286464131' lon='-17.0099260162' />
  <node id='-134731' lat='14.77286519255' lon='-17.00993062479' />
  <node id='-134732' lat='14.77286739751' lon='-17.00994905917' />
  <node id='-134733' lat='14.77287015371' lon='-17.00997210213' />
  <node id='-134734' lat='14.77287261978' lon='-17.00999271952' />
  <node id='-134735' lat='14.77287290991' lon='-17.0099951451' />
  <node id='-134736' lat='14.7728756661' lon='-17.01001818807' />
  <node id='-134737' lat='14.77287842229' lon='-17.01004123104' />
  <node id='-134738' lat='14.77292326562' lon='-17.01003556591' />
  <node id='-134739' lat='14.77296810895' lon='-17.01002990078' />
  <node id='-134740' lat='14.77301295228' lon='-17.01002423565' />
  <node id='-134741' lat='14.77301019609' lon='-17.01000119267' />
  <node id='-134742' lat='14.7730074399' lon='-17.00997814968' />
  <node id='-134743' lat='14.7730046837' lon='-17.0099551067' />
  <node id='-134744' lat='14.77299825819' lon='-17.00990138671' />
  <node id='-134745' lat='14.7729964151' lon='-17.00988597776' />
  <node id='-134746' lat='14.7729936589' lon='-17.00986293478' />
  <node id='-134747' lat='14.77299090269' lon='-17.0098398918' />
  <node id='-134748' lat='14.77413520522' lon='-17.00645820838' />
  <node id='-134749' lat='14.77414966655' lon='-17.00639561605' />
  <node id='-134750' lat='14.7741508618' lon='-17.0063904427' />
  <node id='-134751' lat='14.77415376116' lon='-17.0063778935' />
  <node id='-134752' lat='14.77416361921' lon='-17.00633522529' />
  <node id='-134753' lat='14.77416651836' lon='-17.00632267701' />
  <node id='-134754' lat='14.77417173722' lon='-17.00630008844' />
  <node id='-134755' lat='14.77417695606' lon='-17.00627749987' />
  <node id='-134756' lat='14.77413299729' lon='-17.00626677288' />
  <node id='-134757' lat='14.77408903852' lon='-17.0062560459' />
  <node id='-134758' lat='14.77404507974' lon='-17.00624531893' />
  <node id='-134759' lat='14.7740398609' lon='-17.00626790749' />
  <node id='-134760' lat='14.77403464205' lon='-17.00629049604' />
  <node id='-134761' lat='14.77402942321' lon='-17.0063130846' />
  <node id='-134762' lat='14.77402058577' lon='-17.00635133531' />
  <node id='-134763' lat='14.7740189855' lon='-17.0063582617' />
  <node id='-134764' lat='14.77401653604' lon='-17.00636886359' />
  <node id='-134765' lat='14.77401195736' lon='-17.00638868133' />
  <node id='-134766' lat='14.77400854779' lon='-17.0064034388' />
  <node id='-134767' lat='14.77400332893' lon='-17.00642602735' />
  <node id='-134768' lat='14.77401868525' lon='-17.00721557946' />
  <node id='-134769' lat='14.774010416' lon='-17.00723718469' />
  <node id='-134770' lat='14.77400214676' lon='-17.00725878991' />
  <node id='-134771' lat='14.7739938775' lon='-17.00728039513' />
  <node id='-134772' lat='14.77398560825' lon='-17.00730200036' />
  <node id='-134773' lat='14.77395253122' lon='-17.00738842122' />
  <node id='-134774' lat='14.77399457636' lon='-17.00740541811' />
  <node id='-134775' lat='14.7740366215' lon='-17.00742241501' />
  <node id='-134776' lat='14.77407866664' lon='-17.00743941192' />
  <node id='-134777' lat='14.7740869359' lon='-17.0074178067' />
  <node id='-134778' lat='14.77409520517' lon='-17.00739620147' />
  <node id='-134779' lat='14.77410347443' lon='-17.00737459624' />
  <node id='-134780' lat='14.77411465568' lon='-17.00734538281' />
  <node id='-134781' lat='14.77412001295' lon='-17.00733138579' />
  <node id='-134782' lat='14.77412670365' lon='-17.00731390486' />
  <node id='-134783' lat='14.77414482071' lon='-17.00726657008' />
  <node id='-134784' lat='14.77312817319' lon='-17.00674517844' />
  <node id='-134785' lat='14.77312168232' lon='-17.00676741594' />
  <node id='-134786' lat='14.77311681401' lon='-17.00678409457' />
  <node id='-134787' lat='14.77311344228' lon='-17.00679564602' />
  <node id='-134788' lat='14.77310870057' lon='-17.00681189093' />
  <node id='-134789' lat='14.77310402527' lon='-17.00682790833' />
  <node id='-134790' lat='14.77308783211' lon='-17.00688338546' />
  <node id='-134791' lat='14.77308273706' lon='-17.00690084089' />
  <node id='-134792' lat='14.77307624618' lon='-17.00692307838' />
  <node id='-134793' lat='14.77311952194' lon='-17.00693641989' />
  <node id='-134794' lat='14.77320607346' lon='-17.00696310292' />
  <node id='-134795' lat='14.77325800051' lon='-17.0067852029' />
  <node id='-134796' lat='14.77239107671' lon='-17.00665689478' />
  <node id='-134797' lat='14.77234754453' lon='-17.00665649996' />
  <node id='-134798' lat='14.77234589751' lon='-17.00665648502' />
  <node id='-134799' lat='14.77232330792' lon='-17.00665628015' />
  <node id='-134800' lat='14.77230071832' lon='-17.00665607527' />
  <node id='-134801' lat='14.77226700427' lon='-17.0066557695' />
  <node id='-134802' lat='14.77225553912' lon='-17.00665566552' />
  <node id='-134803' lat='14.77223294952' lon='-17.00665546065' />
  <node id='-134804' lat='14.77221035992' lon='-17.00665525577' />
  <node id='-134805' lat='14.77220996122' lon='-17.00670168674' />
  <node id='-134806' lat='14.77220916377' lon='-17.00679454866' />
  <node id='-134807' lat='14.77223175337' lon='-17.00679475355' />
  <node id='-134808' lat='14.77225434297' lon='-17.00679495844' />
  <node id='-134809' lat='14.77227693256' lon='-17.00679516333' />
  <node id='-134810' lat='14.77229952216' lon='-17.00679536822' />
  <node id='-134811' lat='14.77232211176' lon='-17.00679557311' />
  <node id='-134812' lat='14.77234470135' lon='-17.006795778' />
  <node id='-134813' lat='14.77236729095' lon='-17.00679598289' />
  <node id='-134814' lat='14.77238988055' lon='-17.00679618778' />
  <node id='-134815' lat='14.77239027928' lon='-17.00674975678' />
  <node id='-134816' lat='14.77309336834' lon='-17.0062039618' />
  <node id='-134817' lat='14.77310059766' lon='-17.00617267139' />
  <node id='-134818' lat='14.77310380599' lon='-17.00615878487' />
  <node id='-134819' lat='14.77310902482' lon='-17.0061361964' />
  <node id='-134820' lat='14.77311424364' lon='-17.00611360794' />
  <node id='-134821' lat='14.77312109558' lon='-17.00608395084' />
  <node id='-134822' lat='14.77312468127' lon='-17.00606843099' />
  <node id='-134823' lat='14.77312990008' lon='-17.00604584252' />
  <node id='-134824' lat='14.77313511889' lon='-17.00602325405' />
  <node id='-134825' lat='14.77309116009' lon='-17.00601252719' />
  <node id='-134826' lat='14.77300324249' lon='-17.00599107349' />
  <node id='-134827' lat='14.77299802368' lon='-17.00601366196' />
  <node id='-134828' lat='14.77299280487' lon='-17.00603625042' />
  <node id='-134829' lat='14.77298758606' lon='-17.00605883887' />
  <node id='-134830' lat='14.77298236725' lon='-17.00608142733' />
  <node id='-134831' lat='14.77297714843' lon='-17.00610401579' />
  <node id='-134832' lat='14.77297192962' lon='-17.00612660424' />
  <node id='-134833' lat='14.7729667108' lon='-17.0061491927' />
  <node id='-134834' lat='14.77296149198' lon='-17.00617178115' />
  <node id='-134835' lat='14.77300545077' lon='-17.00618250803' />
  <node id='-134836' lat='14.77119453076' lon='-17.01225612379' />
  <node id='-134837' lat='14.77119379737' lon='-17.01231804562' />
  <node id='-134838' lat='14.77119370592' lon='-17.01232576724' />
  <node id='-134839' lat='14.77119343097' lon='-17.01234898172' />
  <node id='-134840' lat='14.77119306425' lon='-17.01237994431' />
  <node id='-134841' lat='14.77119288106' lon='-17.01239541069' />
  <node id='-134842' lat='14.7711926061' lon='-17.01241862517' />
  <node id='-134843' lat='14.77119233114' lon='-17.01244183965' />
  <node id='-134844' lat='14.7712375086' lon='-17.01244240481' />
  <node id='-134845' lat='14.77132786353' lon='-17.01244353513' />
  <node id='-134846' lat='14.77132859683' lon='-17.01238162318' />
  <node id='-134847' lat='14.77132868841' lon='-17.01237389164' />
  <node id='-134848' lat='14.77133006317' lon='-17.01225781915' />
  <node id='-134849' lat='14.77266520455' lon='-17.01033621663' />
  <node id='-134850' lat='14.77269439585' lon='-17.01024833012' />
  <node id='-134851' lat='14.77220311521' lon='-17.0100748068' />
  <node id='-134852' lat='14.77218843039' lon='-17.01011871847' />
  <node id='-134853' lat='14.77217374556' lon='-17.01016263013' />
  <node id='-134854' lat='14.77225920119' lon='-17.01019281354' />
  <node id='-134855' lat='14.7722805651' lon='-17.0102003594' />
  <node id='-134856' lat='14.77230192901' lon='-17.01020790526' />
  <node id='-134857' lat='14.77232329291' lon='-17.01021545112' />
  <node id='-134858' lat='14.77234465682' lon='-17.01022299698' />
  <node id='-134859' lat='14.77236602072' lon='-17.01023054284' />
  <node id='-134860' lat='14.77238738463' lon='-17.01023808871' />
  <node id='-134861' lat='14.77240874853' lon='-17.01024563457' />
  <node id='-134862' lat='14.77243011243' lon='-17.01025318044' />
  <node id='-134863' lat='14.77245147633' lon='-17.01026072631' />
  <node id='-134864' lat='14.77247284024' lon='-17.01026827219' />
  <node id='-134865' lat='14.77249420414' lon='-17.01027581806' />
  <node id='-134866' lat='14.77251556804' lon='-17.01028336394' />
  <node id='-134867' lat='14.77253693194' lon='-17.01029090981' />
  <node id='-134868' lat='14.77255829584' lon='-17.01029845569' />
  <node id='-134869' lat='14.77257965974' lon='-17.01030600157' />
  <node id='-134870' lat='14.77260102364' lon='-17.01031354746' />
  <node id='-134871' lat='14.77262238754' lon='-17.01032109334' />
  <node id='-134872' lat='14.77264375144' lon='-17.01032863923' />
  <node id='-134873' lat='14.772655591' lon='-17.01033282105' />
  <node id='-134874' lat='14.77421741629' lon='-17.00748363333' />
  <node id='-134875' lat='14.77432304612' lon='-17.00750881463' />
  <node id='-134876' lat='14.77441559647' lon='-17.00710198356' />
  <node id='-134877' lat='14.77435400409' lon='-17.00708718442' />
  <node id='-134878' lat='14.7743177831' lon='-17.00707848141' />
  <node id='-134879' lat='14.77431000953' lon='-17.00707661362' />
  <node id='-134880' lat='14.77430486667' lon='-17.00709922059' />
  <node id='-134881' lat='14.77429972381' lon='-17.00712182756' />
  <node id='-134882' lat='14.77429458095' lon='-17.00714443453' />
  <node id='-134883' lat='14.77428943809' lon='-17.0071670415' />
  <node id='-134884' lat='14.77428429522' lon='-17.00718964847' />
  <node id='-134885' lat='14.77427915235' lon='-17.00721225544' />
  <node id='-134886' lat='14.77427400948' lon='-17.0072348624' />
  <node id='-134887' lat='14.77427392001' lon='-17.00723525571' />
  <node id='-134888' lat='14.77426886661' lon='-17.00725746936' />
  <node id='-134889' lat='14.77426372373' lon='-17.00728007633' />
  <node id='-134890' lat='14.77425858086' lon='-17.00730268329' />
  <node id='-134891' lat='14.77425343798' lon='-17.00732529025' />
  <node id='-134892' lat='14.7742482951' lon='-17.0073478972' />
  <node id='-134893' lat='14.77424315221' lon='-17.00737050416' />
  <node id='-134894' lat='14.77423800933' lon='-17.00739311112' />
  <node id='-134895' lat='14.77423286644' lon='-17.00741571807' />
  <node id='-134896' lat='14.77422772355' lon='-17.00743832502' />
  <node id='-134897' lat='14.77422258066' lon='-17.00746093198' />
  <node id='-134898' lat='14.77421743777' lon='-17.00748353893' />
  <node id='-134899' lat='14.77347749793' lon='-17.00661352638' />
  <node id='-134900' lat='14.77343303254' lon='-17.00669437111' />
  <node id='-134901' lat='14.77378652223' lon='-17.00690072175' />
  <node id='-134902' lat='14.773808837' lon='-17.00686034724' />
  <node id='-134903' lat='14.77383115176' lon='-17.00681997272' />
  <node id='-134904' lat='14.77381350638' lon='-17.00680967216' />
  <node id='-134905' lat='14.77381150889' lon='-17.00680850612' />
  <node id='-134906' lat='14.77379186602' lon='-17.00679703952' />
  <node id='-134907' lat='14.77377222315' lon='-17.00678557293' />
  <node id='-134908' lat='14.77375258028' lon='-17.00677410633' />
  <node id='-134909' lat='14.7737329374' lon='-17.00676263974' />
  <node id='-134910' lat='14.77371329453' lon='-17.00675117315' />
  <node id='-134911' lat='14.77369365165' lon='-17.00673970657' />
  <node id='-134912' lat='14.77367400877' lon='-17.00672823998' />
  <node id='-134913' lat='14.7736543659' lon='-17.0067167734' />
  <node id='-134914' lat='14.77363472302' lon='-17.00670530682' />
  <node id='-134915' lat='14.77361508014' lon='-17.00669384024' />
  <node id='-134916' lat='14.77359543726' lon='-17.00668237367' />
  <node id='-134917' lat='14.77357579438' lon='-17.0066709071' />
  <node id='-134918' lat='14.77355615149' lon='-17.00665944053' />
  <node id='-134919' lat='14.77353650861' lon='-17.00664797396' />
  <node id='-134920' lat='14.77351686573' lon='-17.00663650739' />
  <node id='-134921' lat='14.77349722284' lon='-17.00662504083' />
  <node id='-134922' lat='14.77347757996' lon='-17.00661357426' />
  <node id='-134923' lat='14.77339818372' lon='-17.00715434592' />
  <node id='-134924' lat='14.77338834843' lon='-17.00718030761' />
  <node id='-134925' lat='14.77338179157' lon='-17.00719761541' />
  <node id='-134926' lat='14.77337851313' lon='-17.0072062693' />
  <node id='-134927' lat='14.77375683175' lon='-17.00735920527' />
  <node id='-134928' lat='14.77376013945' lon='-17.0073505632' />
  <node id='-134929' lat='14.7737650765' lon='-17.00733766409' />
  <node id='-134930' lat='14.77377667796' lon='-17.0073073528' />
  <node id='-134931' lat='14.77375565538' lon='-17.00729885437' />
  <node id='-134932' lat='14.7737346328' lon='-17.00729035595' />
  <node id='-134933' lat='14.77371361023' lon='-17.00728185752' />
  <node id='-134934' lat='14.77369258765' lon='-17.0072733591' />
  <node id='-134935' lat='14.77367156507' lon='-17.00726486068' />
  <node id='-134936' lat='14.77365054249' lon='-17.00725636227' />
  <node id='-134937' lat='14.77362951991' lon='-17.00724786385' />
  <node id='-134938' lat='14.77360849733' lon='-17.00723936544' />
  <node id='-134939' lat='14.77358747475' lon='-17.00723086703' />
  <node id='-134940' lat='14.77356645217' lon='-17.00722236862' />
  <node id='-134941' lat='14.77354542959' lon='-17.00721387021' />
  <node id='-134942' lat='14.77353407611' lon='-17.00720928055' />
  <node id='-134943' lat='14.77352440701' lon='-17.0072053718' />
  <node id='-134944' lat='14.77350338443' lon='-17.0071968734' />
  <node id='-134945' lat='14.77348236184' lon='-17.007188375' />
  <node id='-134946' lat='14.77346133926' lon='-17.0071798766' />
  <node id='-134947' lat='14.77344031668' lon='-17.0071713782' />
  <node id='-134948' lat='14.77341929409' lon='-17.0071628798' />
  <node id='-134949' lat='14.77341800275' lon='-17.00716235777' />
  <node id='-134950' lat='14.77339827151' lon='-17.00715438141' />
  <node id='-134951' lat='14.77164727896' lon='-17.01217911974' />
  <node id='-134952' lat='14.77174990155' lon='-17.01221511207' />
  <node id='-134953' lat='14.77179266096' lon='-17.01223010888' />
  <node id='-134954' lat='14.77179995289' lon='-17.01220823782' />
  <node id='-134955' lat='14.77185718505' lon='-17.0120365784' />
  <node id='-134956' lat='14.77185853296' lon='-17.01203253552' />
  <node id='-134957' lat='14.77186585546' lon='-17.01201057273' />
  <node id='-134958' lat='14.77187908336' lon='-17.01197089751' />
  <node id='-134959' lat='14.77188050045' lon='-17.01196664713' />
  <node id='-134960' lat='14.77188782295' lon='-17.01194468433' />
  <node id='-134961' lat='14.77189514544' lon='-17.01192272153' />
  <node id='-134962' lat='14.77190246793' lon='-17.01190075873' />
  <node id='-134963' lat='14.77190979042' lon='-17.01187879592' />
  <node id='-134964' lat='14.7719171129' lon='-17.01185683312' />
  <node id='-134965' lat='14.77192443539' lon='-17.01183487031' />
  <node id='-134966' lat='14.77188169393' lon='-17.0118198196' />
  <node id='-134967' lat='14.7718218559' lon='-17.01179874862' />
  <node id='-134968' lat='14.77177911444' lon='-17.01178369793' />
  <node id='-134969' lat='14.77177179196' lon='-17.01180566073' />
  <node id='-134970' lat='14.77176446948' lon='-17.01182762352' />
  <node id='-134971' lat='14.771757147' lon='-17.01184958632' />
  <node id='-134972' lat='14.77174982452' lon='-17.01187154911' />
  <node id='-134973' lat='14.77174250203' lon='-17.0118935119' />
  <node id='-134974' lat='14.77173517954' lon='-17.01191547469' />
  <node id='-134975' lat='14.77172785705' lon='-17.01193743747' />
  <node id='-134976' lat='14.77172053456' lon='-17.01195940026' />
  <node id='-134977' lat='14.77171321207' lon='-17.01198136304' />
  <node id='-134978' lat='14.77170588957' lon='-17.01200332582' />
  <node id='-134979' lat='14.77169856708' lon='-17.0120252886' />
  <node id='-134980' lat='14.77169124458' lon='-17.01204725138' />
  <node id='-134981' lat='14.77168563135' lon='-17.01206408743' />
  <node id='-134982' lat='14.77168392208' lon='-17.01206921416' />
  <node id='-134983' lat='14.77167659957' lon='-17.01209117693' />
  <node id='-134984' lat='14.77166927707' lon='-17.01211313971' />
  <node id='-134985' lat='14.77166516873' lon='-17.01212546208' />
  <node id='-134986' lat='14.77166195456' lon='-17.01213510248' />
  <node id='-134987' lat='14.77165608552' lon='-17.0121527058' />
  <node id='-134988' lat='14.77165463205' lon='-17.01215706525' />
  <node id='-134989' lat='14.77164730954' lon='-17.01217902802' />
  <node id='-134990' lat='14.77300010112' lon='-17.00718394744' />
  <node id='-134991' lat='14.77312992834' lon='-17.00722397211' />
  <node id='-134992' lat='14.77318185558' lon='-17.00704607224' />
  <node id='-134993' lat='14.77309530407' lon='-17.00701938917' />
  <node id='-134994' lat='14.77305202832' lon='-17.00700604765' />
  <node id='-134995' lat='14.77304553742' lon='-17.00702828513' />
  <node id='-134996' lat='14.77303904653' lon='-17.00705052261' />
  <node id='-134997' lat='14.77303386506' lon='-17.00706827405' />
  <node id='-134998' lat='14.77302606473' lon='-17.00709499756' />
  <node id='-134999' lat='14.77301957383' lon='-17.00711723503' />
  <node id='-135000' lat='14.77301750408' lon='-17.0071243259' />
  <node id='-135001' lat='14.77297511199' lon='-17.00726955867' />
  <node id='-135002' lat='14.77296862107' lon='-17.00729179613' />
  <node id='-135003' lat='14.77296213015' lon='-17.00731403359' />
  <node id='-135004' lat='14.77295563923' lon='-17.00733627105' />
  <node id='-135005' lat='14.77294978588' lon='-17.00735632425' />
  <node id='-135006' lat='14.77293470401' lon='-17.00740799365' />
  <node id='-135007' lat='14.77292967553' lon='-17.00742522086' />
  <node id='-135008' lat='14.7729231846' lon='-17.00744745831' />
  <node id='-135009' lat='14.77296646032' lon='-17.00746079991' />
  <node id='-135010' lat='14.77305301176' lon='-17.00748748311' />
  <node id='-135011' lat='14.77310493918' lon='-17.00730958339' />
  <node id='-135012' lat='14.77306166345' lon='-17.00729624181' />
  <node id='-135013' lat='14.772847039' lon='-17.00770832694' />
  <node id='-135014' lat='14.77297686609' lon='-17.00774835187' />
  <node id='-135015' lat='14.7730287937' lon='-17.00757045229' />
  <node id='-135016' lat='14.77294224228' lon='-17.00754376905' />
  <node id='-135017' lat='14.77289896657' lon='-17.00753042744' />
  <node id='-135018' lat='14.77286496628' lon='-17.00764690964' />
  <node id='-135019' lat='14.7728600209' lon='-17.00766385207' />
  <node id='-135020' lat='14.7728560771' lon='-17.00767736318' />
  <node id='-135021' lat='14.77385329996' lon='-17.00764768364' />
  <node id='-135022' lat='14.77393739019' lon='-17.0076816775' />
  <node id='-135023' lat='14.7739794353' lon='-17.00769867444' />
  <node id='-135024' lat='14.77398770459' lon='-17.00767706924' />
  <node id='-135025' lat='14.77399000079' lon='-17.00767106994' />
  <node id='-135026' lat='14.77399764118' lon='-17.00765110787' />
  <node id='-135027' lat='14.77400424316' lon='-17.00763385884' />
  <node id='-135028' lat='14.77401251244' lon='-17.00761225363' />
  <node id='-135029' lat='14.77402078172' lon='-17.00759064842' />
  <node id='-135030' lat='14.774029051' lon='-17.00756904322' />
  <node id='-135031' lat='14.77403732028' lon='-17.007547438' />
  <node id='-135032' lat='14.77404558955' lon='-17.00752583279' />
  <node id='-135033' lat='14.77391945417' lon='-17.00747484206' />
  <node id='-135034' lat='14.77387416432' lon='-17.00759317122' />
  <node id='-135035' lat='14.77386983852' lon='-17.00760447325' />
  <node id='-135036' lat='14.77386156924' lon='-17.00762607844' />
  <node id='-135037' lat='14.77431928815' lon='-17.00703582665' />
  <node id='-135038' lat='14.77442491805' lon='-17.00706100776' />
  <node id='-135039' lat='14.77451746766' lon='-17.00665417621' />
  <node id='-135040' lat='14.77445587523' lon='-17.00663937718' />
  <node id='-135041' lat='14.77441600095' lon='-17.00662979646' />
  <node id='-135042' lat='14.77441188064' lon='-17.00662880646' />
  <node id='-135043' lat='14.77440673783' lon='-17.00665141346' />
  <node id='-135044' lat='14.77440159501' lon='-17.00667402046' />
  <node id='-135045' lat='14.77439645219' lon='-17.00669662745' />
  <node id='-135046' lat='14.77439130937' lon='-17.00671923445' />
  <node id='-135047' lat='14.77438616654' lon='-17.00674184144' />
  <node id='-135048' lat='14.77438102371' lon='-17.00676444844' />
  <node id='-135049' lat='14.77437588088' lon='-17.00678705543' />
  <node id='-135050' lat='14.77437073805' lon='-17.00680966242' />
  <node id='-135051' lat='14.77436559522' lon='-17.00683226941' />
  <node id='-135052' lat='14.77436045238' lon='-17.00685487639' />
  <node id='-135053' lat='14.77435530955' lon='-17.00687748338' />
  <node id='-135054' lat='14.77435016671' lon='-17.00690009036' />
  <node id='-135055' lat='14.77434551541' lon='-17.0069205366' />
  <node id='-135056' lat='14.77433988102' lon='-17.00694530433' />
  <node id='-135057' lat='14.77433473817' lon='-17.00696791131' />
  <node id='-135058' lat='14.77432959533' lon='-17.00699051829' />
  <node id='-135059' lat='14.77432445248' lon='-17.00701312527' />
  <node id='-135060' lat='14.77431930962' lon='-17.00703573225' />
  <node id='-135061' lat='14.77418717214' lon='-17.00761657927' />
  <node id='-135062' lat='14.77418715067' lon='-17.00761667368' />
  <node id='-135063' lat='14.77418200776' lon='-17.00763928062' />
  <node id='-135064' lat='14.77417686485' lon='-17.00766188756' />
  <node id='-135065' lat='14.77417172194' lon='-17.0076844945' />
  <node id='-135066' lat='14.77416657902' lon='-17.00770710144' />
  <node id='-135067' lat='14.77416143611' lon='-17.00772970837' />
  <node id='-135068' lat='14.77415629319' lon='-17.00775231531' />
  <node id='-135069' lat='14.77415115027' lon='-17.00777492224' />
  <node id='-135070' lat='14.77414600735' lon='-17.00779752917' />
  <node id='-135071' lat='14.77414086442' lon='-17.0078201361' />
  <node id='-135072' lat='14.7741357215' lon='-17.00784274303' />
  <node id='-135073' lat='14.77413057857' lon='-17.00786534996' />
  <node id='-135074' lat='14.77412543564' lon='-17.00788795688' />
  <node id='-135075' lat='14.7741202927' lon='-17.00791056381' />
  <node id='-135076' lat='14.77411514977' lon='-17.00793317073' />
  <node id='-135077' lat='14.77411000683' lon='-17.00795577765' />
  <node id='-135078' lat='14.77410486389' lon='-17.00797838457' />
  <node id='-135079' lat='14.77409972095' lon='-17.00800099149' />
  <node id='-135080' lat='14.77409457801' lon='-17.00802359841' />
  <node id='-135081' lat='14.7741385725' lon='-17.00803416938' />
  <node id='-135082' lat='14.77417046723' lon='-17.00804183304' />
  <node id='-135083' lat='14.77417072804' lon='-17.0080418957' />
  <node id='-135084' lat='14.77420016479' lon='-17.00804896875' />
  <node id='-135086' lat='14.77420463209' lon='-17.00802933177' />
  <node id='-135087' lat='14.77429271604' lon='-17.00764213826' />
  <node id='-135088' lat='14.7738747388' lon='-17.00896807367' />
  <node id='-135089' lat='14.77387473701' lon='-17.00896797673' />
  <node id='-135090' lat='14.77387430807' lon='-17.00894476439' />
  <node id='-135091' lat='14.77387387913' lon='-17.00892155204' />
  <node id='-135092' lat='14.77387381292' lon='-17.00891796872' />
  <node id='-135093' lat='14.77387345019' lon='-17.00889833969' />
  <node id='-135094' lat='14.77387302125' lon='-17.00887512734' />
  <node id='-135095' lat='14.77387234109' lon='-17.00883832058' />
  <node id='-135096' lat='14.77387216335' lon='-17.00882870265' />
  <node id='-135097' lat='14.7738717344' lon='-17.0088054903' />
  <node id='-135098' lat='14.77387087649' lon='-17.0087590656' />
  <node id='-135099' lat='14.77387044754' lon='-17.00873585325' />
  <node id='-135100' lat='14.77387001858' lon='-17.0087126409' />
  <node id='-135101' lat='14.77386958962' lon='-17.00868942855' />
  <node id='-135102' lat='14.77386916065' lon='-17.0086662162' />
  <node id='-135103' lat='14.77386873168' lon='-17.00864300385' />
  <node id='-135104' lat='14.77386830272' lon='-17.0086197915' />
  <node id='-135105' lat='14.77386787374' lon='-17.00859657915' />
  <node id='-135106' lat='14.77386744477' lon='-17.0085733668' />
  <node id='-135107' lat='14.77386701579' lon='-17.00855015445' />
  <node id='-135108' lat='14.77386658682' lon='-17.0085269421' />
  <node id='-135109' lat='14.77386615783' lon='-17.00850372974' />
  <node id='-135110' lat='14.77386598838' lon='-17.00849456064' />
  <node id='-135111' lat='14.77386507393' lon='-17.00844508001' />
  <node id='-135112' lat='14.77386447593' lon='-17.00841272256' />
  <node id='-135113' lat='14.77386444189' lon='-17.00841088034' />
  <node id='-135114' lat='14.77386272743' lon='-17.00831811346' />
  <node id='-135115' lat='14.7738627259' lon='-17.00831803092' />
  <node id='-135116' lat='14.77381755314' lon='-17.00831891271' />
  <node id='-135117' lat='14.77377238038' lon='-17.00831979449' />
  <node id='-135118' lat='14.7737823308' lon='-17.00885822387' />
  <node id='-135119' lat='14.77378438972' lon='-17.00896964309' />
  <node id='-135120' lat='14.77384449483' lon='-17.00896859903' />
  <node id='-135121' lat='14.77263263234' lon='-17.00876842957' />
  <node id='-135122' lat='14.77267739281' lon='-17.00877474926' />
  <node id='-135123' lat='14.77276691376' lon='-17.00878738865' />
  <node id='-135124' lat='14.77276998841' lon='-17.00876438827' />
  <node id='-135125' lat='14.77277245679' lon='-17.00874592318' />
  <node id='-135126' lat='14.77277365272' lon='-17.00873697686' />
  <node id='-135127' lat='14.7727761377' lon='-17.00871838752' />
  <node id='-135128' lat='14.77278228699' lon='-17.00867238675' />
  <node id='-135130' action='modify' lat='14.77278535643' lon='-17.00864942531' />
  <node id='-135131' lat='14.77278559814' lon='-17.00864761711' />
  <node id='-135132' lat='14.77279151091' lon='-17.0086033856' />
  <node id='-135133' lat='14.77270198995' lon='-17.00859074628' />
  <node id='-135134' lat='14.77265722946' lon='-17.00858442663' />
  <node id='-135135' lat='14.77265415483' lon='-17.008607427' />
  <node id='-135136' lat='14.7726510802' lon='-17.00863042737' />
  <node id='-135137' lat='14.77265008607' lon='-17.00863786411' />
  <node id='-135138' lat='14.77264800556' lon='-17.00865342774' />
  <node id='-135139' lat='14.77264493092' lon='-17.00867642811' />
  <node id='-135140' lat='14.77264185628' lon='-17.00869942848' />
  <node id='-135141' lat='14.77263878164' lon='-17.00872242884' />
  <node id='-135142' lat='14.77263570699' lon='-17.00874542921' />
  <node id='-135143' lat='14.7729114964' lon='-17.01031774668' />
  <node id='-135144' lat='14.77304602639' lon='-17.01030075146' />
  <node id='-135145' lat='14.77304327023' lon='-17.01027770848' />
  <node id='-135146' lat='14.77304095837' lon='-17.01025838014' />
  <node id='-135147' lat='14.77303972659' lon='-17.01024808178' />
  <node id='-135148' lat='14.7730377579' lon='-17.0102316225' />
  <node id='-135149' lat='14.77303626194' lon='-17.01021911549' />
  <node id='-135150' lat='14.77303224556' lon='-17.01018553653' />
  <node id='-135151' lat='14.77302948938' lon='-17.01016249355' />
  <node id='-135152' lat='14.7730267332' lon='-17.01013945057' />
  <node id='-135153' lat='14.77302397703' lon='-17.01011640758' />
  <node id='-135154' lat='14.77293429036' lon='-17.0101277378' />
  <node id='-135155' lat='14.77288944703' lon='-17.01013340291' />
  <node id='-135156' lat='14.77289220321' lon='-17.01015644588' />
  <node id='-135157' lat='14.77289495939' lon='-17.01017948885' />
  <node id='-135158' lat='14.77289608534' lon='-17.01018890232' />
  <node id='-135159' lat='14.77289771556' lon='-17.01020253182' />
  <node id='-135160' lat='14.77290047174' lon='-17.01022557479' />
  <node id='-135161' lat='14.77290051857' lon='-17.01022596637' />
  <node id='-135162' lat='14.77290322791' lon='-17.01024861776' />
  <node id='-135164' lat='14.77185464523' lon='-17.01070236456' />
  <node id='-135165' lat='14.77187266092' lon='-17.0106883575' />
  <node id='-135166' lat='14.77189067662' lon='-17.01067435044' />
  <node id='-135167' lat='14.77190869231' lon='-17.01066034337' />
  <node id='-135168' lat='14.771926708' lon='-17.0106463363' />
  <node id='-135169' lat='14.7719447237' lon='-17.01063232923' />
  <node id='-135170' lat='14.77196273939' lon='-17.01061832216' />
  <node id='-135171' lat='14.77198075508' lon='-17.01060431509' />
  <node id='-135172' lat='14.77199877077' lon='-17.01059030801' />
  <node id='-135173' lat='14.77201678646' lon='-17.01057630093' />
  <node id='-135174' lat='14.77203480215' lon='-17.01056229385' />
  <node id='-135175' lat='14.77205281784' lon='-17.01054828676' />
  <node id='-135176' lat='14.77207083353' lon='-17.01053427968' />
  <node id='-135177' lat='14.77208884922' lon='-17.01052027259' />
  <node id='-135178' lat='14.77210686491' lon='-17.0105062655' />
  <node id='-135179' lat='14.77212488059' lon='-17.0104922584' />
  <node id='-135180' lat='14.77214289628' lon='-17.01047825131' />
  <node id='-135181' lat='14.77216091197' lon='-17.01046424421' />
  <node id='-135182' lat='14.77217892765' lon='-17.01045023711' />
  <node id='-135183' lat='14.77212526337' lon='-17.01037733738' />
  <node id='-135184' lat='14.7720980044' lon='-17.01034030773' />
  <node id='-135185' lat='14.77189996122' lon='-17.01049428522' />
  <node id='-135186' lat='14.77188194553' lon='-17.0105082923' />
  <node id='-135187' lat='14.77186440105' lon='-17.01052193301' />
  <node id='-135188' lat='14.77184591416' lon='-17.01053630645' />
  <node id='-135189' lat='14.77182789847' lon='-17.01055031353' />
  <node id='-135190' lat='14.77180988278' lon='-17.0105643206' />
  <node id='-135191' lat='14.77179186709' lon='-17.01057832767' />
  <node id='-135192' lat='14.7717738514' lon='-17.01059233474' />
  <node id='-135193' lat='14.77177379732' lon='-17.01059237679' />
  <node id='-135195' lat='14.77189642518' lon='-17.01177563518' />
  <node id='-135196' lat='14.77193918463' lon='-17.01179063193' />
  <node id='-135197' lat='14.77201237875' lon='-17.01157109543' />
  <node id='-135198' lat='14.77196963727' lon='-17.01155604476' />
  <node id='-135199' lat='14.77186705772' lon='-17.01151992319' />
  <node id='-135200' lat='14.77185973527' lon='-17.01154188601' />
  <node id='-135201' lat='14.77185241281' lon='-17.01156384882' />
  <node id='-135202' lat='14.77184509035' lon='-17.01158581164' />
  <node id='-135203' lat='14.77183776789' lon='-17.01160777445' />
  <node id='-135204' lat='14.77183044543' lon='-17.01162973726' />
  <node id='-135205' lat='14.77182312296' lon='-17.01165170007' />
  <node id='-135206' lat='14.7718158005' lon='-17.01167366288' />
  <node id='-135207' lat='14.77180847803' lon='-17.01169562568' />
  <node id='-135208' lat='14.77180180909' lon='-17.0117156283' />
  <node id='-135209' lat='14.77179647177' lon='-17.01173163689' />
  <node id='-135210' action='modify' lat='14.77179380251' lon='-17.01173964301' />
  <node id='-135211' lat='14.77223473134' lon='-17.01176966533' />
  <node id='-135212' lat='14.77230639819' lon='-17.01171310291' />
  <node id='-135213' lat='14.77210062673' lon='-17.01143654149' />
  <node id='-135214' lat='14.77202884533' lon='-17.01149294993' />
  <node id='-135215' lat='14.77222677495' lon='-17.01175897174' />
  <node id='-135216' lat='14.77223467404' lon='-17.01176958831' />
  <node id='-135217' lat='14.77374769333' lon='-17.00936539977' />
  <node id='-135218' lat='14.77377895571' lon='-17.00936467781' />
  <node id='-135219' lat='14.77388320177' lon='-17.00936227041' />
  <node id='-135220' lat='14.77388269427' lon='-17.00933905974' />
  <node id='-135221' lat='14.77388234973' lon='-17.00932330195' />
  <node id='-135222' lat='14.77388184451' lon='-17.00930019582' />
  <node id='-135223' lat='14.77388162851' lon='-17.00929031673' />
  <node id='-135224' lat='14.77388066426' lon='-17.00924621706' />
  <node id='-135225' lat='14.77388015676' lon='-17.00922300639' />
  <node id='-135226' lat='14.77387992562' lon='-17.00921243542' />
  <node id='-135227' lat='14.77387914173' lon='-17.00917658505' />
  <node id='-135228' lat='14.77384297928' lon='-17.00917742019' />
  <node id='-135229' lat='14.77374363329' lon='-17.00917971452' />
  <node id='-135230' lat='14.7737441408' lon='-17.00920292518' />
  <node id='-135231' lat='14.77374464831' lon='-17.00922613584' />
  <node id='-135232' lat='14.77374515582' lon='-17.00924934649' />
  <node id='-135233' lat='14.77374586019' lon='-17.00928156041' />
  <node id='-135234' lat='14.77374617083' lon='-17.0092957678' />
  <node id='-135235' lat='14.77374667833' lon='-17.00931897846' />
  <node id='-135236' lat='14.77374697698' lon='-17.0093326369' />
  <node id='-135237' lat='14.7728992823' lon='-17.00791219703' />
  <node id='-135238' lat='14.77289920384' lon='-17.0079121432' />
  <node id='-135239' lat='14.77288041588' lon='-17.00789925203' />
  <node id='-135240' lat='14.77286162793' lon='-17.00788636086' />
  <node id='-135241' lat='14.77284283997' lon='-17.00787346969' />
  <node id='-135242' lat='14.77282405201' lon='-17.00786057853' />
  <node id='-135243' lat='14.77280526405' lon='-17.00784768737' />
  <node id='-135244' lat='14.77278647609' lon='-17.00783479621' />
  <node id='-135245' lat='14.77276768812' lon='-17.00782190505' />
  <node id='-135246' lat='14.77274890016' lon='-17.00780901389' />
  <node id='-135247' lat='14.7727301122' lon='-17.00779612274' />
  <node id='-135248' lat='14.77271132423' lon='-17.00778323159' />
  <node id='-135249' lat='14.77269253626' lon='-17.00777034044' />
  <node id='-135250' lat='14.7726737483' lon='-17.0077574493' />
  <node id='-135251' lat='14.77265496033' lon='-17.00774455815' />
  <node id='-135252' lat='14.77263617236' lon='-17.00773166701' />
  <node id='-135253' lat='14.77261738439' lon='-17.00771877587' />
  <node id='-135254' lat='14.77259859641' lon='-17.00770588474' />
  <node id='-135255' lat='14.77257980844' lon='-17.0076929936' />
  <node id='-135256' lat='14.77256102047' lon='-17.00768010247' />
  <node id='-135257' lat='14.77254223249' lon='-17.00766721134' />
  <node id='-135258' lat='14.77252344452' lon='-17.00765432022' />
  <node id='-135259' lat='14.77247327024' lon='-17.00773155443' />
  <node id='-135260' lat='14.77247494221' lon='-17.00773270163' />
  <node id='-135261' lat='14.77284885686' lon='-17.00798925903' />
  <node id='-135262' lat='14.77284895101' lon='-17.00798932363' />
  <node id='-135263' lat='14.77163905608' lon='-17.0093979002' />
  <node id='-135264' lat='14.77163909737' lon='-17.00939778812' />
  <node id='-135265' lat='14.77179907386' lon='-17.00896356788' />
  <node id='-135266' lat='14.7717145667' lon='-17.00893068463' />
  <node id='-135267' lat='14.77155461581' lon='-17.00936483548' />
  <node id='-135268' lat='14.77160186972' lon='-17.00938333894' />
  <node id='-135269' lat='14.77183085874' lon='-17.00887641089' />
  <node id='-135270' lat='14.77199087563' lon='-17.00844207769' />
  <node id='-135271' lat='14.77194862201' lon='-17.00842563614' />
  <node id='-135272' lat='14.77190636838' lon='-17.00840919459' />
  <node id='-135273' lat='14.77190625669' lon='-17.00840949776' />
  <node id='-135274' lat='14.77174641837' lon='-17.00884334632' />
  <node id='-135275' lat='14.77469655788' lon='-17.00901175025' />
  <node id='-135276' lat='14.77470017911' lon='-17.00894219988' />
  <node id='-135277' lat='14.77465523479' lon='-17.00893972829' />
  <node id='-135278' lat='14.77463481014' lon='-17.00893860508' />
  <node id='-135279' lat='14.77462488766' lon='-17.00893805942' />
  <node id='-135280' lat='14.77461011845' lon='-17.00893724723' />
  <node id='-135281' lat='14.77460802811' lon='-17.00893713228' />
  <node id='-135282' lat='14.77454244393' lon='-17.00893352565' />
  <node id='-135283' lat='14.77451988576' lon='-17.00893228512' />
  <node id='-135284' lat='14.77449732758' lon='-17.0089310446' />
  <node id='-135285' lat='14.77447476941' lon='-17.00892980407' />
  <node id='-135286' lat='14.77445221124' lon='-17.00892856355' />
  <node id='-135287' lat='14.77443004834' lon='-17.00892734476' />
  <node id='-135288' lat='14.77442965306' lon='-17.00892732302' />
  <node id='-135289' lat='14.77442154291' lon='-17.00892687703' />
  <node id='-135290' lat='14.77442028996' lon='-17.00892680812' />
  <node id='-135291' lat='14.77441759693' lon='-17.00892666003' />
  <node id='-135292' lat='14.77436197854' lon='-17.00892360145' />
  <node id='-135293' lat='14.77433942037' lon='-17.00892236093' />
  <node id='-135294' lat='14.7743168622' lon='-17.00892112041' />
  <node id='-135295' lat='14.77429430402' lon='-17.00891987989' />
  <node id='-135296' lat='14.77417687749' lon='-17.00891342237' />
  <node id='-135297' lat='14.77414471941' lon='-17.00891165394' />
  <node id='-135298' lat='14.77414262197' lon='-17.0089115386' />
  <node id='-135299' lat='14.77412371191' lon='-17.00900804127' />
  <node id='-135300' lat='14.77444381141' lon='-17.0089996798' />
  <node id='-135301' lat='14.77363367721' lon='-17.00548648639' />
  <node id='-135302' lat='14.77363382958' lon='-17.00548587714' />
  <node id='-135303' lat='14.77363394146' lon='-17.00548525868' />
  <node id='-135304' lat='14.77363401235' lon='-17.00548463385' />
  <node id='-135305' lat='14.77363404192' lon='-17.00548400553' />
  <node id='-135306' lat='14.77363403002' lon='-17.00548337659' />
  <node id='-135307' lat='14.77363397673' lon='-17.00548274992' />
  <node id='-135308' lat='14.77363388227' lon='-17.0054821284' />
  <node id='-135309' lat='14.77363374709' lon='-17.00548151487' />
  <node id='-135310' lat='14.7736335718' lon='-17.00548091216' />
  <node id='-135311' lat='14.77363335722' lon='-17.00548032302' />
  <node id='-135312' lat='14.77363310432' lon='-17.00547975017' />
  <node id='-135313' lat='14.77363281426' lon='-17.00547919623' />
  <node id='-135314' lat='14.77363248837' lon='-17.00547866374' />
  <node id='-135315' lat='14.77363212816' lon='-17.00547815514' />
  <node id='-135316' lat='14.77363173527' lon='-17.00547767277' />
  <node id='-135317' lat='14.77363131151' lon='-17.00547721885' />
  <node id='-135318' lat='14.77363085882' lon='-17.00547679545' />
  <node id='-135319' lat='14.77363037927' lon='-17.00547640451' />
  <node id='-135320' lat='14.77362987508' lon='-17.00547604784' />
  <node id='-135321' lat='14.77362934854' lon='-17.00547572707' />
  <node id='-135322' lat='14.77362880208' lon='-17.00547544367' />
  <node id='-135323' lat='14.77362823821' lon='-17.00547519893' />
  <node id='-135324' lat='14.77362765951' lon='-17.00547499399' />
  <node id='-135325' lat='14.77362706864' lon='-17.00547482979' />
  <node id='-135326' lat='14.77355786025' lon='-17.00545815962' />
  <node id='-135327' lat='14.77344357823' lon='-17.00595466319' />
  <node id='-135328' lat='14.77349623994' lon='-17.00596779329' />
  <node id='-135329' lat='14.76921057283' lon='-17.01213092066' />
  <node id='-135330' lat='14.76926898233' lon='-17.0121420153' />
  <node id='-135331' lat='14.76927721533' lon='-17.01214357912' />
  <node id='-135332' lat='14.76934198991' lon='-17.01215588279' />
  <node id='-135333' lat='14.76934385784' lon='-17.01215623759' />
  <node id='-135334' lat='14.769366072' lon='-17.01216045709' />
  <node id='-135335' lat='14.76938828617' lon='-17.01216467658' />
  <node id='-135336' lat='14.76939649775' lon='-17.01211901788' />
  <node id='-135337' lat='14.76941292088' lon='-17.01202770047' />
  <node id='-135338' lat='14.76938858231' lon='-17.01202307747' />
  <node id='-135339' lat='14.76936849254' lon='-17.01201926151' />
  <node id='-135340' lat='14.76934627837' lon='-17.01201504203' />
  <node id='-135341' lat='14.7693240642' lon='-17.01201082255' />
  <node id='-135342' lat='14.76930185002' lon='-17.01200660308' />
  <node id='-135343' lat='14.76927963585' lon='-17.0120023836' />
  <node id='-135344' lat='14.76925742168' lon='-17.01199816413' />
  <node id='-135345' lat='14.76923520751' lon='-17.01199394466' />
  <node id='-135346' lat='14.76922289018' lon='-17.01206243266' />
  <node id='-135347' lat='14.76938394969' lon='-17.0113146526' />
  <node id='-135348' lat='14.76942722517' lon='-17.0113279945' />
  <node id='-135349' lat='14.76942856187' lon='-17.0113284066' />
  <node id='-135350' lat='14.76944886291' lon='-17.01133466545' />
  <node id='-135351' lat='14.76947050064' lon='-17.0113413364' />
  <node id='-135352' lat='14.76949213838' lon='-17.01134800735' />
  <node id='-135353' lat='14.7695080807' lon='-17.0113529224' />
  <node id='-135354' lat='14.76951377612' lon='-17.01135467831' />
  <node id='-135355' lat='14.76953541385' lon='-17.01136134926' />
  <node id='-135356' lat='14.76955705159' lon='-17.01136802022' />
  <node id='-135357' lat='14.76957003397' lon='-17.01132354628' />
  <node id='-135358' lat='14.7695959987' lon='-17.01123459837' />
  <node id='-135359' lat='14.76956923845' lon='-17.01122634814' />
  <node id='-135360' lat='14.76955272322' lon='-17.01122125647' />
  <node id='-135361' lat='14.76953108548' lon='-17.01121458553' />
  <node id='-135362' lat='14.76950944774' lon='-17.01120791459' />
  <node id='-135363' lat='14.76948780999' lon='-17.01120124365' />
  <node id='-135364' lat='14.76946617225' lon='-17.01119457271' />
  <node id='-135365' lat='14.76944453451' lon='-17.01118790177' />
  <node id='-135366' lat='14.76942289676' lon='-17.01118123083' />
  <node id='-135367' lat='14.76940706772' lon='-17.01295437938' />
  <node id='-135368' lat='14.76941474379' lon='-17.01291170079' />
  <node id='-135369' lat='14.76941527977' lon='-17.01290872079' />
  <node id='-135370' lat='14.76941938579' lon='-17.01288589149' />
  <node id='-135371' lat='14.76942349181' lon='-17.01286306219' />
  <node id='-135372' lat='14.76942759782' lon='-17.01284023289' />
  <node id='-135373' lat='14.76943170384' lon='-17.01281740359' />
  <node id='-135374' lat='14.76943580985' lon='-17.01279457429' />
  <node id='-135375' lat='14.76943991586' lon='-17.01277174498' />
  <node id='-135376' lat='14.76944204497' lon='-17.01275990719' />
  <node id='-135377' lat='14.76944572693' lon='-17.01273943553' />
  <node id='-135378' lat='14.76944812787' lon='-17.01272608637' />
  <node id='-135379' lat='14.76945223387' lon='-17.01270325707' />
  <node id='-135380' lat='14.76945633987' lon='-17.01268042776' />
  <node id='-135381' lat='14.76946044587' lon='-17.01265759845' />
  <node id='-135382' lat='14.76946455187' lon='-17.01263476914' />
  <node id='-135383' lat='14.76946865786' lon='-17.01261193983' />
  <node id='-135384' lat='14.76947276386' lon='-17.01258911052' />
  <node id='-135385' lat='14.76944513311' lon='-17.0125838619' />
  <node id='-135386' lat='14.76942833561' lon='-17.01258067112' />
  <node id='-135387' lat='14.7694041558' lon='-17.01257607802' />
  <node id='-135388' lat='14.76938390736' lon='-17.01257223172' />
  <node id='-135389' lat='14.76933947911' lon='-17.01256379233' />
  <node id='-135390' lat='14.76933537312' lon='-17.01258662163' />
  <node id='-135391' lat='14.76933511915' lon='-17.01258803375' />
  <node id='-135392' lat='14.76933478655' lon='-17.01258988296' />
  <node id='-135393' lat='14.76932021195' lon='-17.01267091768' />
  <node id='-135394' lat='14.76930663115' lon='-17.0127464267' />
  <node id='-135395' lat='14.76930252514' lon='-17.01276925599' />
  <node id='-135396' lat='14.76927378304' lon='-17.01292906099' />
  <node id='-135397' lat='14.76880542436' lon='-17.01121663519' />
  <node id='-135398' lat='14.76896881423' lon='-17.01126700829' />
  <node id='-135399' lat='14.76897852631' lon='-17.01127000253' />
  <node id='-135400' lat='14.76899150866' lon='-17.01122552869' />
  <node id='-135401' lat='14.769004491' lon='-17.01118105484' />
  <node id='-135402' lat='14.76901747333' lon='-17.01113658099' />
  <node id='-135403' lat='14.76899583558' lon='-17.01112991007' />
  <node id='-135404' lat='14.76897419783' lon='-17.01112323916' />
  <node id='-135405' lat='14.76895618209' lon='-17.01111768492' />
  <node id='-135406' lat='14.76884437133' lon='-17.01108321373' />
  <node id='-135407' lat='14.76882820581' lon='-17.01254393615' />
  <node id='-135408' lat='14.7688402787' lon='-17.01250259068' />
  <node id='-135409' lat='14.76884119183' lon='-17.01249946351' />
  <node id='-135410' lat='14.76884574569' lon='-17.0124838681' />
  <node id='-135411' lat='14.76887033046' lon='-17.01239967365' />
  <node id='-135412' lat='14.76887365686' lon='-17.01238828188' />
  <node id='-135413' lat='14.76888014985' lon='-17.01236604554' />
  <node id='-135414' lat='14.76888020194' lon='-17.01236586716' />
  <node id='-135415' lat='14.76889221903' lon='-17.01232471266' />
  <node id='-135416' lat='14.76889313584' lon='-17.01232157288' />
  <node id='-135417' lat='14.76889342462' lon='-17.01232058392' />
  <node id='-135418' lat='14.76889816303' lon='-17.01230435645' />
  <node id='-135419' lat='14.76892112596' lon='-17.012225716' />
  <node id='-135420' lat='14.7689228779' lon='-17.01221971619' />
  <node id='-135421' lat='14.76892560079' lon='-17.01221039118' />
  <node id='-135422' lat='14.76893007531' lon='-17.01219506742' />
  <node id='-135423' lat='14.76893209377' lon='-17.01218815484' />
  <node id='-135424' lat='14.76893217431' lon='-17.01218787902' />
  <node id='-135425' lat='14.76896566114' lon='-17.01207319744' />
  <node id='-135426' lat='14.76898403756' lon='-17.01201026403' />
  <node id='-135427' lat='14.76893744355' lon='-17.01199589476' />
  <node id='-135428' lat='14.76885421438' lon='-17.01197022748' />
  <node id='-135429' lat='14.76869838276' lon='-17.01250389933' />
  <node id='-135430' lat='14.76875826176' lon='-17.01252236572' />
  <node id='-135431' lat='14.76879118115' lon='-17.01253251791' />
  <node id='-135432' lat='14.77077858704' lon='-17.0063932621' />
  <node id='-135433' lat='14.77065304664' lon='-17.00634074386' />
  <node id='-135434' lat='14.77064452952' lon='-17.00636224682' />
  <node id='-135435' lat='14.7706360124' lon='-17.00638374979' />
  <node id='-135436' lat='14.77063304958' lon='-17.00639122994' />
  <node id='-135437' lat='14.77061046103' lon='-17.00644825866' />
  <node id='-135438' lat='14.77060556019' lon='-17.00646063168' />
  <node id='-135439' lat='14.77059377225' lon='-17.00649039238' />
  <node id='-135440' lat='14.77059342678' lon='-17.00649126457' />
  <node id='-135441' lat='14.77059294403' lon='-17.00649248336' />
  <node id='-135442' lat='14.77058490965' lon='-17.00651276752' />
  <node id='-135443' lat='14.77057639252' lon='-17.00653427047' />
  <node id='-135444' lat='14.77057425053' lon='-17.00653967829' />
  <node id='-135445' lat='14.77051677255' lon='-17.00668479106' />
  <node id='-135446' lat='14.7705082554' lon='-17.00670629399' />
  <node id='-135447' lat='14.7705074055' lon='-17.0067084397' />
  <node id='-135448' lat='14.7704741868' lon='-17.00679230571' />
  <node id='-135449' lat='14.77046983664' lon='-17.0068032884' />
  <node id='-135450' lat='14.77044863533' lon='-17.00685681448' />
  <node id='-135451' lat='14.77049048208' lon='-17.00687432062' />
  <node id='-135452' lat='14.77053232884' lon='-17.00689182677' />
  <node id='-135453' lat='14.77057417559' lon='-17.00690933293' />
  <node id='-135454' lat='14.77058269275' lon='-17.00688783' />
  <node id='-135455' lat='14.77059120991' lon='-17.00686632707' />
  <node id='-135456' lat='14.77059322216' lon='-17.00686124683' />
  <node id='-135457' lat='14.77062527855' lon='-17.00678031533' />
  <node id='-135458' lat='14.7706255629' lon='-17.00677959743' />
  <node id='-135459' lat='14.77064070769' lon='-17.00674136194' />
  <node id='-135460' lat='14.77064231285' lon='-17.00673730944' />
  <node id='-135461' lat='14.77065083' lon='-17.0067158065' />
  <node id='-135462' lat='14.77065934715' lon='-17.00669430355' />
  <node id='-135463' lat='14.77066388534' lon='-17.00668284614' />
  <node id='-135464' lat='14.77068369535' lon='-17.00663283246' />
  <node id='-135465' lat='14.77068489859' lon='-17.0066297947' />
  <node id='-135466' lat='14.77068672388' lon='-17.00662518643' />
  <node id='-135467' lat='14.7707065603' lon='-17.00657510604' />
  <node id='-135468' lat='14.77071045' lon='-17.00656528583' />
  <node id='-135469' lat='14.77071896714' lon='-17.00654378287' />
  <node id='-135470' lat='14.77072714036' lon='-17.00652314819' />
  <node id='-135471' lat='14.77074451854' lon='-17.00647927398' />
  <node id='-135472' lat='14.77075303566' lon='-17.00645777101' />
  <node id='-135473' lat='14.77075608457' lon='-17.00645007352' />
  <node id='-135474' lat='14.77052029572' lon='-17.00595010884' />
  <node id='-135475' lat='14.77046689823' lon='-17.00593797432' />
  <node id='-135476' lat='14.77045412274' lon='-17.00593507111' />
  <node id='-135477' lat='14.77043893205' lon='-17.00593161905' />
  <node id='-135478' lat='14.77039822226' lon='-17.0059223678' />
  <node id='-135479' lat='14.77038794975' lon='-17.00592003339' />
  <node id='-135480' lat='14.77036589208' lon='-17.00591502081' />
  <node id='-135481' lat='14.77034383442' lon='-17.00591000824' />
  <node id='-135482' lat='14.77033407947' lon='-17.00595534547' />
  <node id='-135483' lat='14.7703243245' lon='-17.00600068269' />
  <node id='-135484' lat='14.77031456953' lon='-17.0060460199' />
  <node id='-135485' lat='14.77033662719' lon='-17.00605103248' />
  <node id='-135486' lat='14.77035868485' lon='-17.00605604506' />
  <node id='-135487' lat='14.77038074251' lon='-17.00606105765' />
  <node id='-135488' lat='14.77040280017' lon='-17.00606607024' />
  <node id='-135489' lat='14.77042485783' lon='-17.00607108282' />
  <node id='-135490' lat='14.77044691549' lon='-17.00607609541' />
  <node id='-135491' lat='14.77046897314' lon='-17.006081108' />
  <node id='-135492' lat='14.7704910308' lon='-17.0060861206' />
  <node id='-135493' lat='14.77051054076' lon='-17.0059954461' />
  <node id='-135494' lat='14.76904727269' lon='-17.00476228101' />
  <node id='-135495' lat='14.76891492443' lon='-17.00473221586' />
  <node id='-135496' lat='14.76879790371' lon='-17.00527626794' />
  <node id='-135497' lat='14.76893025186' lon='-17.00530633339' />
  <node id='-135498' lat='14.77019184283' lon='-17.00757666425' />
  <node id='-135499' lat='14.77019740906' lon='-17.00755416387' />
  <node id='-135500' lat='14.7702029753' lon='-17.00753166349' />
  <node id='-135501' lat='14.77020854153' lon='-17.0075091631' />
  <node id='-135502' lat='14.77021410776' lon='-17.00748666272' />
  <node id='-135503' lat='14.77021967398' lon='-17.00746416233' />
  <node id='-135504' lat='14.77022524021' lon='-17.00744166195' />
  <node id='-135505' lat='14.77023080643' lon='-17.00741916156' />
  <node id='-135506' lat='14.7702348558' lon='-17.00740279274' />
  <node id='-135507' lat='14.7702455418' lon='-17.00735959662' />
  <node id='-135508' lat='14.77024750509' lon='-17.00735166039' />
  <node id='-135509' lat='14.7702530713' lon='-17.00732915999' />
  <node id='-135510' lat='14.77025863752' lon='-17.0073066596' />
  <node id='-135511' lat='14.77026420373' lon='-17.0072841592' />
  <node id='-135512' lat='14.77026976994' lon='-17.0072616588' />
  <node id='-135513' lat='14.77027533614' lon='-17.0072391584' />
  <node id='-135514' lat='14.77028090235' lon='-17.007216658' />
  <node id='-135515' lat='14.77028127802' lon='-17.00721513939' />
  <node id='-135516' lat='14.77029055642' lon='-17.0071776331' />
  <node id='-135517' lat='14.77029203475' lon='-17.0071716572' />
  <node id='-135518' lat='14.77029460438' lon='-17.00716126992' />
  <node id='-135519' lat='14.77029958858' lon='-17.00714112212' />
  <node id='-135520' lat='14.77030316714' lon='-17.00712665639' />
  <node id='-135521' lat='14.77031716395' lon='-17.00707007661' />
  <node id='-135522' lat='14.77031986572' lon='-17.00705915516' />
  <node id='-135523' lat='14.77032543191' lon='-17.00703665475' />
  <node id='-135524' lat='14.77023785591' lon='-17.00701377333' />
  <node id='-135525' lat='14.77019406791' lon='-17.00700233262' />
  <node id='-135526' lat='14.77018850172' lon='-17.00702483303' />
  <node id='-135527' lat='14.77018293554' lon='-17.00704733342' />
  <node id='-135528' lat='14.77017736935' lon='-17.00706983382' />
  <node id='-135529' lat='14.77017180316' lon='-17.00709233422' />
  <node id='-135530' lat='14.77016748055' lon='-17.00710980764' />
  <node id='-135531' lat='14.7701661059' lon='-17.00711536443' />
  <node id='-135532' lat='14.77016067078' lon='-17.00713733501' />
  <node id='-135533' lat='14.77015510458' lon='-17.0071598354' />
  <node id='-135534' lat='14.77014953838' lon='-17.00718233579' />
  <node id='-135535' lat='14.77014397218' lon='-17.00720483618' />
  <node id='-135536' lat='14.77013840598' lon='-17.00722733657' />
  <node id='-135537' lat='14.77013283978' lon='-17.00724983695' />
  <node id='-135538' lat='14.77012727357' lon='-17.00727233734' />
  <node id='-135539' lat='14.77012377938' lon='-17.00728646197' />
  <node id='-135540' lat='14.77012170736' lon='-17.00729483772' />
  <node id='-135541' lat='14.77011614115' lon='-17.0073173381' />
  <node id='-135542' lat='14.77011458383' lon='-17.0073236333' />
  <node id='-135543' lat='14.77011057494' lon='-17.00733983848' />
  <node id='-135544' lat='14.77010500873' lon='-17.00736233886' />
  <node id='-135545' lat='14.77009944251' lon='-17.00738483924' />
  <node id='-135546' lat='14.77009387629' lon='-17.00740733961' />
  <node id='-135547' lat='14.77008831007' lon='-17.00742983999' />
  <node id='-135548' lat='14.77008274385' lon='-17.00745234036' />
  <node id='-135549' lat='14.77007717763' lon='-17.00747484074' />
  <node id='-135550' lat='14.7700716114' lon='-17.00749734111' />
  <node id='-135551' lat='14.77006604517' lon='-17.00751984148' />
  <node id='-135552' lat='14.77006047894' lon='-17.00754234184' />
  <node id='-135553' lat='14.77010426691' lon='-17.00755378264' />
  <node id='-135554' lat='14.77014805487' lon='-17.00756522344' />
  <node id='-135555' lat='14.76964046075' lon='-17.00762632209' />
  <node id='-135556' lat='14.76958660626' lon='-17.00761408337' />
  <node id='-135557' lat='14.76957428792' lon='-17.00761128396' />
  <node id='-135558' lat='14.76955806333' lon='-17.00760759683' />
  <node id='-135559' lat='14.76951725445' lon='-17.0075983228' />
  <node id='-135560' lat='14.76950811509' lon='-17.00759624584' />
  <node id='-135561' lat='14.76948605748' lon='-17.00759123313' />
  <node id='-135562' lat='14.76946399987' lon='-17.00758622043' />
  <node id='-135563' lat='14.76945424462' lon='-17.00763155736' />
  <node id='-135564' lat='14.7694347341' lon='-17.0077222312' />
  <node id='-135565' lat='14.76947273905' lon='-17.00773086804' />
  <node id='-135566' lat='14.76947884931' lon='-17.00773225663' />
  <node id='-135567' lat='14.76950090691' lon='-17.00773726935' />
  <node id='-135568' lat='14.76957305441' lon='-17.00775366529' />
  <node id='-135569' lat='14.76958913733' lon='-17.00775732023' />
  <node id='-135570' lat='14.76961119493' lon='-17.00776233295' />
  <node id='-135571' action='modify' lat='14.76833802683' lon='-17.00641971572' />
  <node id='-135572' action='modify' lat='14.76820352936' lon='-17.00624888861' />
  <node id='-135573' action='modify' lat='14.76804305593' lon='-17.00634259292' />
  <node id='-135574' action='modify' lat='14.77405877735' lon='-17.00905641849' />
  <node id='-135575' action='modify' lat='14.77405866149' lon='-17.0090569607' />
  <node id='-135576' action='modify' lat='14.76798831106' lon='-17.00677990797' />
  <node id='-135577' action='modify' lat='14.76779449962' lon='-17.00727664296' />
  <node id='-135578' action='modify' lat='14.76770530535' lon='-17.00750524599' />
  <node id='-135579' action='modify' lat='14.7674646595' lon='-17.00821714191' />
  <node id='-135580' action='modify' lat='14.76711731836' lon='-17.00619468163' />
  <node id='-135581' action='modify' lat='14.76565394593' lon='-17.01226007318' />
  <node id='-135582' action='modify' lat='14.76790965957' lon='-17.00630492091' />
  <node id='-135583' action='modify' lat='14.76923925995' lon='-17.00819772981' />
  <node id='-135584' action='modify' lat='14.76674813281' lon='-17.01056955495' />
  <node id='-135585' action='modify' lat='14.76715979513' lon='-17.01007996071' />
  <node id='-135586' action='modify' lat='14.76711704895' lon='-17.00936087058' />
  <node id='-135587' action='modify' lat='14.76696268674' lon='-17.00986962903' />
  <node id='-135588' action='modify' lat='14.76703754662' lon='-17.01008190406' />
  <node id='-135589' action='modify' lat='14.76683838888' lon='-17.01022531549' />
  <node id='-135590' action='modify' lat='14.76669315099' lon='-17.0100214159' />
  <node id='-135591' action='modify' lat='14.77063125183' lon='-17.01068461816' />
  <node id='-135592' action='modify' lat='14.77000572155' lon='-17.01048962226' />
  <node id='-135593' action='modify' lat='14.77088256688' lon='-17.0109902025' />
  <node id='-135594' action='modify' lat='14.77103388508' lon='-17.01055928141' />
  <node id='-135595' action='modify' lat='14.77094059308' lon='-17.01251781711' />
  <node id='-135596' action='modify' lat='14.77240773969' lon='-17.01247182933' />
  <node id='-135597' action='modify' lat='14.77303259743' lon='-17.01242546679' />
  <node id='-135598' action='modify' lat='14.77154956563' lon='-17.00915452095' />
  <node id='-135599' action='modify' lat='14.77176393844' lon='-17.00857136518' />
  <node id='-135600' action='modify' lat='14.77200633111' lon='-17.0089918077' />
  <node id='-135601' action='modify' lat='14.77411937654' lon='-17.00874698473' />
  <node id='-135602' action='modify' lat='14.77379672222' lon='-17.00906348388' />
  <node id='-135603' action='modify' lat='14.77426378994' lon='-17.0090512134' />
  <node id='-135604' action='modify' lat='14.77455446854' lon='-17.00675667617' />
  <node id='-135605' action='modify' lat='14.77438693' lon='-17.00624741651' />
  <node id='-135606' action='modify' lat='14.7733433198' lon='-17.00599275231' />
  <node id='-135607' action='modify' lat='14.77360287123' lon='-17.00575371643' />
  <node id='-135608' action='modify' lat='14.77400970865' lon='-17.00552525072' />
  <node id='-135609' action='modify' lat='14.77387836434' lon='-17.00509841064' />
  <node id='-135610' action='modify' lat='14.77404766723' lon='-17.00465564329' />
  <node id='-135611' action='modify' lat='14.77427087804' lon='-17.00447402277' />
  <node id='-135612' action='modify' lat='14.77387509779' lon='-17.0044703925' />
  <node id='-135613' action='modify' lat='14.76945853292' lon='-17.00670672224' />
  <node id='-135614' action='modify' lat='14.76973236893' lon='-17.00677794368' />
  <node id='-135615' action='modify' lat='14.76996845221' lon='-17.00683934615' />
  <node id='-135616' action='modify' lat='14.77018029134' lon='-17.00689411616' />
  <node id='-135617' action='modify' lat='14.76903288513' lon='-17.00659609654' />
  <node id='-135618' action='modify' lat='14.76920316116' lon='-17.00664030322' />
  <node id='-135619' action='modify' lat='14.76894984104' lon='-17.00657456866' />
  <node id='-135620' action='modify' lat='14.76863454878' lon='-17.00649185233' />
  <node id='-135621' action='modify' lat='14.77471028887' lon='-17.00961700219' />
  <node id='-135622' action='modify' lat='14.77468610395' lon='-17.01012750242' />
  <node id='-135623' action='modify' lat='14.77469463846' lon='-17.01059197659' />
  <node id='-135624' action='modify' lat='14.77468133306' lon='-17.01145518124' />
  <node id='-135625' action='modify' lat='14.77467442704' lon='-17.01154394823' />
  <node id='-135626' action='modify' lat='14.77438899367' lon='-17.0120438284' />
  <node id='-135627' action='modify' lat='14.77444578898' lon='-17.01106125562' />
  <node id='-135628' action='modify' lat='14.77443031759' lon='-17.01013235774' />
  <node id='-135629' action='modify' lat='14.77448164204' lon='-17.00904643107' />
  <node id='-135630' action='modify' lat='14.77441921184' lon='-17.01152104674' />
  <node id='-135631' action='modify' lat='14.77443808937' lon='-17.01059897305' />
  <node id='-135632' action='modify' lat='14.77445564647' lon='-17.0095964475' />
  <node id='-135633' action='modify' lat='14.77318721673' lon='-17.00533420575' />
  <node id='-135634' action='modify' lat='14.77293859803' lon='-17.00549745538' />
  <node id='-135635' action='modify' lat='14.77214735921' lon='-17.00567703201' />
  <node id='-135636' action='modify' lat='14.77197766629' lon='-17.00534645151' />
  <node id='-135637' action='modify' lat='14.77232099833' lon='-17.00516687692' />
  <node id='-135638' action='modify' lat='14.77260179942' lon='-17.00551657932' />
  <node id='-135643' action='modify' lat='14.76795297658' lon='-17.00162998018' />
  <node id='-135644' action='modify' lat='14.76757692958' lon='-17.00157824405' />
  <node id='-135645' action='modify' lat='14.76828534146' lon='-16.99876544617' />
  <node id='-135646' action='modify' lat='14.76858359258' lon='-16.9988788626' />
  <node id='-135741' action='modify' lat='14.76663949127' lon='-17.00740160923' />
  <node id='-135742' action='modify' lat='14.76638770329' lon='-17.00843377552' />
  <node id='-135743' action='modify' lat='14.76651919416' lon='-17.00846758243' />
  <node id='-135744' action='modify' lat='14.76677092052' lon='-17.00743567926' />
  <node id='-135749' action='modify' lat='14.76637239371' lon='-17.0084796734' />
  <node id='-135750' action='modify' lat='14.76612060541' lon='-17.00951183969' />
  <node id='-135751' action='modify' lat='14.76625209645' lon='-17.0095456466' />
  <node id='-135752' action='modify' lat='14.76650382311' lon='-17.00851374343' />
  <node id='-135761' action='modify' lat='14.76611048218' lon='-17.00954969232' />
  <node id='-135762' action='modify' lat='14.76585869358' lon='-17.01058185861' />
  <node id='-135763' action='modify' lat='14.76599018478' lon='-17.01061566552' />
  <node id='-135764' action='modify' lat='14.76624191174' lon='-17.00958376235' />
  <node id='-135770' action='modify' lat='14.76584597715' lon='-17.01062775649' />
  <node id='-135771' action='modify' lat='14.76559418825' lon='-17.01165992278' />
  <node id='-135772' action='modify' lat='14.7657256796' lon='-17.01169372969' />
  <node id='-135773' action='modify' lat='14.76597740688' lon='-17.01066182652' />
  <node id='-135781' action='modify' lat='14.76558665819' lon='-17.01171118417' />
  <node id='-135782' action='modify' lat='14.76527263231' lon='-17.01300079862' />
  <node id='-135783' action='modify' lat='14.76540412386' lon='-17.01303460553' />
  <node id='-135784' action='modify' lat='14.76571808806' lon='-17.0117452542' />
  <node id='-135995' action='modify' lat='14.765096888' lon='-17.01310752204' />
  <node id='-135996' action='modify' lat='14.76486048072' lon='-17.01270622925' />
  <node id='-136077' action='modify' lat='14.76447493414' lon='-17.01294678702' />
  <node id='-136108' action='modify' lat='14.76459832583' lon='-17.01275926704' />
  <node id='-136126' action='modify' lat='14.76504589923' lon='-17.01283452208' />
  <node id='-136142' action='modify' lat='14.76497312917' lon='-17.013297379' />
  <node id='-136162' action='modify' lat='14.76449696622' lon='-17.01317245861' />
  <node id='-136230' action='modify' lat='14.76680706419' lon='-17.00575897773' />
  <node id='-136244' action='modify' lat='14.76635949441' lon='-17.00568372269' />
  <node id='-136251' action='modify' lat='14.76668626973' lon='-17.00625140026' />
  <node id='-136260' action='modify' lat='14.76625813563' lon='-17.00609691425' />
  <node id='-136266' action='modify' lat='14.76623610372' lon='-17.00587124267' />
  <node id='-136268' action='modify' lat='14.76643382378' lon='-17.00626183404' />
  <node id='-136269' action='modify' lat='14.76685549158' lon='-17.00604081611' />
  <node id='-136557' action='modify' lat='14.76708240376' lon='-17.00404875375' />
  <node id='-136558' action='modify' lat='14.77555154299' lon='-17.0039575742' />
  <node id='-136559' action='modify' lat='14.77546856467' lon='-17.01410532252' />
  <node id='-136560' action='modify' lat='14.76478484' lon='-17.01412677653' />
  <node id='-136561' action='modify' lat='14.76453589259' lon='-17.01541401733' />
  <node id='-136562' action='modify' lat='14.77619462398' lon='-17.01532820128' />
  <node id='-136563' action='modify' lat='14.77644355804' lon='-17.00260597135' />
  <node id='-136564' action='modify' lat='14.76746619308' lon='-17.00257915384' />
  <node id='-136579' action='modify' lat='14.76695531878' lon='-17.01018189971' />
  <node id='-136587' action='modify' lat='14.76674138175' lon='-17.01015642307' />
  <node id='-136592' action='modify' lat='14.76680880435' lon='-17.00988958878' />
  <node id='-136597' action='modify' lat='14.76702922425' lon='-17.00996735958' />
  <node id='-136606' action='modify' lat='14.76823212855' lon='-17.0065129272' />
  <node id='-136610' action='modify' lat='14.76806389757' lon='-17.00644755984' />
  <node id='-136619' action='modify' lat='14.76809307064' lon='-17.00625045109' />
  <node id='-136626' action='modify' lat='14.7683037649' lon='-17.0063248697' />
  <node id='-136661' action='modify' lat='14.76406866373' lon='-17.01649002363' />
  <node id='-136662' action='modify' lat='14.7638941847' lon='-17.01782911077' />
  <node id='-136663' action='modify' lat='14.76462386488' lon='-17.01790071813' />
  <node id='-136664' action='modify' lat='14.76480482632' lon='-17.01661057296' />
  <node id='-136672' action='modify' lat='14.76416136057' lon='-17.01586248301' />
  <node id='-136673' action='modify' lat='14.76407764395' lon='-17.01645537275' />
  <node id='-136674' action='modify' lat='14.76453438899' lon='-17.01652228705' />
  <node id='-136675' action='modify' lat='14.76463885105' lon='-17.01594816957' />
  <node id='-136733' action='modify' lat='14.76293038613' lon='-17.02572066668' />
  <node id='-136751' action='modify' lat='14.77300648366' lon='-17.0054528799' />
  <node id='-136782' action='modify' lat='14.76488855245' lon='-17.02222028698' />
  <node id='-136783' action='modify' lat='14.76342864202' lon='-17.02204098146' />
  <node id='-136846' action='modify' lat='14.76950958105' lon='-17.00463737813' />
  <node id='-136847' action='modify' lat='14.7695536645' lon='-17.00455960733' />
  <node id='-136848' action='modify' lat='14.76955885078' lon='-17.00440406574' />
  <node id='-136849' action='modify' lat='14.76961978966' lon='-17.0041010278' />
  <node id='-136850' action='modify' lat='14.76963664508' lon='-17.00404202926' />
  <node id='-136851' action='modify' lat='14.7694317867' lon='-17.00404337014' />
  <node id='-136852' action='modify' lat='14.76942530384' lon='-17.00409164167' />
  <node id='-136853' action='modify' lat='14.76943826956' lon='-17.0041948891' />
  <node id='-136854' action='modify' lat='14.76942271069' lon='-17.00428606866' />
  <node id='-136855' action='modify' lat='14.76939159294' lon='-17.00431824968' />
  <node id='-136856' action='modify' lat='14.76941493125' lon='-17.00439602048' />
  <node id='-136857' action='modify' lat='14.76946809073' lon='-17.00450731317' />
  <node id='-136858' action='modify' lat='14.7694693873' lon='-17.00463067375' />
  <node id='-136876' action='modify' lat='14.76790960634' lon='-17.00017360382' />
  <node id='-137821' action='modify' lat='14.7746544005' lon='-17.01250378754' />
  <node id='-145808' action='modify' lat='14.76300192493' lon='-17.01820898264' />
  <node id='-145809' action='modify' lat='14.76282744504' lon='-17.01954806979' />
  <node id='-145810' action='modify' lat='14.7635571288' lon='-17.01961967715' />
  <node id='-145811' action='modify' lat='14.76373809114' lon='-17.01832953197' />
  <node id='-145816' action='modify' lat='14.76617855636' lon='-17.01010580915' />
  <node id='-145817' action='modify' lat='14.76605952325' lon='-17.01006974576' />
  <way id='-38975' action='modify'>
    <nd ref='-130561' />
    <nd ref='-130562' />
    <nd ref='-130563' />
    <nd ref='-130564' />
    <nd ref='-130565' />
    <nd ref='-130566' />
    <nd ref='-130567' />
    <nd ref='-130568' />
    <nd ref='-130569' />
    <nd ref='-130570' />
    <nd ref='-130571' />
    <nd ref='-130572' />
    <nd ref='-130573' />
    <nd ref='-130574' />
    <nd ref='-130575' />
    <nd ref='-130576' />
    <nd ref='-130577' />
    <nd ref='-130578' />
    <nd ref='-130579' />
    <nd ref='-130580' />
    <nd ref='-130581' />
    <tag k='highway' v='secondary' />
    <tag k='lanes' v='2' />
    <tag k='maxspeed' v='50' />
    <tag k='oneway' v='no' />
    <tag k='osm_type' v='way' />
    <tag k='sidewalk' v='both' />
    <tag k='surface' v='asphalt' />
    <tag k='width' v='9' />
  </way>
  <way id='-38976' action='modify'>
    <nd ref='-130585' />
    <nd ref='-135590' />
    <tag k='highway' v='service' />
    <tag k='lanes' v='2' />
    <tag k='maxspeed' v='30' />
    <tag k='oneway' v='no' />
    <tag k='osm_type' v='way' />
    <tag k='sidewalk' v='both' />
    <tag k='surface' v='asphalt' />
    <tag k='width' v='10' />
  </way>
  <way id='-38977'>
    <nd ref='-130586' />
    <nd ref='-130587' />
    <tag k='highway' v='service' />
    <tag k='lanes' v='2' />
    <tag k='maxspeed' v='30' />
    <tag k='oneway' v='no' />
    <tag k='osm_type' v='way' />
    <tag k='sidewalk' v='both' />
    <tag k='surface' v='asphalt' />
    <tag k='width' v='5' />
  </way>
  <way id='-38978'>
    <nd ref='-130588' />
    <nd ref='-130589' />
    <tag k='highway' v='service' />
    <tag k='lanes' v='2' />
    <tag k='maxspeed' v='30' />
    <tag k='oneway' v='no' />
    <tag k='osm_type' v='way' />
    <tag k='sidewalk' v='both' />
    <tag k='surface' v='asphalt' />
    <tag k='width' v='5' />
  </way>
  <way id='-38979'>
    <nd ref='-130590' />
    <nd ref='-130591' />
    <tag k='highway' v='service' />
    <tag k='lanes' v='2' />
    <tag k='maxspeed' v='30' />
    <tag k='oneway' v='no' />
    <tag k='osm_type' v='way' />
    <tag k='sidewalk' v='both' />
    <tag k='surface' v='asphalt' />
    <tag k='width' v='5' />
  </way>
  <way id='-38980' action='modify'>
    <nd ref='-130592' />
    <nd ref='-130591' />
    <nd ref='-130589' />
    <nd ref='-130587' />
    <nd ref='-130593' />
    <tag k='highway' v='service' />
    <tag k='lanes' v='2' />
    <tag k='maxspeed' v='30' />
    <tag k='oneway' v='no' />
    <tag k='osm_type' v='way' />
    <tag k='sidewalk' v='both' />
    <tag k='surface' v='asphalt' />
    <tag k='width' v='5' />
  </way>
  <way id='-38981'>
    <nd ref='-130594' />
    <nd ref='-130595' />
    <nd ref='-130596' />
    <tag k='highway' v='residential' />
    <tag k='lanes' v='2' />
    <tag k='maxspeed' v='30' />
    <tag k='oneway' v='no' />
    <tag k='osm_type' v='way' />
    <tag k='sidewalk' v='both' />
    <tag k='surface' v='asphalt' />
    <tag k='width' v='5' />
  </way>
  <way id='-38982'>
    <nd ref='-130594' />
    <nd ref='-130597' />
    <tag k='highway' v='residential' />
    <tag k='lanes' v='2' />
    <tag k='maxspeed' v='30' />
    <tag k='oneway' v='no' />
    <tag k='osm_type' v='way' />
    <tag k='sidewalk' v='both' />
    <tag k='surface' v='asphalt' />
    <tag k='width' v='5' />
  </way>
  <way id='-38983' action='modify'>
    <nd ref='-130598' />
    <nd ref='-130599' />
    <tag k='highway' v='residential' />
    <tag k='lanes' v='2' />
    <tag k='maxspeed' v='30' />
    <tag k='oneway' v='no' />
    <tag k='osm_type' v='way' />
    <tag k='sidewalk' v='both' />
    <tag k='surface' v='asphalt' />
    <tag k='width' v='5' />
  </way>
  <way id='-38984' action='modify'>
    <nd ref='-130600' />
    <nd ref='-130602' />
    <nd ref='-130601' />
    <tag k='highway' v='residential' />
    <tag k='lanes' v='2' />
    <tag k='maxspeed' v='30' />
    <tag k='oneway' v='no' />
    <tag k='osm_type' v='way' />
    <tag k='sidewalk' v='both' />
    <tag k='surface' v='asphalt' />
    <tag k='width' v='5' />
  </way>
  <way id='-38985'>
    <nd ref='-130602' />
    <nd ref='-130603' />
    <tag k='highway' v='residential' />
    <tag k='lanes' v='2' />
    <tag k='maxspeed' v='30' />
    <tag k='oneway' v='no' />
    <tag k='osm_type' v='way' />
    <tag k='sidewalk' v='both' />
    <tag k='surface' v='asphalt' />
    <tag k='width' v='5' />
  </way>
  <way id='-38986' action='modify'>
    <nd ref='-130601' />
    <nd ref='-130609' />
    <nd ref='-130604' />
    <tag k='highway' v='residential' />
    <tag k='lanes' v='2' />
    <tag k='maxspeed' v='30' />
    <tag k='oneway' v='no' />
    <tag k='osm_type' v='way' />
    <tag k='sidewalk' v='both' />
    <tag k='surface' v='asphalt' />
    <tag k='width' v='5' />
  </way>
  <way id='-38987' action='modify'>
    <nd ref='-130605' />
    <nd ref='-136610' />
    <nd ref='-135573' />
    <nd ref='-136619' />
    <nd ref='-135572' />
    <nd ref='-136626' />
    <nd ref='-135571' />
    <nd ref='-136606' />
    <nd ref='-130605' />
    <tag k='highway' v='primary' />
    <tag k='lanes' v='2' />
    <tag k='maxspeed' v='50' />
    <tag k='oneway' v='no' />
    <tag k='osm_type' v='way' />
    <tag k='sidewalk' v='both' />
    <tag k='surface' v='asphalt' />
    <tag k='width' v='11' />
  </way>
  <way id='-38988'>
    <nd ref='-130607' />
    <nd ref='-130604' />
    <tag k='highway' v='residential' />
    <tag k='lanes' v='2' />
    <tag k='maxspeed' v='30' />
    <tag k='oneway' v='no' />
    <tag k='osm_type' v='way' />
    <tag k='sidewalk' v='both' />
    <tag k='surface' v='asphalt' />
    <tag k='width' v='5' />
  </way>
  <way id='-38989'>
    <nd ref='-130608' />
    <nd ref='-130609' />
    <tag k='highway' v='residential' />
    <tag k='lanes' v='2' />
    <tag k='maxspeed' v='30' />
    <tag k='oneway' v='no' />
    <tag k='osm_type' v='way' />
    <tag k='sidewalk' v='both' />
    <tag k='surface' v='asphalt' />
    <tag k='width' v='5' />
  </way>
  <way id='-38990'>
    <nd ref='-130604' />
    <nd ref='-130610' />
    <tag k='highway' v='residential' />
    <tag k='lanes' v='2' />
    <tag k='maxspeed' v='30' />
    <tag k='oneway' v='no' />
    <tag k='osm_type' v='way' />
    <tag k='sidewalk' v='both' />
    <tag k='surface' v='asphalt' />
    <tag k='width' v='5' />
  </way>
  <way id='-38991' action='modify'>
    <nd ref='-135995' />
    <nd ref='-130612' />
    <nd ref='-130613' />
    <nd ref='-130614' />
    <nd ref='-130615' />
    <nd ref='-130616' />
    <nd ref='-130617' />
    <nd ref='-130618' />
    <nd ref='-130619' />
    <nd ref='-130620' />
    <nd ref='-130621' />
    <nd ref='-130622' />
    <nd ref='-130623' />
    <nd ref='-130624' />
    <nd ref='-130625' />
    <nd ref='-130626' />
    <nd ref='-130627' />
    <nd ref='-130628' />
    <nd ref='-130629' />
    <nd ref='-130630' />
    <nd ref='-130631' />
    <nd ref='-130632' />
    <nd ref='-130633' />
    <nd ref='-130634' />
    <nd ref='-130635' />
    <nd ref='-130830' />
    <nd ref='-130637' />
    <nd ref='-135584' />
    <tag k='highway' v='primary' />
    <tag k='lanes' v='2' />
    <tag k='maxspeed' v='50' />
    <tag k='oneway' v='no' />
    <tag k='osm_type' v='way' />
    <tag k='sidewalk' v='both' />
    <tag k='surface' v='asphalt' />
    <tag k='width' v='11' />
  </way>
  <way id='-38992'>
    <nd ref='-130636' />
    <nd ref='-130637' />
    <tag k='highway' v='service' />
    <tag k='lanes' v='2' />
    <tag k='maxspeed' v='30' />
    <tag k='oneway' v='no' />
    <tag k='osm_type' v='way' />
    <tag k='sidewalk' v='both' />
    <tag k='surface' v='asphalt' />
    <tag k='width' v='5' />
  </way>
  <way id='-38993' action='modify'>
    <nd ref='-130638' />
    <nd ref='-130994' />
    <nd ref='-130639' />
    <tag k='highway' v='residential' />
    <tag k='lanes' v='2' />
    <tag k='maxspeed' v='30' />
    <tag k='oneway' v='no' />
    <tag k='osm_type' v='way' />
    <tag k='sidewalk' v='both' />
    <tag k='surface' v='asphalt' />
    <tag k='width' v='5' />
  </way>
  <way id='-38994'>
    <nd ref='-130596' />
    <nd ref='-130640' />
    <tag k='highway' v='residential' />
    <tag k='lanes' v='2' />
    <tag k='maxspeed' v='30' />
    <tag k='oneway' v='no' />
    <tag k='osm_type' v='way' />
    <tag k='sidewalk' v='both' />
    <tag k='surface' v='asphalt' />
    <tag k='width' v='5' />
  </way>
  <way id='-38995' action='modify'>
    <nd ref='-130641' />
    <nd ref='-130760' />
    <nd ref='-130642' />
    <tag k='highway' v='residential' />
    <tag k='lanes' v='2' />
    <tag k='maxspeed' v='30' />
    <tag k='oneway' v='no' />
    <tag k='osm_type' v='way' />
    <tag k='sidewalk' v='both' />
    <tag k='surface' v='asphalt' />
    <tag k='width' v='5' />
  </way>
  <way id='-38996' action='modify'>
    <nd ref='-135597' />
    <nd ref='-130638' />
    <nd ref='-130673' />
    <nd ref='-130674' />
    <nd ref='-130675' />
    <nd ref='-130676' />
    <nd ref='-130677' />
    <nd ref='-130678' />
    <nd ref='-130679' />
    <nd ref='-130835' />
    <nd ref='-130680' />
    <nd ref='-130681' />
    <nd ref='-130682' />
    <nd ref='-130683' />
    <nd ref='-130684' />
    <nd ref='-130685' />
    <nd ref='-130686' />
    <nd ref='-130687' />
    <nd ref='-130688' />
    <nd ref='-130689' />
    <nd ref='-130690' />
    <nd ref='-130691' />
    <nd ref='-130692' />
    <nd ref='-130814' />
    <nd ref='-130693' />
    <nd ref='-130694' />
    <nd ref='-130695' />
    <nd ref='-130696' />
    <nd ref='-130815' />
    <nd ref='-130697' />
    <nd ref='-130698' />
    <tag k='highway' v='tertiary' />
    <tag k='lanes' v='2' />
    <tag k='maxspeed' v='50' />
    <tag k='oneway' v='no' />
    <tag k='osm_type' v='way' />
    <tag k='sidewalk' v='both' />
    <tag k='surface' v='asphalt' />
    <tag k='width' v='7' />
  </way>
  <way id='-38997'>
    <nd ref='-130760' />
    <nd ref='-130761' />
    <tag k='highway' v='residential' />
    <tag k='lanes' v='2' />
    <tag k='maxspeed' v='30' />
    <tag k='oneway' v='no' />
    <tag k='osm_type' v='way' />
    <tag k='sidewalk' v='both' />
    <tag k='surface' v='asphalt' />
    <tag k='width' v='5' />
  </way>
  <way id='-38998'>
    <nd ref='-130761' />
    <nd ref='-130762' />
    <tag k='highway' v='residential' />
    <tag k='lanes' v='2' />
    <tag k='maxspeed' v='30' />
    <tag k='oneway' v='no' />
    <tag k='osm_type' v='way' />
    <tag k='sidewalk' v='both' />
    <tag k='surface' v='asphalt' />
    <tag k='width' v='5' />
  </way>
  <way id='-38999'>
    <nd ref='-130763' />
    <nd ref='-130764' />
    <tag k='highway' v='residential' />
    <tag k='lanes' v='2' />
    <tag k='maxspeed' v='30' />
    <tag k='oneway' v='no' />
    <tag k='osm_type' v='way' />
    <tag k='sidewalk' v='both' />
    <tag k='surface' v='asphalt' />
    <tag k='width' v='5' />
  </way>
  <way id='-39000'>
    <nd ref='-130765' />
    <nd ref='-130766' />
    <nd ref='-130767' />
    <nd ref='-130768' />
    <nd ref='-130769' />
    <nd ref='-130770' />
    <nd ref='-130771' />
    <tag k='highway' v='residential' />
    <tag k='lanes' v='2' />
    <tag k='maxspeed' v='30' />
    <tag k='oneway' v='no' />
    <tag k='osm_type' v='way' />
    <tag k='sidewalk' v='both' />
    <tag k='surface' v='asphalt' />
    <tag k='width' v='5' />
  </way>
  <way id='-39001'>
    <nd ref='-130772' />
    <nd ref='-130773' />
    <nd ref='-130774' />
    <nd ref='-130775' />
    <nd ref='-130776' />
    <nd ref='-130777' />
    <tag k='highway' v='residential' />
    <tag k='lanes' v='2' />
    <tag k='maxspeed' v='30' />
    <tag k='oneway' v='no' />
    <tag k='osm_type' v='way' />
    <tag k='sidewalk' v='both' />
    <tag k='surface' v='asphalt' />
    <tag k='width' v='5' />
  </way>
  <way id='-39002' action='modify'>
    <nd ref='-130778' />
    <nd ref='-130779' />
    <nd ref='-130780' />
    <nd ref='-130781' />
    <nd ref='-130782' />
    <nd ref='-130783' />
    <nd ref='-130784' />
    <tag k='highway' v='residential' />
    <tag k='lanes' v='2' />
    <tag k='maxspeed' v='30' />
    <tag k='oneway' v='no' />
    <tag k='osm_type' v='way' />
    <tag k='sidewalk' v='both' />
    <tag k='surface' v='asphalt' />
    <tag k='width' v='5' />
  </way>
  <way id='-39003' action='modify'>
    <nd ref='-130771' />
    <nd ref='-130777' />
    <nd ref='-130993' />
    <nd ref='-130784' />
    <tag k='highway' v='residential' />
    <tag k='lanes' v='2' />
    <tag k='maxspeed' v='30' />
    <tag k='oneway' v='no' />
    <tag k='osm_type' v='way' />
    <tag k='sidewalk' v='both' />
    <tag k='surface' v='asphalt' />
    <tag k='width' v='5' />
  </way>
  <way id='-39004'>
    <nd ref='-130785' />
    <nd ref='-130786' />
    <tag k='highway' v='residential' />
    <tag k='lanes' v='2' />
    <tag k='maxspeed' v='30' />
    <tag k='oneway' v='no' />
    <tag k='osm_type' v='way' />
    <tag k='sidewalk' v='both' />
    <tag k='surface' v='asphalt' />
    <tag k='width' v='5' />
  </way>
  <way id='-39005' action='modify'>
    <nd ref='-130787' />
    <nd ref='-130827' />
    <nd ref='-130788' />
    <nd ref='-130789' />
    <nd ref='-130790' />
    <nd ref='-130791' />
    <tag k='highway' v='residential' />
    <tag k='lanes' v='2' />
    <tag k='maxspeed' v='30' />
    <tag k='oneway' v='no' />
    <tag k='osm_type' v='way' />
    <tag k='sidewalk' v='both' />
    <tag k='surface' v='asphalt' />
    <tag k='width' v='5' />
  </way>
  <way id='-39006' action='modify'>
    <nd ref='-130792' />
    <nd ref='-130826' />
    <nd ref='-130793' />
    <tag k='highway' v='residential' />
    <tag k='lanes' v='2' />
    <tag k='maxspeed' v='30' />
    <tag k='oneway' v='no' />
    <tag k='osm_type' v='way' />
    <tag k='sidewalk' v='both' />
    <tag k='surface' v='asphalt' />
    <tag k='width' v='5' />
  </way>
  <way id='-39007' action='modify'>
    <nd ref='-130794' />
    <nd ref='-137821' />
    <nd ref='-130795' />
    <tag k='highway' v='residential' />
    <tag k='lanes' v='2' />
    <tag k='maxspeed' v='30' />
    <tag k='oneway' v='no' />
    <tag k='osm_type' v='way' />
    <tag k='sidewalk' v='both' />
    <tag k='surface' v='asphalt' />
    <tag k='width' v='5' />
  </way>
  <way id='-39008' action='modify'>
    <nd ref='-130796' />
    <nd ref='-135629' />
    <nd ref='-130797' />
    <nd ref='-135603' />
    <tag k='highway' v='residential' />
    <tag k='lanes' v='2' />
    <tag k='maxspeed' v='30' />
    <tag k='oneway' v='no' />
    <tag k='osm_type' v='way' />
    <tag k='sidewalk' v='both' />
    <tag k='surface' v='asphalt' />
    <tag k='width' v='5' />
  </way>
  <way id='-39009'>
    <nd ref='-130800' />
    <nd ref='-130801' />
    <nd ref='-130802' />
    <nd ref='-130803' />
    <tag k='highway' v='residential' />
    <tag k='lanes' v='2' />
    <tag k='maxspeed' v='30' />
    <tag k='oneway' v='no' />
    <tag k='osm_type' v='way' />
    <tag k='sidewalk' v='both' />
    <tag k='surface' v='asphalt' />
    <tag k='width' v='5' />
  </way>
  <way id='-39010'>
    <nd ref='-130804' />
    <nd ref='-130805' />
    <nd ref='-130806' />
    <tag k='highway' v='residential' />
    <tag k='lanes' v='2' />
    <tag k='maxspeed' v='30' />
    <tag k='oneway' v='no' />
    <tag k='osm_type' v='way' />
    <tag k='sidewalk' v='both' />
    <tag k='surface' v='asphalt' />
    <tag k='width' v='5' />
  </way>
  <way id='-39011' action='modify'>
    <nd ref='-130807' />
    <nd ref='-135600' />
    <tag k='highway' v='residential' />
    <tag k='lanes' v='2' />
    <tag k='maxspeed' v='30' />
    <tag k='oneway' v='no' />
    <tag k='osm_type' v='way' />
    <tag k='sidewalk' v='both' />
    <tag k='surface' v='asphalt' />
    <tag k='width' v='5' />
  </way>
  <way id='-39012' action='modify'>
    <nd ref='-130809' />
    <nd ref='-130803' />
    <nd ref='-130810' />
    <nd ref='-130799' />
    <nd ref='-130811' />
    <nd ref='-130804' />
    <nd ref='-130812' />
    <nd ref='-130807' />
    <nd ref='-130809' />
    <tag k='highway' v='residential' />
    <tag k='lanes' v='2' />
    <tag k='maxspeed' v='30' />
    <tag k='oneway' v='no' />
    <tag k='osm_type' v='way' />
    <tag k='sidewalk' v='both' />
    <tag k='surface' v='asphalt' />
    <tag k='width' v='5' />
  </way>
  <way id='-39013'>
    <nd ref='-130795' />
    <nd ref='-130813' />
    <tag k='highway' v='residential' />
    <tag k='lanes' v='2' />
    <tag k='maxspeed' v='30' />
    <tag k='oneway' v='no' />
    <tag k='osm_type' v='way' />
    <tag k='sidewalk' v='both' />
    <tag k='surface' v='asphalt' />
    <tag k='width' v='5' />
  </way>
  <way id='-39014' action='modify'>
    <nd ref='-130793' />
    <nd ref='-135626' />
    <nd ref='-130814' />
    <tag k='highway' v='residential' />
    <tag k='lanes' v='2' />
    <tag k='maxspeed' v='30' />
    <tag k='oneway' v='no' />
    <tag k='osm_type' v='way' />
    <tag k='sidewalk' v='both' />
    <tag k='surface' v='asphalt' />
    <tag k='width' v='5' />
  </way>
  <way id='-39015' action='modify'>
    <nd ref='-130815' />
    <nd ref='-135627' />
    <nd ref='-130825' />
    <nd ref='-130816' />
    <tag k='highway' v='residential' />
    <tag k='lanes' v='2' />
    <tag k='maxspeed' v='30' />
    <tag k='oneway' v='no' />
    <tag k='osm_type' v='way' />
    <tag k='sidewalk' v='both' />
    <tag k='surface' v='asphalt' />
    <tag k='width' v='5' />
  </way>
  <way id='-39016' action='modify'>
    <nd ref='-130817' />
    <nd ref='-135622' />
    <nd ref='-135628' />
    <nd ref='-130697' />
    <tag k='highway' v='residential' />
    <tag k='lanes' v='2' />
    <tag k='maxspeed' v='30' />
    <tag k='oneway' v='no' />
    <tag k='osm_type' v='way' />
    <tag k='sidewalk' v='both' />
    <tag k='surface' v='asphalt' />
    <tag k='width' v='5' />
  </way>
  <way id='-39017' action='modify'>
    <nd ref='-135625' />
    <nd ref='-130818' />
    <tag k='highway' v='residential' />
    <tag k='lanes' v='2' />
    <tag k='maxspeed' v='30' />
    <tag k='oneway' v='no' />
    <tag k='osm_type' v='way' />
    <tag k='sidewalk' v='both' />
    <tag k='surface' v='asphalt' />
    <tag k='width' v='5' />
  </way>
  <way id='-39018' action='modify'>
    <nd ref='-130821' />
    <nd ref='-130822' />
    <nd ref='-130796' />
    <nd ref='-130836' />
    <nd ref='-135621' />
    <nd ref='-130823' />
    <nd ref='-130824' />
    <nd ref='-135622' />
    <tag k='highway' v='residential' />
    <tag k='lanes' v='2' />
    <tag k='maxspeed' v='30' />
    <tag k='oneway' v='no' />
    <tag k='osm_type' v='way' />
    <tag k='sidewalk' v='both' />
    <tag k='surface' v='asphalt' />
    <tag k='width' v='5' />
  </way>
  <way id='-39019' action='modify'>
    <nd ref='-135607' />
    <nd ref='-130828' />
    <nd ref='-135609' />
    <tag k='highway' v='residential' />
    <tag k='lanes' v='2' />
    <tag k='maxspeed' v='30' />
    <tag k='oneway' v='no' />
    <tag k='osm_type' v='way' />
    <tag k='sidewalk' v='both' />
    <tag k='surface' v='asphalt' />
    <tag k='width' v='5' />
  </way>
  <way id='-39020' action='modify'>
    <nd ref='-135581' />
    <nd ref='-130830' />
    <tag k='highway' v='service' />
    <tag k='lanes' v='2' />
    <tag k='maxspeed' v='30' />
    <tag k='oneway' v='no' />
    <tag k='osm_type' v='way' />
    <tag k='sidewalk' v='both' />
    <tag k='surface' v='asphalt' />
    <tag k='width' v='5' />
  </way>
  <way id='-39021' action='modify'>
    <nd ref='-130831' />
    <nd ref='-130787' />
    <nd ref='-130832' />
    <nd ref='-130791' />
    <tag k='highway' v='residential' />
    <tag k='lanes' v='2' />
    <tag k='maxspeed' v='30' />
    <tag k='oneway' v='no' />
    <tag k='osm_type' v='way' />
    <tag k='sidewalk' v='both' />
    <tag k='surface' v='asphalt' />
    <tag k='width' v='5' />
  </way>
  <way id='-39022' action='modify'>
    <nd ref='-130787' />
    <nd ref='-130834' />
    <nd ref='-130813' />
    <nd ref='-130835' />
    <tag k='highway' v='residential' />
    <tag k='lanes' v='2' />
    <tag k='maxspeed' v='30' />
    <tag k='oneway' v='no' />
    <tag k='osm_type' v='way' />
    <tag k='sidewalk' v='both' />
    <tag k='surface' v='asphalt' />
    <tag k='width' v='5' />
  </way>
  <way id='-39023'>
    <nd ref='-130836' />
    <nd ref='-130837' />
    <tag k='highway' v='residential' />
    <tag k='lanes' v='2' />
    <tag k='maxspeed' v='30' />
    <tag k='oneway' v='no' />
    <tag k='osm_type' v='way' />
    <tag k='sidewalk' v='both' />
    <tag k='surface' v='asphalt' />
    <tag k='width' v='5' />
  </way>
  <way id='-39024' action='modify'>
    <nd ref='-135608' />
    <nd ref='-130838' />
    <nd ref='-130839' />
    <nd ref='-130840' />
    <tag k='highway' v='residential' />
    <tag k='lanes' v='2' />
    <tag k='maxspeed' v='30' />
    <tag k='oneway' v='no' />
    <tag k='osm_type' v='way' />
    <tag k='sidewalk' v='both' />
    <tag k='surface' v='asphalt' />
    <tag k='width' v='5' />
  </way>
  <way id='-39025'>
    <nd ref='-130841' />
    <nd ref='-130842' />
    <nd ref='-130843' />
    <nd ref='-130844' />
    <nd ref='-130845' />
    <nd ref='-130846' />
    <nd ref='-130847' />
    <nd ref='-130848' />
    <nd ref='-130849' />
    <nd ref='-130850' />
    <nd ref='-130851' />
    <nd ref='-130852' />
    <nd ref='-130853' />
    <nd ref='-130854' />
    <nd ref='-130855' />
    <nd ref='-130856' />
    <nd ref='-130857' />
    <nd ref='-130858' />
    <nd ref='-130859' />
    <nd ref='-130860' />
    <nd ref='-130861' />
    <nd ref='-130862' />
    <nd ref='-130863' />
    <nd ref='-130864' />
    <nd ref='-130865' />
    <nd ref='-130866' />
    <nd ref='-130867' />
    <nd ref='-130868' />
    <nd ref='-130869' />
    <nd ref='-130870' />
    <nd ref='-130871' />
    <nd ref='-130872' />
    <nd ref='-130873' />
    <nd ref='-130874' />
    <nd ref='-130875' />
    <nd ref='-130876' />
    <nd ref='-130877' />
    <nd ref='-130878' />
    <nd ref='-130879' />
    <nd ref='-130880' />
    <nd ref='-130881' />
    <nd ref='-130882' />
    <nd ref='-130883' />
    <nd ref='-130884' />
    <nd ref='-130885' />
    <nd ref='-130886' />
    <tag k='highway' v='residential' />
    <tag k='lanes' v='2' />
    <tag k='maxspeed' v='30' />
    <tag k='oneway' v='no' />
    <tag k='osm_type' v='way' />
    <tag k='sidewalk' v='both' />
    <tag k='surface' v='asphalt' />
    <tag k='width' v='5' />
  </way>
  <way id='-39026' action='modify'>
    <nd ref='-130841' />
    <nd ref='-130888' />
    <nd ref='-130889' />
    <tag k='highway' v='residential' />
    <tag k='lanes' v='2' />
    <tag k='maxspeed' v='30' />
    <tag k='oneway' v='no' />
    <tag k='osm_type' v='way' />
    <tag k='sidewalk' v='both' />
    <tag k='surface' v='asphalt' />
    <tag k='width' v='5' />
  </way>
  <way id='-39027' action='modify'>
    <nd ref='-130840' />
    <nd ref='-130890' />
    <nd ref='-130891' />
    <nd ref='-130892' />
    <nd ref='-130893' />
    <nd ref='-130894' />
    <nd ref='-130895' />
    <nd ref='-130896' />
    <nd ref='-130897' />
    <nd ref='-130898' />
    <nd ref='-130899' />
    <nd ref='-130900' />
    <nd ref='-130901' />
    <nd ref='-130902' />
    <nd ref='-130903' />
    <nd ref='-130904' />
    <nd ref='-130905' />
    <nd ref='-130906' />
    <nd ref='-130907' />
    <nd ref='-130908' />
    <nd ref='-130909' />
    <nd ref='-130910' />
    <nd ref='-130911' />
    <nd ref='-130912' />
    <nd ref='-130913' />
    <nd ref='-130914' />
    <nd ref='-130915' />
    <nd ref='-130916' />
    <nd ref='-130917' />
    <nd ref='-130918' />
    <nd ref='-130919' />
    <nd ref='-130920' />
    <nd ref='-130921' />
    <nd ref='-130922' />
    <nd ref='-130923' />
    <nd ref='-130924' />
    <nd ref='-130925' />
    <nd ref='-130926' />
    <nd ref='-130927' />
    <nd ref='-130928' />
    <nd ref='-130929' />
    <nd ref='-130930' />
    <nd ref='-130931' />
    <nd ref='-130932' />
    <nd ref='-130933' />
    <nd ref='-130934' />
    <nd ref='-130937' />
    <tag k='highway' v='residential' />
    <tag k='lanes' v='2' />
    <tag k='maxspeed' v='30' />
    <tag k='oneway' v='no' />
    <tag k='osm_type' v='way' />
    <tag k='sidewalk' v='both' />
    <tag k='surface' v='asphalt' />
    <tag k='width' v='5' />
  </way>
  <way id='-39028'>
    <nd ref='-130936' />
    <nd ref='-130937' />
    <tag k='highway' v='residential' />
    <tag k='lanes' v='2' />
    <tag k='maxspeed' v='30' />
    <tag k='oneway' v='no' />
    <tag k='osm_type' v='way' />
    <tag k='sidewalk' v='both' />
    <tag k='surface' v='asphalt' />
    <tag k='width' v='5' />
  </way>
  <way id='-39029' action='modify'>
    <nd ref='-130990' />
    <nd ref='-130939' />
    <nd ref='-130940' />
    <nd ref='-130941' />
    <nd ref='-130942' />
    <nd ref='-130943' />
    <nd ref='-130944' />
    <nd ref='-130945' />
    <nd ref='-130946' />
    <nd ref='-130947' />
    <nd ref='-130948' />
    <nd ref='-130949' />
    <nd ref='-130950' />
    <nd ref='-130951' />
    <nd ref='-130952' />
    <nd ref='-130953' />
    <nd ref='-130954' />
    <nd ref='-130955' />
    <nd ref='-130956' />
    <nd ref='-130957' />
    <nd ref='-130958' />
    <nd ref='-130959' />
    <nd ref='-130960' />
    <nd ref='-130961' />
    <nd ref='-130962' />
    <nd ref='-130963' />
    <nd ref='-130964' />
    <nd ref='-130965' />
    <nd ref='-130966' />
    <nd ref='-130967' />
    <nd ref='-130968' />
    <nd ref='-130969' />
    <nd ref='-130970' />
    <nd ref='-130971' />
    <nd ref='-130972' />
    <nd ref='-130973' />
    <nd ref='-130974' />
    <nd ref='-130975' />
    <nd ref='-130976' />
    <nd ref='-130977' />
    <nd ref='-130978' />
    <nd ref='-130979' />
    <nd ref='-130980' />
    <nd ref='-130981' />
    <nd ref='-130982' />
    <nd ref='-130983' />
    <nd ref='-130985' />
    <tag k='highway' v='residential' />
    <tag k='lanes' v='2' />
    <tag k='maxspeed' v='30' />
    <tag k='oneway' v='no' />
    <tag k='osm_type' v='way' />
    <tag k='sidewalk' v='both' />
    <tag k='surface' v='asphalt' />
    <tag k='width' v='5' />
  </way>
  <way id='-39030'>
    <nd ref='-130985' />
    <nd ref='-130986' />
    <nd ref='-130987' />
    <tag k='highway' v='residential' />
    <tag k='lanes' v='2' />
    <tag k='maxspeed' v='30' />
    <tag k='oneway' v='no' />
    <tag k='osm_type' v='way' />
    <tag k='sidewalk' v='both' />
    <tag k='surface' v='asphalt' />
    <tag k='width' v='5' />
  </way>
  <way id='-39031' action='modify'>
    <nd ref='-135612' />
    <nd ref='-130989' />
    <nd ref='-130987' />
    <nd ref='-130990' />
    <tag k='highway' v='residential' />
    <tag k='lanes' v='2' />
    <tag k='maxspeed' v='30' />
    <tag k='oneway' v='no' />
    <tag k='osm_type' v='way' />
    <tag k='sidewalk' v='both' />
    <tag k='surface' v='asphalt' />
    <tag k='width' v='5' />
  </way>
  <way id='-39032' action='modify'>
    <nd ref='-130991' />
    <nd ref='-135610' />
    <tag k='highway' v='residential' />
    <tag k='lanes' v='2' />
    <tag k='maxspeed' v='30' />
    <tag k='oneway' v='no' />
    <tag k='osm_type' v='way' />
    <tag k='sidewalk' v='both' />
    <tag k='surface' v='asphalt' />
    <tag k='width' v='5' />
  </way>
  <way id='-39033' action='modify'>
    <nd ref='-130992' />
    <nd ref='-130993' />
    <tag k='highway' v='pedestrian' />
    <tag k='lanes' v='2' />
    <tag k='maxspeed' v='30' />
    <tag k='oneway' v='no' />
    <tag k='osm_type' v='way' />
    <tag k='sidewalk' v='both' />
    <tag k='surface' v='asphalt' />
    <tag k='width' v='5' />
  </way>
  <way id='-39034'>
    <nd ref='-130994' />
    <nd ref='-130763' />
    <tag k='highway' v='residential' />
    <tag k='lanes' v='2' />
    <tag k='maxspeed' v='30' />
    <tag k='oneway' v='no' />
    <tag k='osm_type' v='way' />
    <tag k='sidewalk' v='both' />
    <tag k='surface' v='asphalt' />
    <tag k='width' v='5' />
  </way>
  <way id='-39035' action='modify'>
    <nd ref='-130601' />
    <nd ref='-130995' />
    <nd ref='-135583' />
    <nd ref='-130996' />
    <nd ref='-130997' />
    <nd ref='-130998' />
    <nd ref='-130999' />
    <nd ref='-131000' />
    <nd ref='-130808' />
    <tag k='highway' v='pedestrian' />
    <tag k='surface' v='paving_stones' />
  </way>
  <way id='-39036' action='modify'>
    <nd ref='-131024' />
    <nd ref='-131001' />
    <nd ref='-131025' />
    <nd ref='-131003' />
    <nd ref='-131026' />
    <nd ref='-131027' />
    <nd ref='-131028' />
    <nd ref='-131029' />
    <nd ref='-131030' />
    <nd ref='-131031' />
    <nd ref='-131032' />
    <nd ref='-131033' />
    <nd ref='-131034' />
    <nd ref='-131035' />
    <nd ref='-131036' />
    <nd ref='-131037' />
    <nd ref='-131038' />
    <nd ref='-131039' />
    <nd ref='-131040' />
    <nd ref='-131041' />
    <nd ref='-131042' />
    <nd ref='-131043' />
    <nd ref='-131044' />
    <nd ref='-131045' />
    <nd ref='-131046' />
    <nd ref='-131047' />
    <nd ref='-131048' />
    <nd ref='-131049' />
    <nd ref='-131050' />
    <nd ref='-131051' />
    <nd ref='-131052' />
    <tag k='highway' v='trunk' />
    <tag k='lanes' v='2' />
    <tag k='maxspeed' v='90' />
    <tag k='oneway' v='no' />
    <tag k='osm_id' v='25778913' />
    <tag k='osm_type' v='way' />
    <tag k='ref' v='N 2' />
    <tag k='sidewalk' v='no' />
    <tag k='surface' v='asphalt' />
    <tag k='width' v='7' />
  </way>
  <way id='-39037' action='modify'>
    <nd ref='-131053' />
    <nd ref='-131054' />
    <nd ref='-131055' />
    <nd ref='-131056' />
    <nd ref='-131053' />
    <tag k='building' v='apartments' />
    <tag k='building:levels' v='5' />
    <tag k='id' v='1' />
  </way>
  <way id='-39038' action='modify'>
    <nd ref='-131057' />
    <nd ref='-131058' />
    <nd ref='-131059' />
    <nd ref='-131060' />
    <nd ref='-131057' />
    <tag k='building' v='apartments' />
    <tag k='building:levels' v='5' />
    <tag k='id' v='2' />
  </way>
  <way id='-39039' action='modify'>
    <nd ref='-131061' />
    <nd ref='-131062' />
    <nd ref='-131063' />
    <nd ref='-131064' />
    <nd ref='-131061' />
    <tag k='building' v='apartments' />
    <tag k='building:levels' v='5' />
    <tag k='id' v='3' />
  </way>
  <way id='-39040' action='modify'>
    <nd ref='-131065' />
    <nd ref='-131066' />
    <nd ref='-131067' />
    <nd ref='-131068' />
    <nd ref='-131065' />
    <tag k='building' v='apartments' />
    <tag k='building:levels' v='5' />
    <tag k='id' v='4' />
  </way>
  <way id='-39041' action='modify'>
    <nd ref='-131069' />
    <nd ref='-131070' />
    <nd ref='-131071' />
    <nd ref='-131072' />
    <nd ref='-131069' />
    <tag k='building' v='apartments' />
    <tag k='building:levels' v='5' />
    <tag k='id' v='5' />
  </way>
  <way id='-39042' action='modify'>
    <nd ref='-131073' />
    <nd ref='-131074' />
    <nd ref='-131075' />
    <nd ref='-131076' />
    <nd ref='-131073' />
    <tag k='building' v='apartments' />
    <tag k='building:levels' v='5' />
    <tag k='id' v='6' />
  </way>
  <way id='-39043' action='modify'>
    <nd ref='-131077' />
    <nd ref='-131078' />
    <nd ref='-131079' />
    <nd ref='-131080' />
    <nd ref='-131077' />
    <tag k='building' v='apartments' />
    <tag k='building:levels' v='5' />
    <tag k='id' v='7' />
  </way>
  <way id='-39044' action='modify'>
    <nd ref='-131081' />
    <nd ref='-131082' />
    <nd ref='-131083' />
    <nd ref='-131084' />
    <nd ref='-131081' />
    <tag k='building' v='apartments' />
    <tag k='building:levels' v='5' />
    <tag k='id' v='8' />
  </way>
  <way id='-39045' action='modify'>
    <nd ref='-131085' />
    <nd ref='-131086' />
    <nd ref='-131087' />
    <nd ref='-131088' />
    <nd ref='-131085' />
    <tag k='building' v='apartments' />
    <tag k='building:levels' v='5' />
    <tag k='id' v='9' />
  </way>
  <way id='-39046' action='modify'>
    <nd ref='-131089' />
    <nd ref='-131090' />
    <nd ref='-131091' />
    <nd ref='-131092' />
    <nd ref='-131089' />
    <tag k='building' v='apartments' />
    <tag k='building:levels' v='5' />
    <tag k='id' v='10' />
  </way>
  <way id='-39047' action='modify'>
    <nd ref='-131093' />
    <nd ref='-131094' />
    <nd ref='-131095' />
    <nd ref='-131096' />
    <nd ref='-131093' />
    <tag k='building' v='apartments' />
    <tag k='building:levels' v='5' />
    <tag k='id' v='11' />
  </way>
  <way id='-39048' action='modify'>
    <nd ref='-131097' />
    <nd ref='-131098' />
    <nd ref='-131099' />
    <nd ref='-131100' />
    <nd ref='-131097' />
    <tag k='building' v='apartments' />
    <tag k='building:levels' v='5' />
    <tag k='id' v='12' />
  </way>
  <way id='-39049' action='modify'>
    <nd ref='-131101' />
    <nd ref='-131102' />
    <nd ref='-131103' />
    <nd ref='-131104' />
    <nd ref='-131101' />
    <tag k='building' v='apartments' />
    <tag k='building:levels' v='5' />
    <tag k='id' v='13' />
  </way>
  <way id='-39050' action='modify'>
    <nd ref='-131105' />
    <nd ref='-131106' />
    <nd ref='-131107' />
    <nd ref='-131108' />
    <nd ref='-131105' />
    <tag k='building' v='apartments' />
    <tag k='building:levels' v='5' />
    <tag k='id' v='14' />
  </way>
  <way id='-39051' action='modify'>
    <nd ref='-131109' />
    <nd ref='-131110' />
    <nd ref='-131111' />
    <nd ref='-131112' />
    <nd ref='-131109' />
    <tag k='building' v='apartments' />
    <tag k='building:levels' v='5' />
    <tag k='id' v='15' />
  </way>
  <way id='-39052' action='modify'>
    <nd ref='-131113' />
    <nd ref='-131114' />
    <nd ref='-131115' />
    <nd ref='-131116' />
    <nd ref='-131113' />
    <tag k='building' v='apartments' />
    <tag k='building:levels' v='5' />
    <tag k='id' v='16' />
  </way>
  <way id='-39053' action='modify'>
    <nd ref='-131117' />
    <nd ref='-131118' />
    <nd ref='-131119' />
    <nd ref='-131120' />
    <nd ref='-131117' />
    <tag k='building' v='apartments' />
    <tag k='building:levels' v='5' />
    <tag k='id' v='17' />
  </way>
  <way id='-39054' action='modify'>
    <nd ref='-131121' />
    <nd ref='-131122' />
    <nd ref='-131123' />
    <nd ref='-131124' />
    <nd ref='-131121' />
    <tag k='building' v='apartments' />
    <tag k='building:levels' v='5' />
    <tag k='id' v='18' />
  </way>
  <way id='-39055' action='modify'>
    <nd ref='-131125' />
    <nd ref='-131126' />
    <nd ref='-131127' />
    <nd ref='-131128' />
    <nd ref='-131125' />
    <tag k='building' v='apartments' />
    <tag k='building:levels' v='5' />
    <tag k='id' v='19' />
  </way>
  <way id='-39056' action='modify'>
    <nd ref='-131129' />
    <nd ref='-131130' />
    <nd ref='-131131' />
    <nd ref='-131132' />
    <nd ref='-131129' />
    <tag k='building' v='apartments' />
    <tag k='building:levels' v='5' />
    <tag k='id' v='20' />
  </way>
  <way id='-39057' action='modify'>
    <nd ref='-131133' />
    <nd ref='-131134' />
    <nd ref='-131135' />
    <nd ref='-131136' />
    <nd ref='-131133' />
    <tag k='building' v='apartments' />
    <tag k='building:levels' v='5' />
    <tag k='id' v='21' />
  </way>
  <way id='-39058' action='modify'>
    <nd ref='-131137' />
    <nd ref='-131138' />
    <nd ref='-131139' />
    <nd ref='-131140' />
    <nd ref='-131137' />
    <tag k='building' v='apartments' />
    <tag k='building:levels' v='5' />
    <tag k='id' v='22' />
  </way>
  <way id='-39059' action='modify'>
    <nd ref='-131141' />
    <nd ref='-131142' />
    <nd ref='-131143' />
    <nd ref='-131144' />
    <nd ref='-131141' />
    <tag k='building' v='apartments' />
    <tag k='building:levels' v='5' />
    <tag k='id' v='23' />
  </way>
  <way id='-39060' action='modify'>
    <nd ref='-131145' />
    <nd ref='-131146' />
    <nd ref='-131147' />
    <nd ref='-131148' />
    <nd ref='-131145' />
    <tag k='building' v='apartments' />
    <tag k='building:levels' v='5' />
    <tag k='id' v='24' />
  </way>
  <way id='-39061' action='modify'>
    <nd ref='-131149' />
    <nd ref='-131150' />
    <nd ref='-131151' />
    <nd ref='-131152' />
    <nd ref='-131149' />
    <tag k='building' v='apartments' />
    <tag k='building:levels' v='5' />
    <tag k='id' v='25' />
  </way>
  <way id='-39062' action='modify'>
    <nd ref='-131153' />
    <nd ref='-131154' />
    <nd ref='-131155' />
    <nd ref='-131156' />
    <nd ref='-131153' />
    <tag k='building' v='apartments' />
    <tag k='building:levels' v='5' />
    <tag k='id' v='26' />
  </way>
  <way id='-39063' action='modify'>
    <nd ref='-131157' />
    <nd ref='-131158' />
    <nd ref='-131159' />
    <nd ref='-131160' />
    <nd ref='-131157' />
    <tag k='building' v='apartments' />
    <tag k='building:levels' v='5' />
    <tag k='id' v='27' />
  </way>
  <way id='-39064' action='modify'>
    <nd ref='-131161' />
    <nd ref='-131162' />
    <nd ref='-131163' />
    <nd ref='-131164' />
    <nd ref='-131161' />
    <tag k='building' v='apartments' />
    <tag k='building:levels' v='5' />
    <tag k='id' v='28' />
  </way>
  <way id='-39065' action='modify'>
    <nd ref='-131165' />
    <nd ref='-131166' />
    <nd ref='-131167' />
    <nd ref='-131168' />
    <nd ref='-131165' />
    <tag k='building' v='apartments' />
    <tag k='building:levels' v='5' />
    <tag k='id' v='29' />
  </way>
  <way id='-39066' action='modify'>
    <nd ref='-131169' />
    <nd ref='-131170' />
    <nd ref='-131171' />
    <nd ref='-131172' />
    <nd ref='-131169' />
    <tag k='building' v='apartments' />
    <tag k='building:levels' v='5' />
    <tag k='id' v='30' />
  </way>
  <way id='-39067' action='modify'>
    <nd ref='-131173' />
    <nd ref='-131174' />
    <nd ref='-131175' />
    <nd ref='-131176' />
    <nd ref='-131173' />
    <tag k='building' v='apartments' />
    <tag k='building:levels' v='5' />
    <tag k='id' v='31' />
  </way>
  <way id='-39068' action='modify'>
    <nd ref='-131177' />
    <nd ref='-131178' />
    <nd ref='-131179' />
    <nd ref='-131180' />
    <nd ref='-131177' />
    <tag k='building' v='apartments' />
    <tag k='building:levels' v='5' />
    <tag k='id' v='32' />
  </way>
  <way id='-39069' action='modify'>
    <nd ref='-131181' />
    <nd ref='-131182' />
    <nd ref='-131183' />
    <nd ref='-131184' />
    <nd ref='-131181' />
    <tag k='building' v='apartments' />
    <tag k='building:levels' v='5' />
    <tag k='id' v='33' />
  </way>
  <way id='-39070' action='modify'>
    <nd ref='-131185' />
    <nd ref='-131186' />
    <nd ref='-131187' />
    <nd ref='-131188' />
    <nd ref='-131185' />
    <tag k='building' v='apartments' />
    <tag k='building:levels' v='5' />
    <tag k='id' v='34' />
  </way>
  <way id='-39071' action='modify'>
    <nd ref='-131189' />
    <nd ref='-131190' />
    <nd ref='-131191' />
    <nd ref='-131192' />
    <nd ref='-131189' />
    <tag k='building' v='apartments' />
    <tag k='building:levels' v='5' />
    <tag k='id' v='35' />
  </way>
  <way id='-39072' action='modify'>
    <nd ref='-131193' />
    <nd ref='-131194' />
    <nd ref='-131195' />
    <nd ref='-131196' />
    <nd ref='-131193' />
    <tag k='building' v='apartments' />
    <tag k='building:levels' v='5' />
    <tag k='id' v='36' />
  </way>
  <way id='-39073' action='modify'>
    <nd ref='-131197' />
    <nd ref='-131198' />
    <nd ref='-131199' />
    <nd ref='-131200' />
    <nd ref='-131197' />
    <tag k='building' v='apartments' />
    <tag k='building:levels' v='5' />
    <tag k='id' v='37' />
  </way>
  <way id='-39074' action='modify'>
    <nd ref='-131201' />
    <nd ref='-131202' />
    <nd ref='-131203' />
    <nd ref='-131204' />
    <nd ref='-131201' />
    <tag k='building' v='apartments' />
    <tag k='building:levels' v='5' />
    <tag k='id' v='38' />
  </way>
  <way id='-39075' action='modify'>
    <nd ref='-131205' />
    <nd ref='-131206' />
    <nd ref='-131207' />
    <nd ref='-131208' />
    <nd ref='-131205' />
    <tag k='building' v='apartments' />
    <tag k='building:levels' v='5' />
    <tag k='id' v='39' />
  </way>
  <way id='-39076' action='modify'>
    <nd ref='-131209' />
    <nd ref='-131210' />
    <nd ref='-131211' />
    <nd ref='-131212' />
    <nd ref='-131209' />
    <tag k='building' v='apartments' />
    <tag k='building:levels' v='5' />
    <tag k='id' v='40' />
  </way>
  <way id='-39077' action='modify'>
    <nd ref='-131213' />
    <nd ref='-131214' />
    <nd ref='-131215' />
    <nd ref='-131216' />
    <nd ref='-131213' />
    <tag k='building' v='apartments' />
    <tag k='building:levels' v='5' />
    <tag k='id' v='41' />
  </way>
  <way id='-39078' action='modify'>
    <nd ref='-131217' />
    <nd ref='-131218' />
    <nd ref='-131219' />
    <nd ref='-131220' />
    <nd ref='-131217' />
    <tag k='building' v='apartments' />
    <tag k='building:levels' v='5' />
    <tag k='id' v='42' />
  </way>
  <way id='-39079' action='modify'>
    <nd ref='-131221' />
    <nd ref='-131222' />
    <nd ref='-131223' />
    <nd ref='-131224' />
    <nd ref='-131221' />
    <tag k='building' v='apartments' />
    <tag k='building:levels' v='5' />
    <tag k='id' v='43' />
  </way>
  <way id='-39080' action='modify'>
    <nd ref='-131225' />
    <nd ref='-131226' />
    <nd ref='-131227' />
    <nd ref='-131228' />
    <nd ref='-131225' />
    <tag k='building' v='apartments' />
    <tag k='building:levels' v='5' />
    <tag k='id' v='44' />
  </way>
  <way id='-39081' action='modify'>
    <nd ref='-131229' />
    <nd ref='-131230' />
    <nd ref='-131231' />
    <nd ref='-131232' />
    <nd ref='-131229' />
    <tag k='building' v='apartments' />
    <tag k='building:levels' v='5' />
    <tag k='id' v='45' />
  </way>
  <way id='-39082' action='modify'>
    <nd ref='-131233' />
    <nd ref='-131234' />
    <nd ref='-131235' />
    <nd ref='-131236' />
    <nd ref='-131233' />
    <tag k='building' v='apartments' />
    <tag k='building:levels' v='5' />
    <tag k='id' v='46' />
  </way>
  <way id='-39083' action='modify'>
    <nd ref='-131237' />
    <nd ref='-131238' />
    <nd ref='-131239' />
    <nd ref='-131240' />
    <nd ref='-131237' />
    <tag k='building' v='apartments' />
    <tag k='building:levels' v='5' />
    <tag k='id' v='47' />
  </way>
  <way id='-39084' action='modify'>
    <nd ref='-131241' />
    <nd ref='-131242' />
    <nd ref='-131243' />
    <nd ref='-131244' />
    <nd ref='-131241' />
    <tag k='building' v='apartments' />
    <tag k='building:levels' v='5' />
    <tag k='id' v='48' />
  </way>
  <way id='-39085' action='modify'>
    <nd ref='-131245' />
    <nd ref='-131246' />
    <nd ref='-131247' />
    <nd ref='-131248' />
    <nd ref='-131245' />
    <tag k='building' v='apartments' />
    <tag k='building:levels' v='5' />
    <tag k='id' v='49' />
  </way>
  <way id='-39086' action='modify'>
    <nd ref='-131249' />
    <nd ref='-131250' />
    <nd ref='-131251' />
    <nd ref='-131252' />
    <nd ref='-131249' />
    <tag k='building' v='apartments' />
    <tag k='building:levels' v='5' />
    <tag k='id' v='50' />
  </way>
  <way id='-39087' action='modify'>
    <nd ref='-131253' />
    <nd ref='-131254' />
    <nd ref='-131255' />
    <nd ref='-131256' />
    <nd ref='-131253' />
    <tag k='building' v='apartments' />
    <tag k='building:levels' v='5' />
    <tag k='id' v='51' />
  </way>
  <way id='-39088' action='modify'>
    <nd ref='-131257' />
    <nd ref='-131258' />
    <nd ref='-131259' />
    <nd ref='-131260' />
    <nd ref='-131257' />
    <tag k='building' v='apartments' />
    <tag k='building:levels' v='5' />
    <tag k='id' v='52' />
  </way>
  <way id='-39089' action='modify'>
    <nd ref='-131261' />
    <nd ref='-131262' />
    <nd ref='-131263' />
    <nd ref='-131264' />
    <nd ref='-131261' />
    <tag k='building' v='apartments' />
    <tag k='building:levels' v='5' />
    <tag k='id' v='53' />
  </way>
  <way id='-39090' action='modify'>
    <nd ref='-131265' />
    <nd ref='-131266' />
    <nd ref='-131267' />
    <nd ref='-131268' />
    <nd ref='-131265' />
    <tag k='building' v='apartments' />
    <tag k='building:levels' v='5' />
    <tag k='id' v='54' />
  </way>
  <way id='-39091' action='modify'>
    <nd ref='-135119' />
    <nd ref='-135118' />
    <nd ref='-131269' />
    <nd ref='-131270' />
    <nd ref='-135119' />
    <tag k='building' v='apartments' />
    <tag k='building:levels' v='4' />
    <tag k='id' v='55' />
    <tag k='shop' v='yes' />
  </way>
  <way id='-39092' action='modify'>
    <nd ref='-131271' />
    <nd ref='-131272' />
    <nd ref='-131273' />
    <nd ref='-131274' />
    <nd ref='-131271' />
    <tag k='building' v='apartments' />
    <tag k='building:levels' v='5' />
    <tag k='id' v='56' />
  </way>
  <way id='-39093' action='modify'>
    <nd ref='-135261' />
    <nd ref='-135260' />
    <nd ref='-131275' />
    <nd ref='-131276' />
    <nd ref='-135261' />
    <tag k='building' v='apartments' />
    <tag k='building:levels' v='4' />
    <tag k='id' v='57' />
    <tag k='shop' v='yes' />
  </way>
  <way id='-39094' action='modify'>
    <nd ref='-131277' />
    <nd ref='-131278' />
    <nd ref='-134851' />
    <nd ref='-134850' />
    <nd ref='-131277' />
    <tag k='building' v='apartments' />
    <tag k='building:levels' v='4' />
    <tag k='id' v='58' />
    <tag k='shop' v='yes' />
  </way>
  <way id='-39095' action='modify'>
    <nd ref='-131279' />
    <nd ref='-131280' />
    <nd ref='-131281' />
    <nd ref='-131282' />
    <nd ref='-131279' />
    <tag k='building' v='apartments' />
    <tag k='building:levels' v='5' />
    <tag k='id' v='59' />
  </way>
  <way id='-39096' action='modify'>
    <nd ref='-131283' />
    <nd ref='-131284' />
    <nd ref='-131285' />
    <nd ref='-131286' />
    <nd ref='-131283' />
    <tag k='building' v='apartments' />
    <tag k='building:levels' v='5' />
    <tag k='id' v='60' />
  </way>
  <way id='-39097' action='modify'>
    <nd ref='-131287' />
    <nd ref='-131288' />
    <nd ref='-135265' />
    <nd ref='-131289' />
    <nd ref='-131287' />
    <tag k='building' v='apartments' />
    <tag k='building:levels' v='4' />
    <tag k='id' v='61' />
    <tag k='shop' v='yes' />
  </way>
  <way id='-39098' action='modify'>
    <nd ref='-131290' />
    <nd ref='-131291' />
    <nd ref='-135270' />
    <nd ref='-131292' />
    <nd ref='-131290' />
    <tag k='building' v='apartments' />
    <tag k='building:levels' v='4' />
    <tag k='id' v='62' />
    <tag k='shop' v='yes' />
  </way>
  <way id='-39099' action='modify'>
    <nd ref='-131293' />
    <nd ref='-131294' />
    <nd ref='-131295' />
    <nd ref='-131296' />
    <nd ref='-131293' />
    <tag k='building' v='apartments' />
    <tag k='building:levels' v='5' />
    <tag k='id' v='69' />
  </way>
  <way id='-39100' action='modify'>
    <nd ref='-131297' />
    <nd ref='-131298' />
    <nd ref='-131299' />
    <nd ref='-131300' />
    <nd ref='-131297' />
    <tag k='building' v='apartments' />
    <tag k='building:levels' v='5' />
    <tag k='id' v='70' />
  </way>
  <way id='-39101' action='modify'>
    <nd ref='-131301' />
    <nd ref='-131302' />
    <nd ref='-131303' />
    <nd ref='-131304' />
    <nd ref='-131305' />
    <nd ref='-131306' />
    <nd ref='-131307' />
    <nd ref='-131308' />
    <nd ref='-131309' />
    <nd ref='-131310' />
    <nd ref='-131311' />
    <nd ref='-131312' />
    <nd ref='-131313' />
    <nd ref='-131314' />
    <nd ref='-131315' />
    <nd ref='-131316' />
    <nd ref='-131317' />
    <nd ref='-131318' />
    <nd ref='-131319' />
    <nd ref='-131320' />
    <nd ref='-131321' />
    <nd ref='-131322' />
    <nd ref='-131323' />
    <nd ref='-131324' />
    <nd ref='-131325' />
    <nd ref='-131326' />
    <nd ref='-131327' />
    <nd ref='-131328' />
    <nd ref='-131329' />
    <nd ref='-131330' />
    <nd ref='-131331' />
    <nd ref='-131332' />
    <nd ref='-131333' />
    <nd ref='-131334' />
    <nd ref='-131301' />
    <tag k='building' v='apartments' />
    <tag k='building:levels' v='2' />
    <tag k='id' v='551' />
  </way>
  <way id='-39102' action='modify'>
    <nd ref='-131335' />
    <nd ref='-131336' />
    <nd ref='-131337' />
    <nd ref='-131338' />
    <nd ref='-131339' />
    <nd ref='-131341' />
    <nd ref='-131342' />
    <nd ref='-131343' />
    <nd ref='-131344' />
    <nd ref='-131345' />
    <nd ref='-131346' />
    <nd ref='-131347' />
    <nd ref='-131348' />
    <nd ref='-131349' />
    <nd ref='-131350' />
    <nd ref='-131351' />
    <nd ref='-131352' />
    <nd ref='-131353' />
    <nd ref='-131354' />
    <nd ref='-131355' />
    <nd ref='-131356' />
    <nd ref='-131357' />
    <nd ref='-131358' />
    <nd ref='-131359' />
    <nd ref='-131360' />
    <nd ref='-131361' />
    <nd ref='-131362' />
    <nd ref='-131363' />
    <nd ref='-131364' />
    <nd ref='-131366' />
    <nd ref='-131367' />
    <nd ref='-131368' />
    <nd ref='-131369' />
    <nd ref='-131370' />
    <nd ref='-131335' />
    <tag k='building' v='apartments' />
    <tag k='building:levels' v='2' />
    <tag k='id' v='552' />
  </way>
  <way id='-39103' action='modify'>
    <nd ref='-131371' />
    <nd ref='-131372' />
    <nd ref='-131373' />
    <nd ref='-131374' />
    <nd ref='-131375' />
    <nd ref='-131376' />
    <nd ref='-131378' />
    <nd ref='-131379' />
    <nd ref='-131380' />
    <nd ref='-131381' />
    <nd ref='-131382' />
    <nd ref='-131383' />
    <nd ref='-131384' />
    <nd ref='-131385' />
    <nd ref='-131386' />
    <nd ref='-131387' />
    <nd ref='-131388' />
    <nd ref='-131389' />
    <nd ref='-131390' />
    <nd ref='-131391' />
    <nd ref='-131392' />
    <nd ref='-131393' />
    <nd ref='-131394' />
    <nd ref='-131395' />
    <nd ref='-131396' />
    <nd ref='-131397' />
    <nd ref='-131398' />
    <nd ref='-131399' />
    <nd ref='-131400' />
    <nd ref='-131402' />
    <nd ref='-131403' />
    <nd ref='-131404' />
    <nd ref='-131405' />
    <nd ref='-131406' />
    <nd ref='-131371' />
    <tag k='building' v='apartments' />
    <tag k='building:levels' v='2' />
    <tag k='id' v='553' />
  </way>
  <way id='-39104' action='modify'>
    <nd ref='-131407' />
    <nd ref='-131408' />
    <nd ref='-131409' />
    <nd ref='-131410' />
    <nd ref='-131411' />
    <nd ref='-131413' />
    <nd ref='-131414' />
    <nd ref='-131415' />
    <nd ref='-131416' />
    <nd ref='-131417' />
    <nd ref='-131418' />
    <nd ref='-131419' />
    <nd ref='-131420' />
    <nd ref='-131421' />
    <nd ref='-131422' />
    <nd ref='-131423' />
    <nd ref='-131424' />
    <nd ref='-131425' />
    <nd ref='-131426' />
    <nd ref='-131427' />
    <nd ref='-131428' />
    <nd ref='-131429' />
    <nd ref='-131430' />
    <nd ref='-131431' />
    <nd ref='-131432' />
    <nd ref='-131433' />
    <nd ref='-131434' />
    <nd ref='-131435' />
    <nd ref='-131436' />
    <nd ref='-131438' />
    <nd ref='-131439' />
    <nd ref='-131440' />
    <nd ref='-131441' />
    <nd ref='-131442' />
    <nd ref='-131407' />
    <tag k='building' v='apartments' />
    <tag k='building:levels' v='2' />
    <tag k='id' v='554' />
  </way>
  <way id='-39105' action='modify'>
    <nd ref='-131443' />
    <nd ref='-131444' />
    <nd ref='-131445' />
    <nd ref='-131446' />
    <nd ref='-131447' />
    <nd ref='-131449' />
    <nd ref='-131450' />
    <nd ref='-131451' />
    <nd ref='-131452' />
    <nd ref='-131453' />
    <nd ref='-131454' />
    <nd ref='-131455' />
    <nd ref='-131456' />
    <nd ref='-131457' />
    <nd ref='-131458' />
    <nd ref='-131459' />
    <nd ref='-131460' />
    <nd ref='-131461' />
    <nd ref='-131462' />
    <nd ref='-131463' />
    <nd ref='-131464' />
    <nd ref='-131465' />
    <nd ref='-131466' />
    <nd ref='-131467' />
    <nd ref='-131468' />
    <nd ref='-131469' />
    <nd ref='-131470' />
    <nd ref='-131471' />
    <nd ref='-131472' />
    <nd ref='-131473' />
    <nd ref='-131474' />
    <nd ref='-131475' />
    <nd ref='-131476' />
    <nd ref='-131477' />
    <nd ref='-131443' />
    <tag k='building' v='apartments' />
    <tag k='building:levels' v='2' />
    <tag k='id' v='555' />
  </way>
  <way id='-39106' action='modify'>
    <nd ref='-131478' />
    <nd ref='-131479' />
    <nd ref='-131480' />
    <nd ref='-131481' />
    <nd ref='-131482' />
    <nd ref='-131484' />
    <nd ref='-131485' />
    <nd ref='-131486' />
    <nd ref='-131487' />
    <nd ref='-131488' />
    <nd ref='-131489' />
    <nd ref='-131490' />
    <nd ref='-131491' />
    <nd ref='-131492' />
    <nd ref='-131493' />
    <nd ref='-131494' />
    <nd ref='-131495' />
    <nd ref='-131496' />
    <nd ref='-131497' />
    <nd ref='-131498' />
    <nd ref='-131499' />
    <nd ref='-131500' />
    <nd ref='-131501' />
    <nd ref='-131502' />
    <nd ref='-131503' />
    <nd ref='-131504' />
    <nd ref='-131505' />
    <nd ref='-131506' />
    <nd ref='-131507' />
    <nd ref='-131508' />
    <nd ref='-131509' />
    <nd ref='-131510' />
    <nd ref='-131511' />
    <nd ref='-131512' />
    <nd ref='-131478' />
    <tag k='building' v='apartments' />
    <tag k='building:levels' v='2' />
    <tag k='id' v='556' />
  </way>
  <way id='-39107' action='modify'>
    <nd ref='-131513' />
    <nd ref='-131514' />
    <nd ref='-131515' />
    <nd ref='-131516' />
    <nd ref='-131517' />
    <nd ref='-131518' />
    <nd ref='-131520' />
    <nd ref='-131521' />
    <nd ref='-131522' />
    <nd ref='-131523' />
    <nd ref='-131524' />
    <nd ref='-131525' />
    <nd ref='-131526' />
    <nd ref='-131527' />
    <nd ref='-131528' />
    <nd ref='-131529' />
    <nd ref='-131530' />
    <nd ref='-131531' />
    <nd ref='-131532' />
    <nd ref='-131533' />
    <nd ref='-131534' />
    <nd ref='-131535' />
    <nd ref='-131536' />
    <nd ref='-131537' />
    <nd ref='-131538' />
    <nd ref='-131539' />
    <nd ref='-131540' />
    <nd ref='-131541' />
    <nd ref='-131542' />
    <nd ref='-131543' />
    <nd ref='-131544' />
    <nd ref='-131545' />
    <nd ref='-131546' />
    <nd ref='-131547' />
    <nd ref='-131513' />
    <tag k='building' v='apartments' />
    <tag k='building:levels' v='2' />
    <tag k='id' v='557' />
  </way>
  <way id='-39108' action='modify'>
    <nd ref='-131548' />
    <nd ref='-131549' />
    <nd ref='-131550' />
    <nd ref='-131551' />
    <nd ref='-131552' />
    <nd ref='-131553' />
    <nd ref='-131554' />
    <nd ref='-131555' />
    <nd ref='-131556' />
    <nd ref='-131557' />
    <nd ref='-131558' />
    <nd ref='-131559' />
    <nd ref='-131560' />
    <nd ref='-131561' />
    <nd ref='-131562' />
    <nd ref='-131563' />
    <nd ref='-131564' />
    <nd ref='-131565' />
    <nd ref='-131566' />
    <nd ref='-131567' />
    <nd ref='-131568' />
    <nd ref='-131569' />
    <nd ref='-131570' />
    <nd ref='-131571' />
    <nd ref='-131572' />
    <nd ref='-131573' />
    <nd ref='-131574' />
    <nd ref='-131575' />
    <nd ref='-131576' />
    <nd ref='-131578' />
    <nd ref='-131579' />
    <nd ref='-131580' />
    <nd ref='-131581' />
    <nd ref='-131582' />
    <nd ref='-131548' />
    <tag k='building' v='apartments' />
    <tag k='building:levels' v='2' />
    <tag k='id' v='558' />
  </way>
  <way id='-39109' action='modify'>
    <nd ref='-131583' />
    <nd ref='-131584' />
    <nd ref='-131585' />
    <nd ref='-131586' />
    <nd ref='-131587' />
    <nd ref='-131589' />
    <nd ref='-131590' />
    <nd ref='-131591' />
    <nd ref='-131592' />
    <nd ref='-131593' />
    <nd ref='-131594' />
    <nd ref='-131595' />
    <nd ref='-131596' />
    <nd ref='-131597' />
    <nd ref='-131598' />
    <nd ref='-131599' />
    <nd ref='-131600' />
    <nd ref='-131601' />
    <nd ref='-131602' />
    <nd ref='-131603' />
    <nd ref='-131604' />
    <nd ref='-131605' />
    <nd ref='-131606' />
    <nd ref='-131607' />
    <nd ref='-131608' />
    <nd ref='-131609' />
    <nd ref='-131610' />
    <nd ref='-131611' />
    <nd ref='-131612' />
    <nd ref='-131614' />
    <nd ref='-131615' />
    <nd ref='-131616' />
    <nd ref='-131617' />
    <nd ref='-131618' />
    <nd ref='-131583' />
    <tag k='building' v='apartments' />
    <tag k='building:levels' v='2' />
    <tag k='id' v='559' />
  </way>
  <way id='-39110' action='modify'>
    <nd ref='-131619' />
    <nd ref='-131620' />
    <nd ref='-131621' />
    <nd ref='-131622' />
    <nd ref='-131623' />
    <nd ref='-131625' />
    <nd ref='-131626' />
    <nd ref='-131627' />
    <nd ref='-131628' />
    <nd ref='-131629' />
    <nd ref='-131630' />
    <nd ref='-131631' />
    <nd ref='-131632' />
    <nd ref='-131633' />
    <nd ref='-131634' />
    <nd ref='-131635' />
    <nd ref='-131636' />
    <nd ref='-131637' />
    <nd ref='-131638' />
    <nd ref='-131639' />
    <nd ref='-131640' />
    <nd ref='-131641' />
    <nd ref='-131642' />
    <nd ref='-131643' />
    <nd ref='-131644' />
    <nd ref='-131645' />
    <nd ref='-131646' />
    <nd ref='-131647' />
    <nd ref='-131648' />
    <nd ref='-131650' />
    <nd ref='-131651' />
    <nd ref='-131652' />
    <nd ref='-131653' />
    <nd ref='-131654' />
    <nd ref='-131619' />
    <tag k='building' v='apartments' />
    <tag k='building:levels' v='2' />
    <tag k='id' v='560' />
  </way>
  <way id='-39111' action='modify'>
    <nd ref='-131655' />
    <nd ref='-131656' />
    <nd ref='-131657' />
    <nd ref='-131658' />
    <nd ref='-131659' />
    <nd ref='-131660' />
    <nd ref='-131661' />
    <nd ref='-131662' />
    <nd ref='-131663' />
    <nd ref='-131664' />
    <nd ref='-131665' />
    <nd ref='-131666' />
    <nd ref='-131667' />
    <nd ref='-131668' />
    <nd ref='-131669' />
    <nd ref='-131670' />
    <nd ref='-131671' />
    <nd ref='-131672' />
    <nd ref='-131673' />
    <nd ref='-131674' />
    <nd ref='-131675' />
    <nd ref='-131676' />
    <nd ref='-131677' />
    <nd ref='-131678' />
    <nd ref='-131679' />
    <nd ref='-131680' />
    <nd ref='-131681' />
    <nd ref='-131682' />
    <nd ref='-131683' />
    <nd ref='-131684' />
    <nd ref='-131685' />
    <nd ref='-131686' />
    <nd ref='-131687' />
    <nd ref='-131688' />
    <nd ref='-131655' />
    <tag k='building' v='apartments' />
    <tag k='building:levels' v='2' />
    <tag k='id' v='561' />
  </way>
  <way id='-39112' action='modify'>
    <nd ref='-131689' />
    <nd ref='-131690' />
    <nd ref='-131691' />
    <nd ref='-131692' />
    <nd ref='-131693' />
    <nd ref='-131694' />
    <nd ref='-131696' />
    <nd ref='-131697' />
    <nd ref='-131698' />
    <nd ref='-131699' />
    <nd ref='-131700' />
    <nd ref='-131701' />
    <nd ref='-131702' />
    <nd ref='-131703' />
    <nd ref='-131704' />
    <nd ref='-131705' />
    <nd ref='-131706' />
    <nd ref='-131707' />
    <nd ref='-131708' />
    <nd ref='-131709' />
    <nd ref='-131710' />
    <nd ref='-131711' />
    <nd ref='-131712' />
    <nd ref='-131713' />
    <nd ref='-131714' />
    <nd ref='-131715' />
    <nd ref='-131716' />
    <nd ref='-131717' />
    <nd ref='-131718' />
    <nd ref='-131720' />
    <nd ref='-131721' />
    <nd ref='-131722' />
    <nd ref='-131723' />
    <nd ref='-131724' />
    <nd ref='-131689' />
    <tag k='building' v='apartments' />
    <tag k='building:levels' v='2' />
    <tag k='id' v='562' />
  </way>
  <way id='-39113' action='modify'>
    <nd ref='-131725' />
    <nd ref='-131726' />
    <nd ref='-131727' />
    <nd ref='-131728' />
    <nd ref='-131729' />
    <nd ref='-131730' />
    <nd ref='-131732' />
    <nd ref='-131733' />
    <nd ref='-131734' />
    <nd ref='-131735' />
    <nd ref='-131736' />
    <nd ref='-131737' />
    <nd ref='-131738' />
    <nd ref='-131739' />
    <nd ref='-131740' />
    <nd ref='-131741' />
    <nd ref='-131742' />
    <nd ref='-131743' />
    <nd ref='-131744' />
    <nd ref='-131745' />
    <nd ref='-131746' />
    <nd ref='-131747' />
    <nd ref='-131748' />
    <nd ref='-131749' />
    <nd ref='-131750' />
    <nd ref='-131751' />
    <nd ref='-131752' />
    <nd ref='-131753' />
    <nd ref='-131754' />
    <nd ref='-131755' />
    <nd ref='-131756' />
    <nd ref='-131757' />
    <nd ref='-131758' />
    <nd ref='-131759' />
    <nd ref='-131725' />
    <tag k='building' v='apartments' />
    <tag k='building:levels' v='2' />
    <tag k='id' v='563' />
  </way>
  <way id='-39114' action='modify'>
    <nd ref='-131760' />
    <nd ref='-131761' />
    <nd ref='-131762' />
    <nd ref='-131763' />
    <nd ref='-131764' />
    <nd ref='-131765' />
    <nd ref='-131766' />
    <nd ref='-131767' />
    <nd ref='-131768' />
    <nd ref='-131769' />
    <nd ref='-131770' />
    <nd ref='-131771' />
    <nd ref='-131772' />
    <nd ref='-131773' />
    <nd ref='-131774' />
    <nd ref='-131775' />
    <nd ref='-131776' />
    <nd ref='-131777' />
    <nd ref='-131778' />
    <nd ref='-131779' />
    <nd ref='-131780' />
    <nd ref='-131781' />
    <nd ref='-131782' />
    <nd ref='-131783' />
    <nd ref='-131784' />
    <nd ref='-131785' />
    <nd ref='-131786' />
    <nd ref='-131787' />
    <nd ref='-131788' />
    <nd ref='-131790' />
    <nd ref='-131791' />
    <nd ref='-131792' />
    <nd ref='-131793' />
    <nd ref='-131794' />
    <nd ref='-131760' />
    <tag k='building' v='apartments' />
    <tag k='building:levels' v='2' />
    <tag k='id' v='564' />
  </way>
  <way id='-39115' action='modify'>
    <nd ref='-131795' />
    <nd ref='-131796' />
    <nd ref='-131797' />
    <nd ref='-131798' />
    <nd ref='-131799' />
    <nd ref='-131801' />
    <nd ref='-131802' />
    <nd ref='-131803' />
    <nd ref='-131804' />
    <nd ref='-131805' />
    <nd ref='-131806' />
    <nd ref='-131807' />
    <nd ref='-131808' />
    <nd ref='-131809' />
    <nd ref='-131810' />
    <nd ref='-131811' />
    <nd ref='-131812' />
    <nd ref='-131813' />
    <nd ref='-131814' />
    <nd ref='-131815' />
    <nd ref='-131816' />
    <nd ref='-131817' />
    <nd ref='-131818' />
    <nd ref='-131819' />
    <nd ref='-131820' />
    <nd ref='-131821' />
    <nd ref='-131822' />
    <nd ref='-131823' />
    <nd ref='-131824' />
    <nd ref='-131826' />
    <nd ref='-131827' />
    <nd ref='-131828' />
    <nd ref='-131829' />
    <nd ref='-131830' />
    <nd ref='-131795' />
    <tag k='building' v='apartments' />
    <tag k='building:levels' v='2' />
    <tag k='id' v='565' />
  </way>
  <way id='-39116' action='modify'>
    <nd ref='-131831' />
    <nd ref='-131832' />
    <nd ref='-131833' />
    <nd ref='-131834' />
    <nd ref='-131835' />
    <nd ref='-131836' />
    <nd ref='-131837' />
    <nd ref='-131838' />
    <nd ref='-131839' />
    <nd ref='-131840' />
    <nd ref='-131841' />
    <nd ref='-131842' />
    <nd ref='-131843' />
    <nd ref='-131844' />
    <nd ref='-131845' />
    <nd ref='-131846' />
    <nd ref='-131847' />
    <nd ref='-131848' />
    <nd ref='-131849' />
    <nd ref='-131850' />
    <nd ref='-131851' />
    <nd ref='-131852' />
    <nd ref='-131853' />
    <nd ref='-131854' />
    <nd ref='-131855' />
    <nd ref='-131856' />
    <nd ref='-131857' />
    <nd ref='-131858' />
    <nd ref='-131859' />
    <nd ref='-131861' />
    <nd ref='-131862' />
    <nd ref='-131863' />
    <nd ref='-131864' />
    <nd ref='-131865' />
    <nd ref='-131831' />
    <tag k='building' v='apartments' />
    <tag k='building:levels' v='2' />
    <tag k='id' v='566' />
  </way>
  <way id='-39117' action='modify'>
    <nd ref='-131866' />
    <nd ref='-131867' />
    <nd ref='-131868' />
    <nd ref='-131869' />
    <nd ref='-131870' />
    <nd ref='-131871' />
    <nd ref='-131872' />
    <nd ref='-131873' />
    <nd ref='-131874' />
    <nd ref='-131875' />
    <nd ref='-131876' />
    <nd ref='-131877' />
    <nd ref='-131878' />
    <nd ref='-131879' />
    <nd ref='-131880' />
    <nd ref='-131881' />
    <nd ref='-131882' />
    <nd ref='-131883' />
    <nd ref='-131884' />
    <nd ref='-131885' />
    <nd ref='-131886' />
    <nd ref='-131887' />
    <nd ref='-131888' />
    <nd ref='-131889' />
    <nd ref='-131890' />
    <nd ref='-131891' />
    <nd ref='-131892' />
    <nd ref='-131893' />
    <nd ref='-131894' />
    <nd ref='-131896' />
    <nd ref='-131897' />
    <nd ref='-131898' />
    <nd ref='-131899' />
    <nd ref='-131900' />
    <nd ref='-131866' />
    <tag k='building' v='apartments' />
    <tag k='building:levels' v='2' />
    <tag k='id' v='567' />
  </way>
  <way id='-39118' action='modify'>
    <nd ref='-131901' />
    <nd ref='-131902' />
    <nd ref='-131903' />
    <nd ref='-131904' />
    <nd ref='-131905' />
    <nd ref='-131906' />
    <nd ref='-131907' />
    <nd ref='-131908' />
    <nd ref='-131909' />
    <nd ref='-131910' />
    <nd ref='-131911' />
    <nd ref='-131912' />
    <nd ref='-131913' />
    <nd ref='-131914' />
    <nd ref='-131915' />
    <nd ref='-131916' />
    <nd ref='-131917' />
    <nd ref='-131918' />
    <nd ref='-131919' />
    <nd ref='-131920' />
    <nd ref='-131921' />
    <nd ref='-131922' />
    <nd ref='-131923' />
    <nd ref='-131924' />
    <nd ref='-131925' />
    <nd ref='-131926' />
    <nd ref='-131927' />
    <nd ref='-131928' />
    <nd ref='-131929' />
    <nd ref='-131930' />
    <nd ref='-131932' />
    <nd ref='-131933' />
    <nd ref='-131934' />
    <nd ref='-131935' />
    <nd ref='-131901' />
    <tag k='building' v='apartments' />
    <tag k='building:levels' v='2' />
    <tag k='id' v='568' />
  </way>
  <way id='-39119' action='modify'>
    <nd ref='-131936' />
    <nd ref='-131937' />
    <nd ref='-131938' />
    <nd ref='-131939' />
    <nd ref='-131936' />
    <tag k='building' v='apartments' />
    <tag k='building:levels' v='5' />
    <tag k='id' v='569' />
  </way>
  <way id='-39120' action='modify'>
    <nd ref='-131940' />
    <nd ref='-131941' />
    <nd ref='-131942' />
    <nd ref='-131943' />
    <nd ref='-131944' />
    <nd ref='-131945' />
    <nd ref='-131946' />
    <nd ref='-131947' />
    <nd ref='-131940' />
    <tag k='building' v='residential' />
    <tag k='building:levels' v='1' />
    <tag k='id' v='570' />
  </way>
  <way id='-39121' action='modify'>
    <nd ref='-131945' />
    <nd ref='-131949' />
    <nd ref='-131950' />
    <nd ref='-131951' />
    <nd ref='-131952' />
    <nd ref='-131953' />
    <nd ref='-131954' />
    <nd ref='-131946' />
    <nd ref='-131945' />
    <tag k='building' v='residential' />
    <tag k='building:levels' v='1' />
    <tag k='id' v='571' />
  </way>
  <way id='-39122' action='modify'>
    <nd ref='-131953' />
    <nd ref='-131956' />
    <nd ref='-131957' />
    <nd ref='-131958' />
    <nd ref='-131959' />
    <nd ref='-131962' />
    <nd ref='-131961' />
    <nd ref='-131954' />
    <nd ref='-131953' />
    <tag k='building' v='residential' />
    <tag k='building:levels' v='1' />
    <tag k='id' v='572' />
  </way>
  <way id='-39123' action='modify'>
    <nd ref='-131962' />
    <nd ref='-131963' />
    <nd ref='-131964' />
    <nd ref='-131965' />
    <nd ref='-131966' />
    <nd ref='-131967' />
    <nd ref='-131968' />
    <nd ref='-131961' />
    <nd ref='-131962' />
    <tag k='building' v='residential' />
    <tag k='building:levels' v='1' />
    <tag k='id' v='573' />
  </way>
  <way id='-39124' action='modify'>
    <nd ref='-131969' />
    <nd ref='-131970' />
    <nd ref='-131971' />
    <nd ref='-131972' />
    <nd ref='-131973' />
    <nd ref='-131977' />
    <nd ref='-131984' />
    <nd ref='-131976' />
    <nd ref='-131969' />
    <tag k='building' v='residential' />
    <tag k='building:levels' v='1' />
    <tag k='id' v='574' />
  </way>
  <way id='-39125' action='modify'>
    <nd ref='-131977' />
    <nd ref='-131978' />
    <nd ref='-131979' />
    <nd ref='-131980' />
    <nd ref='-131981' />
    <nd ref='-131982' />
    <nd ref='-131983' />
    <nd ref='-131984' />
    <nd ref='-131977' />
    <tag k='building' v='residential' />
    <tag k='building:levels' v='1' />
    <tag k='id' v='575' />
  </way>
  <way id='-39126' action='modify'>
    <nd ref='-131982' />
    <nd ref='-131986' />
    <nd ref='-131987' />
    <nd ref='-131988' />
    <nd ref='-131989' />
    <nd ref='-131990' />
    <nd ref='-131991' />
    <nd ref='-131983' />
    <nd ref='-131982' />
    <tag k='building' v='residential' />
    <tag k='building:levels' v='1' />
    <tag k='id' v='576' />
  </way>
  <way id='-39127' action='modify'>
    <nd ref='-131992' />
    <nd ref='-131993' />
    <nd ref='-131994' />
    <nd ref='-131995' />
    <nd ref='-131996' />
    <nd ref='-131997' />
    <nd ref='-131998' />
    <nd ref='-131999' />
    <nd ref='-131992' />
    <tag k='building' v='residential' />
    <tag k='building:levels' v='1' />
    <tag k='id' v='577' />
  </way>
  <way id='-39128' action='modify'>
    <nd ref='-131997' />
    <nd ref='-132001' />
    <nd ref='-132002' />
    <nd ref='-132003' />
    <nd ref='-132004' />
    <nd ref='-132005' />
    <nd ref='-132006' />
    <nd ref='-131998' />
    <nd ref='-131997' />
    <tag k='building' v='residential' />
    <tag k='building:levels' v='1' />
    <tag k='id' v='578' />
  </way>
  <way id='-39129' action='modify'>
    <nd ref='-132005' />
    <nd ref='-132008' />
    <nd ref='-132009' />
    <nd ref='-132010' />
    <nd ref='-132011' />
    <nd ref='-132012' />
    <nd ref='-132013' />
    <nd ref='-132006' />
    <nd ref='-132005' />
    <tag k='building' v='residential' />
    <tag k='building:levels' v='1' />
    <tag k='id' v='579' />
  </way>
  <way id='-39130' action='modify'>
    <nd ref='-132014' />
    <nd ref='-132015' />
    <nd ref='-132016' />
    <nd ref='-132017' />
    <nd ref='-132018' />
    <nd ref='-132019' />
    <nd ref='-132020' />
    <nd ref='-132021' />
    <nd ref='-132014' />
    <tag k='building' v='residential' />
    <tag k='building:levels' v='1' />
    <tag k='id' v='580' />
  </way>
  <way id='-39131' action='modify'>
    <nd ref='-132022' />
    <nd ref='-132023' />
    <nd ref='-132024' />
    <nd ref='-132025' />
    <nd ref='-132026' />
    <nd ref='-132027' />
    <nd ref='-132028' />
    <nd ref='-132029' />
    <nd ref='-132022' />
    <tag k='building' v='residential' />
    <tag k='building:levels' v='1' />
    <tag k='id' v='581' />
  </way>
  <way id='-39132' action='modify'>
    <nd ref='-132030' />
    <nd ref='-132031' />
    <nd ref='-132032' />
    <nd ref='-132033' />
    <nd ref='-132034' />
    <nd ref='-132035' />
    <nd ref='-132036' />
    <nd ref='-132044' />
    <nd ref='-132030' />
    <tag k='building' v='residential' />
    <tag k='building:levels' v='1' />
    <tag k='id' v='582' />
  </way>
  <way id='-39133' action='modify'>
    <nd ref='-132038' />
    <nd ref='-132039' />
    <nd ref='-132040' />
    <nd ref='-132041' />
    <nd ref='-132042' />
    <nd ref='-132030' />
    <nd ref='-132044' />
    <nd ref='-132045' />
    <nd ref='-132038' />
    <tag k='building' v='residential' />
    <tag k='building:levels' v='1' />
    <tag k='id' v='583' />
  </way>
  <way id='-39134' action='modify'>
    <nd ref='-132046' />
    <nd ref='-132047' />
    <nd ref='-132048' />
    <nd ref='-132049' />
    <nd ref='-132050' />
    <nd ref='-132038' />
    <nd ref='-132045' />
    <nd ref='-132052' />
    <nd ref='-132046' />
    <tag k='building' v='residential' />
    <tag k='building:levels' v='1' />
    <tag k='id' v='584' />
  </way>
  <way id='-39135' action='modify'>
    <nd ref='-132053' />
    <nd ref='-132054' />
    <nd ref='-132055' />
    <nd ref='-132056' />
    <nd ref='-132057' />
    <nd ref='-132046' />
    <nd ref='-132052' />
    <nd ref='-132059' />
    <nd ref='-132053' />
    <tag k='building' v='residential' />
    <tag k='building:levels' v='1' />
    <tag k='id' v='585' />
  </way>
  <way id='-39136' action='modify'>
    <nd ref='-132073' />
    <nd ref='-132061' />
    <nd ref='-132062' />
    <nd ref='-132063' />
    <nd ref='-132064' />
    <nd ref='-132065' />
    <nd ref='-132066' />
    <nd ref='-132067' />
    <nd ref='-132073' />
    <tag k='building' v='residential' />
    <tag k='building:levels' v='1' />
    <tag k='id' v='586' />
  </way>
  <way id='-39137' action='modify'>
    <nd ref='-132080' />
    <nd ref='-132069' />
    <nd ref='-132070' />
    <nd ref='-132071' />
    <nd ref='-132072' />
    <nd ref='-132073' />
    <nd ref='-132067' />
    <nd ref='-132074' />
    <nd ref='-132080' />
    <tag k='building' v='residential' />
    <tag k='building:levels' v='1' />
    <tag k='id' v='587' />
  </way>
  <way id='-39138' action='modify'>
    <nd ref='-132075' />
    <nd ref='-132076' />
    <nd ref='-132077' />
    <nd ref='-132078' />
    <nd ref='-132079' />
    <nd ref='-132080' />
    <nd ref='-132074' />
    <nd ref='-132081' />
    <nd ref='-132075' />
    <tag k='building' v='residential' />
    <tag k='building:levels' v='1' />
    <tag k='id' v='588' />
  </way>
  <way id='-39139' action='modify'>
    <nd ref='-132082' />
    <nd ref='-132083' />
    <nd ref='-132084' />
    <nd ref='-132085' />
    <nd ref='-132086' />
    <nd ref='-132075' />
    <nd ref='-132081' />
    <nd ref='-132088' />
    <nd ref='-132082' />
    <tag k='building' v='residential' />
    <tag k='building:levels' v='1' />
    <tag k='id' v='589' />
  </way>
  <way id='-39140' action='modify'>
    <nd ref='-132089' />
    <nd ref='-132090' />
    <nd ref='-132091' />
    <nd ref='-132092' />
    <nd ref='-132093' />
    <nd ref='-132094' />
    <nd ref='-132095' />
    <nd ref='-132096' />
    <nd ref='-132089' />
    <tag k='building' v='residential' />
    <tag k='building:levels' v='1' />
    <tag k='id' v='590' />
  </way>
  <way id='-39141' action='modify'>
    <nd ref='-132110' />
    <nd ref='-132098' />
    <nd ref='-132099' />
    <nd ref='-132100' />
    <nd ref='-132101' />
    <nd ref='-132089' />
    <nd ref='-132096' />
    <nd ref='-132104' />
    <nd ref='-132110' />
    <tag k='building' v='residential' />
    <tag k='building:levels' v='1' />
    <tag k='id' v='591' />
  </way>
  <way id='-39142' action='modify'>
    <nd ref='-132105' />
    <nd ref='-132106' />
    <nd ref='-132107' />
    <nd ref='-132108' />
    <nd ref='-132109' />
    <nd ref='-132110' />
    <nd ref='-132104' />
    <nd ref='-132111' />
    <nd ref='-132105' />
    <tag k='building' v='residential' />
    <tag k='building:levels' v='1' />
    <tag k='id' v='592' />
  </way>
  <way id='-39143' action='modify'>
    <nd ref='-132112' />
    <nd ref='-132113' />
    <nd ref='-132126' />
    <nd ref='-132115' />
    <nd ref='-132116' />
    <nd ref='-132117' />
    <nd ref='-132118' />
    <nd ref='-132119' />
    <nd ref='-132112' />
    <tag k='building' v='residential' />
    <tag k='building:levels' v='1' />
    <tag k='id' v='593' />
  </way>
  <way id='-39144' action='modify'>
    <nd ref='-132113' />
    <nd ref='-132120' />
    <nd ref='-132121' />
    <nd ref='-132122' />
    <nd ref='-132123' />
    <nd ref='-132124' />
    <nd ref='-132125' />
    <nd ref='-132126' />
    <nd ref='-132113' />
    <tag k='building' v='residential' />
    <tag k='building:levels' v='1' />
    <tag k='id' v='594' />
  </way>
  <way id='-39145' action='modify'>
    <nd ref='-132120' />
    <nd ref='-132127' />
    <nd ref='-132128' />
    <nd ref='-132129' />
    <nd ref='-132130' />
    <nd ref='-132131' />
    <nd ref='-132132' />
    <nd ref='-132121' />
    <nd ref='-132120' />
    <tag k='building' v='residential' />
    <tag k='building:levels' v='1' />
    <tag k='id' v='595' />
  </way>
  <way id='-39146' action='modify'>
    <nd ref='-132127' />
    <nd ref='-132141' />
    <nd ref='-132135' />
    <nd ref='-132136' />
    <nd ref='-132137' />
    <nd ref='-132138' />
    <nd ref='-132139' />
    <nd ref='-132128' />
    <nd ref='-132127' />
    <tag k='building' v='residential' />
    <tag k='building:levels' v='1' />
    <tag k='id' v='596' />
  </way>
  <way id='-39147' action='modify'>
    <nd ref='-132141' />
    <nd ref='-132142' />
    <nd ref='-132143' />
    <nd ref='-132144' />
    <nd ref='-132145' />
    <nd ref='-132146' />
    <nd ref='-132147' />
    <nd ref='-132135' />
    <nd ref='-132141' />
    <tag k='building' v='residential' />
    <tag k='building:levels' v='1' />
    <tag k='id' v='597' />
  </way>
  <way id='-39148' action='modify'>
    <nd ref='-132149' />
    <nd ref='-132150' />
    <nd ref='-132151' />
    <nd ref='-132152' />
    <nd ref='-132153' />
    <nd ref='-132154' />
    <nd ref='-132155' />
    <nd ref='-132156' />
    <nd ref='-132149' />
    <tag k='building' v='residential' />
    <tag k='building:levels' v='1' />
    <tag k='id' v='598' />
  </way>
  <way id='-39149' action='modify'>
    <nd ref='-132150' />
    <nd ref='-132157' />
    <nd ref='-132158' />
    <nd ref='-132159' />
    <nd ref='-132160' />
    <nd ref='-132161' />
    <nd ref='-132162' />
    <nd ref='-132151' />
    <nd ref='-132150' />
    <tag k='building' v='residential' />
    <tag k='building:levels' v='1' />
    <tag k='id' v='599' />
  </way>
  <way id='-39150' action='modify'>
    <nd ref='-132157' />
    <nd ref='-132165' />
    <nd ref='-132166' />
    <nd ref='-132167' />
    <nd ref='-132168' />
    <nd ref='-132169' />
    <nd ref='-132170' />
    <nd ref='-132158' />
    <nd ref='-132157' />
    <tag k='building' v='residential' />
    <tag k='building:levels' v='1' />
    <tag k='id' v='600' />
  </way>
  <way id='-39151' action='modify'>
    <nd ref='-132188' />
    <nd ref='-132173' />
    <nd ref='-132174' />
    <nd ref='-132175' />
    <nd ref='-132176' />
    <nd ref='-132177' />
    <nd ref='-132178' />
    <nd ref='-132189' />
    <nd ref='-132188' />
    <tag k='building' v='residential' />
    <tag k='building:levels' v='1' />
    <tag k='id' v='601' />
  </way>
  <way id='-39152' action='modify'>
    <nd ref='-132173' />
    <nd ref='-132181' />
    <nd ref='-132182' />
    <nd ref='-132183' />
    <nd ref='-132184' />
    <nd ref='-132185' />
    <nd ref='-132186' />
    <nd ref='-132174' />
    <nd ref='-132173' />
    <tag k='building' v='residential' />
    <tag k='building:levels' v='1' />
    <tag k='id' v='602' />
  </way>
  <way id='-39153' action='modify'>
    <nd ref='-132187' />
    <nd ref='-132188' />
    <nd ref='-132189' />
    <nd ref='-132190' />
    <nd ref='-132191' />
    <nd ref='-132192' />
    <nd ref='-132193' />
    <nd ref='-132197' />
    <nd ref='-132187' />
    <tag k='building' v='residential' />
    <tag k='building:levels' v='1' />
    <tag k='id' v='603' />
  </way>
  <way id='-39154' action='modify'>
    <nd ref='-132195' />
    <nd ref='-132187' />
    <nd ref='-132197' />
    <nd ref='-132198' />
    <nd ref='-132199' />
    <nd ref='-132200' />
    <nd ref='-132201' />
    <nd ref='-132202' />
    <nd ref='-132195' />
    <tag k='building' v='residential' />
    <tag k='building:levels' v='1' />
    <tag k='id' v='604' />
  </way>
  <way id='-39155' action='modify'>
    <nd ref='-132203' />
    <nd ref='-132204' />
    <nd ref='-132205' />
    <nd ref='-132206' />
    <nd ref='-132207' />
    <nd ref='-132208' />
    <nd ref='-132218' />
    <nd ref='-132210' />
    <nd ref='-132203' />
    <tag k='building' v='residential' />
    <tag k='building:levels' v='1' />
    <tag k='id' v='605' />
  </way>
  <way id='-39156' action='modify'>
    <nd ref='-132208' />
    <nd ref='-132212' />
    <nd ref='-132213' />
    <nd ref='-132214' />
    <nd ref='-132215' />
    <nd ref='-132219' />
    <nd ref='-132217' />
    <nd ref='-132218' />
    <nd ref='-132208' />
    <tag k='building' v='residential' />
    <tag k='building:levels' v='1' />
    <tag k='id' v='606' />
  </way>
  <way id='-39157' action='modify'>
    <nd ref='-132219' />
    <nd ref='-132220' />
    <nd ref='-132221' />
    <nd ref='-132222' />
    <nd ref='-132223' />
    <nd ref='-132224' />
    <nd ref='-132225' />
    <nd ref='-132217' />
    <nd ref='-132219' />
    <tag k='building' v='residential' />
    <tag k='building:levels' v='1' />
    <tag k='id' v='607' />
  </way>
  <way id='-39158' action='modify'>
    <nd ref='-132240' />
    <nd ref='-132228' />
    <nd ref='-132229' />
    <nd ref='-132230' />
    <nd ref='-132231' />
    <nd ref='-132232' />
    <nd ref='-132233' />
    <nd ref='-132234' />
    <nd ref='-132240' />
    <tag k='building' v='residential' />
    <tag k='building:levels' v='1' />
    <tag k='id' v='608' />
  </way>
  <way id='-39159' action='modify'>
    <nd ref='-132235' />
    <nd ref='-132236' />
    <nd ref='-132237' />
    <nd ref='-132238' />
    <nd ref='-132239' />
    <nd ref='-132240' />
    <nd ref='-132234' />
    <nd ref='-132249' />
    <nd ref='-132235' />
    <tag k='building' v='residential' />
    <tag k='building:levels' v='1' />
    <tag k='id' v='609' />
  </way>
  <way id='-39160' action='modify'>
    <nd ref='-132243' />
    <nd ref='-132244' />
    <nd ref='-132245' />
    <nd ref='-132246' />
    <nd ref='-132247' />
    <nd ref='-132235' />
    <nd ref='-132249' />
    <nd ref='-132250' />
    <nd ref='-132243' />
    <tag k='building' v='residential' />
    <tag k='building:levels' v='1' />
    <tag k='id' v='610' />
  </way>
  <way id='-39161' action='modify'>
    <nd ref='-132251' />
    <nd ref='-132252' />
    <nd ref='-132253' />
    <nd ref='-132254' />
    <nd ref='-132255' />
    <nd ref='-132256' />
    <nd ref='-132257' />
    <nd ref='-132258' />
    <nd ref='-132251' />
    <tag k='building' v='residential' />
    <tag k='building:levels' v='1' />
    <tag k='id' v='611' />
  </way>
  <way id='-39162' action='modify'>
    <nd ref='-132256' />
    <nd ref='-132260' />
    <nd ref='-132261' />
    <nd ref='-132262' />
    <nd ref='-132263' />
    <nd ref='-132264' />
    <nd ref='-132265' />
    <nd ref='-132257' />
    <nd ref='-132256' />
    <tag k='building' v='residential' />
    <tag k='building:levels' v='1' />
    <tag k='id' v='612' />
  </way>
  <way id='-39163' action='modify'>
    <nd ref='-132266' />
    <nd ref='-132267' />
    <nd ref='-132268' />
    <nd ref='-132269' />
    <nd ref='-132270' />
    <nd ref='-132271' />
    <nd ref='-132272' />
    <nd ref='-132273' />
    <nd ref='-132266' />
    <tag k='building' v='residential' />
    <tag k='building:levels' v='1' />
    <tag k='id' v='613' />
  </way>
  <way id='-39164' action='modify'>
    <nd ref='-132274' />
    <nd ref='-132275' />
    <nd ref='-132276' />
    <nd ref='-132277' />
    <nd ref='-132278' />
    <nd ref='-132279' />
    <nd ref='-132280' />
    <nd ref='-132281' />
    <nd ref='-132274' />
    <tag k='building' v='residential' />
    <tag k='building:levels' v='1' />
    <tag k='id' v='614' />
  </way>
  <way id='-39165' action='modify'>
    <nd ref='-132282' />
    <nd ref='-132283' />
    <nd ref='-132284' />
    <nd ref='-132285' />
    <nd ref='-132286' />
    <nd ref='-132287' />
    <nd ref='-132288' />
    <nd ref='-132289' />
    <nd ref='-132282' />
    <tag k='building' v='residential' />
    <tag k='building:levels' v='1' />
    <tag k='id' v='615' />
  </way>
  <way id='-39166' action='modify'>
    <nd ref='-132287' />
    <nd ref='-132291' />
    <nd ref='-132292' />
    <nd ref='-132293' />
    <nd ref='-132294' />
    <nd ref='-132298' />
    <nd ref='-132296' />
    <nd ref='-132288' />
    <nd ref='-132287' />
    <tag k='building' v='residential' />
    <tag k='building:levels' v='1' />
    <tag k='id' v='616' />
  </way>
  <way id='-39167' action='modify'>
    <nd ref='-132298' />
    <nd ref='-132299' />
    <nd ref='-132300' />
    <nd ref='-132301' />
    <nd ref='-132302' />
    <nd ref='-132303' />
    <nd ref='-132304' />
    <nd ref='-132296' />
    <nd ref='-132298' />
    <tag k='building' v='residential' />
    <tag k='building:levels' v='1' />
    <tag k='id' v='617' />
  </way>
  <way id='-39168' action='modify'>
    <nd ref='-132303' />
    <nd ref='-132306' />
    <nd ref='-132307' />
    <nd ref='-132308' />
    <nd ref='-132309' />
    <nd ref='-132313' />
    <nd ref='-132320' />
    <nd ref='-132304' />
    <nd ref='-132303' />
    <tag k='building' v='residential' />
    <tag k='building:levels' v='1' />
    <tag k='id' v='618' />
  </way>
  <way id='-39169' action='modify'>
    <nd ref='-132313' />
    <nd ref='-132314' />
    <nd ref='-132315' />
    <nd ref='-132316' />
    <nd ref='-132317' />
    <nd ref='-132318' />
    <nd ref='-132319' />
    <nd ref='-132320' />
    <nd ref='-132313' />
    <tag k='building' v='residential' />
    <tag k='building:levels' v='1' />
    <tag k='id' v='619' />
  </way>
  <way id='-39170' action='modify'>
    <nd ref='-132321' />
    <nd ref='-132322' />
    <nd ref='-132323' />
    <nd ref='-132324' />
    <nd ref='-132325' />
    <nd ref='-132329' />
    <nd ref='-132336' />
    <nd ref='-132328' />
    <nd ref='-132321' />
    <tag k='building' v='residential' />
    <tag k='building:levels' v='1' />
    <tag k='id' v='620' />
  </way>
  <way id='-39171' action='modify'>
    <nd ref='-132329' />
    <nd ref='-132330' />
    <nd ref='-132331' />
    <nd ref='-132332' />
    <nd ref='-132333' />
    <nd ref='-132334' />
    <nd ref='-132335' />
    <nd ref='-132336' />
    <nd ref='-132329' />
    <tag k='building' v='residential' />
    <tag k='building:levels' v='1' />
    <tag k='id' v='621' />
  </way>
  <way id='-39172' action='modify'>
    <nd ref='-132337' />
    <nd ref='-132338' />
    <nd ref='-132339' />
    <nd ref='-132340' />
    <nd ref='-132341' />
    <nd ref='-132342' />
    <nd ref='-132022' />
    <nd ref='-132344' />
    <nd ref='-132337' />
    <tag k='building' v='residential' />
    <tag k='building:levels' v='1' />
    <tag k='id' v='622' />
  </way>
  <way id='-39173' action='modify'>
    <nd ref='-132345' />
    <nd ref='-132346' />
    <nd ref='-132347' />
    <nd ref='-132348' />
    <nd ref='-132345' />
    <tag k='amenity' v='place_of_worship' />
    <tag k='building' v='mosque' />
    <tag k='building:levels' v='1' />
  </way>
  <way id='-39174' action='modify'>
    <nd ref='-132349' />
    <nd ref='-132350' />
    <nd ref='-132351' />
    <nd ref='-132352' />
    <nd ref='-132349' />
    <tag k='amenity' v='place_of_worship' />
    <tag k='building' v='mosque' />
    <tag k='building:levels' v='1' />
  </way>
  <way id='-39175' action='modify'>
    <nd ref='-132353' />
    <nd ref='-132354' />
    <nd ref='-132355' />
    <nd ref='-132356' />
    <nd ref='-132353' />
    <tag k='amenity' v='place_of_worship' />
    <tag k='building' v='mosque' />
    <tag k='building:levels' v='1' />
  </way>
  <way id='-39176' action='modify'>
    <nd ref='-132357' />
    <nd ref='-132358' />
    <nd ref='-132359' />
    <nd ref='-132360' />
    <nd ref='-132357' />
    <tag k='amenity' v='place_of_worship' />
    <tag k='building' v='mosque' />
    <tag k='building:levels' v='1' />
  </way>
  <way id='-39177' action='modify'>
    <nd ref='-132361' />
    <nd ref='-132362' />
    <nd ref='-132363' />
    <nd ref='-132364' />
    <nd ref='-132361' />
    <tag k='amenity' v='place_of_worship' />
    <tag k='building' v='mosque' />
    <tag k='building:levels' v='1' />
  </way>
  <way id='-39178' action='modify'>
    <nd ref='-132365' />
    <nd ref='-132366' />
    <nd ref='-132367' />
    <nd ref='-132368' />
    <nd ref='-132365' />
    <tag k='building' v='residential' />
    <tag k='building:levels' v='1' />
  </way>
  <way id='-39179' action='modify'>
    <nd ref='-132369' />
    <nd ref='-132370' />
    <nd ref='-132371' />
    <nd ref='-132372' />
    <nd ref='-132373' />
    <nd ref='-132369' />
    <tag k='building' v='residential' />
    <tag k='building:levels' v='1' />
  </way>
  <way id='-39180' action='modify'>
    <nd ref='-132374' />
    <nd ref='-132375' />
    <nd ref='-132376' />
    <nd ref='-132377' />
    <nd ref='-132374' />
    <tag k='building' v='residential' />
    <tag k='building:levels' v='1' />
  </way>
  <way id='-39181' action='modify'>
    <nd ref='-132378' />
    <nd ref='-132379' />
    <nd ref='-132380' />
    <nd ref='-132381' />
    <nd ref='-132378' />
    <tag k='building' v='residential' />
    <tag k='building:levels' v='1' />
  </way>
  <way id='-39182' action='modify'>
    <nd ref='-132382' />
    <nd ref='-132383' />
    <nd ref='-132384' />
    <nd ref='-132385' />
    <nd ref='-132382' />
    <tag k='building' v='residential' />
    <tag k='building:levels' v='1' />
  </way>
  <way id='-39183' action='modify'>
    <nd ref='-132386' />
    <nd ref='-132387' />
    <nd ref='-132388' />
    <nd ref='-132389' />
    <nd ref='-132386' />
    <tag k='building' v='residential' />
    <tag k='building:levels' v='1' />
  </way>
  <way id='-39184' action='modify'>
    <nd ref='-132390' />
    <nd ref='-132391' />
    <nd ref='-132392' />
    <nd ref='-132393' />
    <nd ref='-132394' />
    <nd ref='-132395' />
    <nd ref='-132396' />
    <nd ref='-132397' />
    <nd ref='-132390' />
    <tag k='building' v='residential' />
    <tag k='building:levels' v='1' />
  </way>
  <way id='-39185' action='modify'>
    <nd ref='-132398' />
    <nd ref='-132399' />
    <nd ref='-132400' />
    <nd ref='-132401' />
    <nd ref='-132398' />
    <tag k='building' v='residential' />
    <tag k='building:levels' v='1' />
  </way>
  <way id='-39186' action='modify'>
    <nd ref='-132402' />
    <nd ref='-132403' />
    <nd ref='-132404' />
    <nd ref='-132405' />
    <nd ref='-132402' />
    <tag k='building' v='residential' />
    <tag k='building:levels' v='1' />
  </way>
  <way id='-39187' action='modify'>
    <nd ref='-132406' />
    <nd ref='-132407' />
    <nd ref='-132408' />
    <nd ref='-132409' />
    <nd ref='-132406' />
    <tag k='building' v='residential' />
    <tag k='building:levels' v='1' />
  </way>
  <way id='-39188' action='modify'>
    <nd ref='-132410' />
    <nd ref='-132411' />
    <nd ref='-132412' />
    <nd ref='-132413' />
    <nd ref='-132410' />
    <tag k='building' v='residential' />
    <tag k='building:levels' v='1' />
  </way>
  <way id='-39189' action='modify'>
    <nd ref='-132414' />
    <nd ref='-132415' />
    <nd ref='-132416' />
    <nd ref='-132417' />
    <nd ref='-132414' />
    <tag k='building' v='residential' />
    <tag k='building:levels' v='1' />
  </way>
  <way id='-39190' action='modify'>
    <nd ref='-132418' />
    <nd ref='-132419' />
    <nd ref='-132420' />
    <nd ref='-132421' />
    <nd ref='-132418' />
    <tag k='building' v='residential' />
    <tag k='building:levels' v='1' />
  </way>
  <way id='-39191' action='modify'>
    <nd ref='-132422' />
    <nd ref='-132423' />
    <nd ref='-132424' />
    <nd ref='-132425' />
    <nd ref='-132422' />
    <tag k='building' v='residential' />
    <tag k='building:levels' v='1' />
  </way>
  <way id='-39192' action='modify'>
    <nd ref='-132426' />
    <nd ref='-132427' />
    <nd ref='-132428' />
    <nd ref='-132429' />
    <nd ref='-132426' />
    <tag k='building' v='residential' />
    <tag k='building:levels' v='1' />
  </way>
  <way id='-39193' action='modify'>
    <nd ref='-132430' />
    <nd ref='-132431' />
    <nd ref='-132432' />
    <nd ref='-132433' />
    <nd ref='-132430' />
    <tag k='building' v='residential' />
    <tag k='building:levels' v='1' />
  </way>
  <way id='-39194' action='modify'>
    <nd ref='-132434' />
    <nd ref='-132435' />
    <nd ref='-132436' />
    <nd ref='-132437' />
    <nd ref='-132434' />
    <tag k='building' v='residential' />
    <tag k='building:levels' v='1' />
  </way>
  <way id='-39195' action='modify'>
    <nd ref='-132438' />
    <nd ref='-132439' />
    <nd ref='-132440' />
    <nd ref='-132441' />
    <nd ref='-132442' />
    <nd ref='-132443' />
    <nd ref='-132438' />
    <tag k='building' v='residential' />
    <tag k='building:levels' v='1' />
  </way>
  <way id='-39196' action='modify'>
    <nd ref='-132444' />
    <nd ref='-132445' />
    <nd ref='-132446' />
    <nd ref='-132447' />
    <nd ref='-132444' />
    <tag k='building' v='residential' />
    <tag k='building:levels' v='1' />
  </way>
  <way id='-39197' action='modify'>
    <nd ref='-132448' />
    <nd ref='-132449' />
    <nd ref='-132450' />
    <nd ref='-132451' />
    <nd ref='-132448' />
    <tag k='building' v='residential' />
    <tag k='building:levels' v='1' />
  </way>
  <way id='-39198' action='modify'>
    <nd ref='-132452' />
    <nd ref='-132453' />
    <nd ref='-132454' />
    <nd ref='-132455' />
    <nd ref='-132452' />
    <tag k='building' v='residential' />
    <tag k='building:levels' v='1' />
  </way>
  <way id='-39199' action='modify'>
    <nd ref='-132456' />
    <nd ref='-132457' />
    <nd ref='-132458' />
    <nd ref='-132459' />
    <nd ref='-132456' />
    <tag k='building' v='residential' />
    <tag k='building:levels' v='1' />
  </way>
  <way id='-39200' action='modify'>
    <nd ref='-132460' />
    <nd ref='-132461' />
    <nd ref='-132462' />
    <nd ref='-132463' />
    <nd ref='-132460' />
    <tag k='building' v='residential' />
    <tag k='building:levels' v='1' />
  </way>
  <way id='-39201' action='modify'>
    <nd ref='-132464' />
    <nd ref='-132465' />
    <nd ref='-132466' />
    <nd ref='-132467' />
    <nd ref='-132464' />
    <tag k='building' v='residential' />
    <tag k='building:levels' v='1' />
  </way>
  <way id='-39202' action='modify'>
    <nd ref='-132468' />
    <nd ref='-132469' />
    <nd ref='-132470' />
    <nd ref='-132471' />
    <nd ref='-132468' />
    <tag k='building' v='residential' />
    <tag k='building:levels' v='1' />
  </way>
  <way id='-39203' action='modify'>
    <nd ref='-132472' />
    <nd ref='-132473' />
    <nd ref='-132474' />
    <nd ref='-132475' />
    <nd ref='-132472' />
    <tag k='building' v='residential' />
    <tag k='building:levels' v='1' />
  </way>
  <way id='-39204' action='modify'>
    <nd ref='-132476' />
    <nd ref='-132477' />
    <nd ref='-132478' />
    <nd ref='-132479' />
    <nd ref='-132476' />
    <tag k='building' v='residential' />
    <tag k='building:levels' v='1' />
  </way>
  <way id='-39205' action='modify'>
    <nd ref='-132480' />
    <nd ref='-132481' />
    <nd ref='-132482' />
    <nd ref='-132483' />
    <nd ref='-132480' />
    <tag k='building' v='residential' />
    <tag k='building:levels' v='1' />
  </way>
  <way id='-39206' action='modify'>
    <nd ref='-132484' />
    <nd ref='-132485' />
    <nd ref='-132486' />
    <nd ref='-132487' />
    <nd ref='-132484' />
    <tag k='building' v='residential' />
    <tag k='building:levels' v='1' />
  </way>
  <way id='-39207' action='modify'>
    <nd ref='-132488' />
    <nd ref='-132489' />
    <nd ref='-132490' />
    <nd ref='-132491' />
    <nd ref='-132488' />
    <tag k='building' v='residential' />
    <tag k='building:levels' v='1' />
  </way>
  <way id='-39208' action='modify'>
    <nd ref='-132492' />
    <nd ref='-132493' />
    <nd ref='-132494' />
    <nd ref='-132495' />
    <nd ref='-132492' />
    <tag k='building' v='residential' />
    <tag k='building:levels' v='1' />
  </way>
  <way id='-39209' action='modify'>
    <nd ref='-132496' />
    <nd ref='-132497' />
    <nd ref='-132498' />
    <nd ref='-132499' />
    <nd ref='-132496' />
    <tag k='building' v='residential' />
    <tag k='building:levels' v='1' />
  </way>
  <way id='-39210' action='modify'>
    <nd ref='-132500' />
    <nd ref='-132501' />
    <nd ref='-132502' />
    <nd ref='-132503' />
    <nd ref='-132504' />
    <nd ref='-132500' />
    <tag k='building' v='residential' />
    <tag k='building:levels' v='1' />
  </way>
  <way id='-39211' action='modify'>
    <nd ref='-132505' />
    <nd ref='-132506' />
    <nd ref='-132507' />
    <nd ref='-132508' />
    <nd ref='-132505' />
    <tag k='building' v='residential' />
    <tag k='building:levels' v='1' />
  </way>
  <way id='-39212' action='modify'>
    <nd ref='-132509' />
    <nd ref='-132510' />
    <nd ref='-132511' />
    <nd ref='-132512' />
    <nd ref='-132509' />
    <tag k='building' v='residential' />
    <tag k='building:levels' v='1' />
  </way>
  <way id='-39213' action='modify'>
    <nd ref='-132513' />
    <nd ref='-132514' />
    <nd ref='-132515' />
    <nd ref='-132516' />
    <nd ref='-132513' />
    <tag k='building' v='residential' />
    <tag k='building:levels' v='1' />
  </way>
  <way id='-39214' action='modify'>
    <nd ref='-132517' />
    <nd ref='-132518' />
    <nd ref='-132519' />
    <nd ref='-132520' />
    <nd ref='-132521' />
    <nd ref='-132522' />
    <nd ref='-132523' />
    <nd ref='-132524' />
    <nd ref='-132525' />
    <nd ref='-132526' />
    <nd ref='-132527' />
    <nd ref='-132528' />
    <nd ref='-132529' />
    <nd ref='-132530' />
    <nd ref='-132517' />
    <tag k='building' v='residential' />
    <tag k='building:levels' v='1' />
  </way>
  <way id='-39215' action='modify'>
    <nd ref='-132531' />
    <nd ref='-132532' />
    <nd ref='-132533' />
    <nd ref='-132534' />
    <nd ref='-132531' />
    <tag k='building' v='residential' />
    <tag k='building:levels' v='1' />
  </way>
  <way id='-39216' action='modify'>
    <nd ref='-132535' />
    <nd ref='-132536' />
    <nd ref='-132537' />
    <nd ref='-132538' />
    <nd ref='-132535' />
    <tag k='building' v='residential' />
    <tag k='building:levels' v='1' />
  </way>
  <way id='-39217' action='modify'>
    <nd ref='-132539' />
    <nd ref='-132540' />
    <nd ref='-132541' />
    <nd ref='-132542' />
    <nd ref='-132543' />
    <nd ref='-132544' />
    <nd ref='-132545' />
    <nd ref='-132539' />
    <tag k='building' v='residential' />
    <tag k='building:levels' v='1' />
  </way>
  <way id='-39218' action='modify'>
    <nd ref='-132546' />
    <nd ref='-132547' />
    <nd ref='-132548' />
    <nd ref='-132549' />
    <nd ref='-132546' />
    <tag k='building' v='residential' />
    <tag k='building:levels' v='1' />
  </way>
  <way id='-39219' action='modify'>
    <nd ref='-132550' />
    <nd ref='-132551' />
    <nd ref='-132552' />
    <nd ref='-132553' />
    <nd ref='-132554' />
    <nd ref='-132550' />
    <tag k='building' v='residential' />
    <tag k='building:levels' v='1' />
  </way>
  <way id='-39220' action='modify'>
    <nd ref='-132555' />
    <nd ref='-132556' />
    <nd ref='-132557' />
    <nd ref='-132558' />
    <nd ref='-132555' />
    <tag k='building' v='residential' />
    <tag k='building:levels' v='1' />
  </way>
  <way id='-39221' action='modify'>
    <nd ref='-132559' />
    <nd ref='-132560' />
    <nd ref='-132561' />
    <nd ref='-132562' />
    <nd ref='-132559' />
    <tag k='building' v='residential' />
    <tag k='building:levels' v='1' />
  </way>
  <way id='-39222' action='modify'>
    <nd ref='-132563' />
    <nd ref='-132564' />
    <nd ref='-132565' />
    <nd ref='-132566' />
    <nd ref='-132563' />
    <tag k='building' v='residential' />
    <tag k='building:levels' v='1' />
  </way>
  <way id='-39223' action='modify'>
    <nd ref='-132567' />
    <nd ref='-132568' />
    <nd ref='-132569' />
    <nd ref='-132570' />
    <nd ref='-132567' />
    <tag k='building' v='residential' />
    <tag k='building:levels' v='1' />
  </way>
  <way id='-39224' action='modify'>
    <nd ref='-132571' />
    <nd ref='-132572' />
    <nd ref='-132573' />
    <nd ref='-132574' />
    <nd ref='-132571' />
    <tag k='building' v='residential' />
    <tag k='building:levels' v='1' />
  </way>
  <way id='-39225' action='modify'>
    <nd ref='-132575' />
    <nd ref='-132576' />
    <nd ref='-132577' />
    <nd ref='-132578' />
    <nd ref='-132579' />
    <nd ref='-132580' />
    <nd ref='-132581' />
    <nd ref='-132582' />
    <nd ref='-132583' />
    <nd ref='-132584' />
    <nd ref='-132585' />
    <nd ref='-132575' />
    <tag k='building' v='residential' />
    <tag k='building:levels' v='1' />
  </way>
  <way id='-39226' action='modify'>
    <nd ref='-132586' />
    <nd ref='-132587' />
    <nd ref='-132588' />
    <nd ref='-132589' />
    <nd ref='-132586' />
    <tag k='building' v='residential' />
    <tag k='building:levels' v='1' />
  </way>
  <way id='-39227' action='modify'>
    <nd ref='-132590' />
    <nd ref='-132591' />
    <nd ref='-132592' />
    <nd ref='-132593' />
    <nd ref='-132594' />
    <nd ref='-132590' />
    <tag k='building' v='residential' />
    <tag k='building:levels' v='1' />
  </way>
  <way id='-39228' action='modify'>
    <nd ref='-132595' />
    <nd ref='-132596' />
    <nd ref='-132597' />
    <nd ref='-132598' />
    <nd ref='-132595' />
    <tag k='building' v='residential' />
    <tag k='building:levels' v='1' />
  </way>
  <way id='-39229' action='modify'>
    <nd ref='-132599' />
    <nd ref='-132600' />
    <nd ref='-132601' />
    <nd ref='-132602' />
    <nd ref='-132599' />
    <tag k='building' v='residential' />
    <tag k='building:levels' v='1' />
  </way>
  <way id='-39230' action='modify'>
    <nd ref='-132603' />
    <nd ref='-132604' />
    <nd ref='-132605' />
    <nd ref='-132606' />
    <nd ref='-132603' />
    <tag k='building' v='residential' />
    <tag k='building:levels' v='1' />
  </way>
  <way id='-39231' action='modify'>
    <nd ref='-132607' />
    <nd ref='-132608' />
    <nd ref='-132609' />
    <nd ref='-132610' />
    <nd ref='-132607' />
    <tag k='building' v='residential' />
    <tag k='building:levels' v='1' />
  </way>
  <way id='-39232' action='modify'>
    <nd ref='-132611' />
    <nd ref='-132612' />
    <nd ref='-132613' />
    <nd ref='-132614' />
    <nd ref='-132615' />
    <nd ref='-132611' />
    <tag k='building' v='residential' />
    <tag k='building:levels' v='1' />
  </way>
  <way id='-39233' action='modify'>
    <nd ref='-132616' />
    <nd ref='-132617' />
    <nd ref='-132618' />
    <nd ref='-132619' />
    <nd ref='-132620' />
    <nd ref='-132621' />
    <nd ref='-132616' />
    <tag k='building' v='residential' />
    <tag k='building:levels' v='1' />
  </way>
  <way id='-39234' action='modify'>
    <nd ref='-132622' />
    <nd ref='-132623' />
    <nd ref='-132624' />
    <nd ref='-132625' />
    <nd ref='-132622' />
    <tag k='building' v='residential' />
    <tag k='building:levels' v='1' />
  </way>
  <way id='-39235' action='modify'>
    <nd ref='-132626' />
    <nd ref='-132627' />
    <nd ref='-132628' />
    <nd ref='-132629' />
    <nd ref='-132626' />
    <tag k='building' v='residential' />
    <tag k='building:levels' v='1' />
  </way>
  <way id='-39236' action='modify'>
    <nd ref='-132630' />
    <nd ref='-132631' />
    <nd ref='-132632' />
    <nd ref='-132633' />
    <nd ref='-132630' />
    <tag k='building' v='residential' />
    <tag k='building:levels' v='1' />
  </way>
  <way id='-39237' action='modify'>
    <nd ref='-132634' />
    <nd ref='-132635' />
    <nd ref='-132636' />
    <nd ref='-132637' />
    <nd ref='-132634' />
    <tag k='building' v='residential' />
    <tag k='building:levels' v='1' />
  </way>
  <way id='-39238' action='modify'>
    <nd ref='-132638' />
    <nd ref='-132639' />
    <nd ref='-132640' />
    <nd ref='-132641' />
    <nd ref='-132638' />
    <tag k='building' v='residential' />
    <tag k='building:levels' v='1' />
  </way>
  <way id='-39239' action='modify'>
    <nd ref='-132642' />
    <nd ref='-132643' />
    <nd ref='-132644' />
    <nd ref='-132645' />
    <nd ref='-132646' />
    <nd ref='-132642' />
    <tag k='building' v='residential' />
    <tag k='building:levels' v='1' />
  </way>
  <way id='-39240' action='modify'>
    <nd ref='-132647' />
    <nd ref='-132648' />
    <nd ref='-132649' />
    <nd ref='-132650' />
    <nd ref='-132647' />
    <tag k='building' v='residential' />
    <tag k='building:levels' v='1' />
  </way>
  <way id='-39241' action='modify'>
    <nd ref='-132651' />
    <nd ref='-132652' />
    <nd ref='-132653' />
    <nd ref='-132654' />
    <nd ref='-132651' />
    <tag k='building' v='residential' />
    <tag k='building:levels' v='1' />
  </way>
  <way id='-39242' action='modify'>
    <nd ref='-132655' />
    <nd ref='-132656' />
    <nd ref='-132657' />
    <nd ref='-132658' />
    <nd ref='-132655' />
    <tag k='building' v='residential' />
    <tag k='building:levels' v='1' />
  </way>
  <way id='-39243' action='modify'>
    <nd ref='-132659' />
    <nd ref='-132660' />
    <nd ref='-132661' />
    <nd ref='-132662' />
    <nd ref='-132659' />
    <tag k='building' v='residential' />
    <tag k='building:levels' v='1' />
  </way>
  <way id='-39244' action='modify'>
    <nd ref='-132663' />
    <nd ref='-132664' />
    <nd ref='-132665' />
    <nd ref='-132666' />
    <nd ref='-132667' />
    <nd ref='-132668' />
    <nd ref='-132669' />
    <nd ref='-132670' />
    <nd ref='-132671' />
    <nd ref='-132672' />
    <nd ref='-132663' />
    <tag k='building' v='residential' />
    <tag k='building:levels' v='1' />
  </way>
  <way id='-39245' action='modify'>
    <nd ref='-132673' />
    <nd ref='-132674' />
    <nd ref='-132675' />
    <nd ref='-132676' />
    <nd ref='-132673' />
    <tag k='building' v='residential' />
    <tag k='building:levels' v='1' />
  </way>
  <way id='-39246' action='modify'>
    <nd ref='-132677' />
    <nd ref='-132678' />
    <nd ref='-132679' />
    <nd ref='-132680' />
    <nd ref='-132677' />
    <tag k='building' v='residential' />
    <tag k='building:levels' v='1' />
  </way>
  <way id='-39247' action='modify'>
    <nd ref='-132681' />
    <nd ref='-132682' />
    <nd ref='-132683' />
    <nd ref='-132684' />
    <nd ref='-132681' />
    <tag k='building' v='residential' />
    <tag k='building:levels' v='1' />
  </way>
  <way id='-39248' action='modify'>
    <nd ref='-132685' />
    <nd ref='-132686' />
    <nd ref='-132687' />
    <nd ref='-132688' />
    <nd ref='-132685' />
    <tag k='building' v='residential' />
    <tag k='building:levels' v='1' />
  </way>
  <way id='-39249' action='modify'>
    <nd ref='-132689' />
    <nd ref='-132690' />
    <nd ref='-132691' />
    <nd ref='-132692' />
    <nd ref='-132689' />
    <tag k='building' v='residential' />
    <tag k='building:levels' v='1' />
  </way>
  <way id='-39250' action='modify'>
    <nd ref='-132693' />
    <nd ref='-132694' />
    <nd ref='-132695' />
    <nd ref='-132696' />
    <nd ref='-132693' />
    <tag k='building' v='residential' />
    <tag k='building:levels' v='1' />
  </way>
  <way id='-39251' action='modify'>
    <nd ref='-132697' />
    <nd ref='-132698' />
    <nd ref='-132699' />
    <nd ref='-132700' />
    <nd ref='-132697' />
    <tag k='building' v='residential' />
    <tag k='building:levels' v='1' />
  </way>
  <way id='-39252' action='modify'>
    <nd ref='-132701' />
    <nd ref='-132702' />
    <nd ref='-132703' />
    <nd ref='-132704' />
    <nd ref='-132705' />
    <nd ref='-132706' />
    <nd ref='-132707' />
    <nd ref='-132708' />
    <nd ref='-132701' />
    <tag k='building' v='residential' />
    <tag k='building:levels' v='1' />
  </way>
  <way id='-39253' action='modify'>
    <nd ref='-132709' />
    <nd ref='-132710' />
    <nd ref='-132711' />
    <nd ref='-132712' />
    <nd ref='-132709' />
    <tag k='building' v='residential' />
    <tag k='building:levels' v='1' />
  </way>
  <way id='-39254' action='modify'>
    <nd ref='-132713' />
    <nd ref='-132714' />
    <nd ref='-132715' />
    <nd ref='-132716' />
    <nd ref='-132713' />
    <tag k='building' v='residential' />
    <tag k='building:levels' v='1' />
  </way>
  <way id='-39255' action='modify'>
    <nd ref='-132717' />
    <nd ref='-132718' />
    <nd ref='-132719' />
    <nd ref='-132720' />
    <nd ref='-132717' />
    <tag k='building' v='residential' />
    <tag k='building:levels' v='1' />
  </way>
  <way id='-39256' action='modify'>
    <nd ref='-132721' />
    <nd ref='-132722' />
    <nd ref='-132723' />
    <nd ref='-132724' />
    <nd ref='-132721' />
    <tag k='building' v='residential' />
    <tag k='building:levels' v='1' />
  </way>
  <way id='-39257' action='modify'>
    <nd ref='-132725' />
    <nd ref='-132726' />
    <nd ref='-132727' />
    <nd ref='-132728' />
    <nd ref='-132729' />
    <nd ref='-132730' />
    <nd ref='-132731' />
    <nd ref='-132732' />
    <nd ref='-132733' />
    <nd ref='-132734' />
    <nd ref='-132735' />
    <nd ref='-132725' />
    <tag k='building' v='residential' />
    <tag k='building:levels' v='1' />
  </way>
  <way id='-39258' action='modify'>
    <nd ref='-132736' />
    <nd ref='-132737' />
    <nd ref='-132738' />
    <nd ref='-132739' />
    <nd ref='-132736' />
    <tag k='building' v='residential' />
    <tag k='building:levels' v='1' />
  </way>
  <way id='-39259' action='modify'>
    <nd ref='-132740' />
    <nd ref='-132741' />
    <nd ref='-132742' />
    <nd ref='-132743' />
    <nd ref='-132740' />
    <tag k='building' v='residential' />
    <tag k='building:levels' v='1' />
  </way>
  <way id='-39260' action='modify'>
    <nd ref='-132744' />
    <nd ref='-132745' />
    <nd ref='-132746' />
    <nd ref='-132747' />
    <nd ref='-132744' />
    <tag k='building' v='residential' />
    <tag k='building:levels' v='1' />
  </way>
  <way id='-39261' action='modify'>
    <nd ref='-132748' />
    <nd ref='-132749' />
    <nd ref='-132750' />
    <nd ref='-132751' />
    <nd ref='-132748' />
    <tag k='building' v='residential' />
    <tag k='building:levels' v='1' />
  </way>
  <way id='-39262' action='modify'>
    <nd ref='-132752' />
    <nd ref='-132753' />
    <nd ref='-132754' />
    <nd ref='-132755' />
    <nd ref='-132752' />
    <tag k='building' v='residential' />
    <tag k='building:levels' v='1' />
  </way>
  <way id='-39263' action='modify'>
    <nd ref='-132756' />
    <nd ref='-132757' />
    <nd ref='-132758' />
    <nd ref='-132759' />
    <nd ref='-132756' />
    <tag k='building' v='residential' />
    <tag k='building:levels' v='1' />
  </way>
  <way id='-39264' action='modify'>
    <nd ref='-132760' />
    <nd ref='-132761' />
    <nd ref='-132762' />
    <nd ref='-132763' />
    <nd ref='-132760' />
    <tag k='building' v='residential' />
    <tag k='building:levels' v='1' />
  </way>
  <way id='-39265' action='modify'>
    <nd ref='-132764' />
    <nd ref='-132765' />
    <nd ref='-132766' />
    <nd ref='-132767' />
    <nd ref='-132764' />
    <tag k='building' v='residential' />
    <tag k='building:levels' v='1' />
  </way>
  <way id='-39266' action='modify'>
    <nd ref='-132768' />
    <nd ref='-132769' />
    <nd ref='-132770' />
    <nd ref='-132771' />
    <nd ref='-132768' />
    <tag k='building' v='residential' />
    <tag k='building:levels' v='1' />
  </way>
  <way id='-39267' action='modify'>
    <nd ref='-132772' />
    <nd ref='-132773' />
    <nd ref='-132774' />
    <nd ref='-132775' />
    <nd ref='-132772' />
    <tag k='building' v='residential' />
    <tag k='building:levels' v='1' />
  </way>
  <way id='-39268' action='modify'>
    <nd ref='-132776' />
    <nd ref='-132777' />
    <nd ref='-132778' />
    <nd ref='-132779' />
    <nd ref='-132776' />
    <tag k='building' v='residential' />
    <tag k='building:levels' v='1' />
  </way>
  <way id='-39269' action='modify'>
    <nd ref='-132780' />
    <nd ref='-132781' />
    <nd ref='-132782' />
    <nd ref='-132783' />
    <nd ref='-132780' />
    <tag k='building' v='residential' />
    <tag k='building:levels' v='1' />
  </way>
  <way id='-39270' action='modify'>
    <nd ref='-132784' />
    <nd ref='-132785' />
    <nd ref='-132786' />
    <nd ref='-132787' />
    <nd ref='-132784' />
    <tag k='building' v='residential' />
    <tag k='building:levels' v='1' />
  </way>
  <way id='-39271' action='modify'>
    <nd ref='-132788' />
    <nd ref='-132789' />
    <nd ref='-132790' />
    <nd ref='-132791' />
    <nd ref='-132792' />
    <nd ref='-132793' />
    <nd ref='-132794' />
    <nd ref='-132788' />
    <tag k='building' v='residential' />
    <tag k='building:levels' v='1' />
  </way>
  <way id='-39272' action='modify'>
    <nd ref='-132795' />
    <nd ref='-132796' />
    <nd ref='-132797' />
    <nd ref='-132798' />
    <nd ref='-132795' />
    <tag k='building' v='residential' />
    <tag k='building:levels' v='1' />
  </way>
  <way id='-39273' action='modify'>
    <nd ref='-132799' />
    <nd ref='-132800' />
    <nd ref='-132801' />
    <nd ref='-132802' />
    <nd ref='-132799' />
    <tag k='building' v='residential' />
    <tag k='building:levels' v='1' />
  </way>
  <way id='-39274' action='modify'>
    <nd ref='-132803' />
    <nd ref='-132804' />
    <nd ref='-132805' />
    <nd ref='-132806' />
    <nd ref='-132807' />
    <nd ref='-132803' />
    <tag k='building' v='residential' />
    <tag k='building:levels' v='1' />
  </way>
  <way id='-39275' action='modify'>
    <nd ref='-132808' />
    <nd ref='-132809' />
    <nd ref='-132810' />
    <nd ref='-132811' />
    <nd ref='-132812' />
    <nd ref='-132808' />
    <tag k='building' v='residential' />
    <tag k='building:levels' v='1' />
  </way>
  <way id='-39276' action='modify'>
    <nd ref='-132813' />
    <nd ref='-132814' />
    <nd ref='-132815' />
    <nd ref='-132816' />
    <nd ref='-132813' />
    <tag k='building' v='residential' />
    <tag k='building:levels' v='1' />
  </way>
  <way id='-39277' action='modify'>
    <nd ref='-132817' />
    <nd ref='-132818' />
    <nd ref='-132819' />
    <nd ref='-132820' />
    <nd ref='-132817' />
    <tag k='building' v='residential' />
    <tag k='building:levels' v='1' />
  </way>
  <way id='-39278' action='modify'>
    <nd ref='-132821' />
    <nd ref='-132822' />
    <nd ref='-132823' />
    <nd ref='-132824' />
    <nd ref='-132825' />
    <nd ref='-132821' />
    <tag k='building' v='residential' />
    <tag k='building:levels' v='1' />
  </way>
  <way id='-39279' action='modify'>
    <nd ref='-132826' />
    <nd ref='-132827' />
    <nd ref='-132828' />
    <nd ref='-132829' />
    <nd ref='-132826' />
    <tag k='building' v='residential' />
    <tag k='building:levels' v='1' />
  </way>
  <way id='-39280' action='modify'>
    <nd ref='-132830' />
    <nd ref='-132831' />
    <nd ref='-132832' />
    <nd ref='-132833' />
    <nd ref='-132830' />
    <tag k='building' v='residential' />
    <tag k='building:levels' v='1' />
  </way>
  <way id='-39281' action='modify'>
    <nd ref='-132834' />
    <nd ref='-132835' />
    <nd ref='-132836' />
    <nd ref='-132837' />
    <nd ref='-132834' />
    <tag k='building' v='residential' />
    <tag k='building:levels' v='1' />
  </way>
  <way id='-39282' action='modify'>
    <nd ref='-132838' />
    <nd ref='-132839' />
    <nd ref='-132840' />
    <nd ref='-132841' />
    <nd ref='-132842' />
    <nd ref='-132838' />
    <tag k='building' v='residential' />
    <tag k='building:levels' v='1' />
  </way>
  <way id='-39283' action='modify'>
    <nd ref='-132843' />
    <nd ref='-132844' />
    <nd ref='-132845' />
    <nd ref='-132846' />
    <nd ref='-132843' />
    <tag k='building' v='residential' />
    <tag k='building:levels' v='1' />
  </way>
  <way id='-39284' action='modify'>
    <nd ref='-132847' />
    <nd ref='-132848' />
    <nd ref='-132849' />
    <nd ref='-132850' />
    <nd ref='-132847' />
    <tag k='building' v='residential' />
    <tag k='building:levels' v='1' />
  </way>
  <way id='-39285' action='modify'>
    <nd ref='-132851' />
    <nd ref='-132852' />
    <nd ref='-132853' />
    <nd ref='-132854' />
    <nd ref='-132851' />
    <tag k='building' v='residential' />
    <tag k='building:levels' v='1' />
  </way>
  <way id='-39286' action='modify'>
    <nd ref='-132855' />
    <nd ref='-132856' />
    <nd ref='-132857' />
    <nd ref='-132858' />
    <nd ref='-132855' />
    <tag k='building' v='residential' />
    <tag k='building:levels' v='1' />
  </way>
  <way id='-39287' action='modify'>
    <nd ref='-132859' />
    <nd ref='-132860' />
    <nd ref='-132861' />
    <nd ref='-132862' />
    <nd ref='-132859' />
    <tag k='building' v='residential' />
    <tag k='building:levels' v='1' />
  </way>
  <way id='-39288' action='modify'>
    <nd ref='-132863' />
    <nd ref='-132864' />
    <nd ref='-132865' />
    <nd ref='-132866' />
    <nd ref='-132863' />
    <tag k='building' v='residential' />
    <tag k='building:levels' v='1' />
  </way>
  <way id='-39289' action='modify'>
    <nd ref='-132867' />
    <nd ref='-132868' />
    <nd ref='-132869' />
    <nd ref='-132870' />
    <nd ref='-132867' />
    <tag k='building' v='residential' />
    <tag k='building:levels' v='1' />
  </way>
  <way id='-39290' action='modify'>
    <nd ref='-132871' />
    <nd ref='-132872' />
    <nd ref='-132873' />
    <nd ref='-132874' />
    <nd ref='-132871' />
    <tag k='building' v='residential' />
    <tag k='building:levels' v='1' />
  </way>
  <way id='-39291' action='modify'>
    <nd ref='-132875' />
    <nd ref='-132876' />
    <nd ref='-132877' />
    <nd ref='-132878' />
    <nd ref='-132875' />
    <tag k='building' v='residential' />
    <tag k='building:levels' v='1' />
  </way>
  <way id='-39292' action='modify'>
    <nd ref='-132879' />
    <nd ref='-132880' />
    <nd ref='-132881' />
    <nd ref='-132882' />
    <nd ref='-132883' />
    <nd ref='-132879' />
    <tag k='building' v='residential' />
    <tag k='building:levels' v='1' />
  </way>
  <way id='-39293' action='modify'>
    <nd ref='-132884' />
    <nd ref='-132885' />
    <nd ref='-132886' />
    <nd ref='-132887' />
    <nd ref='-132884' />
    <tag k='building' v='residential' />
    <tag k='building:levels' v='1' />
  </way>
  <way id='-39294' action='modify'>
    <nd ref='-132888' />
    <nd ref='-132889' />
    <nd ref='-132890' />
    <nd ref='-132891' />
    <nd ref='-132888' />
    <tag k='building' v='residential' />
    <tag k='building:levels' v='1' />
  </way>
  <way id='-39295' action='modify'>
    <nd ref='-132892' />
    <nd ref='-132893' />
    <nd ref='-132894' />
    <nd ref='-132895' />
    <nd ref='-132892' />
    <tag k='building' v='residential' />
    <tag k='building:levels' v='1' />
  </way>
  <way id='-39296' action='modify'>
    <nd ref='-132896' />
    <nd ref='-132897' />
    <nd ref='-132898' />
    <nd ref='-132899' />
    <nd ref='-132896' />
    <tag k='building' v='residential' />
    <tag k='building:levels' v='1' />
  </way>
  <way id='-39297' action='modify'>
    <nd ref='-132900' />
    <nd ref='-132901' />
    <nd ref='-132902' />
    <nd ref='-132903' />
    <nd ref='-132900' />
    <tag k='building' v='residential' />
    <tag k='building:levels' v='1' />
  </way>
  <way id='-39298' action='modify'>
    <nd ref='-132904' />
    <nd ref='-132905' />
    <nd ref='-132906' />
    <nd ref='-132907' />
    <nd ref='-132904' />
    <tag k='building' v='residential' />
    <tag k='building:levels' v='1' />
  </way>
  <way id='-39299' action='modify'>
    <nd ref='-132908' />
    <nd ref='-132909' />
    <nd ref='-132910' />
    <nd ref='-132911' />
    <nd ref='-132908' />
    <tag k='building' v='residential' />
    <tag k='building:levels' v='1' />
  </way>
  <way id='-39300' action='modify'>
    <nd ref='-132912' />
    <nd ref='-132913' />
    <nd ref='-132914' />
    <nd ref='-132915' />
    <nd ref='-132912' />
    <tag k='building' v='residential' />
    <tag k='building:levels' v='1' />
  </way>
  <way id='-39301' action='modify'>
    <nd ref='-132916' />
    <nd ref='-132917' />
    <nd ref='-132918' />
    <nd ref='-132919' />
    <nd ref='-132916' />
    <tag k='building' v='residential' />
    <tag k='building:levels' v='1' />
  </way>
  <way id='-39302' action='modify'>
    <nd ref='-132920' />
    <nd ref='-132921' />
    <nd ref='-132922' />
    <nd ref='-132923' />
    <nd ref='-132920' />
    <tag k='building' v='residential' />
    <tag k='building:levels' v='1' />
  </way>
  <way id='-39303' action='modify'>
    <nd ref='-132924' />
    <nd ref='-132925' />
    <nd ref='-132926' />
    <nd ref='-132927' />
    <nd ref='-132924' />
    <tag k='building' v='residential' />
    <tag k='building:levels' v='1' />
  </way>
  <way id='-39304' action='modify'>
    <nd ref='-132928' />
    <nd ref='-132929' />
    <nd ref='-132930' />
    <nd ref='-132931' />
    <nd ref='-132928' />
    <tag k='building' v='residential' />
    <tag k='building:levels' v='1' />
  </way>
  <way id='-39305' action='modify'>
    <nd ref='-132932' />
    <nd ref='-132933' />
    <nd ref='-132934' />
    <nd ref='-132935' />
    <nd ref='-132932' />
    <tag k='building' v='residential' />
    <tag k='building:levels' v='1' />
  </way>
  <way id='-39306' action='modify'>
    <nd ref='-132936' />
    <nd ref='-132937' />
    <nd ref='-132938' />
    <nd ref='-132939' />
    <nd ref='-132936' />
    <tag k='building' v='residential' />
    <tag k='building:levels' v='1' />
  </way>
  <way id='-39307' action='modify'>
    <nd ref='-132940' />
    <nd ref='-132941' />
    <nd ref='-132942' />
    <nd ref='-132943' />
    <nd ref='-132940' />
    <tag k='building' v='residential' />
    <tag k='building:levels' v='1' />
  </way>
  <way id='-39308' action='modify'>
    <nd ref='-132944' />
    <nd ref='-132945' />
    <nd ref='-132946' />
    <nd ref='-132947' />
    <nd ref='-132944' />
    <tag k='building' v='residential' />
    <tag k='building:levels' v='1' />
  </way>
  <way id='-39309' action='modify'>
    <nd ref='-132948' />
    <nd ref='-132949' />
    <nd ref='-132950' />
    <nd ref='-132951' />
    <nd ref='-132948' />
    <tag k='building' v='residential' />
    <tag k='building:levels' v='1' />
  </way>
  <way id='-39310' action='modify'>
    <nd ref='-132952' />
    <nd ref='-132953' />
    <nd ref='-132954' />
    <nd ref='-132955' />
    <nd ref='-132956' />
    <nd ref='-132957' />
    <nd ref='-132958' />
    <nd ref='-132952' />
    <tag k='building' v='residential' />
    <tag k='building:levels' v='1' />
  </way>
  <way id='-39311' action='modify'>
    <nd ref='-132959' />
    <nd ref='-132960' />
    <nd ref='-132961' />
    <nd ref='-132962' />
    <nd ref='-132959' />
    <tag k='building' v='residential' />
    <tag k='building:levels' v='1' />
  </way>
  <way id='-39312' action='modify'>
    <nd ref='-132963' />
    <nd ref='-132964' />
    <nd ref='-132965' />
    <nd ref='-132966' />
    <nd ref='-132963' />
    <tag k='building' v='residential' />
    <tag k='building:levels' v='1' />
  </way>
  <way id='-39313' action='modify'>
    <nd ref='-132967' />
    <nd ref='-132968' />
    <nd ref='-132969' />
    <nd ref='-132970' />
    <nd ref='-132967' />
    <tag k='building' v='residential' />
    <tag k='building:levels' v='1' />
  </way>
  <way id='-39314' action='modify'>
    <nd ref='-132971' />
    <nd ref='-132972' />
    <nd ref='-132973' />
    <nd ref='-132974' />
    <nd ref='-132971' />
    <tag k='building' v='residential' />
    <tag k='building:levels' v='1' />
  </way>
  <way id='-39315' action='modify'>
    <nd ref='-132975' />
    <nd ref='-132976' />
    <nd ref='-132977' />
    <nd ref='-132978' />
    <nd ref='-132975' />
    <tag k='building' v='residential' />
    <tag k='building:levels' v='1' />
  </way>
  <way id='-39316' action='modify'>
    <nd ref='-132979' />
    <nd ref='-132980' />
    <nd ref='-132981' />
    <nd ref='-132982' />
    <nd ref='-132979' />
    <tag k='building' v='residential' />
    <tag k='building:levels' v='1' />
  </way>
  <way id='-39317' action='modify'>
    <nd ref='-132983' />
    <nd ref='-132984' />
    <nd ref='-132985' />
    <nd ref='-132986' />
    <nd ref='-132983' />
    <tag k='building' v='residential' />
    <tag k='building:levels' v='1' />
  </way>
  <way id='-39318' action='modify'>
    <nd ref='-132987' />
    <nd ref='-132988' />
    <nd ref='-132989' />
    <nd ref='-132990' />
    <nd ref='-132987' />
    <tag k='building' v='residential' />
    <tag k='building:levels' v='1' />
  </way>
  <way id='-39319' action='modify'>
    <nd ref='-132991' />
    <nd ref='-132992' />
    <nd ref='-132993' />
    <nd ref='-132994' />
    <nd ref='-132991' />
    <tag k='building' v='residential' />
    <tag k='building:levels' v='1' />
  </way>
  <way id='-39320' action='modify'>
    <nd ref='-132995' />
    <nd ref='-132996' />
    <nd ref='-132997' />
    <nd ref='-132998' />
    <nd ref='-132995' />
    <tag k='building' v='residential' />
    <tag k='building:levels' v='1' />
  </way>
  <way id='-39321' action='modify'>
    <nd ref='-132999' />
    <nd ref='-133000' />
    <nd ref='-133001' />
    <nd ref='-133002' />
    <nd ref='-132999' />
    <tag k='building' v='residential' />
    <tag k='building:levels' v='1' />
  </way>
  <way id='-39322' action='modify'>
    <nd ref='-133003' />
    <nd ref='-133004' />
    <nd ref='-133005' />
    <nd ref='-133006' />
    <nd ref='-133003' />
    <tag k='building' v='residential' />
    <tag k='building:levels' v='1' />
  </way>
  <way id='-39323' action='modify'>
    <nd ref='-133007' />
    <nd ref='-133008' />
    <nd ref='-133009' />
    <nd ref='-133010' />
    <nd ref='-133007' />
    <tag k='building' v='residential' />
    <tag k='building:levels' v='1' />
  </way>
  <way id='-39324' action='modify'>
    <nd ref='-133011' />
    <nd ref='-133012' />
    <nd ref='-133013' />
    <nd ref='-133014' />
    <nd ref='-133011' />
    <tag k='building' v='residential' />
    <tag k='building:levels' v='1' />
  </way>
  <way id='-39325' action='modify'>
    <nd ref='-133015' />
    <nd ref='-133016' />
    <nd ref='-133017' />
    <nd ref='-133018' />
    <nd ref='-133015' />
    <tag k='building' v='residential' />
    <tag k='building:levels' v='1' />
  </way>
  <way id='-39326' action='modify'>
    <nd ref='-133019' />
    <nd ref='-133020' />
    <nd ref='-133021' />
    <nd ref='-133022' />
    <nd ref='-133023' />
    <nd ref='-133024' />
    <nd ref='-133019' />
    <tag k='building' v='residential' />
    <tag k='building:levels' v='1' />
  </way>
  <way id='-39327' action='modify'>
    <nd ref='-133025' />
    <nd ref='-133026' />
    <nd ref='-133027' />
    <nd ref='-133028' />
    <nd ref='-133025' />
    <tag k='building' v='residential' />
    <tag k='building:levels' v='1' />
  </way>
  <way id='-39328' action='modify'>
    <nd ref='-133029' />
    <nd ref='-133030' />
    <nd ref='-133031' />
    <nd ref='-133032' />
    <nd ref='-133029' />
    <tag k='building' v='residential' />
    <tag k='building:levels' v='1' />
  </way>
  <way id='-39329' action='modify'>
    <nd ref='-133033' />
    <nd ref='-133034' />
    <nd ref='-133035' />
    <nd ref='-133036' />
    <nd ref='-133037' />
    <nd ref='-133038' />
    <nd ref='-133039' />
    <nd ref='-133040' />
    <nd ref='-133033' />
    <tag k='building' v='residential' />
    <tag k='building:levels' v='1' />
  </way>
  <way id='-39330' action='modify'>
    <nd ref='-133041' />
    <nd ref='-133042' />
    <nd ref='-133043' />
    <nd ref='-133044' />
    <nd ref='-133041' />
    <tag k='building' v='residential' />
    <tag k='building:levels' v='1' />
  </way>
  <way id='-39331' action='modify'>
    <nd ref='-133045' />
    <nd ref='-133046' />
    <nd ref='-133047' />
    <nd ref='-133048' />
    <nd ref='-133045' />
    <tag k='building' v='residential' />
    <tag k='building:levels' v='1' />
  </way>
  <way id='-39332' action='modify'>
    <nd ref='-133049' />
    <nd ref='-133050' />
    <nd ref='-133051' />
    <nd ref='-133052' />
    <nd ref='-133049' />
    <tag k='building' v='residential' />
    <tag k='building:levels' v='1' />
  </way>
  <way id='-39333' action='modify'>
    <nd ref='-133053' />
    <nd ref='-133054' />
    <nd ref='-133055' />
    <nd ref='-133056' />
    <nd ref='-133053' />
    <tag k='building' v='residential' />
    <tag k='building:levels' v='1' />
  </way>
  <way id='-39334' action='modify'>
    <nd ref='-133057' />
    <nd ref='-133058' />
    <nd ref='-133059' />
    <nd ref='-133060' />
    <nd ref='-133061' />
    <nd ref='-133057' />
    <tag k='building' v='residential' />
    <tag k='building:levels' v='1' />
  </way>
  <way id='-39335' action='modify'>
    <nd ref='-133062' />
    <nd ref='-133063' />
    <nd ref='-133064' />
    <nd ref='-133065' />
    <nd ref='-133062' />
    <tag k='building' v='residential' />
    <tag k='building:levels' v='1' />
  </way>
  <way id='-39336' action='modify'>
    <nd ref='-133066' />
    <nd ref='-133067' />
    <nd ref='-133068' />
    <nd ref='-133069' />
    <nd ref='-133066' />
    <tag k='building' v='residential' />
    <tag k='building:levels' v='1' />
  </way>
  <way id='-39337' action='modify'>
    <nd ref='-133070' />
    <nd ref='-133071' />
    <nd ref='-133072' />
    <nd ref='-133073' />
    <nd ref='-133070' />
    <tag k='building' v='residential' />
    <tag k='building:levels' v='1' />
  </way>
  <way id='-39338' action='modify'>
    <nd ref='-133074' />
    <nd ref='-133075' />
    <nd ref='-133076' />
    <nd ref='-133077' />
    <nd ref='-133074' />
    <tag k='building' v='residential' />
    <tag k='building:levels' v='1' />
  </way>
  <way id='-39339' action='modify'>
    <nd ref='-133078' />
    <nd ref='-133079' />
    <nd ref='-133080' />
    <nd ref='-133081' />
    <nd ref='-133078' />
    <tag k='building' v='residential' />
    <tag k='building:levels' v='1' />
  </way>
  <way id='-39340' action='modify'>
    <nd ref='-133082' />
    <nd ref='-133083' />
    <nd ref='-133084' />
    <nd ref='-133085' />
    <nd ref='-133082' />
    <tag k='building' v='residential' />
    <tag k='building:levels' v='1' />
  </way>
  <way id='-39341' action='modify'>
    <nd ref='-133086' />
    <nd ref='-133087' />
    <nd ref='-133088' />
    <nd ref='-133089' />
    <nd ref='-133090' />
    <nd ref='-133086' />
    <tag k='building' v='residential' />
    <tag k='building:levels' v='1' />
  </way>
  <way id='-39342' action='modify'>
    <nd ref='-133091' />
    <nd ref='-133092' />
    <nd ref='-133093' />
    <nd ref='-133094' />
    <nd ref='-133091' />
    <tag k='building' v='residential' />
    <tag k='building:levels' v='1' />
  </way>
  <way id='-39343' action='modify'>
    <nd ref='-133095' />
    <nd ref='-133096' />
    <nd ref='-133097' />
    <nd ref='-133098' />
    <nd ref='-133095' />
    <tag k='building' v='residential' />
    <tag k='building:levels' v='1' />
  </way>
  <way id='-39344' action='modify'>
    <nd ref='-133099' />
    <nd ref='-133100' />
    <nd ref='-133101' />
    <nd ref='-133102' />
    <nd ref='-133099' />
    <tag k='building' v='residential' />
    <tag k='building:levels' v='1' />
  </way>
  <way id='-39345' action='modify'>
    <nd ref='-133103' />
    <nd ref='-133104' />
    <nd ref='-133105' />
    <nd ref='-133106' />
    <nd ref='-133107' />
    <nd ref='-133108' />
    <nd ref='-133103' />
    <tag k='building' v='residential' />
    <tag k='building:levels' v='1' />
  </way>
  <way id='-39346' action='modify'>
    <nd ref='-133109' />
    <nd ref='-133110' />
    <nd ref='-133111' />
    <nd ref='-133112' />
    <nd ref='-133109' />
    <tag k='building' v='residential' />
    <tag k='building:levels' v='1' />
  </way>
  <way id='-39347' action='modify'>
    <nd ref='-133113' />
    <nd ref='-133114' />
    <nd ref='-133115' />
    <nd ref='-133116' />
    <nd ref='-133117' />
    <nd ref='-133113' />
    <tag k='building' v='residential' />
    <tag k='building:levels' v='1' />
  </way>
  <way id='-39348' action='modify'>
    <nd ref='-133118' />
    <nd ref='-133119' />
    <nd ref='-133120' />
    <nd ref='-133121' />
    <nd ref='-133118' />
    <tag k='building' v='residential' />
    <tag k='building:levels' v='1' />
  </way>
  <way id='-39349' action='modify'>
    <nd ref='-133122' />
    <nd ref='-133123' />
    <nd ref='-133124' />
    <nd ref='-133125' />
    <nd ref='-133126' />
    <nd ref='-133122' />
    <tag k='building' v='residential' />
    <tag k='building:levels' v='1' />
  </way>
  <way id='-39350' action='modify'>
    <nd ref='-133127' />
    <nd ref='-133128' />
    <nd ref='-133129' />
    <nd ref='-133130' />
    <nd ref='-133127' />
    <tag k='building' v='residential' />
    <tag k='building:levels' v='1' />
  </way>
  <way id='-39351' action='modify'>
    <nd ref='-133131' />
    <nd ref='-133132' />
    <nd ref='-133133' />
    <nd ref='-133134' />
    <nd ref='-133131' />
    <tag k='building' v='residential' />
    <tag k='building:levels' v='1' />
  </way>
  <way id='-39352' action='modify'>
    <nd ref='-133135' />
    <nd ref='-133136' />
    <nd ref='-133137' />
    <nd ref='-133138' />
    <nd ref='-133135' />
    <tag k='building' v='residential' />
    <tag k='building:levels' v='1' />
  </way>
  <way id='-39353' action='modify'>
    <nd ref='-133139' />
    <nd ref='-133140' />
    <nd ref='-133141' />
    <nd ref='-133142' />
    <nd ref='-133143' />
    <nd ref='-133144' />
    <nd ref='-133145' />
    <nd ref='-133139' />
    <tag k='building' v='residential' />
    <tag k='building:levels' v='1' />
  </way>
  <way id='-39354' action='modify'>
    <nd ref='-133146' />
    <nd ref='-133147' />
    <nd ref='-133148' />
    <nd ref='-133149' />
    <nd ref='-133146' />
    <tag k='building' v='residential' />
    <tag k='building:levels' v='1' />
  </way>
  <way id='-39355' action='modify'>
    <nd ref='-133150' />
    <nd ref='-133151' />
    <nd ref='-133152' />
    <nd ref='-133153' />
    <nd ref='-133150' />
    <tag k='building' v='residential' />
    <tag k='building:levels' v='1' />
  </way>
  <way id='-39356' action='modify'>
    <nd ref='-133154' />
    <nd ref='-133155' />
    <nd ref='-133156' />
    <nd ref='-133157' />
    <nd ref='-133154' />
    <tag k='building' v='residential' />
    <tag k='building:levels' v='1' />
  </way>
  <way id='-39357' action='modify'>
    <nd ref='-133158' />
    <nd ref='-133159' />
    <nd ref='-133160' />
    <nd ref='-133161' />
    <nd ref='-133158' />
    <tag k='building' v='residential' />
    <tag k='building:levels' v='1' />
  </way>
  <way id='-39358' action='modify'>
    <nd ref='-133162' />
    <nd ref='-133163' />
    <nd ref='-133164' />
    <nd ref='-133165' />
    <nd ref='-133162' />
    <tag k='building' v='residential' />
    <tag k='building:levels' v='1' />
  </way>
  <way id='-39359' action='modify'>
    <nd ref='-133166' />
    <nd ref='-133167' />
    <nd ref='-133168' />
    <nd ref='-133169' />
    <nd ref='-133166' />
    <tag k='building' v='residential' />
    <tag k='building:levels' v='1' />
  </way>
  <way id='-39360' action='modify'>
    <nd ref='-133170' />
    <nd ref='-133171' />
    <nd ref='-133172' />
    <nd ref='-133173' />
    <nd ref='-133170' />
    <tag k='building' v='residential' />
    <tag k='building:levels' v='1' />
  </way>
  <way id='-39361' action='modify'>
    <nd ref='-133174' />
    <nd ref='-133175' />
    <nd ref='-133176' />
    <nd ref='-133177' />
    <nd ref='-133174' />
    <tag k='building' v='residential' />
    <tag k='building:levels' v='1' />
  </way>
  <way id='-39362' action='modify'>
    <nd ref='-133178' />
    <nd ref='-133179' />
    <nd ref='-133180' />
    <nd ref='-133181' />
    <nd ref='-133178' />
    <tag k='building' v='residential' />
    <tag k='building:levels' v='1' />
  </way>
  <way id='-39363' action='modify'>
    <nd ref='-133182' />
    <nd ref='-133183' />
    <nd ref='-133184' />
    <nd ref='-133185' />
    <nd ref='-133182' />
    <tag k='building' v='residential' />
    <tag k='building:levels' v='1' />
  </way>
  <way id='-39364' action='modify'>
    <nd ref='-133186' />
    <nd ref='-133187' />
    <nd ref='-133188' />
    <nd ref='-133189' />
    <nd ref='-133186' />
    <tag k='building' v='residential' />
    <tag k='building:levels' v='1' />
  </way>
  <way id='-39365' action='modify'>
    <nd ref='-133190' />
    <nd ref='-133191' />
    <nd ref='-133192' />
    <nd ref='-133193' />
    <nd ref='-133190' />
    <tag k='building' v='residential' />
    <tag k='building:levels' v='1' />
  </way>
  <way id='-39366' action='modify'>
    <nd ref='-133194' />
    <nd ref='-133195' />
    <nd ref='-133196' />
    <nd ref='-133197' />
    <nd ref='-133194' />
    <tag k='building' v='residential' />
    <tag k='building:levels' v='1' />
  </way>
  <way id='-39367' action='modify'>
    <nd ref='-133198' />
    <nd ref='-133199' />
    <nd ref='-133200' />
    <nd ref='-133201' />
    <nd ref='-133198' />
    <tag k='building' v='residential' />
    <tag k='building:levels' v='1' />
  </way>
  <way id='-39368' action='modify'>
    <nd ref='-133202' />
    <nd ref='-133203' />
    <nd ref='-133204' />
    <nd ref='-133205' />
    <nd ref='-133202' />
    <tag k='building' v='residential' />
    <tag k='building:levels' v='1' />
  </way>
  <way id='-39369' action='modify'>
    <nd ref='-133206' />
    <nd ref='-133207' />
    <nd ref='-133208' />
    <nd ref='-133209' />
    <nd ref='-133206' />
    <tag k='building' v='residential' />
    <tag k='building:levels' v='1' />
  </way>
  <way id='-39370' action='modify'>
    <nd ref='-133210' />
    <nd ref='-133211' />
    <nd ref='-133212' />
    <nd ref='-133213' />
    <nd ref='-133210' />
    <tag k='building' v='residential' />
    <tag k='building:levels' v='1' />
  </way>
  <way id='-39371' action='modify'>
    <nd ref='-133214' />
    <nd ref='-133215' />
    <nd ref='-133216' />
    <nd ref='-133217' />
    <nd ref='-133214' />
    <tag k='building' v='residential' />
    <tag k='building:levels' v='1' />
  </way>
  <way id='-39372' action='modify'>
    <nd ref='-133218' />
    <nd ref='-133219' />
    <nd ref='-133220' />
    <nd ref='-133221' />
    <nd ref='-133218' />
    <tag k='building' v='residential' />
    <tag k='building:levels' v='1' />
  </way>
  <way id='-39373' action='modify'>
    <nd ref='-133222' />
    <nd ref='-133223' />
    <nd ref='-133224' />
    <nd ref='-133225' />
    <nd ref='-133222' />
    <tag k='building' v='residential' />
    <tag k='building:levels' v='1' />
  </way>
  <way id='-39374' action='modify'>
    <nd ref='-133226' />
    <nd ref='-133227' />
    <nd ref='-133228' />
    <nd ref='-133229' />
    <nd ref='-133230' />
    <nd ref='-133231' />
    <nd ref='-133232' />
    <nd ref='-133226' />
    <tag k='building' v='residential' />
    <tag k='building:levels' v='1' />
  </way>
  <way id='-39375' action='modify'>
    <nd ref='-133233' />
    <nd ref='-133234' />
    <nd ref='-133235' />
    <nd ref='-133236' />
    <nd ref='-133237' />
    <nd ref='-133238' />
    <nd ref='-133239' />
    <nd ref='-133240' />
    <nd ref='-133233' />
    <tag k='building' v='residential' />
    <tag k='building:levels' v='1' />
  </way>
  <way id='-39376' action='modify'>
    <nd ref='-133241' />
    <nd ref='-133242' />
    <nd ref='-133243' />
    <nd ref='-133244' />
    <nd ref='-133241' />
    <tag k='building' v='residential' />
    <tag k='building:levels' v='1' />
  </way>
  <way id='-39377' action='modify'>
    <nd ref='-133245' />
    <nd ref='-133246' />
    <nd ref='-133247' />
    <nd ref='-133248' />
    <nd ref='-133245' />
    <tag k='building' v='residential' />
    <tag k='building:levels' v='1' />
  </way>
  <way id='-39378' action='modify'>
    <nd ref='-133249' />
    <nd ref='-133250' />
    <nd ref='-133251' />
    <nd ref='-133252' />
    <nd ref='-133249' />
    <tag k='building' v='residential' />
    <tag k='building:levels' v='1' />
  </way>
  <way id='-39379' action='modify'>
    <nd ref='-133253' />
    <nd ref='-133254' />
    <nd ref='-133255' />
    <nd ref='-133256' />
    <nd ref='-133253' />
    <tag k='building' v='residential' />
    <tag k='building:levels' v='1' />
  </way>
  <way id='-39380' action='modify'>
    <nd ref='-133257' />
    <nd ref='-133258' />
    <nd ref='-133259' />
    <nd ref='-133260' />
    <nd ref='-133257' />
    <tag k='building' v='residential' />
    <tag k='building:levels' v='1' />
  </way>
  <way id='-39381' action='modify'>
    <nd ref='-133261' />
    <nd ref='-133262' />
    <nd ref='-133263' />
    <nd ref='-133264' />
    <nd ref='-133261' />
    <tag k='building' v='residential' />
    <tag k='building:levels' v='1' />
  </way>
  <way id='-39382' action='modify'>
    <nd ref='-133265' />
    <nd ref='-133266' />
    <nd ref='-133267' />
    <nd ref='-133268' />
    <nd ref='-133269' />
    <nd ref='-133265' />
    <tag k='building' v='residential' />
    <tag k='building:levels' v='1' />
  </way>
  <way id='-39383' action='modify'>
    <nd ref='-133270' />
    <nd ref='-133271' />
    <nd ref='-133272' />
    <nd ref='-133273' />
    <nd ref='-133270' />
    <tag k='building' v='residential' />
    <tag k='building:levels' v='1' />
  </way>
  <way id='-39384' action='modify'>
    <nd ref='-133274' />
    <nd ref='-133275' />
    <nd ref='-133276' />
    <nd ref='-133277' />
    <nd ref='-133274' />
    <tag k='building' v='residential' />
    <tag k='building:levels' v='1' />
  </way>
  <way id='-39385' action='modify'>
    <nd ref='-133278' />
    <nd ref='-133279' />
    <nd ref='-133280' />
    <nd ref='-133281' />
    <nd ref='-133278' />
    <tag k='building' v='residential' />
    <tag k='building:levels' v='1' />
  </way>
  <way id='-39386' action='modify'>
    <nd ref='-133282' />
    <nd ref='-133283' />
    <nd ref='-133284' />
    <nd ref='-133285' />
    <nd ref='-133282' />
    <tag k='building' v='residential' />
    <tag k='building:levels' v='1' />
  </way>
  <way id='-39387' action='modify'>
    <nd ref='-133286' />
    <nd ref='-133287' />
    <nd ref='-133288' />
    <nd ref='-133289' />
    <nd ref='-133286' />
    <tag k='building' v='residential' />
    <tag k='building:levels' v='1' />
  </way>
  <way id='-39388' action='modify'>
    <nd ref='-133290' />
    <nd ref='-133291' />
    <nd ref='-133292' />
    <nd ref='-133293' />
    <nd ref='-133290' />
    <tag k='building' v='residential' />
    <tag k='building:levels' v='1' />
  </way>
  <way id='-39389' action='modify'>
    <nd ref='-133294' />
    <nd ref='-133295' />
    <nd ref='-133296' />
    <nd ref='-133297' />
    <nd ref='-133298' />
    <nd ref='-133299' />
    <nd ref='-133300' />
    <nd ref='-133301' />
    <nd ref='-133294' />
    <tag k='building' v='residential' />
    <tag k='building:levels' v='1' />
  </way>
  <way id='-39390' action='modify'>
    <nd ref='-133302' />
    <nd ref='-133303' />
    <nd ref='-133304' />
    <nd ref='-133305' />
    <nd ref='-133302' />
    <tag k='building' v='residential' />
    <tag k='building:levels' v='1' />
  </way>
  <way id='-39391' action='modify'>
    <nd ref='-133306' />
    <nd ref='-133307' />
    <nd ref='-133308' />
    <nd ref='-133309' />
    <nd ref='-133310' />
    <nd ref='-133306' />
    <tag k='building' v='residential' />
    <tag k='building:levels' v='1' />
  </way>
  <way id='-39392' action='modify'>
    <nd ref='-133311' />
    <nd ref='-133312' />
    <nd ref='-133313' />
    <nd ref='-133314' />
    <nd ref='-133315' />
    <nd ref='-133311' />
    <tag k='building' v='residential' />
    <tag k='building:levels' v='1' />
  </way>
  <way id='-39393' action='modify'>
    <nd ref='-133316' />
    <nd ref='-133317' />
    <nd ref='-133318' />
    <nd ref='-133319' />
    <nd ref='-133316' />
    <tag k='building' v='residential' />
    <tag k='building:levels' v='1' />
  </way>
  <way id='-39394' action='modify'>
    <nd ref='-133320' />
    <nd ref='-133321' />
    <nd ref='-133322' />
    <nd ref='-133323' />
    <nd ref='-133324' />
    <nd ref='-133325' />
    <nd ref='-133320' />
    <tag k='building' v='residential' />
    <tag k='building:levels' v='1' />
  </way>
  <way id='-39395' action='modify'>
    <nd ref='-133326' />
    <nd ref='-133327' />
    <nd ref='-133328' />
    <nd ref='-133329' />
    <nd ref='-133326' />
    <tag k='building' v='residential' />
    <tag k='building:levels' v='1' />
  </way>
  <way id='-39396' action='modify'>
    <nd ref='-133330' />
    <nd ref='-133331' />
    <nd ref='-133332' />
    <nd ref='-133333' />
    <nd ref='-133330' />
    <tag k='building' v='residential' />
    <tag k='building:levels' v='1' />
  </way>
  <way id='-39397' action='modify'>
    <nd ref='-133334' />
    <nd ref='-133335' />
    <nd ref='-133336' />
    <nd ref='-133337' />
    <nd ref='-133334' />
    <tag k='building' v='residential' />
    <tag k='building:levels' v='1' />
  </way>
  <way id='-39398' action='modify'>
    <nd ref='-133338' />
    <nd ref='-133339' />
    <nd ref='-133340' />
    <nd ref='-133341' />
    <nd ref='-133338' />
    <tag k='building' v='residential' />
    <tag k='building:levels' v='1' />
  </way>
  <way id='-39399' action='modify'>
    <nd ref='-133342' />
    <nd ref='-133343' />
    <nd ref='-133344' />
    <nd ref='-133345' />
    <nd ref='-133342' />
    <tag k='building' v='residential' />
    <tag k='building:levels' v='1' />
  </way>
  <way id='-39400' action='modify'>
    <nd ref='-133346' />
    <nd ref='-133347' />
    <nd ref='-133348' />
    <nd ref='-133349' />
    <nd ref='-133346' />
    <tag k='building' v='residential' />
    <tag k='building:levels' v='1' />
  </way>
  <way id='-39401' action='modify'>
    <nd ref='-133350' />
    <nd ref='-133351' />
    <nd ref='-133352' />
    <nd ref='-133353' />
    <nd ref='-133350' />
    <tag k='building' v='residential' />
    <tag k='building:levels' v='1' />
  </way>
  <way id='-39402' action='modify'>
    <nd ref='-133354' />
    <nd ref='-133355' />
    <nd ref='-133356' />
    <nd ref='-133357' />
    <nd ref='-133354' />
    <tag k='building' v='residential' />
    <tag k='building:levels' v='1' />
  </way>
  <way id='-39403' action='modify'>
    <nd ref='-133358' />
    <nd ref='-133359' />
    <nd ref='-133360' />
    <nd ref='-133361' />
    <nd ref='-133358' />
    <tag k='building' v='residential' />
    <tag k='building:levels' v='1' />
  </way>
  <way id='-39404' action='modify'>
    <nd ref='-133362' />
    <nd ref='-133363' />
    <nd ref='-133364' />
    <nd ref='-133365' />
    <nd ref='-133362' />
    <tag k='building' v='residential' />
    <tag k='building:levels' v='1' />
  </way>
  <way id='-39405' action='modify'>
    <nd ref='-133366' />
    <nd ref='-133367' />
    <nd ref='-133368' />
    <nd ref='-133369' />
    <nd ref='-133366' />
    <tag k='building' v='residential' />
    <tag k='building:levels' v='1' />
  </way>
  <way id='-39406' action='modify'>
    <nd ref='-133370' />
    <nd ref='-133371' />
    <nd ref='-133372' />
    <nd ref='-133373' />
    <nd ref='-133370' />
    <tag k='building' v='residential' />
    <tag k='building:levels' v='1' />
  </way>
  <way id='-39407' action='modify'>
    <nd ref='-133374' />
    <nd ref='-133375' />
    <nd ref='-133376' />
    <nd ref='-133377' />
    <nd ref='-133374' />
    <tag k='building' v='residential' />
    <tag k='building:levels' v='1' />
  </way>
  <way id='-39408' action='modify'>
    <nd ref='-133378' />
    <nd ref='-133379' />
    <nd ref='-133380' />
    <nd ref='-133381' />
    <nd ref='-133378' />
    <tag k='building' v='residential' />
    <tag k='building:levels' v='1' />
  </way>
  <way id='-39409' action='modify'>
    <nd ref='-133382' />
    <nd ref='-133383' />
    <nd ref='-133384' />
    <nd ref='-133385' />
    <nd ref='-133382' />
    <tag k='building' v='residential' />
    <tag k='building:levels' v='1' />
  </way>
  <way id='-39410' action='modify'>
    <nd ref='-133386' />
    <nd ref='-133387' />
    <nd ref='-133388' />
    <nd ref='-133389' />
    <nd ref='-133386' />
    <tag k='building' v='residential' />
    <tag k='building:levels' v='1' />
  </way>
  <way id='-39411' action='modify'>
    <nd ref='-133390' />
    <nd ref='-133391' />
    <nd ref='-133392' />
    <nd ref='-133393' />
    <nd ref='-133390' />
    <tag k='building' v='residential' />
    <tag k='building:levels' v='1' />
  </way>
  <way id='-39412' action='modify'>
    <nd ref='-133394' />
    <nd ref='-133395' />
    <nd ref='-133396' />
    <nd ref='-133397' />
    <nd ref='-133394' />
    <tag k='building' v='residential' />
    <tag k='building:levels' v='1' />
  </way>
  <way id='-39413' action='modify'>
    <nd ref='-133398' />
    <nd ref='-133399' />
    <nd ref='-133400' />
    <nd ref='-133401' />
    <nd ref='-133398' />
    <tag k='building' v='residential' />
    <tag k='building:levels' v='1' />
  </way>
  <way id='-39414' action='modify'>
    <nd ref='-133402' />
    <nd ref='-133403' />
    <nd ref='-133404' />
    <nd ref='-133405' />
    <nd ref='-133402' />
    <tag k='building' v='residential' />
    <tag k='building:levels' v='1' />
  </way>
  <way id='-39415' action='modify'>
    <nd ref='-133406' />
    <nd ref='-133407' />
    <nd ref='-133408' />
    <nd ref='-133409' />
    <nd ref='-133406' />
    <tag k='building' v='residential' />
    <tag k='building:levels' v='1' />
  </way>
  <way id='-39416' action='modify'>
    <nd ref='-133410' />
    <nd ref='-133411' />
    <nd ref='-133412' />
    <nd ref='-133413' />
    <nd ref='-133410' />
    <tag k='building' v='residential' />
    <tag k='building:levels' v='1' />
  </way>
  <way id='-39417' action='modify'>
    <nd ref='-133414' />
    <nd ref='-133415' />
    <nd ref='-133416' />
    <nd ref='-133417' />
    <nd ref='-133414' />
    <tag k='building' v='residential' />
    <tag k='building:levels' v='1' />
  </way>
  <way id='-39418' action='modify'>
    <nd ref='-133418' />
    <nd ref='-133419' />
    <nd ref='-133420' />
    <nd ref='-133421' />
    <nd ref='-133422' />
    <nd ref='-133418' />
    <tag k='building' v='residential' />
    <tag k='building:levels' v='1' />
  </way>
  <way id='-39419' action='modify'>
    <nd ref='-133423' />
    <nd ref='-133424' />
    <nd ref='-133425' />
    <nd ref='-133426' />
    <nd ref='-133423' />
    <tag k='building' v='residential' />
    <tag k='building:levels' v='1' />
  </way>
  <way id='-39420' action='modify'>
    <nd ref='-133427' />
    <nd ref='-133428' />
    <nd ref='-133429' />
    <nd ref='-133430' />
    <nd ref='-133427' />
    <tag k='building' v='residential' />
    <tag k='building:levels' v='1' />
  </way>
  <way id='-39421' action='modify'>
    <nd ref='-133431' />
    <nd ref='-133432' />
    <nd ref='-133433' />
    <nd ref='-133434' />
    <nd ref='-133431' />
    <tag k='building' v='residential' />
    <tag k='building:levels' v='1' />
  </way>
  <way id='-39422' action='modify'>
    <nd ref='-133435' />
    <nd ref='-133436' />
    <nd ref='-133437' />
    <nd ref='-133438' />
    <nd ref='-133435' />
    <tag k='building' v='residential' />
    <tag k='building:levels' v='1' />
  </way>
  <way id='-39423' action='modify'>
    <nd ref='-133439' />
    <nd ref='-133440' />
    <nd ref='-133441' />
    <nd ref='-133442' />
    <nd ref='-133439' />
    <tag k='building' v='residential' />
    <tag k='building:levels' v='1' />
  </way>
  <way id='-39424' action='modify'>
    <nd ref='-133443' />
    <nd ref='-133444' />
    <nd ref='-133445' />
    <nd ref='-133446' />
    <nd ref='-133443' />
    <tag k='building' v='residential' />
    <tag k='building:levels' v='1' />
  </way>
  <way id='-39425' action='modify'>
    <nd ref='-133447' />
    <nd ref='-133448' />
    <nd ref='-133449' />
    <nd ref='-133450' />
    <nd ref='-133447' />
    <tag k='building' v='residential' />
    <tag k='building:levels' v='1' />
  </way>
  <way id='-39426' action='modify'>
    <nd ref='-133451' />
    <nd ref='-133452' />
    <nd ref='-133453' />
    <nd ref='-133454' />
    <nd ref='-133451' />
    <tag k='building' v='residential' />
    <tag k='building:levels' v='1' />
  </way>
  <way id='-39427' action='modify'>
    <nd ref='-133455' />
    <nd ref='-133456' />
    <nd ref='-133457' />
    <nd ref='-133458' />
    <nd ref='-133455' />
    <tag k='building' v='residential' />
    <tag k='building:levels' v='1' />
  </way>
  <way id='-39428' action='modify'>
    <nd ref='-133459' />
    <nd ref='-133460' />
    <nd ref='-133461' />
    <nd ref='-133462' />
    <nd ref='-133459' />
    <tag k='building' v='residential' />
    <tag k='building:levels' v='1' />
  </way>
  <way id='-39429' action='modify'>
    <nd ref='-133463' />
    <nd ref='-133464' />
    <nd ref='-133465' />
    <nd ref='-133466' />
    <nd ref='-133463' />
    <tag k='building' v='residential' />
    <tag k='building:levels' v='1' />
  </way>
  <way id='-39430' action='modify'>
    <nd ref='-133467' />
    <nd ref='-133468' />
    <nd ref='-133469' />
    <nd ref='-133470' />
    <nd ref='-133467' />
    <tag k='building' v='residential' />
    <tag k='building:levels' v='1' />
  </way>
  <way id='-39431' action='modify'>
    <nd ref='-133471' />
    <nd ref='-133472' />
    <nd ref='-133473' />
    <nd ref='-133474' />
    <nd ref='-133471' />
    <tag k='building' v='residential' />
    <tag k='building:levels' v='1' />
  </way>
  <way id='-39432' action='modify'>
    <nd ref='-133475' />
    <nd ref='-133476' />
    <nd ref='-133477' />
    <nd ref='-133478' />
    <nd ref='-133475' />
    <tag k='building' v='residential' />
    <tag k='building:levels' v='1' />
  </way>
  <way id='-39433' action='modify'>
    <nd ref='-133479' />
    <nd ref='-133480' />
    <nd ref='-133481' />
    <nd ref='-133482' />
    <nd ref='-133479' />
    <tag k='building' v='residential' />
    <tag k='building:levels' v='1' />
  </way>
  <way id='-39434' action='modify'>
    <nd ref='-133483' />
    <nd ref='-133484' />
    <nd ref='-133485' />
    <nd ref='-133486' />
    <nd ref='-133483' />
    <tag k='building' v='residential' />
    <tag k='building:levels' v='1' />
  </way>
  <way id='-39435' action='modify'>
    <nd ref='-133487' />
    <nd ref='-133488' />
    <nd ref='-133489' />
    <nd ref='-133490' />
    <nd ref='-133487' />
    <tag k='building' v='residential' />
    <tag k='building:levels' v='1' />
  </way>
  <way id='-39436' action='modify'>
    <nd ref='-133491' />
    <nd ref='-133492' />
    <nd ref='-133493' />
    <nd ref='-133494' />
    <nd ref='-133491' />
    <tag k='building' v='residential' />
    <tag k='building:levels' v='1' />
  </way>
  <way id='-39437' action='modify'>
    <nd ref='-133495' />
    <nd ref='-133496' />
    <nd ref='-133497' />
    <nd ref='-133498' />
    <nd ref='-133495' />
    <tag k='building' v='residential' />
    <tag k='building:levels' v='1' />
  </way>
  <way id='-39438' action='modify'>
    <nd ref='-133499' />
    <nd ref='-133500' />
    <nd ref='-133501' />
    <nd ref='-133502' />
    <nd ref='-133499' />
    <tag k='building' v='residential' />
    <tag k='building:levels' v='1' />
  </way>
  <way id='-39439' action='modify'>
    <nd ref='-133503' />
    <nd ref='-133504' />
    <nd ref='-133505' />
    <nd ref='-133506' />
    <nd ref='-133507' />
    <nd ref='-133508' />
    <nd ref='-133503' />
    <tag k='building' v='residential' />
    <tag k='building:levels' v='1' />
  </way>
  <way id='-39440' action='modify'>
    <nd ref='-133509' />
    <nd ref='-133510' />
    <nd ref='-133511' />
    <nd ref='-133512' />
    <nd ref='-133509' />
    <tag k='building' v='residential' />
    <tag k='building:levels' v='1' />
  </way>
  <way id='-39441' action='modify'>
    <nd ref='-133513' />
    <nd ref='-133514' />
    <nd ref='-133515' />
    <nd ref='-133516' />
    <nd ref='-133517' />
    <nd ref='-133518' />
    <nd ref='-133519' />
    <nd ref='-133520' />
    <nd ref='-133513' />
    <tag k='building' v='residential' />
    <tag k='building:levels' v='1' />
  </way>
  <way id='-39442' action='modify'>
    <nd ref='-133521' />
    <nd ref='-133522' />
    <nd ref='-133523' />
    <nd ref='-133524' />
    <nd ref='-133521' />
    <tag k='building' v='residential' />
    <tag k='building:levels' v='1' />
  </way>
  <way id='-39443' action='modify'>
    <nd ref='-133525' />
    <nd ref='-133526' />
    <nd ref='-133527' />
    <nd ref='-133528' />
    <nd ref='-133525' />
    <tag k='building' v='residential' />
    <tag k='building:levels' v='1' />
  </way>
  <way id='-39444' action='modify'>
    <nd ref='-133529' />
    <nd ref='-133530' />
    <nd ref='-133531' />
    <nd ref='-133532' />
    <nd ref='-133529' />
    <tag k='building' v='residential' />
    <tag k='building:levels' v='1' />
  </way>
  <way id='-39445' action='modify'>
    <nd ref='-133533' />
    <nd ref='-133534' />
    <nd ref='-133535' />
    <nd ref='-133536' />
    <nd ref='-133533' />
    <tag k='building' v='mixed_use' />
    <tag k='building:levels' v='4' />
  </way>
  <way id='-39446' action='modify'>
    <nd ref='-133537' />
    <nd ref='-133538' />
    <nd ref='-133539' />
    <nd ref='-133540' />
    <nd ref='-133537' />
    <tag k='amenity' v='hospital' />
    <tag k='building' v='hospital' />
    <tag k='building:levels' v='3' />
  </way>
  <way id='-39447' action='modify'>
    <nd ref='-133541' />
    <nd ref='-133542' />
    <nd ref='-133543' />
    <nd ref='-133544' />
    <nd ref='-133545' />
    <nd ref='-133546' />
    <nd ref='-133541' />
    <tag k='amenity' v='fuel' />
    <tag k='building' v='retail' />
    <tag k='building:levels' v='2' />
  </way>
  <way id='-39448' action='modify'>
    <nd ref='-133547' />
    <nd ref='-133548' />
    <nd ref='-133549' />
    <nd ref='-133550' />
    <nd ref='-133547' />
    <tag k='amenity' v='clinic' />
    <tag k='building' v='clinic' />
    <tag k='building:levels' v='4' />
  </way>
  <way id='-39449' action='modify'>
    <nd ref='-133551' />
    <nd ref='-133552' />
    <nd ref='-133553' />
    <nd ref='-133554' />
    <nd ref='-133555' />
    <nd ref='-133556' />
    <nd ref='-133557' />
    <nd ref='-133558' />
    <nd ref='-133559' />
    <nd ref='-133560' />
    <nd ref='-133561' />
    <nd ref='-133562' />
    <nd ref='-133563' />
    <nd ref='-133564' />
    <nd ref='-133565' />
    <nd ref='-133566' />
    <nd ref='-133567' />
    <nd ref='-133568' />
    <nd ref='-133569' />
    <nd ref='-133570' />
    <nd ref='-133571' />
    <nd ref='-133572' />
    <nd ref='-133551' />
    <tag k='amenity' v='police' />
    <tag k='building' v='civic' />
    <tag k='building:levels' v='4' />
  </way>
  <way id='-39450'>
    <nd ref='-133573' />
    <nd ref='-133574' />
    <nd ref='-133575' />
    <nd ref='-133576' />
    <nd ref='-133573' />
    <tag k='amenity' v='school' />
    <tag k='building' v='school' />
  </way>
  <way id='-39451' action='modify'>
    <nd ref='-133577' />
    <nd ref='-133578' />
    <nd ref='-133579' />
    <nd ref='-133581' />
    <nd ref='-133577' />
    <tag k='building' v='mixed_use' />
    <tag k='building:levels' v='4' />
    <tag k='office' v='company' />
    <tag k='shop' v='yes' />
  </way>
  <way id='-39452'>
    <nd ref='-133582' />
    <nd ref='-133583' />
    <nd ref='-133584' />
    <nd ref='-133585' />
    <nd ref='-133586' />
    <nd ref='-133587' />
    <nd ref='-133588' />
    <nd ref='-133589' />
    <nd ref='-133590' />
    <nd ref='-133591' />
    <nd ref='-133592' />
    <nd ref='-133593' />
    <nd ref='-133594' />
    <nd ref='-133595' />
    <nd ref='-133596' />
    <nd ref='-133597' />
    <nd ref='-133598' />
    <nd ref='-133599' />
    <nd ref='-133600' />
    <nd ref='-133601' />
    <nd ref='-133602' />
    <nd ref='-133603' />
    <nd ref='-133604' />
    <nd ref='-133605' />
    <nd ref='-133606' />
    <nd ref='-133607' />
    <nd ref='-133608' />
    <nd ref='-133609' />
    <nd ref='-133610' />
    <nd ref='-133611' />
    <nd ref='-133612' />
    <nd ref='-133613' />
    <nd ref='-133614' />
    <nd ref='-133615' />
    <nd ref='-133616' />
    <nd ref='-133617' />
    <nd ref='-133618' />
    <nd ref='-133619' />
    <nd ref='-133582' />
  </way>
  <way id='-39453'>
    <nd ref='-133620' />
    <nd ref='-133621' />
    <nd ref='-133622' />
    <nd ref='-133623' />
    <nd ref='-133624' />
    <nd ref='-133620' />
  </way>
  <way id='-39454'>
    <nd ref='-133625' />
    <nd ref='-133626' />
    <nd ref='-133627' />
    <nd ref='-133628' />
    <nd ref='-133629' />
    <nd ref='-133630' />
    <nd ref='-133631' />
    <nd ref='-133632' />
    <nd ref='-133633' />
    <nd ref='-133634' />
    <nd ref='-133635' />
    <nd ref='-133636' />
    <nd ref='-133637' />
    <nd ref='-133638' />
    <nd ref='-133625' />
  </way>
  <way id='-39455'>
    <nd ref='-133639' />
    <nd ref='-133640' />
    <nd ref='-133641' />
    <nd ref='-133642' />
    <nd ref='-133643' />
    <nd ref='-133639' />
  </way>
  <way id='-39456' action='modify'>
    <nd ref='-133644' />
    <nd ref='-133645' />
    <nd ref='-133646' />
    <nd ref='-133647' />
    <nd ref='-133644' />
    <tag k='amenity' v='school' />
    <tag k='building' v='school' />
    <tag k='building:levels' v='2' />
  </way>
  <way id='-39457' action='modify'>
    <nd ref='-133648' />
    <nd ref='-133649' />
    <nd ref='-133650' />
    <nd ref='-133651' />
    <nd ref='-133648' />
    <tag k='building' v='mixed_use' />
    <tag k='building:levels' v='4' />
    <tag k='office' v='company' />
    <tag k='shop' v='yes' />
  </way>
  <way id='-39458' action='modify'>
    <nd ref='-133652' />
    <nd ref='-133653' />
    <nd ref='-133654' />
    <nd ref='-133655' />
    <nd ref='-133652' />
    <tag k='amenity' v='school' />
    <tag k='building' v='school' />
    <tag k='building:levels' v='2' />
  </way>
  <way id='-39459' action='modify'>
    <nd ref='-133656' />
    <nd ref='-133657' />
    <nd ref='-133658' />
    <nd ref='-133659' />
    <nd ref='-133656' />
    <tag k='building' v='hotel' />
    <tag k='building:levels' v='8' />
    <tag k='tourism' v='hotel' />
  </way>
  <way id='-39460' action='modify'>
    <nd ref='-133660' />
    <nd ref='-133661' />
    <nd ref='-133662' />
    <nd ref='-133663' />
    <nd ref='-133660' />
    <tag k='building' v='mixed_use' />
    <tag k='levels' v='4' />
  </way>
  <way id='-39461'>
    <nd ref='-133664' />
    <nd ref='-133665' />
    <nd ref='-133666' />
    <nd ref='-133667' />
    <nd ref='-133668' />
    <nd ref='-133669' />
    <nd ref='-133670' />
    <nd ref='-133671' />
    <nd ref='-133672' />
    <nd ref='-133673' />
    <nd ref='-133674' />
    <nd ref='-133664' />
    <tag k='amenity' v='bus_station' />
    <tag k='building' v='transportation' />
    <tag k='office' v='company' />
    <tag k='shop' v='yes' />
    <tag k='taxi' v='yes' />
  </way>
  <way id='-39462' action='modify'>
    <nd ref='-133675' />
    <nd ref='-133676' />
    <nd ref='-133677' />
    <nd ref='-133678' />
    <nd ref='-133675' />
    <tag k='building' v='mixed_use' />
    <tag k='building:levels' v='4' />
  </way>
  <way id='-39463' action='modify'>
    <nd ref='-133679' />
    <nd ref='-133680' />
    <nd ref='-133681' />
    <nd ref='-133682' />
    <nd ref='-133679' />
    <tag k='amenity' v='government' />
    <tag k='building' v='civic' />
    <tag k='building:levels' v='4' />
  </way>
  <way id='-39464'>
    <nd ref='-133683' />
    <nd ref='-133684' />
    <nd ref='-133685' />
    <nd ref='-133686' />
    <nd ref='-133683' />
    <tag k='building' v='mixed_use' />
    <tag k='office' v='company' />
    <tag k='shop' v='yes' />
  </way>
  <way id='-39465' action='modify'>
    <nd ref='-133687' />
    <nd ref='-133688' />
    <nd ref='-133689' />
    <nd ref='-133690' />
    <nd ref='-133687' />
    <tag k='building' v='mixed_use' />
    <tag k='building:levels' v='4' />
    <tag k='office' v='company' />
    <tag k='shop' v='yes' />
  </way>
  <way id='-39466'>
    <nd ref='-133691' />
    <nd ref='-133692' />
    <nd ref='-133693' />
    <nd ref='-133694' />
    <nd ref='-133691' />
    <tag k='amenity' v='clinic' />
    <tag k='building' v='clinic' />
  </way>
  <way id='-39467' action='modify'>
    <nd ref='-133695' />
    <nd ref='-133696' />
    <nd ref='-133697' />
    <nd ref='-133698' />
    <nd ref='-133695' />
    <tag k='building' v='mixed_use' />
    <tag k='building:levels' v='4' />
  </way>
  <way id='-39468' action='modify'>
    <nd ref='-133699' />
    <nd ref='-133700' />
    <nd ref='-133701' />
    <nd ref='-133702' />
    <nd ref='-133699' />
    <tag k='building' v='mixed_use' />
    <tag k='building:levels' v='4' />
  </way>
  <way id='-39469' action='modify'>
    <nd ref='-133703' />
    <nd ref='-133704' />
    <nd ref='-133705' />
    <nd ref='-133706' />
    <nd ref='-133707' />
    <nd ref='-133703' />
    <tag k='amenity' v='school' />
    <tag k='building' v='school' />
    <tag k='building:levels' v='2' />
  </way>
  <way id='-39470'>
    <nd ref='-133708' />
    <nd ref='-133709' />
    <nd ref='-133710' />
    <nd ref='-133711' />
    <nd ref='-133708' />
  </way>
  <way id='-39471'>
    <nd ref='-133712' />
    <nd ref='-133713' />
    <nd ref='-133714' />
    <nd ref='-133715' />
    <nd ref='-133712' />
  </way>
  <way id='-39472' action='modify'>
    <nd ref='-133716' />
    <nd ref='-133717' />
    <nd ref='-133718' />
    <nd ref='-133719' />
    <nd ref='-133716' />
    <tag k='building' v='mixed_use' />
    <tag k='building:levels' v='4' />
  </way>
  <way id='-39473'>
    <nd ref='-133720' />
    <nd ref='-133721' />
    <nd ref='-133722' />
    <nd ref='-133723' />
    <nd ref='-133720' />
    <tag k='amenity' v='school' />
    <tag k='building' v='school' />
  </way>
  <way id='-39474' action='modify'>
    <nd ref='-133724' />
    <nd ref='-133725' />
    <nd ref='-133726' />
    <nd ref='-133727' />
    <nd ref='-133724' />
    <tag k='building' v='office' />
    <tag k='building:levels' v='5' />
    <tag k='office' v='company' />
  </way>
  <way id='-39475' action='modify'>
    <nd ref='-133728' />
    <nd ref='-133729' />
    <nd ref='-133730' />
    <nd ref='-133731' />
    <nd ref='-133728' />
    <tag k='building' v='office' />
    <tag k='building:levels' v='5' />
    <tag k='office' v='company' />
  </way>
  <way id='-39476' action='modify'>
    <nd ref='-133732' />
    <nd ref='-133733' />
    <nd ref='-133734' />
    <nd ref='-133735' />
    <nd ref='-133732' />
    <tag k='building' v='office' />
    <tag k='building:levels' v='5' />
    <tag k='office' v='company' />
  </way>
  <way id='-39477' action='modify'>
    <nd ref='-133736' />
    <nd ref='-133737' />
    <nd ref='-133738' />
    <nd ref='-133739' />
    <nd ref='-133736' />
    <tag k='building' v='office' />
    <tag k='building:levels' v='5' />
    <tag k='office' v='company' />
  </way>
  <way id='-39478' action='modify'>
    <nd ref='-133740' />
    <nd ref='-133741' />
    <nd ref='-133742' />
    <nd ref='-133743' />
    <nd ref='-133740' />
    <tag k='building' v='office' />
    <tag k='building:levels' v='5' />
    <tag k='office' v='company' />
  </way>
  <way id='-39479' action='modify'>
    <nd ref='-133744' />
    <nd ref='-133745' />
    <nd ref='-133746' />
    <nd ref='-133747' />
    <nd ref='-133744' />
    <tag k='building' v='office' />
    <tag k='building:levels' v='5' />
    <tag k='office' v='company' />
  </way>
  <way id='-39480' action='modify'>
    <nd ref='-133748' />
    <nd ref='-133749' />
    <nd ref='-133750' />
    <nd ref='-133751' />
    <nd ref='-133748' />
    <tag k='building' v='office' />
    <tag k='building:levels' v='5' />
    <tag k='office' v='company' />
  </way>
  <way id='-39481' action='modify'>
    <nd ref='-133752' />
    <nd ref='-133753' />
    <nd ref='-133754' />
    <nd ref='-133755' />
    <nd ref='-133756' />
    <nd ref='-133757' />
    <nd ref='-133758' />
    <nd ref='-133759' />
    <nd ref='-133760' />
    <nd ref='-133761' />
    <nd ref='-133762' />
    <nd ref='-133763' />
    <nd ref='-133764' />
    <nd ref='-133765' />
    <nd ref='-133766' />
    <nd ref='-133767' />
    <nd ref='-133768' />
    <nd ref='-133769' />
    <nd ref='-133770' />
    <nd ref='-133771' />
    <nd ref='-133772' />
    <nd ref='-133773' />
    <nd ref='-133774' />
    <nd ref='-133775' />
    <nd ref='-133776' />
    <nd ref='-133777' />
    <nd ref='-133778' />
    <nd ref='-133752' />
    <tag k='building' v='office' />
    <tag k='building:levels' v='5' />
    <tag k='office' v='company' />
  </way>
  <way id='-39482' action='modify'>
    <nd ref='-133779' />
    <nd ref='-133780' />
    <nd ref='-133781' />
    <nd ref='-133782' />
    <nd ref='-133779' />
    <tag k='building' v='office' />
    <tag k='building:levels' v='5' />
    <tag k='office' v='company' />
  </way>
  <way id='-39483' action='modify'>
    <nd ref='-133783' />
    <nd ref='-133784' />
    <nd ref='-133785' />
    <nd ref='-133786' />
    <nd ref='-133783' />
    <tag k='building' v='office' />
    <tag k='building:levels' v='5' />
    <tag k='office' v='company' />
  </way>
  <way id='-39484' action='modify'>
    <nd ref='-133787' />
    <nd ref='-133788' />
    <nd ref='-133789' />
    <nd ref='-133790' />
    <nd ref='-133787' />
    <tag k='building' v='office' />
    <tag k='building:levels' v='5' />
    <tag k='office' v='company' />
  </way>
  <way id='-39485'>
    <nd ref='-133791' />
    <nd ref='-133792' />
    <nd ref='-133793' />
    <nd ref='-133794' />
    <nd ref='-133795' />
    <nd ref='-133796' />
    <nd ref='-133797' />
    <nd ref='-133798' />
    <nd ref='-133799' />
    <nd ref='-133800' />
    <nd ref='-133801' />
    <nd ref='-133802' />
    <nd ref='-133803' />
    <nd ref='-133804' />
    <nd ref='-133805' />
    <nd ref='-133806' />
    <nd ref='-133807' />
    <nd ref='-133808' />
    <nd ref='-133809' />
    <nd ref='-133810' />
    <nd ref='-133811' />
    <nd ref='-133812' />
    <nd ref='-133813' />
    <nd ref='-133814' />
    <nd ref='-133815' />
    <nd ref='-133816' />
    <nd ref='-133817' />
    <nd ref='-133818' />
    <nd ref='-133819' />
    <nd ref='-133820' />
    <nd ref='-133821' />
    <nd ref='-133822' />
    <nd ref='-133823' />
    <nd ref='-133824' />
    <nd ref='-133825' />
    <nd ref='-133826' />
    <nd ref='-133827' />
    <nd ref='-133828' />
    <nd ref='-133829' />
    <nd ref='-133830' />
    <nd ref='-133831' />
    <nd ref='-133832' />
    <nd ref='-133833' />
    <nd ref='-133834' />
    <nd ref='-133835' />
    <nd ref='-133836' />
    <nd ref='-133837' />
    <nd ref='-133838' />
    <nd ref='-133839' />
    <nd ref='-133840' />
    <nd ref='-133841' />
    <nd ref='-133842' />
    <nd ref='-133843' />
    <nd ref='-133844' />
    <nd ref='-133845' />
    <nd ref='-133846' />
    <nd ref='-133847' />
    <nd ref='-133848' />
    <nd ref='-133849' />
    <nd ref='-133850' />
    <nd ref='-133851' />
    <nd ref='-133852' />
    <nd ref='-133853' />
    <nd ref='-133854' />
    <nd ref='-133855' />
    <nd ref='-133856' />
    <nd ref='-133857' />
    <nd ref='-133858' />
    <nd ref='-133859' />
    <nd ref='-133860' />
    <nd ref='-133861' />
    <nd ref='-133862' />
    <nd ref='-133863' />
    <nd ref='-133864' />
    <nd ref='-133865' />
    <nd ref='-133866' />
    <nd ref='-133867' />
    <nd ref='-133868' />
    <nd ref='-133869' />
    <nd ref='-133870' />
    <nd ref='-133871' />
    <nd ref='-133872' />
    <nd ref='-133791' />
    <tag k='place' v='square' />
  </way>
  <way id='-39486'>
    <nd ref='-133873' />
    <nd ref='-133870' />
    <nd ref='-133869' />
    <nd ref='-133874' />
    <nd ref='-133875' />
    <nd ref='-133876' />
    <nd ref='-133877' />
    <nd ref='-133878' />
    <nd ref='-133879' />
    <nd ref='-133880' />
    <nd ref='-133881' />
    <nd ref='-133882' />
    <nd ref='-133883' />
    <nd ref='-133884' />
    <nd ref='-133885' />
    <nd ref='-133886' />
    <nd ref='-133887' />
    <nd ref='-133888' />
    <nd ref='-133889' />
    <nd ref='-133890' />
    <nd ref='-133891' />
    <nd ref='-133892' />
    <nd ref='-133893' />
    <nd ref='-133894' />
    <nd ref='-133895' />
    <nd ref='-133896' />
    <nd ref='-133897' />
    <nd ref='-133898' />
    <nd ref='-133899' />
    <nd ref='-133900' />
    <nd ref='-133901' />
    <nd ref='-133902' />
    <nd ref='-133903' />
    <nd ref='-133904' />
    <nd ref='-133905' />
    <nd ref='-133906' />
    <nd ref='-133907' />
    <nd ref='-133908' />
    <nd ref='-133909' />
    <nd ref='-133910' />
    <nd ref='-133911' />
    <nd ref='-133912' />
    <nd ref='-133913' />
    <nd ref='-133914' />
    <nd ref='-133915' />
    <nd ref='-133916' />
    <nd ref='-133917' />
    <nd ref='-133918' />
    <nd ref='-133919' />
    <nd ref='-133920' />
    <nd ref='-133921' />
    <nd ref='-133922' />
    <nd ref='-133923' />
    <nd ref='-133924' />
    <nd ref='-133925' />
    <nd ref='-133926' />
    <nd ref='-133927' />
    <nd ref='-133928' />
    <nd ref='-133929' />
    <nd ref='-133930' />
    <nd ref='-133931' />
    <nd ref='-133873' />
    <tag k='leisure' v='plaza' />
    <tag k='place' v='square' />
  </way>
  <way id='-39487'>
    <nd ref='-133932' />
    <nd ref='-133933' />
    <nd ref='-133934' />
    <nd ref='-133935' />
    <nd ref='-133936' />
    <nd ref='-133937' />
    <nd ref='-133938' />
    <nd ref='-133939' />
    <nd ref='-133940' />
    <nd ref='-133941' />
    <nd ref='-133942' />
    <nd ref='-133943' />
    <nd ref='-133944' />
    <nd ref='-133945' />
    <nd ref='-133946' />
    <nd ref='-133947' />
    <nd ref='-133948' />
    <nd ref='-133949' />
    <nd ref='-133950' />
    <nd ref='-133951' />
    <nd ref='-133952' />
    <nd ref='-133953' />
    <nd ref='-133954' />
    <nd ref='-133955' />
    <nd ref='-133956' />
    <nd ref='-133957' />
    <nd ref='-133958' />
    <nd ref='-133959' />
    <nd ref='-133960' />
    <nd ref='-133961' />
    <nd ref='-133962' />
    <nd ref='-133963' />
    <nd ref='-133964' />
    <nd ref='-133965' />
    <nd ref='-133966' />
    <nd ref='-133967' />
    <nd ref='-133968' />
    <nd ref='-133969' />
    <nd ref='-133970' />
    <nd ref='-133971' />
    <nd ref='-133972' />
    <nd ref='-133973' />
    <nd ref='-133974' />
    <nd ref='-133975' />
    <nd ref='-133976' />
    <nd ref='-133977' />
    <nd ref='-133978' />
    <nd ref='-133979' />
    <nd ref='-133980' />
    <nd ref='-133981' />
    <nd ref='-133982' />
    <nd ref='-133983' />
    <nd ref='-133984' />
    <nd ref='-133985' />
    <nd ref='-133986' />
    <nd ref='-133987' />
    <nd ref='-133988' />
    <nd ref='-133989' />
    <nd ref='-133990' />
    <nd ref='-133991' />
    <nd ref='-133992' />
    <nd ref='-133993' />
    <nd ref='-133994' />
    <nd ref='-133995' />
    <nd ref='-133996' />
    <nd ref='-133997' />
    <nd ref='-133998' />
    <nd ref='-133999' />
    <nd ref='-134000' />
    <nd ref='-134001' />
    <nd ref='-134002' />
    <nd ref='-134003' />
    <nd ref='-134004' />
    <nd ref='-134005' />
    <nd ref='-134006' />
    <nd ref='-134007' />
    <nd ref='-134008' />
    <nd ref='-134009' />
    <nd ref='-134010' />
    <nd ref='-134011' />
    <nd ref='-134012' />
    <nd ref='-134013' />
    <nd ref='-134014' />
    <nd ref='-134015' />
    <nd ref='-134016' />
    <nd ref='-134017' />
    <nd ref='-134018' />
    <nd ref='-134019' />
    <nd ref='-134020' />
    <nd ref='-134021' />
    <nd ref='-134022' />
    <nd ref='-134023' />
    <nd ref='-134024' />
    <nd ref='-134025' />
    <nd ref='-134026' />
    <nd ref='-134027' />
    <nd ref='-134028' />
    <nd ref='-134029' />
    <nd ref='-134030' />
    <nd ref='-134031' />
    <nd ref='-134032' />
    <nd ref='-133932' />
    <tag k='leisure' v='plaza' />
    <tag k='place' v='square' />
  </way>
  <way id='-39488'>
    <nd ref='-134033' />
    <nd ref='-134034' />
    <nd ref='-134035' />
    <nd ref='-134036' />
    <nd ref='-134033' />
    <tag k='place' v='square' />
  </way>
  <way id='-39489'>
    <nd ref='-134037' />
    <nd ref='-134038' />
    <nd ref='-134039' />
    <nd ref='-134040' />
    <nd ref='-134041' />
    <nd ref='-134042' />
    <nd ref='-134043' />
    <nd ref='-134044' />
    <nd ref='-134045' />
    <nd ref='-134046' />
    <nd ref='-134047' />
    <nd ref='-134048' />
    <nd ref='-134049' />
    <nd ref='-134050' />
    <nd ref='-134051' />
    <nd ref='-134052' />
    <nd ref='-134053' />
    <nd ref='-134054' />
    <nd ref='-134055' />
    <nd ref='-134056' />
    <nd ref='-134037' />
    <tag k='place' v='square' />
  </way>
  <way id='-39490'>
    <nd ref='-134057' />
    <nd ref='-134058' />
    <nd ref='-134059' />
    <nd ref='-134060' />
    <nd ref='-134057' />
    <tag k='place' v='square' />
  </way>
  <way id='-39491'>
    <nd ref='-134061' />
    <nd ref='-134062' />
    <nd ref='-134063' />
    <nd ref='-134064' />
    <nd ref='-134061' />
    <tag k='place' v='square' />
  </way>
  <way id='-39492'>
    <nd ref='-134065' />
    <nd ref='-134066' />
    <nd ref='-134067' />
    <nd ref='-134068' />
    <nd ref='-134069' />
    <nd ref='-134070' />
    <nd ref='-134065' />
    <tag k='place' v='square' />
  </way>
  <way id='-39493' action='modify'>
    <nd ref='-134071' />
    <nd ref='-134072' />
    <nd ref='-134073' />
    <nd ref='-134074' />
    <nd ref='-134075' />
    <nd ref='-134076' />
    <nd ref='-134077' />
    <nd ref='-134078' />
    <nd ref='-134079' />
    <nd ref='-134080' />
    <nd ref='-134081' />
    <nd ref='-134082' />
    <nd ref='-134083' />
    <nd ref='-134084' />
    <nd ref='-134085' />
    <nd ref='-134086' />
    <nd ref='-134087' />
    <nd ref='-134088' />
    <nd ref='-134089' />
    <nd ref='-134090' />
    <nd ref='-134091' />
    <nd ref='-134092' />
    <nd ref='-134093' />
    <nd ref='-134094' />
    <nd ref='-134095' />
    <nd ref='-134096' />
    <nd ref='-134097' />
    <nd ref='-134098' />
    <nd ref='-134099' />
    <nd ref='-134100' />
    <nd ref='-134101' />
    <nd ref='-134102' />
    <nd ref='-134103' />
    <nd ref='-134104' />
    <nd ref='-134105' />
    <nd ref='-134106' />
    <nd ref='-134107' />
    <nd ref='-134108' />
    <nd ref='-134109' />
    <nd ref='-134110' />
    <nd ref='-134111' />
    <nd ref='-134112' />
    <nd ref='-134113' />
    <nd ref='-134114' />
    <nd ref='-134115' />
    <nd ref='-134116' />
    <nd ref='-134117' />
    <nd ref='-134118' />
    <nd ref='-134119' />
    <nd ref='-134120' />
    <nd ref='-134121' />
    <nd ref='-134122' />
    <nd ref='-134123' />
    <nd ref='-134124' />
    <nd ref='-134125' />
    <nd ref='-134126' />
    <nd ref='-134129' />
    <nd ref='-134071' />
    <tag k='place' v='square' />
  </way>
  <way id='-39494'>
    <nd ref='-134130' />
    <nd ref='-134131' />
    <nd ref='-134132' />
    <nd ref='-134133' />
    <nd ref='-134134' />
    <nd ref='-134135' />
    <nd ref='-134130' />
    <tag k='place' v='square' />
  </way>
  <way id='-39495'>
    <nd ref='-134136' />
    <nd ref='-134137' />
    <nd ref='-134138' />
    <nd ref='-134139' />
    <nd ref='-134140' />
    <nd ref='-134141' />
    <nd ref='-134142' />
    <nd ref='-134136' />
    <tag k='place' v='square' />
  </way>
  <way id='-39496'>
    <nd ref='-134143' />
    <nd ref='-134144' />
    <nd ref='-134145' />
    <nd ref='-134146' />
    <nd ref='-134147' />
    <nd ref='-134148' />
    <nd ref='-134143' />
    <tag k='place' v='square' />
  </way>
  <way id='-39497' action='modify'>
    <nd ref='-134149' />
    <nd ref='-134150' />
    <nd ref='-134151' />
    <nd ref='-134152' />
    <nd ref='-134153' />
    <nd ref='-134154' />
    <nd ref='-134155' />
    <nd ref='-134156' />
    <nd ref='-134157' />
    <nd ref='-134158' />
    <nd ref='-134159' />
    <nd ref='-134149' />
    <tag k='place' v='square' />
  </way>
  <way id='-39498'>
    <nd ref='-134160' />
    <nd ref='-134161' />
    <nd ref='-134162' />
    <nd ref='-134163' />
    <nd ref='-134160' />
    <tag k='place' v='square' />
  </way>
  <way id='-39499'>
    <nd ref='-134164' />
    <nd ref='-134165' />
    <nd ref='-134166' />
    <nd ref='-134167' />
    <nd ref='-134168' />
    <nd ref='-134164' />
    <tag k='place' v='square' />
  </way>
  <way id='-39500'>
    <nd ref='-134169' />
    <nd ref='-134170' />
    <nd ref='-134171' />
    <nd ref='-134172' />
    <nd ref='-134169' />
    <tag k='place' v='square' />
  </way>
  <way id='-39501'>
    <nd ref='-134173' />
    <nd ref='-134174' />
    <nd ref='-134175' />
    <nd ref='-134176' />
    <nd ref='-134177' />
    <nd ref='-134173' />
    <tag k='place' v='square' />
  </way>
  <way id='-39502' action='modify'>
    <nd ref='-134178' />
    <nd ref='-134179' />
    <nd ref='-134180' />
    <nd ref='-134181' />
    <nd ref='-134182' />
    <nd ref='-134183' />
    <nd ref='-134184' />
    <nd ref='-134185' />
    <nd ref='-134186' />
    <nd ref='-134187' />
    <nd ref='-134188' />
    <nd ref='-134190' />
    <nd ref='-134177' />
    <nd ref='-134178' />
    <tag k='place' v='square' />
  </way>
  <way id='-39503'>
    <nd ref='-134191' />
    <nd ref='-134192' />
    <nd ref='-134193' />
    <nd ref='-134194' />
    <nd ref='-134195' />
    <nd ref='-134196' />
    <nd ref='-134197' />
    <nd ref='-134198' />
    <nd ref='-134199' />
    <nd ref='-134200' />
    <nd ref='-134201' />
    <nd ref='-134202' />
    <nd ref='-134203' />
    <nd ref='-134204' />
    <nd ref='-134205' />
    <nd ref='-134206' />
    <nd ref='-134207' />
    <nd ref='-134208' />
    <nd ref='-134209' />
    <nd ref='-134210' />
    <nd ref='-134211' />
    <nd ref='-134212' />
    <nd ref='-134213' />
    <nd ref='-134214' />
    <nd ref='-134215' />
    <nd ref='-134216' />
    <nd ref='-134217' />
    <nd ref='-134218' />
    <nd ref='-134219' />
    <nd ref='-134220' />
    <nd ref='-134221' />
    <nd ref='-134222' />
    <nd ref='-134223' />
    <nd ref='-134224' />
    <nd ref='-134225' />
    <nd ref='-134226' />
    <nd ref='-134191' />
    <tag k='place' v='square' />
  </way>
  <way id='-39504'>
    <nd ref='-134227' />
    <nd ref='-134228' />
    <nd ref='-134229' />
    <nd ref='-134230' />
    <nd ref='-134227' />
    <tag k='place' v='square' />
  </way>
  <way id='-39505'>
    <nd ref='-134231' />
    <nd ref='-134232' />
    <nd ref='-134233' />
    <nd ref='-134234' />
    <nd ref='-134235' />
    <nd ref='-134236' />
    <nd ref='-134237' />
    <nd ref='-134238' />
    <nd ref='-134239' />
    <nd ref='-134240' />
    <nd ref='-134241' />
    <nd ref='-134242' />
    <nd ref='-134243' />
    <nd ref='-134244' />
    <nd ref='-134245' />
    <nd ref='-134246' />
    <nd ref='-134247' />
    <nd ref='-134248' />
    <nd ref='-134249' />
    <nd ref='-134250' />
    <nd ref='-134251' />
    <nd ref='-134252' />
    <nd ref='-134253' />
    <nd ref='-134254' />
    <nd ref='-134255' />
    <nd ref='-134231' />
    <tag k='place' v='square' />
  </way>
  <way id='-39506'>
    <nd ref='-134256' />
    <nd ref='-134257' />
    <nd ref='-134258' />
    <nd ref='-134259' />
    <nd ref='-134260' />
    <nd ref='-134261' />
    <nd ref='-134262' />
    <nd ref='-134263' />
    <nd ref='-134256' />
    <tag k='place' v='square' />
  </way>
  <way id='-39507'>
    <nd ref='-134264' />
    <nd ref='-134265' />
    <nd ref='-134266' />
    <nd ref='-134267' />
    <nd ref='-134268' />
    <nd ref='-134269' />
    <nd ref='-134270' />
    <nd ref='-134271' />
    <nd ref='-134264' />
    <tag k='place' v='square' />
  </way>
  <way id='-39508'>
    <nd ref='-134272' />
    <nd ref='-134273' />
    <nd ref='-134274' />
    <nd ref='-134275' />
    <nd ref='-134276' />
    <nd ref='-134272' />
    <tag k='place' v='square' />
  </way>
  <way id='-39509'>
    <nd ref='-134277' />
    <nd ref='-134278' />
    <nd ref='-134279' />
    <nd ref='-134280' />
    <nd ref='-134277' />
    <tag k='place' v='square' />
  </way>
  <way id='-39510'>
    <nd ref='-134281' />
    <nd ref='-134282' />
    <nd ref='-134283' />
    <nd ref='-134284' />
    <nd ref='-134285' />
    <nd ref='-134281' />
    <tag k='place' v='square' />
  </way>
  <way id='-39511'>
    <nd ref='-134286' />
    <nd ref='-134287' />
    <nd ref='-134288' />
    <nd ref='-134289' />
    <nd ref='-134290' />
    <nd ref='-134286' />
    <tag k='place' v='square' />
  </way>
  <way id='-39512'>
    <nd ref='-134291' />
    <nd ref='-134292' />
    <nd ref='-134293' />
    <nd ref='-134294' />
    <nd ref='-134295' />
    <nd ref='-134296' />
    <nd ref='-134297' />
    <nd ref='-134298' />
    <nd ref='-134299' />
    <nd ref='-134300' />
    <nd ref='-134301' />
    <nd ref='-134302' />
    <nd ref='-134303' />
    <nd ref='-134304' />
    <nd ref='-134305' />
    <nd ref='-134306' />
    <nd ref='-134291' />
    <tag k='place' v='square' />
  </way>
  <way id='-39513'>
    <nd ref='-134307' />
    <nd ref='-134308' />
    <nd ref='-134309' />
    <nd ref='-134310' />
    <nd ref='-134311' />
    <nd ref='-134312' />
    <nd ref='-134313' />
    <nd ref='-134314' />
    <nd ref='-134315' />
    <nd ref='-134316' />
    <nd ref='-134317' />
    <nd ref='-134318' />
    <nd ref='-134319' />
    <nd ref='-134320' />
    <nd ref='-134321' />
    <nd ref='-134322' />
    <nd ref='-134323' />
    <nd ref='-134324' />
    <nd ref='-134325' />
    <nd ref='-134326' />
    <nd ref='-134327' />
    <nd ref='-134328' />
    <nd ref='-134329' />
    <nd ref='-134330' />
    <nd ref='-134331' />
    <nd ref='-134332' />
    <nd ref='-134333' />
    <nd ref='-134334' />
    <nd ref='-134335' />
    <nd ref='-134336' />
    <nd ref='-134337' />
    <nd ref='-134338' />
    <nd ref='-134339' />
    <nd ref='-134340' />
    <nd ref='-134341' />
    <nd ref='-134342' />
    <nd ref='-134343' />
    <nd ref='-134344' />
    <nd ref='-134345' />
    <nd ref='-134346' />
    <nd ref='-134347' />
    <nd ref='-134348' />
    <nd ref='-134349' />
    <nd ref='-134350' />
    <nd ref='-134351' />
    <nd ref='-134352' />
    <nd ref='-134353' />
    <nd ref='-134354' />
    <nd ref='-134355' />
    <nd ref='-134356' />
    <nd ref='-134357' />
    <nd ref='-134358' />
    <nd ref='-134359' />
    <nd ref='-134360' />
    <nd ref='-134361' />
    <nd ref='-134362' />
    <nd ref='-134307' />
    <tag k='place' v='square' />
  </way>
  <way id='-39514'>
    <nd ref='-134363' />
    <nd ref='-134364' />
    <nd ref='-134365' />
    <nd ref='-134366' />
    <nd ref='-134367' />
    <nd ref='-134368' />
    <nd ref='-134369' />
    <nd ref='-134370' />
    <nd ref='-134371' />
    <nd ref='-134372' />
    <nd ref='-134373' />
    <nd ref='-134374' />
    <nd ref='-134363' />
    <tag k='place' v='square' />
  </way>
  <way id='-39515'>
    <nd ref='-134375' />
    <nd ref='-134376' />
    <nd ref='-134377' />
    <nd ref='-134378' />
    <nd ref='-134379' />
    <nd ref='-134380' />
    <nd ref='-134381' />
    <nd ref='-134382' />
    <nd ref='-134383' />
    <nd ref='-134384' />
    <nd ref='-134385' />
    <nd ref='-134386' />
    <nd ref='-134387' />
    <nd ref='-134388' />
    <nd ref='-134389' />
    <nd ref='-134390' />
    <nd ref='-134391' />
    <nd ref='-134392' />
    <nd ref='-134393' />
    <nd ref='-134394' />
    <nd ref='-134395' />
    <nd ref='-134396' />
    <nd ref='-134397' />
    <nd ref='-134398' />
    <nd ref='-134399' />
    <nd ref='-134400' />
    <nd ref='-134401' />
    <nd ref='-134402' />
    <nd ref='-134403' />
    <nd ref='-134404' />
    <nd ref='-134405' />
    <nd ref='-134406' />
    <nd ref='-134407' />
    <nd ref='-134408' />
    <nd ref='-134409' />
    <nd ref='-134375' />
    <tag k='place' v='square' />
  </way>
  <way id='-39516'>
    <nd ref='-134410' />
    <nd ref='-134411' />
    <nd ref='-134412' />
    <nd ref='-134413' />
    <nd ref='-134414' />
    <nd ref='-134410' />
    <tag k='place' v='square' />
  </way>
  <way id='-39517'>
    <nd ref='-134415' />
    <nd ref='-134416' />
    <nd ref='-134417' />
    <nd ref='-134418' />
    <nd ref='-134419' />
    <nd ref='-134420' />
    <nd ref='-134421' />
    <nd ref='-134415' />
    <tag k='place' v='square' />
  </way>
  <way id='-39518' action='modify'>
    <nd ref='-134422' />
    <nd ref='-134430' />
    <nd ref='-134431' />
    <nd ref='-134439' />
    <nd ref='-134422' />
    <tag k='amenity' v='parking' />
    <tag k='parking' v='surface' />
  </way>
  <way id='-39519'>
    <nd ref='-134440' />
    <nd ref='-134441' />
    <nd ref='-134442' />
    <nd ref='-134443' />
    <nd ref='-134444' />
    <nd ref='-134445' />
    <nd ref='-134446' />
    <nd ref='-134447' />
    <nd ref='-134448' />
    <nd ref='-134449' />
    <nd ref='-134450' />
    <nd ref='-134451' />
    <nd ref='-134452' />
    <nd ref='-134453' />
    <nd ref='-134454' />
    <nd ref='-134455' />
    <nd ref='-134456' />
    <nd ref='-134457' />
    <nd ref='-134458' />
    <nd ref='-134459' />
    <nd ref='-134460' />
    <nd ref='-134461' />
    <nd ref='-134462' />
    <nd ref='-134463' />
    <nd ref='-134464' />
    <nd ref='-134465' />
    <nd ref='-134466' />
    <nd ref='-134467' />
    <nd ref='-134468' />
    <nd ref='-134469' />
    <nd ref='-134470' />
    <nd ref='-134471' />
    <nd ref='-134472' />
    <nd ref='-134473' />
    <nd ref='-134474' />
    <nd ref='-134475' />
    <nd ref='-134476' />
    <nd ref='-134477' />
    <nd ref='-134478' />
    <nd ref='-134479' />
    <nd ref='-134480' />
    <nd ref='-134481' />
    <nd ref='-134482' />
    <nd ref='-134483' />
    <nd ref='-134484' />
    <nd ref='-134485' />
    <nd ref='-134486' />
    <nd ref='-134487' />
    <nd ref='-134488' />
    <nd ref='-134489' />
    <nd ref='-134490' />
    <nd ref='-134491' />
    <nd ref='-134492' />
    <nd ref='-134493' />
    <nd ref='-134494' />
    <nd ref='-134495' />
    <nd ref='-134496' />
    <nd ref='-134440' />
    <tag k='amenity' v='parking' />
    <tag k='parking' v='surface' />
  </way>
  <way id='-39520' action='modify'>
    <nd ref='-134501' />
    <nd ref='-134498' />
    <nd ref='-134499' />
    <nd ref='-134500' />
    <nd ref='-134501' />
    <tag k='amenity' v='parking' />
    <tag k='parking' v='surface' />
  </way>
  <way id='-39521'>
    <nd ref='-134502' />
    <nd ref='-134503' />
    <nd ref='-134504' />
    <nd ref='-134505' />
    <nd ref='-134506' />
    <nd ref='-134502' />
    <tag k='amenity' v='parking' />
    <tag k='parking' v='surface' />
  </way>
  <way id='-39522'>
    <nd ref='-134122' />
    <nd ref='-134121' />
    <nd ref='-134124' />
    <nd ref='-134123' />
    <nd ref='-134122' />
    <tag k='amenity' v='parking' />
    <tag k='parking' v='surface' />
  </way>
  <way id='-39523'>
    <nd ref='-134507' />
    <nd ref='-134508' />
    <nd ref='-134509' />
    <nd ref='-134510' />
    <nd ref='-134511' />
    <nd ref='-134512' />
    <nd ref='-134513' />
    <nd ref='-134514' />
    <nd ref='-134515' />
    <nd ref='-134516' />
    <nd ref='-134517' />
    <nd ref='-134518' />
    <nd ref='-134519' />
    <nd ref='-134520' />
    <nd ref='-134507' />
    <tag k='amenity' v='parking' />
    <tag k='parking' v='surface' />
  </way>
  <way id='-39524'>
    <nd ref='-134521' />
    <nd ref='-134522' />
    <nd ref='-134523' />
    <nd ref='-134524' />
    <nd ref='-134525' />
    <nd ref='-134526' />
    <nd ref='-134527' />
    <nd ref='-134528' />
    <nd ref='-134529' />
    <nd ref='-134530' />
    <nd ref='-134531' />
    <nd ref='-134532' />
    <nd ref='-134533' />
    <nd ref='-134534' />
    <nd ref='-134535' />
    <nd ref='-134536' />
    <nd ref='-134537' />
    <nd ref='-134538' />
    <nd ref='-134521' />
    <tag k='amenity' v='parking' />
    <tag k='parking' v='surface' />
  </way>
  <way id='-39525'>
    <nd ref='-134539' />
    <nd ref='-134540' />
    <nd ref='-134541' />
    <nd ref='-134542' />
    <nd ref='-134543' />
    <nd ref='-134544' />
    <nd ref='-134545' />
    <nd ref='-134546' />
    <nd ref='-134547' />
    <nd ref='-134548' />
    <nd ref='-134549' />
    <nd ref='-134550' />
    <nd ref='-134551' />
    <nd ref='-134552' />
    <nd ref='-134553' />
    <nd ref='-134554' />
    <nd ref='-134555' />
    <nd ref='-134556' />
    <nd ref='-134539' />
    <tag k='amenity' v='parking' />
    <tag k='parking' v='surface' />
  </way>
  <way id='-39526'>
    <nd ref='-134557' />
    <nd ref='-134558' />
    <nd ref='-134559' />
    <nd ref='-134560' />
    <nd ref='-134561' />
    <nd ref='-134562' />
    <nd ref='-134563' />
    <nd ref='-134564' />
    <nd ref='-134565' />
    <nd ref='-134566' />
    <nd ref='-134567' />
    <nd ref='-134568' />
    <nd ref='-134569' />
    <nd ref='-134570' />
    <nd ref='-134571' />
    <nd ref='-134572' />
    <nd ref='-134573' />
    <nd ref='-134574' />
    <nd ref='-134575' />
    <nd ref='-134576' />
    <nd ref='-134577' />
    <nd ref='-134578' />
    <nd ref='-134579' />
    <nd ref='-134580' />
    <nd ref='-134581' />
    <nd ref='-134582' />
    <nd ref='-134583' />
    <nd ref='-134557' />
    <tag k='amenity' v='parking' />
    <tag k='parking' v='surface' />
  </way>
  <way id='-39527'>
    <nd ref='-134584' />
    <nd ref='-134585' />
    <nd ref='-134586' />
    <nd ref='-134587' />
    <nd ref='-134588' />
    <nd ref='-134589' />
    <nd ref='-134590' />
    <nd ref='-134591' />
    <nd ref='-134592' />
    <nd ref='-134593' />
    <nd ref='-134594' />
    <nd ref='-134595' />
    <nd ref='-134596' />
    <nd ref='-134597' />
    <nd ref='-134598' />
    <nd ref='-134599' />
    <nd ref='-134600' />
    <nd ref='-134601' />
    <nd ref='-134602' />
    <nd ref='-134603' />
    <nd ref='-134604' />
    <nd ref='-134605' />
    <nd ref='-134584' />
    <tag k='amenity' v='parking' />
    <tag k='parking' v='surface' />
  </way>
  <way id='-39528'>
    <nd ref='-134606' />
    <nd ref='-134607' />
    <nd ref='-134608' />
    <nd ref='-134609' />
    <nd ref='-134610' />
    <nd ref='-134611' />
    <nd ref='-134612' />
    <nd ref='-134613' />
    <nd ref='-134614' />
    <nd ref='-134615' />
    <nd ref='-134616' />
    <nd ref='-134617' />
    <nd ref='-134618' />
    <nd ref='-134619' />
    <nd ref='-134620' />
    <nd ref='-134621' />
    <nd ref='-134622' />
    <nd ref='-134623' />
    <nd ref='-134624' />
    <nd ref='-134606' />
    <tag k='amenity' v='parking' />
    <tag k='parking' v='surface' />
  </way>
  <way id='-39529'>
    <nd ref='-134625' />
    <nd ref='-134626' />
    <nd ref='-134627' />
    <nd ref='-134628' />
    <nd ref='-134629' />
    <nd ref='-134630' />
    <nd ref='-134631' />
    <nd ref='-134632' />
    <nd ref='-134633' />
    <nd ref='-134634' />
    <nd ref='-134635' />
    <nd ref='-134636' />
    <nd ref='-134637' />
    <nd ref='-134638' />
    <nd ref='-134639' />
    <nd ref='-134640' />
    <nd ref='-134641' />
    <nd ref='-134642' />
    <nd ref='-134643' />
    <nd ref='-134644' />
    <nd ref='-134645' />
    <nd ref='-134646' />
    <nd ref='-134647' />
    <nd ref='-134625' />
    <tag k='amenity' v='parking' />
    <tag k='parking' v='surface' />
  </way>
  <way id='-39530'>
    <nd ref='-134648' />
    <nd ref='-134649' />
    <nd ref='-134650' />
    <nd ref='-134651' />
    <nd ref='-134652' />
    <nd ref='-134653' />
    <nd ref='-134654' />
    <nd ref='-134655' />
    <nd ref='-134656' />
    <nd ref='-134657' />
    <nd ref='-134658' />
    <nd ref='-134659' />
    <nd ref='-134660' />
    <nd ref='-134661' />
    <nd ref='-134662' />
    <nd ref='-134663' />
    <nd ref='-134664' />
    <nd ref='-134665' />
    <nd ref='-134666' />
    <nd ref='-134667' />
    <nd ref='-134648' />
    <tag k='amenity' v='parking' />
    <tag k='parking' v='surface' />
  </way>
  <way id='-39531'>
    <nd ref='-134668' />
    <nd ref='-134669' />
    <nd ref='-134670' />
    <nd ref='-134671' />
    <nd ref='-134672' />
    <nd ref='-134673' />
    <nd ref='-134674' />
    <nd ref='-134675' />
    <nd ref='-134676' />
    <nd ref='-134677' />
    <nd ref='-134678' />
    <nd ref='-134679' />
    <nd ref='-134680' />
    <nd ref='-134681' />
    <nd ref='-134682' />
    <nd ref='-134683' />
    <nd ref='-134668' />
    <tag k='amenity' v='parking' />
    <tag k='parking' v='surface' />
  </way>
  <way id='-39532'>
    <nd ref='-134684' />
    <nd ref='-134685' />
    <nd ref='-134686' />
    <nd ref='-134687' />
    <nd ref='-134688' />
    <nd ref='-134689' />
    <nd ref='-134690' />
    <nd ref='-134691' />
    <nd ref='-134692' />
    <nd ref='-134693' />
    <nd ref='-134694' />
    <nd ref='-134695' />
    <nd ref='-134696' />
    <nd ref='-134697' />
    <nd ref='-134698' />
    <nd ref='-134699' />
    <nd ref='-134700' />
    <nd ref='-134701' />
    <nd ref='-134702' />
    <nd ref='-134703' />
    <nd ref='-134684' />
    <tag k='amenity' v='parking' />
    <tag k='parking' v='surface' />
  </way>
  <way id='-39533'>
    <nd ref='-134704' />
    <nd ref='-134705' />
    <nd ref='-134706' />
    <nd ref='-134707' />
    <nd ref='-134708' />
    <nd ref='-134709' />
    <nd ref='-134710' />
    <nd ref='-134711' />
    <nd ref='-134712' />
    <nd ref='-134713' />
    <nd ref='-134714' />
    <nd ref='-134715' />
    <nd ref='-134716' />
    <nd ref='-134717' />
    <nd ref='-134718' />
    <nd ref='-134719' />
    <nd ref='-134720' />
    <nd ref='-134721' />
    <nd ref='-134722' />
    <nd ref='-134723' />
    <nd ref='-134724' />
    <nd ref='-134725' />
    <nd ref='-134704' />
    <tag k='amenity' v='parking' />
    <tag k='parking' v='surface' />
  </way>
  <way id='-39534'>
    <nd ref='-134726' />
    <nd ref='-134727' />
    <nd ref='-134728' />
    <nd ref='-134729' />
    <nd ref='-134730' />
    <nd ref='-134731' />
    <nd ref='-134732' />
    <nd ref='-134733' />
    <nd ref='-134734' />
    <nd ref='-134735' />
    <nd ref='-134736' />
    <nd ref='-134737' />
    <nd ref='-134738' />
    <nd ref='-134739' />
    <nd ref='-134740' />
    <nd ref='-134741' />
    <nd ref='-134742' />
    <nd ref='-134743' />
    <nd ref='-134744' />
    <nd ref='-134745' />
    <nd ref='-134746' />
    <nd ref='-134747' />
    <nd ref='-134726' />
    <tag k='amenity' v='parking' />
    <tag k='parking' v='surface' />
  </way>
  <way id='-39535'>
    <nd ref='-134748' />
    <nd ref='-134749' />
    <nd ref='-134750' />
    <nd ref='-134751' />
    <nd ref='-134752' />
    <nd ref='-134753' />
    <nd ref='-134754' />
    <nd ref='-134755' />
    <nd ref='-134756' />
    <nd ref='-134757' />
    <nd ref='-134758' />
    <nd ref='-134759' />
    <nd ref='-134760' />
    <nd ref='-134761' />
    <nd ref='-134762' />
    <nd ref='-134763' />
    <nd ref='-134764' />
    <nd ref='-134765' />
    <nd ref='-134766' />
    <nd ref='-134767' />
    <nd ref='-134748' />
    <tag k='amenity' v='parking' />
    <tag k='parking' v='surface' />
  </way>
  <way id='-39536'>
    <nd ref='-134768' />
    <nd ref='-134769' />
    <nd ref='-134770' />
    <nd ref='-134771' />
    <nd ref='-134772' />
    <nd ref='-134773' />
    <nd ref='-134774' />
    <nd ref='-134775' />
    <nd ref='-134776' />
    <nd ref='-134777' />
    <nd ref='-134778' />
    <nd ref='-134779' />
    <nd ref='-134780' />
    <nd ref='-134781' />
    <nd ref='-134782' />
    <nd ref='-134783' />
    <nd ref='-134768' />
    <tag k='amenity' v='parking' />
    <tag k='parking' v='surface' />
  </way>
  <way id='-39537'>
    <nd ref='-134784' />
    <nd ref='-134785' />
    <nd ref='-134786' />
    <nd ref='-134787' />
    <nd ref='-134788' />
    <nd ref='-134789' />
    <nd ref='-134790' />
    <nd ref='-134791' />
    <nd ref='-134792' />
    <nd ref='-134793' />
    <nd ref='-134794' />
    <nd ref='-134795' />
    <nd ref='-134784' />
    <tag k='amenity' v='parking' />
    <tag k='parking' v='surface' />
  </way>
  <way id='-39538'>
    <nd ref='-134796' />
    <nd ref='-134797' />
    <nd ref='-134798' />
    <nd ref='-134799' />
    <nd ref='-134800' />
    <nd ref='-134801' />
    <nd ref='-134802' />
    <nd ref='-134803' />
    <nd ref='-134804' />
    <nd ref='-134805' />
    <nd ref='-134806' />
    <nd ref='-134807' />
    <nd ref='-134808' />
    <nd ref='-134809' />
    <nd ref='-134810' />
    <nd ref='-134811' />
    <nd ref='-134812' />
    <nd ref='-134813' />
    <nd ref='-134814' />
    <nd ref='-134815' />
    <nd ref='-134796' />
    <tag k='amenity' v='parking' />
    <tag k='parking' v='surface' />
  </way>
  <way id='-39539'>
    <nd ref='-134816' />
    <nd ref='-134817' />
    <nd ref='-134818' />
    <nd ref='-134819' />
    <nd ref='-134820' />
    <nd ref='-134821' />
    <nd ref='-134822' />
    <nd ref='-134823' />
    <nd ref='-134824' />
    <nd ref='-134825' />
    <nd ref='-134826' />
    <nd ref='-134827' />
    <nd ref='-134828' />
    <nd ref='-134829' />
    <nd ref='-134830' />
    <nd ref='-134831' />
    <nd ref='-134832' />
    <nd ref='-134833' />
    <nd ref='-134834' />
    <nd ref='-134835' />
    <nd ref='-134816' />
    <tag k='amenity' v='parking' />
    <tag k='parking' v='surface' />
  </way>
  <way id='-39540'>
    <nd ref='-134836' />
    <nd ref='-134837' />
    <nd ref='-134838' />
    <nd ref='-134839' />
    <nd ref='-134840' />
    <nd ref='-134841' />
    <nd ref='-134842' />
    <nd ref='-134843' />
    <nd ref='-134844' />
    <nd ref='-134845' />
    <nd ref='-134846' />
    <nd ref='-134847' />
    <nd ref='-134848' />
    <nd ref='-134836' />
    <tag k='amenity' v='parking' />
    <tag k='parking' v='surface' />
  </way>
  <way id='-39541'>
    <nd ref='-134849' />
    <nd ref='-134850' />
    <nd ref='-134851' />
    <nd ref='-134852' />
    <nd ref='-134853' />
    <nd ref='-134854' />
    <nd ref='-134855' />
    <nd ref='-134856' />
    <nd ref='-134857' />
    <nd ref='-134858' />
    <nd ref='-134859' />
    <nd ref='-134860' />
    <nd ref='-134861' />
    <nd ref='-134862' />
    <nd ref='-134863' />
    <nd ref='-134864' />
    <nd ref='-134865' />
    <nd ref='-134866' />
    <nd ref='-134867' />
    <nd ref='-134868' />
    <nd ref='-134869' />
    <nd ref='-134870' />
    <nd ref='-134871' />
    <nd ref='-134872' />
    <nd ref='-134873' />
    <nd ref='-134849' />
    <tag k='amenity' v='parking' />
    <tag k='parking' v='surface' />
  </way>
  <way id='-39542'>
    <nd ref='-134874' />
    <nd ref='-134875' />
    <nd ref='-134876' />
    <nd ref='-134877' />
    <nd ref='-134878' />
    <nd ref='-134879' />
    <nd ref='-134880' />
    <nd ref='-134881' />
    <nd ref='-134882' />
    <nd ref='-134883' />
    <nd ref='-134884' />
    <nd ref='-134885' />
    <nd ref='-134886' />
    <nd ref='-134887' />
    <nd ref='-134888' />
    <nd ref='-134889' />
    <nd ref='-134890' />
    <nd ref='-134891' />
    <nd ref='-134892' />
    <nd ref='-134893' />
    <nd ref='-134894' />
    <nd ref='-134895' />
    <nd ref='-134896' />
    <nd ref='-134897' />
    <nd ref='-134898' />
    <nd ref='-134874' />
    <tag k='amenity' v='parking' />
    <tag k='parking' v='surface' />
  </way>
  <way id='-39543'>
    <nd ref='-134899' />
    <nd ref='-134900' />
    <nd ref='-134901' />
    <nd ref='-134902' />
    <nd ref='-134903' />
    <nd ref='-134904' />
    <nd ref='-134905' />
    <nd ref='-134906' />
    <nd ref='-134907' />
    <nd ref='-134908' />
    <nd ref='-134909' />
    <nd ref='-134910' />
    <nd ref='-134911' />
    <nd ref='-134912' />
    <nd ref='-134913' />
    <nd ref='-134914' />
    <nd ref='-134915' />
    <nd ref='-134916' />
    <nd ref='-134917' />
    <nd ref='-134918' />
    <nd ref='-134919' />
    <nd ref='-134920' />
    <nd ref='-134921' />
    <nd ref='-134922' />
    <nd ref='-134899' />
    <tag k='amenity' v='parking' />
    <tag k='parking' v='surface' />
  </way>
  <way id='-39544'>
    <nd ref='-134923' />
    <nd ref='-134924' />
    <nd ref='-134925' />
    <nd ref='-134926' />
    <nd ref='-134927' />
    <nd ref='-134928' />
    <nd ref='-134929' />
    <nd ref='-134930' />
    <nd ref='-134931' />
    <nd ref='-134932' />
    <nd ref='-134933' />
    <nd ref='-134934' />
    <nd ref='-134935' />
    <nd ref='-134936' />
    <nd ref='-134937' />
    <nd ref='-134938' />
    <nd ref='-134939' />
    <nd ref='-134940' />
    <nd ref='-134941' />
    <nd ref='-134942' />
    <nd ref='-134943' />
    <nd ref='-134944' />
    <nd ref='-134945' />
    <nd ref='-134946' />
    <nd ref='-134947' />
    <nd ref='-134948' />
    <nd ref='-134949' />
    <nd ref='-134950' />
    <nd ref='-134923' />
    <tag k='amenity' v='parking' />
    <tag k='parking' v='surface' />
  </way>
  <way id='-39545'>
    <nd ref='-134951' />
    <nd ref='-134952' />
    <nd ref='-134953' />
    <nd ref='-134954' />
    <nd ref='-134955' />
    <nd ref='-134956' />
    <nd ref='-134957' />
    <nd ref='-134958' />
    <nd ref='-134959' />
    <nd ref='-134960' />
    <nd ref='-134961' />
    <nd ref='-134962' />
    <nd ref='-134963' />
    <nd ref='-134964' />
    <nd ref='-134965' />
    <nd ref='-134966' />
    <nd ref='-134967' />
    <nd ref='-134968' />
    <nd ref='-134969' />
    <nd ref='-134970' />
    <nd ref='-134971' />
    <nd ref='-134972' />
    <nd ref='-134973' />
    <nd ref='-134974' />
    <nd ref='-134975' />
    <nd ref='-134976' />
    <nd ref='-134977' />
    <nd ref='-134978' />
    <nd ref='-134979' />
    <nd ref='-134980' />
    <nd ref='-134981' />
    <nd ref='-134982' />
    <nd ref='-134983' />
    <nd ref='-134984' />
    <nd ref='-134985' />
    <nd ref='-134986' />
    <nd ref='-134987' />
    <nd ref='-134988' />
    <nd ref='-134989' />
    <nd ref='-134951' />
    <tag k='amenity' v='parking' />
    <tag k='parking' v='surface' />
  </way>
  <way id='-39546'>
    <nd ref='-134990' />
    <nd ref='-134991' />
    <nd ref='-134992' />
    <nd ref='-134993' />
    <nd ref='-134994' />
    <nd ref='-134995' />
    <nd ref='-134996' />
    <nd ref='-134997' />
    <nd ref='-134998' />
    <nd ref='-134999' />
    <nd ref='-135000' />
    <nd ref='-134990' />
    <tag k='amenity' v='parking' />
    <tag k='parking' v='surface' />
  </way>
  <way id='-39547'>
    <nd ref='-135001' />
    <nd ref='-135002' />
    <nd ref='-135003' />
    <nd ref='-135004' />
    <nd ref='-135005' />
    <nd ref='-135006' />
    <nd ref='-135007' />
    <nd ref='-135008' />
    <nd ref='-135009' />
    <nd ref='-135010' />
    <nd ref='-135011' />
    <nd ref='-135012' />
    <nd ref='-135001' />
    <tag k='amenity' v='parking' />
    <tag k='parking' v='surface' />
  </way>
  <way id='-39548'>
    <nd ref='-135013' />
    <nd ref='-135014' />
    <nd ref='-135015' />
    <nd ref='-135016' />
    <nd ref='-135017' />
    <nd ref='-135018' />
    <nd ref='-135019' />
    <nd ref='-135020' />
    <nd ref='-135013' />
    <tag k='amenity' v='parking' />
    <tag k='parking' v='surface' />
  </way>
  <way id='-39549'>
    <nd ref='-135021' />
    <nd ref='-135022' />
    <nd ref='-135023' />
    <nd ref='-135024' />
    <nd ref='-135025' />
    <nd ref='-135026' />
    <nd ref='-135027' />
    <nd ref='-135028' />
    <nd ref='-135029' />
    <nd ref='-135030' />
    <nd ref='-135031' />
    <nd ref='-135032' />
    <nd ref='-135033' />
    <nd ref='-135034' />
    <nd ref='-135035' />
    <nd ref='-135036' />
    <nd ref='-135021' />
    <tag k='amenity' v='parking' />
    <tag k='parking' v='surface' />
  </way>
  <way id='-39550'>
    <nd ref='-135037' />
    <nd ref='-135038' />
    <nd ref='-135039' />
    <nd ref='-135040' />
    <nd ref='-135041' />
    <nd ref='-135042' />
    <nd ref='-135043' />
    <nd ref='-135044' />
    <nd ref='-135045' />
    <nd ref='-135046' />
    <nd ref='-135047' />
    <nd ref='-135048' />
    <nd ref='-135049' />
    <nd ref='-135050' />
    <nd ref='-135051' />
    <nd ref='-135052' />
    <nd ref='-135053' />
    <nd ref='-135054' />
    <nd ref='-135055' />
    <nd ref='-135056' />
    <nd ref='-135057' />
    <nd ref='-135058' />
    <nd ref='-135059' />
    <nd ref='-135060' />
    <nd ref='-135037' />
    <tag k='amenity' v='parking' />
    <tag k='parking' v='surface' />
  </way>
  <way id='-39551' action='modify'>
    <nd ref='-135061' />
    <nd ref='-135062' />
    <nd ref='-135063' />
    <nd ref='-135064' />
    <nd ref='-135065' />
    <nd ref='-135066' />
    <nd ref='-135067' />
    <nd ref='-135068' />
    <nd ref='-135069' />
    <nd ref='-135070' />
    <nd ref='-135071' />
    <nd ref='-135072' />
    <nd ref='-135073' />
    <nd ref='-135074' />
    <nd ref='-135075' />
    <nd ref='-135076' />
    <nd ref='-135077' />
    <nd ref='-135078' />
    <nd ref='-135079' />
    <nd ref='-135080' />
    <nd ref='-135081' />
    <nd ref='-135082' />
    <nd ref='-135083' />
    <nd ref='-135084' />
    <nd ref='-135086' />
    <nd ref='-135087' />
    <nd ref='-135061' />
    <tag k='amenity' v='parking' />
    <tag k='parking' v='surface' />
  </way>
  <way id='-39552'>
    <nd ref='-135088' />
    <nd ref='-135089' />
    <nd ref='-135090' />
    <nd ref='-135091' />
    <nd ref='-135092' />
    <nd ref='-135093' />
    <nd ref='-135094' />
    <nd ref='-135095' />
    <nd ref='-135096' />
    <nd ref='-135097' />
    <nd ref='-135098' />
    <nd ref='-135099' />
    <nd ref='-135100' />
    <nd ref='-135101' />
    <nd ref='-135102' />
    <nd ref='-135103' />
    <nd ref='-135104' />
    <nd ref='-135105' />
    <nd ref='-135106' />
    <nd ref='-135107' />
    <nd ref='-135108' />
    <nd ref='-135109' />
    <nd ref='-135110' />
    <nd ref='-135111' />
    <nd ref='-135112' />
    <nd ref='-135113' />
    <nd ref='-135114' />
    <nd ref='-135115' />
    <nd ref='-135116' />
    <nd ref='-135117' />
    <nd ref='-135118' />
    <nd ref='-135119' />
    <nd ref='-135120' />
    <nd ref='-135088' />
    <tag k='amenity' v='parking' />
    <tag k='parking' v='surface' />
  </way>
  <way id='-39553' action='modify'>
    <nd ref='-135121' />
    <nd ref='-135122' />
    <nd ref='-135123' />
    <nd ref='-135124' />
    <nd ref='-135125' />
    <nd ref='-135126' />
    <nd ref='-135127' />
    <nd ref='-135128' />
    <nd ref='-135130' />
    <nd ref='-135131' />
    <nd ref='-135132' />
    <nd ref='-135133' />
    <nd ref='-135134' />
    <nd ref='-135135' />
    <nd ref='-135136' />
    <nd ref='-135137' />
    <nd ref='-135138' />
    <nd ref='-135139' />
    <nd ref='-135140' />
    <nd ref='-135141' />
    <nd ref='-135142' />
    <nd ref='-135121' />
    <tag k='amenity' v='parking' />
    <tag k='parking' v='surface' />
  </way>
  <way id='-39554'>
    <nd ref='-135143' />
    <nd ref='-135144' />
    <nd ref='-135145' />
    <nd ref='-135146' />
    <nd ref='-135147' />
    <nd ref='-135148' />
    <nd ref='-135149' />
    <nd ref='-135150' />
    <nd ref='-135151' />
    <nd ref='-135152' />
    <nd ref='-135153' />
    <nd ref='-135154' />
    <nd ref='-135155' />
    <nd ref='-135156' />
    <nd ref='-135157' />
    <nd ref='-135158' />
    <nd ref='-135159' />
    <nd ref='-135160' />
    <nd ref='-135161' />
    <nd ref='-135162' />
    <nd ref='-135143' />
    <tag k='amenity' v='parking' />
    <tag k='parking' v='surface' />
  </way>
  <way id='-39555' action='modify'>
    <nd ref='-135164' />
    <nd ref='-135165' />
    <nd ref='-135166' />
    <nd ref='-135167' />
    <nd ref='-135168' />
    <nd ref='-135169' />
    <nd ref='-135170' />
    <nd ref='-135171' />
    <nd ref='-135172' />
    <nd ref='-135173' />
    <nd ref='-135174' />
    <nd ref='-135175' />
    <nd ref='-135176' />
    <nd ref='-135177' />
    <nd ref='-135178' />
    <nd ref='-135179' />
    <nd ref='-135180' />
    <nd ref='-135181' />
    <nd ref='-135182' />
    <nd ref='-135183' />
    <nd ref='-135184' />
    <nd ref='-135185' />
    <nd ref='-135186' />
    <nd ref='-135187' />
    <nd ref='-135188' />
    <nd ref='-135189' />
    <nd ref='-135190' />
    <nd ref='-135191' />
    <nd ref='-135192' />
    <nd ref='-135193' />
    <nd ref='-135164' />
    <tag k='amenity' v='parking' />
    <tag k='parking' v='surface' />
  </way>
  <way id='-39556' action='modify'>
    <nd ref='-135210' />
    <nd ref='-135195' />
    <nd ref='-135196' />
    <nd ref='-135197' />
    <nd ref='-135198' />
    <nd ref='-135199' />
    <nd ref='-135200' />
    <nd ref='-135201' />
    <nd ref='-135202' />
    <nd ref='-135203' />
    <nd ref='-135204' />
    <nd ref='-135205' />
    <nd ref='-135206' />
    <nd ref='-135207' />
    <nd ref='-135208' />
    <nd ref='-135209' />
    <nd ref='-135210' />
    <tag k='amenity' v='parking' />
    <tag k='parking' v='surface' />
  </way>
  <way id='-39557'>
    <nd ref='-135211' />
    <nd ref='-135212' />
    <nd ref='-135213' />
    <nd ref='-135214' />
    <nd ref='-135215' />
    <nd ref='-135216' />
    <nd ref='-135211' />
    <tag k='amenity' v='parking' />
    <tag k='parking' v='surface' />
  </way>
  <way id='-39558'>
    <nd ref='-135217' />
    <nd ref='-135218' />
    <nd ref='-135219' />
    <nd ref='-135220' />
    <nd ref='-135221' />
    <nd ref='-135222' />
    <nd ref='-135223' />
    <nd ref='-135224' />
    <nd ref='-135225' />
    <nd ref='-135226' />
    <nd ref='-135227' />
    <nd ref='-135228' />
    <nd ref='-135229' />
    <nd ref='-135230' />
    <nd ref='-135231' />
    <nd ref='-135232' />
    <nd ref='-135233' />
    <nd ref='-135234' />
    <nd ref='-135235' />
    <nd ref='-135236' />
    <nd ref='-135217' />
    <tag k='amenity' v='parking' />
    <tag k='parking' v='surface' />
  </way>
  <way id='-39559'>
    <nd ref='-135237' />
    <nd ref='-135238' />
    <nd ref='-135239' />
    <nd ref='-135240' />
    <nd ref='-135241' />
    <nd ref='-135242' />
    <nd ref='-135243' />
    <nd ref='-135244' />
    <nd ref='-135245' />
    <nd ref='-135246' />
    <nd ref='-135247' />
    <nd ref='-135248' />
    <nd ref='-135249' />
    <nd ref='-135250' />
    <nd ref='-135251' />
    <nd ref='-135252' />
    <nd ref='-135253' />
    <nd ref='-135254' />
    <nd ref='-135255' />
    <nd ref='-135256' />
    <nd ref='-135257' />
    <nd ref='-135258' />
    <nd ref='-135259' />
    <nd ref='-135260' />
    <nd ref='-135261' />
    <nd ref='-135262' />
    <nd ref='-135237' />
    <tag k='amenity' v='parking' />
    <tag k='parking' v='surface' />
  </way>
  <way id='-39560'>
    <nd ref='-135263' />
    <nd ref='-135264' />
    <nd ref='-135265' />
    <nd ref='-135266' />
    <nd ref='-135267' />
    <nd ref='-135268' />
    <nd ref='-135263' />
    <tag k='amenity' v='parking' />
    <tag k='parking' v='surface' />
  </way>
  <way id='-39561'>
    <nd ref='-135269' />
    <nd ref='-135270' />
    <nd ref='-135271' />
    <nd ref='-135272' />
    <nd ref='-135273' />
    <nd ref='-135274' />
    <nd ref='-135269' />
    <tag k='amenity' v='parking' />
    <tag k='parking' v='surface' />
  </way>
  <way id='-39562'>
    <nd ref='-135275' />
    <nd ref='-135276' />
    <nd ref='-135277' />
    <nd ref='-135278' />
    <nd ref='-135279' />
    <nd ref='-135280' />
    <nd ref='-135281' />
    <nd ref='-135282' />
    <nd ref='-135283' />
    <nd ref='-135284' />
    <nd ref='-135285' />
    <nd ref='-135286' />
    <nd ref='-135287' />
    <nd ref='-135288' />
    <nd ref='-135289' />
    <nd ref='-135290' />
    <nd ref='-135291' />
    <nd ref='-135292' />
    <nd ref='-135293' />
    <nd ref='-135294' />
    <nd ref='-135295' />
    <nd ref='-135296' />
    <nd ref='-135297' />
    <nd ref='-135298' />
    <nd ref='-135299' />
    <nd ref='-135300' />
    <nd ref='-135275' />
    <tag k='amenity' v='parking' />
    <tag k='parking' v='surface' />
  </way>
  <way id='-39563'>
    <nd ref='-135301' />
    <nd ref='-135302' />
    <nd ref='-135303' />
    <nd ref='-135304' />
    <nd ref='-135305' />
    <nd ref='-135306' />
    <nd ref='-135307' />
    <nd ref='-135308' />
    <nd ref='-135309' />
    <nd ref='-135310' />
    <nd ref='-135311' />
    <nd ref='-135312' />
    <nd ref='-135313' />
    <nd ref='-135314' />
    <nd ref='-135315' />
    <nd ref='-135316' />
    <nd ref='-135317' />
    <nd ref='-135318' />
    <nd ref='-135319' />
    <nd ref='-135320' />
    <nd ref='-135321' />
    <nd ref='-135322' />
    <nd ref='-135323' />
    <nd ref='-135324' />
    <nd ref='-135325' />
    <nd ref='-135326' />
    <nd ref='-135327' />
    <nd ref='-135328' />
    <nd ref='-135301' />
    <tag k='amenity' v='parking' />
    <tag k='parking' v='surface' />
  </way>
  <way id='-39564'>
    <nd ref='-135329' />
    <nd ref='-135330' />
    <nd ref='-135331' />
    <nd ref='-135332' />
    <nd ref='-135333' />
    <nd ref='-135334' />
    <nd ref='-135335' />
    <nd ref='-135336' />
    <nd ref='-135337' />
    <nd ref='-135338' />
    <nd ref='-135339' />
    <nd ref='-135340' />
    <nd ref='-135341' />
    <nd ref='-135342' />
    <nd ref='-135343' />
    <nd ref='-135344' />
    <nd ref='-135345' />
    <nd ref='-135346' />
    <nd ref='-135329' />
    <tag k='amenity' v='parking' />
    <tag k='parking' v='surface' />
  </way>
  <way id='-39565'>
    <nd ref='-135347' />
    <nd ref='-135348' />
    <nd ref='-135349' />
    <nd ref='-135350' />
    <nd ref='-135351' />
    <nd ref='-135352' />
    <nd ref='-135353' />
    <nd ref='-135354' />
    <nd ref='-135355' />
    <nd ref='-135356' />
    <nd ref='-135357' />
    <nd ref='-135358' />
    <nd ref='-135359' />
    <nd ref='-135360' />
    <nd ref='-135361' />
    <nd ref='-135362' />
    <nd ref='-135363' />
    <nd ref='-135364' />
    <nd ref='-135365' />
    <nd ref='-135366' />
    <nd ref='-135347' />
    <tag k='amenity' v='parking' />
    <tag k='parking' v='surface' />
  </way>
  <way id='-39566'>
    <nd ref='-135367' />
    <nd ref='-135368' />
    <nd ref='-135369' />
    <nd ref='-135370' />
    <nd ref='-135371' />
    <nd ref='-135372' />
    <nd ref='-135373' />
    <nd ref='-135374' />
    <nd ref='-135375' />
    <nd ref='-135376' />
    <nd ref='-135377' />
    <nd ref='-135378' />
    <nd ref='-135379' />
    <nd ref='-135380' />
    <nd ref='-135381' />
    <nd ref='-135382' />
    <nd ref='-135383' />
    <nd ref='-135384' />
    <nd ref='-135385' />
    <nd ref='-135386' />
    <nd ref='-135387' />
    <nd ref='-135388' />
    <nd ref='-135389' />
    <nd ref='-135390' />
    <nd ref='-135391' />
    <nd ref='-135392' />
    <nd ref='-135393' />
    <nd ref='-135394' />
    <nd ref='-135395' />
    <nd ref='-135396' />
    <nd ref='-135367' />
    <tag k='amenity' v='parking' />
    <tag k='parking' v='surface' />
  </way>
  <way id='-39567'>
    <nd ref='-135397' />
    <nd ref='-135398' />
    <nd ref='-135399' />
    <nd ref='-135400' />
    <nd ref='-135401' />
    <nd ref='-135402' />
    <nd ref='-135403' />
    <nd ref='-135404' />
    <nd ref='-135405' />
    <nd ref='-135406' />
    <nd ref='-135397' />
    <tag k='amenity' v='parking' />
    <tag k='parking' v='surface' />
  </way>
  <way id='-39568'>
    <nd ref='-135407' />
    <nd ref='-135408' />
    <nd ref='-135409' />
    <nd ref='-135410' />
    <nd ref='-135411' />
    <nd ref='-135412' />
    <nd ref='-135413' />
    <nd ref='-135414' />
    <nd ref='-135415' />
    <nd ref='-135416' />
    <nd ref='-135417' />
    <nd ref='-135418' />
    <nd ref='-135419' />
    <nd ref='-135420' />
    <nd ref='-135421' />
    <nd ref='-135422' />
    <nd ref='-135423' />
    <nd ref='-135424' />
    <nd ref='-135425' />
    <nd ref='-135426' />
    <nd ref='-135427' />
    <nd ref='-135428' />
    <nd ref='-135429' />
    <nd ref='-135430' />
    <nd ref='-135431' />
    <nd ref='-135407' />
    <tag k='amenity' v='parking' />
    <tag k='parking' v='surface' />
  </way>
  <way id='-39569'>
    <nd ref='-135432' />
    <nd ref='-135433' />
    <nd ref='-135434' />
    <nd ref='-135435' />
    <nd ref='-135436' />
    <nd ref='-135437' />
    <nd ref='-135438' />
    <nd ref='-135439' />
    <nd ref='-135440' />
    <nd ref='-135441' />
    <nd ref='-135442' />
    <nd ref='-135443' />
    <nd ref='-135444' />
    <nd ref='-135445' />
    <nd ref='-135446' />
    <nd ref='-135447' />
    <nd ref='-135448' />
    <nd ref='-135449' />
    <nd ref='-135450' />
    <nd ref='-135451' />
    <nd ref='-135452' />
    <nd ref='-135453' />
    <nd ref='-135454' />
    <nd ref='-135455' />
    <nd ref='-135456' />
    <nd ref='-135457' />
    <nd ref='-135458' />
    <nd ref='-135459' />
    <nd ref='-135460' />
    <nd ref='-135461' />
    <nd ref='-135462' />
    <nd ref='-135463' />
    <nd ref='-135464' />
    <nd ref='-135465' />
    <nd ref='-135466' />
    <nd ref='-135467' />
    <nd ref='-135468' />
    <nd ref='-135469' />
    <nd ref='-135470' />
    <nd ref='-135471' />
    <nd ref='-135472' />
    <nd ref='-135473' />
    <nd ref='-135432' />
    <tag k='amenity' v='parking' />
    <tag k='parking' v='surface' />
  </way>
  <way id='-39570'>
    <nd ref='-135474' />
    <nd ref='-135475' />
    <nd ref='-135476' />
    <nd ref='-135477' />
    <nd ref='-135478' />
    <nd ref='-135479' />
    <nd ref='-135480' />
    <nd ref='-135481' />
    <nd ref='-135482' />
    <nd ref='-135483' />
    <nd ref='-135484' />
    <nd ref='-135485' />
    <nd ref='-135486' />
    <nd ref='-135487' />
    <nd ref='-135488' />
    <nd ref='-135489' />
    <nd ref='-135490' />
    <nd ref='-135491' />
    <nd ref='-135492' />
    <nd ref='-135493' />
    <nd ref='-135474' />
    <tag k='amenity' v='parking' />
    <tag k='parking' v='surface' />
  </way>
  <way id='-39571'>
    <nd ref='-135494' />
    <nd ref='-135495' />
    <nd ref='-135496' />
    <nd ref='-135497' />
    <nd ref='-135494' />
    <tag k='amenity' v='parking' />
    <tag k='parking' v='surface' />
  </way>
  <way id='-39572'>
    <nd ref='-135498' />
    <nd ref='-135499' />
    <nd ref='-135500' />
    <nd ref='-135501' />
    <nd ref='-135502' />
    <nd ref='-135503' />
    <nd ref='-135504' />
    <nd ref='-135505' />
    <nd ref='-135506' />
    <nd ref='-135507' />
    <nd ref='-135508' />
    <nd ref='-135509' />
    <nd ref='-135510' />
    <nd ref='-135511' />
    <nd ref='-135512' />
    <nd ref='-135513' />
    <nd ref='-135514' />
    <nd ref='-135515' />
    <nd ref='-135516' />
    <nd ref='-135517' />
    <nd ref='-135518' />
    <nd ref='-135519' />
    <nd ref='-135520' />
    <nd ref='-135521' />
    <nd ref='-135522' />
    <nd ref='-135523' />
    <nd ref='-135524' />
    <nd ref='-135525' />
    <nd ref='-135526' />
    <nd ref='-135527' />
    <nd ref='-135528' />
    <nd ref='-135529' />
    <nd ref='-135530' />
    <nd ref='-135531' />
    <nd ref='-135532' />
    <nd ref='-135533' />
    <nd ref='-135534' />
    <nd ref='-135535' />
    <nd ref='-135536' />
    <nd ref='-135537' />
    <nd ref='-135538' />
    <nd ref='-135539' />
    <nd ref='-135540' />
    <nd ref='-135541' />
    <nd ref='-135542' />
    <nd ref='-135543' />
    <nd ref='-135544' />
    <nd ref='-135545' />
    <nd ref='-135546' />
    <nd ref='-135547' />
    <nd ref='-135548' />
    <nd ref='-135549' />
    <nd ref='-135550' />
    <nd ref='-135551' />
    <nd ref='-135552' />
    <nd ref='-135553' />
    <nd ref='-135554' />
    <nd ref='-135498' />
    <tag k='amenity' v='parking' />
    <tag k='parking' v='surface' />
  </way>
  <way id='-39573'>
    <nd ref='-135555' />
    <nd ref='-135556' />
    <nd ref='-135557' />
    <nd ref='-135558' />
    <nd ref='-135559' />
    <nd ref='-135560' />
    <nd ref='-135561' />
    <nd ref='-135562' />
    <nd ref='-135563' />
    <nd ref='-135564' />
    <nd ref='-135565' />
    <nd ref='-135566' />
    <nd ref='-135567' />
    <nd ref='-135568' />
    <nd ref='-135569' />
    <nd ref='-135570' />
    <nd ref='-135555' />
    <tag k='amenity' v='parking' />
    <tag k='parking' v='surface' />
  </way>
  <way id='-39574' action='modify'>
    <nd ref='-135578' />
    <nd ref='-130606' />
    <nd ref='-135579' />
    <tag k='highway' v='primary' />
    <tag k='lanes' v='2' />
    <tag k='maxspeed' v='50' />
    <tag k='oneway' v='no' />
    <tag k='osm_type' v='way' />
    <tag k='parking:both:orientation' v='parallel' />
    <tag k='sidewalk' v='both' />
    <tag k='surface' v='asphalt' />
    <tag k='width' v='11' />
  </way>
  <way id='-39575' action='modify'>
    <nd ref='-135606' />
    <nd ref='-130729' />
    <nd ref='-130730' />
    <nd ref='-130731' />
    <nd ref='-130732' />
    <nd ref='-130733' />
    <nd ref='-130734' />
    <nd ref='-130735' />
    <nd ref='-130736' />
    <nd ref='-130737' />
    <nd ref='-130738' />
    <nd ref='-130739' />
    <nd ref='-130740' />
    <nd ref='-130741' />
    <nd ref='-130742' />
    <nd ref='-130743' />
    <nd ref='-130744' />
    <nd ref='-130745' />
    <nd ref='-130746' />
    <nd ref='-130747' />
    <nd ref='-130748' />
    <nd ref='-130749' />
    <nd ref='-130750' />
    <nd ref='-130751' />
    <nd ref='-130752' />
    <nd ref='-130753' />
    <nd ref='-130754' />
    <nd ref='-130755' />
    <nd ref='-130756' />
    <nd ref='-130757' />
    <nd ref='-130758' />
    <nd ref='-130759' />
    <nd ref='-130559' />
    <tag k='highway' v='tertiary' />
    <tag k='lanes' v='2' />
    <tag k='maxspeed' v='50' />
    <tag k='oneway' v='no' />
    <tag k='osm_type' v='way' />
    <tag k='sidewalk' v='both' />
    <tag k='surface' v='asphalt' />
    <tag k='width' v='7' />
  </way>
  <way id='-39576' action='modify'>
    <nd ref='-135602' />
    <nd ref='-130798' />
    <nd ref='-130799' />
    <tag k='highway' v='residential' />
    <tag k='lanes' v='2' />
    <tag k='maxspeed' v='30' />
    <tag k='oneway' v='no' />
    <tag k='osm_type' v='way' />
    <tag k='sidewalk' v='both' />
    <tag k='surface' v='asphalt' />
    <tag k='width' v='5' />
  </way>
  <way id='-39577' action='modify'>
    <nd ref='-130605' />
    <nd ref='-135576' />
    <nd ref='-130603' />
    <nd ref='-135577' />
    <tag k='highway' v='primary' />
    <tag k='lanes' v='2' />
    <tag k='maxspeed' v='50' />
    <tag k='oneway' v='no' />
    <tag k='osm_type' v='way' />
    <tag k='sidewalk' v='both' />
    <tag k='surface' v='asphalt' />
    <tag k='width' v='11' />
  </way>
  <way id='-39578' action='modify'>
    <nd ref='-135577' />
    <nd ref='-135578' />
    <tag k='highway' v='primary' />
    <tag k='lanes' v='2' />
    <tag k='maxspeed' v='50' />
    <tag k='oneway' v='no' />
    <tag k='osm_type' v='way' />
    <tag k='sidewalk' v='both' />
    <tag k='surface' v='asphalt' />
    <tag k='width' v='11' />
  </way>
  <way id='-39579' action='modify'>
    <nd ref='-135579' />
    <nd ref='-130608' />
    <nd ref='-130607' />
    <nd ref='-135586' />
    <tag k='highway' v='primary' />
    <tag k='lanes' v='2' />
    <tag k='maxspeed' v='50' />
    <tag k='oneway' v='no' />
    <tag k='osm_type' v='way' />
    <tag k='sidewalk' v='both' />
    <tag k='surface' v='asphalt' />
    <tag k='width' v='11' />
  </way>
  <way id='-39580' action='modify'>
    <nd ref='-130592' />
    <nd ref='-135580' />
    <nd ref='-130590' />
    <nd ref='-130588' />
    <nd ref='-130586' />
    <nd ref='-130585' />
    <nd ref='-145816' />
    <nd ref='-130636' />
    <nd ref='-135581' />
    <tag k='highway' v='service' />
    <tag k='lanes' v='2' />
    <tag k='maxspeed' v='30' />
    <tag k='oneway' v='no' />
    <tag k='osm_type' v='way' />
    <tag k='sidewalk' v='both' />
    <tag k='surface' v='asphalt' />
    <tag k='width' v='10' />
  </way>
  <way id='-39581' action='modify'>
    <nd ref='-135582' />
    <nd ref='-135573' />
    <tag k='highway' v='primary' />
    <tag k='lanes' v='2' />
    <tag k='maxspeed' v='50' />
    <tag k='oneway' v='no' />
    <tag k='osm_type' v='way' />
    <tag k='sidewalk' v='both' />
    <tag k='surface' v='asphalt' />
    <tag k='width' v='11' />
  </way>
  <way id='-39582' action='modify'>
    <nd ref='-130599' />
    <nd ref='-135583' />
    <tag k='highway' v='pedestrian' />
    <tag k='lanes' v='2' />
    <tag k='maxspeed' v='30' />
    <tag k='oneway' v='no' />
    <tag k='osm_type' v='way' />
    <tag k='sidewalk' v='both' />
    <tag k='surface' v='paving_stones' />
    <tag k='width' v='5' />
  </way>
  <way id='-39583' action='modify'>
    <nd ref='-135584' />
    <nd ref='-135589' />
    <tag k='highway' v='primary' />
    <tag k='lanes' v='2' />
    <tag k='maxspeed' v='50' />
    <tag k='oneway' v='no' />
    <tag k='osm_type' v='way' />
    <tag k='sidewalk' v='both' />
    <tag k='surface' v='asphalt' />
    <tag k='width' v='11' />
  </way>
  <way id='-39584' action='modify'>
    <nd ref='-135585' />
    <nd ref='-135588' />
    <tag k='highway' v='secondary' />
    <tag k='lanes' v='2' />
    <tag k='maxspeed' v='50' />
    <tag k='oneway' v='no' />
    <tag k='osm_type' v='way' />
    <tag k='sidewalk' v='both' />
    <tag k='surface' v='asphalt' />
    <tag k='width' v='9' />
  </way>
  <way id='-39585' action='modify'>
    <nd ref='-135586' />
    <nd ref='-130593' />
    <nd ref='-135587' />
    <tag k='highway' v='primary' />
    <tag k='lanes' v='2' />
    <tag k='maxspeed' v='50' />
    <tag k='oneway' v='no' />
    <tag k='osm_type' v='way' />
    <tag k='sidewalk' v='both' />
    <tag k='surface' v='asphalt' />
    <tag k='width' v='11' />
  </way>
  <way id='-39586' action='modify'>
    <nd ref='-135587' />
    <nd ref='-136597' />
    <nd ref='-135588' />
    <nd ref='-136579' />
    <nd ref='-135589' />
    <nd ref='-136587' />
    <nd ref='-135590' />
    <nd ref='-136592' />
    <nd ref='-135587' />
    <tag k='highway' v='primary' />
    <tag k='lanes' v='1' />
    <tag k='oneway' v='yes' />
    <tag k='width' v='10' />
  </way>
  <way id='-39587' action='modify'>
    <nd ref='-130582' />
    <nd ref='-130583' />
    <nd ref='-130584' />
    <nd ref='-135585' />
    <tag k='highway' v='secondary' />
    <tag k='lanes' v='2' />
    <tag k='maxspeed' v='50' />
    <tag k='oneway' v='no' />
    <tag k='osm_type' v='way' />
    <tag k='sidewalk' v='both' />
    <tag k='surface' v='asphalt' />
    <tag k='width' v='9' />
  </way>
  <way id='-39588' action='modify'>
    <nd ref='-130581' />
    <nd ref='-130610' />
    <nd ref='-130582' />
    <tag k='highway' v='secondary' />
    <tag k='lanes' v='2' />
    <tag k='maxspeed' v='50' />
    <tag k='oneway' v='no' />
    <tag k='osm_type' v='way' />
    <tag k='sidewalk' v='both' />
    <tag k='surface' v='asphalt' />
    <tag k='width' v='9' />
  </way>
  <way id='-39589' action='modify'>
    <nd ref='-135616' />
    <nd ref='-130555' />
    <nd ref='-130556' />
    <nd ref='-130557' />
    <nd ref='-130558' />
    <nd ref='-130559' />
    <nd ref='-135599' />
    <tag k='highway' v='secondary' />
    <tag k='lanes' v='2' />
    <tag k='maxspeed' v='50' />
    <tag k='oneway' v='no' />
    <tag k='osm_type' v='way' />
    <tag k='sidewalk' v='both' />
    <tag k='surface' v='asphalt' />
    <tag k='width' v='9' />
  </way>
  <way id='-39590' action='modify'>
    <nd ref='-135592' />
    <nd ref='-130778' />
    <nd ref='-130561' />
    <tag k='highway' v='secondary' />
    <tag k='lanes' v='2' />
    <tag k='maxspeed' v='50' />
    <tag k='oneway' v='no' />
    <tag k='osm_type' v='way' />
    <tag k='sidewalk' v='both' />
    <tag k='surface' v='asphalt' />
    <tag k='width' v='9' />
  </way>
  <way id='-39591' action='modify'>
    <nd ref='-135591' />
    <nd ref='-135592' />
    <tag k='highway' v='secondary' />
    <tag k='lanes' v='2' />
    <tag k='maxspeed' v='50' />
    <tag k='oneway' v='no' />
    <tag k='osm_type' v='way' />
    <tag k='sidewalk' v='both' />
    <tag k='surface' v='asphalt' />
    <tag k='width' v='9' />
  </way>
  <way id='-39592' action='modify'>
    <nd ref='-130560' />
    <nd ref='-135593' />
    <tag k='highway' v='tertiary' />
    <tag k='lanes' v='2' />
    <tag k='maxspeed' v='50' />
    <tag k='oneway' v='no' />
    <tag k='osm_type' v='way' />
    <tag k='sidewalk' v='both' />
    <tag k='surface' v='asphalt' />
    <tag k='width' v='7' />
  </way>
  <way id='-39593' action='modify'>
    <nd ref='-135594' />
    <nd ref='-130560' />
    <nd ref='-130765' />
    <nd ref='-135591' />
    <tag k='highway' v='secondary' />
    <tag k='lanes' v='2' />
    <tag k='maxspeed' v='50' />
    <tag k='oneway' v='no' />
    <tag k='osm_type' v='way' />
    <tag k='sidewalk' v='both' />
    <tag k='surface' v='asphalt' />
    <tag k='width' v='9' />
  </way>
  <way id='-39594' action='modify'>
    <nd ref='-135593' />
    <nd ref='-130643' />
    <nd ref='-130644' />
    <nd ref='-130645' />
    <nd ref='-130646' />
    <nd ref='-130647' />
    <nd ref='-130648' />
    <nd ref='-130649' />
    <nd ref='-130650' />
    <nd ref='-130651' />
    <nd ref='-130652' />
    <nd ref='-130653' />
    <nd ref='-130654' />
    <nd ref='-130655' />
    <nd ref='-130656' />
    <nd ref='-130657' />
    <nd ref='-130658' />
    <nd ref='-130659' />
    <nd ref='-130660' />
    <nd ref='-130661' />
    <nd ref='-130662' />
    <nd ref='-130663' />
    <nd ref='-130664' />
    <nd ref='-130665' />
    <nd ref='-130666' />
    <nd ref='-130667' />
    <nd ref='-130668' />
    <nd ref='-130669' />
    <tag k='highway' v='tertiary' />
    <tag k='lanes' v='2' />
    <tag k='maxspeed' v='50' />
    <tag k='oneway' v='no' />
    <tag k='osm_type' v='way' />
    <tag k='sidewalk' v='both' />
    <tag k='surface' v='asphalt' />
    <tag k='width' v='7' />
  </way>
  <way id='-39595' action='modify'>
    <nd ref='-130669' />
    <nd ref='-130670' />
    <nd ref='-130671' />
    <nd ref='-130641' />
    <nd ref='-135595' />
    <tag k='highway' v='tertiary' />
    <tag k='lanes' v='2' />
    <tag k='maxspeed' v='50' />
    <tag k='oneway' v='no' />
    <tag k='osm_type' v='way' />
    <tag k='sidewalk' v='both' />
    <tag k='surface' v='asphalt' />
    <tag k='width' v='7' />
  </way>
  <way id='-39596' action='modify'>
    <nd ref='-135595' />
    <nd ref='-130672' />
    <nd ref='-135596' />
    <tag k='highway' v='tertiary' />
    <tag k='lanes' v='2' />
    <tag k='maxspeed' v='50' />
    <tag k='oneway' v='no' />
    <tag k='osm_type' v='way' />
    <tag k='sidewalk' v='both' />
    <tag k='surface' v='asphalt' />
    <tag k='width' v='7' />
  </way>
  <way id='-39597' action='modify'>
    <nd ref='-135596' />
    <nd ref='-130800' />
    <nd ref='-135597' />
    <tag k='highway' v='tertiary' />
    <tag k='lanes' v='2' />
    <tag k='maxspeed' v='50' />
    <tag k='oneway' v='no' />
    <tag k='osm_type' v='way' />
    <tag k='sidewalk' v='both' />
    <tag k='surface' v='asphalt' />
    <tag k='width' v='7' />
  </way>
  <way id='-39598' action='modify'>
    <nd ref='-135598' />
    <nd ref='-135594' />
    <tag k='highway' v='secondary' />
    <tag k='lanes' v='2' />
    <tag k='maxspeed' v='50' />
    <tag k='oneway' v='no' />
    <tag k='osm_type' v='way' />
    <tag k='sidewalk' v='both' />
    <tag k='surface' v='asphalt' />
    <tag k='width' v='9' />
  </way>
  <way id='-39599' action='modify'>
    <nd ref='-135599' />
    <nd ref='-130808' />
    <nd ref='-135598' />
    <tag k='highway' v='secondary' />
    <tag k='lanes' v='2' />
    <tag k='maxspeed' v='50' />
    <tag k='oneway' v='no' />
    <tag k='osm_type' v='way' />
    <tag k='sidewalk' v='both' />
    <tag k='surface' v='asphalt' />
    <tag k='width' v='9' />
  </way>
  <way id='-39600' action='modify'>
    <nd ref='-135600' />
    <nd ref='-130808' />
    <tag k='highway' v='residential' />
    <tag k='lanes' v='2' />
    <tag k='maxspeed' v='30' />
    <tag k='oneway' v='no' />
    <tag k='osm_type' v='way' />
    <tag k='sidewalk' v='both' />
    <tag k='surface' v='asphalt' />
    <tag k='width' v='5' />
  </way>
  <way id='-39601' action='modify'>
    <nd ref='-130698' />
    <nd ref='-130699' />
    <nd ref='-130700' />
    <nd ref='-130701' />
    <nd ref='-130702' />
    <nd ref='-135575' />
    <nd ref='-135574' />
    <tag k='highway' v='tertiary' />
    <tag k='lanes' v='2' />
    <tag k='maxspeed' v='50' />
    <tag k='oneway' v='no' />
    <tag k='osm_type' v='way' />
    <tag k='sidewalk' v='both' />
    <tag k='surface' v='asphalt' />
    <tag k='width' v='7' />
  </way>
  <way id='-39602' action='modify'>
    <nd ref='-135574' />
    <nd ref='-130703' />
    <nd ref='-135601' />
    <tag k='highway' v='tertiary' />
    <tag k='lanes' v='2' />
    <tag k='maxspeed' v='50' />
    <tag k='oneway' v='no' />
    <tag k='osm_type' v='way' />
    <tag k='sidewalk' v='both' />
    <tag k='surface' v='asphalt' />
    <tag k='width' v='7' />
  </way>
  <way id='-39603' action='modify'>
    <nd ref='-135575' />
    <nd ref='-135602' />
    <tag k='highway' v='residential' />
    <tag k='lanes' v='2' />
    <tag k='maxspeed' v='30' />
    <tag k='oneway' v='no' />
    <tag k='osm_type' v='way' />
    <tag k='sidewalk' v='both' />
    <tag k='surface' v='asphalt' />
    <tag k='width' v='5' />
  </way>
  <way id='-39604' action='modify'>
    <nd ref='-135603' />
    <nd ref='-135575' />
    <tag k='highway' v='residential' />
    <tag k='lanes' v='2' />
    <tag k='maxspeed' v='30' />
    <tag k='oneway' v='no' />
    <tag k='osm_type' v='way' />
    <tag k='sidewalk' v='both' />
    <tag k='surface' v='asphalt' />
    <tag k='width' v='5' />
  </way>
  <way id='-39605' action='modify'>
    <nd ref='-135601' />
    <nd ref='-130704' />
    <nd ref='-135604' />
    <tag k='highway' v='tertiary' />
    <tag k='lanes' v='2' />
    <tag k='maxspeed' v='50' />
    <tag k='oneway' v='no' />
    <tag k='osm_type' v='way' />
    <tag k='sidewalk' v='both' />
    <tag k='surface' v='asphalt' />
    <tag k='width' v='7' />
  </way>
  <way id='-39606' action='modify'>
    <nd ref='-130705' />
    <nd ref='-130706' />
    <nd ref='-130707' />
    <nd ref='-130708' />
    <nd ref='-130709' />
    <nd ref='-130710' />
    <nd ref='-130711' />
    <nd ref='-130712' />
    <nd ref='-130713' />
    <nd ref='-130714' />
    <nd ref='-130715' />
    <nd ref='-130716' />
    <nd ref='-130717' />
    <nd ref='-130718' />
    <nd ref='-130719' />
    <nd ref='-130720' />
    <nd ref='-130721' />
    <nd ref='-130722' />
    <nd ref='-130723' />
    <nd ref='-130724' />
    <nd ref='-130725' />
    <nd ref='-130726' />
    <nd ref='-130727' />
    <nd ref='-130728' />
    <nd ref='-135605' />
    <tag k='highway' v='tertiary' />
    <tag k='lanes' v='2' />
    <tag k='maxspeed' v='50' />
    <tag k='oneway' v='no' />
    <tag k='osm_type' v='way' />
    <tag k='sidewalk' v='both' />
    <tag k='surface' v='asphalt' />
    <tag k='width' v='7' />
  </way>
  <way id='-39607' action='modify'>
    <nd ref='-135604' />
    <nd ref='-130821' />
    <nd ref='-130705' />
    <tag k='highway' v='tertiary' />
    <tag k='lanes' v='2' />
    <tag k='maxspeed' v='50' />
    <tag k='oneway' v='no' />
    <tag k='osm_type' v='way' />
    <tag k='sidewalk' v='both' />
    <tag k='surface' v='asphalt' />
    <tag k='width' v='7' />
  </way>
  <way id='-39608' action='modify'>
    <nd ref='-135605' />
    <nd ref='-130806' />
    <tag k='highway' v='tertiary' />
    <tag k='lanes' v='2' />
    <tag k='maxspeed' v='50' />
    <tag k='oneway' v='no' />
    <tag k='osm_type' v='way' />
    <tag k='sidewalk' v='both' />
    <tag k='surface' v='asphalt' />
    <tag k='width' v='7' />
  </way>
  <way id='-39609' action='modify'>
    <nd ref='-130806' />
    <nd ref='-135606' />
    <tag k='highway' v='tertiary' />
    <tag k='lanes' v='2' />
    <tag k='maxspeed' v='50' />
    <tag k='oneway' v='no' />
    <tag k='osm_type' v='way' />
    <tag k='sidewalk' v='both' />
    <tag k='surface' v='asphalt' />
    <tag k='width' v='7' />
  </way>
  <way id='-39610' action='modify'>
    <nd ref='-130806' />
    <nd ref='-135607' />
    <tag k='highway' v='residential' />
    <tag k='lanes' v='2' />
    <tag k='maxspeed' v='30' />
    <tag k='oneway' v='no' />
    <tag k='osm_type' v='way' />
    <tag k='sidewalk' v='both' />
    <tag k='surface' v='asphalt' />
    <tag k='width' v='5' />
  </way>
  <way id='-39611' action='modify'>
    <nd ref='-130828' />
    <nd ref='-135608' />
    <tag k='highway' v='residential' />
    <tag k='lanes' v='2' />
    <tag k='maxspeed' v='30' />
    <tag k='oneway' v='no' />
    <tag k='osm_type' v='way' />
    <tag k='sidewalk' v='both' />
    <tag k='surface' v='asphalt' />
    <tag k='width' v='10' />
  </way>
  <way id='-39612' action='modify'>
    <nd ref='-135609' />
    <nd ref='-130829' />
    <tag k='highway' v='residential' />
    <tag k='lanes' v='2' />
    <tag k='maxspeed' v='30' />
    <tag k='oneway' v='no' />
    <tag k='osm_type' v='way' />
    <tag k='sidewalk' v='both' />
    <tag k='surface' v='asphalt' />
    <tag k='width' v='5' />
  </way>
  <way id='-39613' action='modify'>
    <nd ref='-135610' />
    <nd ref='-130829' />
    <tag k='highway' v='residential' />
    <tag k='lanes' v='2' />
    <tag k='maxspeed' v='30' />
    <tag k='oneway' v='no' />
    <tag k='osm_type' v='way' />
    <tag k='sidewalk' v='both' />
    <tag k='surface' v='asphalt' />
    <tag k='width' v='5' />
  </way>
  <way id='-39614' action='modify'>
    <nd ref='-130886' />
    <nd ref='-130889' />
    <nd ref='-130988' />
    <nd ref='-135611' />
    <tag k='highway' v='residential' />
    <tag k='lanes' v='2' />
    <tag k='maxspeed' v='30' />
    <tag k='oneway' v='no' />
    <tag k='osm_type' v='way' />
    <tag k='sidewalk' v='both' />
    <tag k='surface' v='asphalt' />
    <tag k='width' v='5' />
  </way>
  <way id='-39615' action='modify'>
    <nd ref='-135611' />
    <nd ref='-130991' />
    <nd ref='-135612' />
    <tag k='highway' v='residential' />
    <tag k='lanes' v='2' />
    <tag k='maxspeed' v='30' />
    <tag k='oneway' v='no' />
    <tag k='osm_type' v='way' />
    <tag k='sidewalk' v='both' />
    <tag k='surface' v='asphalt' />
    <tag k='width' v='5' />
  </way>
  <way id='-39616' action='modify'>
    <nd ref='-135571' />
    <nd ref='-135620' />
    <nd ref='-130786' />
    <nd ref='-130554' />
    <nd ref='-130600' />
    <tag k='highway' v='secondary' />
    <tag k='lanes' v='2' />
    <tag k='maxspeed' v='50' />
    <tag k='oneway' v='no' />
    <tag k='osm_type' v='way' />
    <tag k='sidewalk' v='both' />
    <tag k='surface' v='asphalt' />
    <tag k='width' v='9' />
  </way>
  <way id='-39617' action='modify'>
    <nd ref='-135613' />
    <nd ref='-130598' />
    <nd ref='-135614' />
    <tag k='highway' v='secondary' />
    <tag k='lanes' v='2' />
    <tag k='maxspeed' v='50' />
    <tag k='oneway' v='no' />
    <tag k='osm_type' v='way' />
    <tag k='sidewalk' v='both' />
    <tag k='surface' v='asphalt' />
    <tag k='width' v='9' />
  </way>
  <way id='-39618' action='modify'>
    <nd ref='-135614' />
    <nd ref='-135615' />
    <tag k='highway' v='secondary' />
    <tag k='lanes' v='2' />
    <tag k='maxspeed' v='50' />
    <tag k='oneway' v='no' />
    <tag k='osm_type' v='way' />
    <tag k='sidewalk' v='both' />
    <tag k='surface' v='asphalt' />
    <tag k='width' v='9' />
  </way>
  <way id='-39619' action='modify'>
    <nd ref='-135615' />
    <nd ref='-130640' />
    <nd ref='-135616' />
    <tag k='highway' v='secondary' />
    <tag k='lanes' v='2' />
    <tag k='maxspeed' v='50' />
    <tag k='oneway' v='no' />
    <tag k='osm_type' v='way' />
    <tag k='sidewalk' v='both' />
    <tag k='surface' v='asphalt' />
    <tag k='width' v='9' />
  </way>
  <way id='-39620' action='modify'>
    <nd ref='-135617' />
    <nd ref='-130597' />
    <nd ref='-135618' />
    <tag k='highway' v='secondary' />
    <tag k='lanes' v='2' />
    <tag k='maxspeed' v='50' />
    <tag k='oneway' v='no' />
    <tag k='osm_type' v='way' />
    <tag k='sidewalk' v='both' />
    <tag k='surface' v='asphalt' />
    <tag k='width' v='9' />
  </way>
  <way id='-39621' action='modify'>
    <nd ref='-135618' />
    <nd ref='-135613' />
    <tag k='highway' v='secondary' />
    <tag k='lanes' v='2' />
    <tag k='maxspeed' v='50' />
    <tag k='oneway' v='no' />
    <tag k='osm_type' v='way' />
    <tag k='sidewalk' v='both' />
    <tag k='surface' v='asphalt' />
    <tag k='width' v='9' />
  </way>
  <way id='-39622' action='modify'>
    <nd ref='-130600' />
    <nd ref='-135619' />
    <tag k='highway' v='secondary' />
    <tag k='lanes' v='2' />
    <tag k='maxspeed' v='50' />
    <tag k='oneway' v='no' />
    <tag k='osm_type' v='way' />
    <tag k='sidewalk' v='both' />
    <tag k='surface' v='asphalt' />
    <tag k='width' v='9' />
  </way>
  <way id='-39623' action='modify'>
    <nd ref='-135619' />
    <nd ref='-135617' />
    <tag k='highway' v='secondary' />
    <tag k='lanes' v='2' />
    <tag k='maxspeed' v='50' />
    <tag k='oneway' v='no' />
    <tag k='osm_type' v='way' />
    <tag k='sidewalk' v='both' />
    <tag k='surface' v='asphalt' />
    <tag k='width' v='9' />
  </way>
  <way id='-39624' action='modify'>
    <nd ref='-135621' />
    <nd ref='-130820' />
    <tag k='highway' v='residential' />
    <tag k='lanes' v='2' />
    <tag k='maxspeed' v='30' />
    <tag k='oneway' v='no' />
    <tag k='osm_type' v='way' />
    <tag k='sidewalk' v='both' />
    <tag k='surface' v='asphalt' />
    <tag k='width' v='5' />
  </way>
  <way id='-39625' action='modify'>
    <nd ref='-135622' />
    <nd ref='-135623' />
    <nd ref='-130825' />
    <nd ref='-135624' />
    <nd ref='-135625' />
    <nd ref='-130826' />
    <nd ref='-137821' />
    <nd ref='-130827' />
    <tag k='highway' v='residential' />
    <tag k='lanes' v='2' />
    <tag k='maxspeed' v='30' />
    <tag k='oneway' v='no' />
    <tag k='osm_type' v='way' />
    <tag k='sidewalk' v='both' />
    <tag k='surface' v='asphalt' />
    <tag k='width' v='5' />
  </way>
  <way id='-39626' action='modify'>
    <nd ref='-135623' />
    <nd ref='-130819' />
    <tag k='highway' v='residential' />
    <tag k='lanes' v='2' />
    <tag k='maxspeed' v='30' />
    <tag k='oneway' v='no' />
    <tag k='osm_type' v='way' />
    <tag k='sidewalk' v='both' />
    <tag k='surface' v='asphalt' />
    <tag k='width' v='5' />
  </way>
  <way id='-39627' action='modify'>
    <nd ref='-135626' />
    <nd ref='-135630' />
    <nd ref='-135627' />
    <nd ref='-135631' />
    <nd ref='-135628' />
    <nd ref='-135632' />
    <nd ref='-135629' />
    <tag k='highway' v='pedestrian' />
    <tag k='width' v='10' />
  </way>
  <way id='-39628' action='modify'>
    <nd ref='-135630' />
    <nd ref='-135625' />
    <tag k='highway' v='pedestrian' />
    <tag k='width' v='10' />
  </way>
  <way id='-39629' action='modify'>
    <nd ref='-135631' />
    <nd ref='-135623' />
    <tag k='highway' v='pedestrian' />
    <tag k='width' v='10' />
  </way>
  <way id='-39630' action='modify'>
    <nd ref='-135632' />
    <nd ref='-135621' />
    <tag k='highway' v='pedestrian' />
    <tag k='width' v='10' />
  </way>
  <way id='-39631' action='modify'>
    <nd ref='-135638' />
    <nd ref='-135635' />
    <nd ref='-135636' />
    <nd ref='-135637' />
    <nd ref='-136751' />
    <tag k='highway' v='residential' />
    <tag k='lanes' v='2' />
    <tag k='maxspeed' v='30' />
    <tag k='sidewalk' v='both' />
    <tag k='width' v='10' />
  </way>
  <way id='-39633' action='modify'>
    <nd ref='-135643' />
    <nd ref='-135644' />
    <nd ref='-136876' />
    <nd ref='-135645' />
    <nd ref='-135646' />
    <nd ref='-135643' />
    <tag k='building' v='office' />
    <tag k='building:levels' v='1' />
    <tag k='office' v='company' />
  </way>
  <way id='-41764' action='modify'>
    <nd ref='-135741' />
    <nd ref='-135742' />
    <nd ref='-135743' />
    <nd ref='-135744' />
    <nd ref='-135741' />
    <tag k='amenity' v='parking' />
    <tag k='parking' v='surface' />
  </way>
  <way id='-41827' action='modify'>
    <nd ref='-135749' />
    <nd ref='-135750' />
    <nd ref='-135751' />
    <nd ref='-135752' />
    <nd ref='-135749' />
    <tag k='amenity' v='parking' />
    <tag k='parking' v='surface' />
  </way>
  <way id='-41871' action='modify'>
    <nd ref='-135761' />
    <nd ref='-135762' />
    <nd ref='-135763' />
    <nd ref='-135764' />
    <nd ref='-135761' />
    <tag k='amenity' v='parking' />
    <tag k='parking' v='surface' />
  </way>
  <way id='-41889' action='modify'>
    <nd ref='-135770' />
    <nd ref='-135771' />
    <nd ref='-135772' />
    <nd ref='-135773' />
    <nd ref='-135770' />
    <tag k='amenity' v='parking' />
    <tag k='parking' v='surface' />
  </way>
  <way id='-41917' action='modify'>
    <nd ref='-135781' />
    <nd ref='-135782' />
    <nd ref='-135783' />
    <nd ref='-135784' />
    <nd ref='-135781' />
    <tag k='amenity' v='parking' />
    <tag k='parking' v='surface' />
  </way>
  <way id='-43376' action='modify'>
    <nd ref='-136077' />
    <nd ref='-136108' />
    <nd ref='-135996' />
    <nd ref='-136126' />
    <nd ref='-135995' />
    <nd ref='-136142' />
    <nd ref='-131016' />
    <nd ref='-136162' />
    <nd ref='-136077' />
    <tag k='highway' v='trunk' />
    <tag k='lanes' v='1' />
    <tag k='maxspeed' v='90' />
    <tag k='oneway' v='yes' />
    <tag k='ref' v='N 2' />
    <tag k='width' v='15' />
  </way>
  <way id='-43437' action='modify'>
    <nd ref='-136266' />
    <nd ref='-136244' />
    <nd ref='-131024' />
    <nd ref='-136230' />
    <nd ref='-136269' />
    <nd ref='-136251' />
    <nd ref='-136268' />
    <nd ref='-136260' />
    <nd ref='-136266' />
    <tag k='highway' v='trunk' />
    <tag k='lanes' v='1' />
    <tag k='maxspeed' v='90' />
    <tag k='oneway' v='yes' />
    <tag k='ref' v='N 2' />
    <tag k='sidewalk' v='no' />
  </way>
  <way id='-43478' action='modify'>
    <nd ref='-135996' />
    <nd ref='-131018' />
    <nd ref='-131019' />
    <nd ref='-131020' />
    <nd ref='-131021' />
    <nd ref='-131022' />
    <nd ref='-131023' />
    <nd ref='-136268' />
    <tag k='highway' v='trunk' />
    <tag k='lanes' v='2' />
    <tag k='maxspeed' v='90' />
    <tag k='oneway' v='no' />
    <tag k='osm_id' v='25778913' />
    <tag k='osm_type' v='way' />
    <tag k='ref' v='N 2' />
    <tag k='sidewalk' v='no' />
    <tag k='surface' v='asphalt' />
    <tag k='width' v='7' />
  </way>
  <way id='-43487' action='modify'>
    <nd ref='-136269' />
    <nd ref='-135582' />
    <tag k='highway' v='primary' />
    <tag k='lanes' v='2' />
    <tag k='maxspeed' v='50' />
    <tag k='oneway' v='no' />
    <tag k='osm_type' v='way' />
    <tag k='sidewalk' v='both' />
    <tag k='surface' v='asphalt' />
    <tag k='width' v='11' />
  </way>
  <way id='-43716' action='modify'>
    <nd ref='-136557' />
    <nd ref='-136558' />
    <nd ref='-136559' />
    <nd ref='-136560' />
    <nd ref='-136561' />
    <nd ref='-136562' />
    <nd ref='-136563' />
    <nd ref='-136564' />
    <nd ref='-136557' />
    <tag k='name' v='buffer' />
    <tag k='natural' v='wood' />
  </way>
  <way id='-44022' action='modify'>
    <nd ref='-136661' />
    <nd ref='-136662' />
    <nd ref='-136663' />
    <nd ref='-136664' />
    <nd ref='-136661' />
    <tag k='building' v='office' />
    <tag k='building:levels' v='4' />
    <tag k='office' v='company' />
  </way>
  <way id='-44115' action='modify'>
    <nd ref='-136672' />
    <nd ref='-136673' />
    <nd ref='-136674' />
    <nd ref='-136675' />
    <nd ref='-136672' />
    <tag k='building' v='office' />
    <tag k='building:levels' v='1' />
    <tag k='office' v='company' />
  </way>
  <way id='-44717' action='modify'>
    <nd ref='-131004' />
    <nd ref='-136733' />
    <nd ref='-131005' />
    <nd ref='-136783' />
    <nd ref='-131006' />
    <nd ref='-131010' />
    <nd ref='-131011' />
    <nd ref='-131012' />
    <nd ref='-131013' />
    <nd ref='-131014' />
    <nd ref='-131002' />
    <nd ref='-131015' />
    <nd ref='-131016' />
    <tag k='highway' v='trunk' />
    <tag k='lanes' v='2' />
    <tag k='maxspeed' v='90' />
    <tag k='oneway' v='no' />
    <tag k='osm_id' v='25778913' />
    <tag k='osm_type' v='way' />
    <tag k='ref' v='N 2' />
    <tag k='sidewalk' v='no' />
    <tag k='surface' v='asphalt' />
    <tag k='width' v='7' />
  </way>
  <way id='-44865' action='modify'>
    <nd ref='-130828' />
    <nd ref='-135633' />
    <nd ref='-136751' />
    <nd ref='-135634' />
    <nd ref='-135638' />
    <tag k='highway' v='residential' />
    <tag k='lanes' v='2' />
    <tag k='maxspeed' v='30' />
    <tag k='sidewalk' v='both' />
    <tag k='width' v='10' />
  </way>
  <way id='-45427' action='modify'>
    <nd ref='-136782' />
    <nd ref='-136783' />
    <tag k='highway' v='primary' />
  </way>
  <way id='-45695' action='modify'>
    <nd ref='-136846' />
    <nd ref='-136847' />
    <nd ref='-136848' />
    <nd ref='-136849' />
    <nd ref='-136850' />
    <nd ref='-136851' />
    <nd ref='-136852' />
    <nd ref='-136853' />
    <nd ref='-136854' />
    <nd ref='-136855' />
    <nd ref='-136856' />
    <nd ref='-136857' />
    <nd ref='-136858' />
    <nd ref='-136846' />
    <tag k='natural' v='wood' />
  </way>
  <way id='-49317' action='modify'>
    <nd ref='-145808' />
    <nd ref='-145809' />
    <nd ref='-145810' />
    <nd ref='-145811' />
    <nd ref='-145808' />
    <tag k='building' v='office' />
    <tag k='building:levels' v='4' />
    <tag k='office' v='company' />
  </way>
  <way id='-49454' action='modify'>
    <nd ref='-145816' />
    <nd ref='-145817' />
    <tag k='highway' v='service' />
    <tag k='service' v='parking_aisle' />
  </way>
  <relation id='-18112' action='modify'>
    <member type='way' ref='-43487' role='' />
    <member type='way' ref='-39581' role='' />
    <tag k='highway' v='primary' />
    <tag k='lanes' v='2' />
    <tag k='maxspeed' v='50' />
    <tag k='oneway' v='no' />
    <tag k='osm_type' v='way' />
    <tag k='sidewalk' v='both' />
    <tag k='surface' v='asphalt' />
    <tag k='width' v='11' />
  </relation>
  <relation id='-18113' action='modify'>
    <member type='way' ref='-39616' role='' />
    <member type='way' ref='-39622' role='' />
    <member type='way' ref='-39623' role='' />
    <member type='way' ref='-39620' role='' />
    <member type='way' ref='-39621' role='' />
    <member type='way' ref='-39617' role='' />
    <member type='way' ref='-39618' role='' />
    <member type='way' ref='-39619' role='' />
    <member type='way' ref='-39589' role='' />
    <member type='way' ref='-39599' role='' />
    <member type='way' ref='-39598' role='' />
    <member type='way' ref='-39593' role='' />
    <member type='way' ref='-39591' role='' />
    <member type='way' ref='-39590' role='' />
    <member type='way' ref='-38975' role='' />
    <member type='way' ref='-39588' role='' />
    <member type='way' ref='-39587' role='' />
    <member type='way' ref='-39584' role='' />
    <tag k='highway' v='secondary' />
    <tag k='lanes' v='2' />
    <tag k='maxspeed' v='50' />
    <tag k='oneway' v='no' />
    <tag k='osm_type' v='way' />
    <tag k='sidewalk' v='both' />
    <tag k='surface' v='asphalt' />
    <tag k='width' v='9' />
  </relation>
  <relation id='-18114' action='modify'>
    <member type='way' ref='-38976' role='' />
    <tag k='highway' v='service' />
    <tag k='lanes' v='2' />
    <tag k='maxspeed' v='30' />
    <tag k='oneway' v='no' />
    <tag k='osm_type' v='way' />
    <tag k='sidewalk' v='both' />
    <tag k='surface' v='asphalt' />
    <tag k='width' v='5' />
  </relation>
  <relation id='-18115'>
    <member type='way' ref='-38977' role='' />
    <tag k='highway' v='service' />
    <tag k='lanes' v='2' />
    <tag k='maxspeed' v='30' />
    <tag k='oneway' v='no' />
    <tag k='osm_type' v='way' />
    <tag k='sidewalk' v='both' />
    <tag k='surface' v='asphalt' />
    <tag k='width' v='5' />
  </relation>
  <relation id='-18116'>
    <member type='way' ref='-38978' role='' />
    <tag k='highway' v='service' />
    <tag k='lanes' v='2' />
    <tag k='maxspeed' v='30' />
    <tag k='oneway' v='no' />
    <tag k='osm_type' v='way' />
    <tag k='sidewalk' v='both' />
    <tag k='surface' v='asphalt' />
    <tag k='width' v='5' />
  </relation>
  <relation id='-18117'>
    <member type='way' ref='-38979' role='' />
    <tag k='highway' v='service' />
    <tag k='lanes' v='2' />
    <tag k='maxspeed' v='30' />
    <tag k='oneway' v='no' />
    <tag k='osm_type' v='way' />
    <tag k='sidewalk' v='both' />
    <tag k='surface' v='asphalt' />
    <tag k='width' v='5' />
  </relation>
  <relation id='-18118'>
    <member type='way' ref='-38980' role='' />
    <tag k='highway' v='service' />
    <tag k='lanes' v='2' />
    <tag k='maxspeed' v='30' />
    <tag k='oneway' v='no' />
    <tag k='osm_type' v='way' />
    <tag k='sidewalk' v='both' />
    <tag k='surface' v='asphalt' />
    <tag k='width' v='5' />
  </relation>
  <relation id='-18119'>
    <member type='way' ref='-38981' role='' />
    <tag k='highway' v='residential' />
    <tag k='lanes' v='2' />
    <tag k='maxspeed' v='30' />
    <tag k='oneway' v='no' />
    <tag k='osm_type' v='way' />
    <tag k='sidewalk' v='both' />
    <tag k='surface' v='asphalt' />
    <tag k='width' v='5' />
  </relation>
  <relation id='-18120'>
    <member type='way' ref='-38982' role='' />
    <tag k='highway' v='residential' />
    <tag k='lanes' v='2' />
    <tag k='maxspeed' v='30' />
    <tag k='oneway' v='no' />
    <tag k='osm_type' v='way' />
    <tag k='sidewalk' v='both' />
    <tag k='surface' v='asphalt' />
    <tag k='width' v='5' />
  </relation>
  <relation id='-18121' action='modify'>
    <member type='way' ref='-38983' role='' />
    <member type='way' ref='-39582' role='' />
    <tag k='highway' v='residential' />
    <tag k='lanes' v='2' />
    <tag k='maxspeed' v='30' />
    <tag k='oneway' v='no' />
    <tag k='osm_type' v='way' />
    <tag k='sidewalk' v='both' />
    <tag k='surface' v='asphalt' />
    <tag k='width' v='5' />
  </relation>
  <relation id='-18122'>
    <member type='way' ref='-38984' role='' />
    <tag k='highway' v='residential' />
    <tag k='lanes' v='2' />
    <tag k='maxspeed' v='30' />
    <tag k='oneway' v='no' />
    <tag k='osm_type' v='way' />
    <tag k='sidewalk' v='both' />
    <tag k='surface' v='asphalt' />
    <tag k='width' v='5' />
  </relation>
  <relation id='-18123'>
    <member type='way' ref='-38985' role='' />
    <tag k='highway' v='residential' />
    <tag k='lanes' v='2' />
    <tag k='maxspeed' v='30' />
    <tag k='oneway' v='no' />
    <tag k='osm_type' v='way' />
    <tag k='sidewalk' v='both' />
    <tag k='surface' v='asphalt' />
    <tag k='width' v='5' />
  </relation>
  <relation id='-18124'>
    <member type='way' ref='-38986' role='' />
    <tag k='highway' v='residential' />
    <tag k='lanes' v='2' />
    <tag k='maxspeed' v='30' />
    <tag k='oneway' v='no' />
    <tag k='osm_type' v='way' />
    <tag k='sidewalk' v='both' />
    <tag k='surface' v='asphalt' />
    <tag k='width' v='5' />
  </relation>
  <relation id='-18125' action='modify'>
    <member type='way' ref='-38987' role='' />
    <member type='way' ref='-39577' role='' />
    <member type='way' ref='-39578' role='' />
    <member type='way' ref='-39574' role='' />
    <member type='way' ref='-39579' role='' />
    <member type='way' ref='-39585' role='' />
    <tag k='highway' v='primary' />
    <tag k='lanes' v='2' />
    <tag k='maxspeed' v='50' />
    <tag k='oneway' v='no' />
    <tag k='osm_type' v='way' />
    <tag k='sidewalk' v='both' />
    <tag k='surface' v='asphalt' />
    <tag k='width' v='11' />
  </relation>
  <relation id='-18126'>
    <member type='way' ref='-38988' role='' />
    <tag k='highway' v='residential' />
    <tag k='lanes' v='2' />
    <tag k='maxspeed' v='30' />
    <tag k='oneway' v='no' />
    <tag k='osm_type' v='way' />
    <tag k='sidewalk' v='both' />
    <tag k='surface' v='asphalt' />
    <tag k='width' v='5' />
  </relation>
  <relation id='-18127'>
    <member type='way' ref='-38989' role='' />
    <tag k='highway' v='residential' />
    <tag k='lanes' v='2' />
    <tag k='maxspeed' v='30' />
    <tag k='oneway' v='no' />
    <tag k='osm_type' v='way' />
    <tag k='sidewalk' v='both' />
    <tag k='surface' v='asphalt' />
    <tag k='width' v='5' />
  </relation>
  <relation id='-18128'>
    <member type='way' ref='-38990' role='' />
    <tag k='highway' v='residential' />
    <tag k='lanes' v='2' />
    <tag k='maxspeed' v='30' />
    <tag k='oneway' v='no' />
    <tag k='osm_type' v='way' />
    <tag k='sidewalk' v='both' />
    <tag k='surface' v='asphalt' />
    <tag k='width' v='5' />
  </relation>
  <relation id='-18129' action='modify'>
    <member type='way' ref='-38991' role='' />
    <member type='way' ref='-39583' role='' />
    <tag k='highway' v='primary' />
    <tag k='lanes' v='2' />
    <tag k='maxspeed' v='50' />
    <tag k='oneway' v='no' />
    <tag k='osm_type' v='way' />
    <tag k='sidewalk' v='both' />
    <tag k='surface' v='asphalt' />
    <tag k='width' v='11' />
  </relation>
  <relation id='-18130'>
    <member type='way' ref='-38992' role='' />
    <tag k='highway' v='service' />
    <tag k='lanes' v='2' />
    <tag k='maxspeed' v='30' />
    <tag k='oneway' v='no' />
    <tag k='osm_type' v='way' />
    <tag k='sidewalk' v='both' />
    <tag k='surface' v='asphalt' />
    <tag k='width' v='5' />
  </relation>
  <relation id='-18131'>
    <member type='way' ref='-38993' role='' />
    <tag k='highway' v='residential' />
    <tag k='lanes' v='2' />
    <tag k='maxspeed' v='30' />
    <tag k='oneway' v='no' />
    <tag k='osm_type' v='way' />
    <tag k='sidewalk' v='both' />
    <tag k='surface' v='asphalt' />
    <tag k='width' v='5' />
  </relation>
  <relation id='-18132'>
    <member type='way' ref='-38994' role='' />
    <tag k='highway' v='residential' />
    <tag k='lanes' v='2' />
    <tag k='maxspeed' v='30' />
    <tag k='oneway' v='no' />
    <tag k='osm_type' v='way' />
    <tag k='sidewalk' v='both' />
    <tag k='surface' v='asphalt' />
    <tag k='width' v='5' />
  </relation>
  <relation id='-18133'>
    <member type='way' ref='-38995' role='' />
    <tag k='highway' v='residential' />
    <tag k='lanes' v='2' />
    <tag k='maxspeed' v='30' />
    <tag k='oneway' v='no' />
    <tag k='osm_type' v='way' />
    <tag k='sidewalk' v='both' />
    <tag k='surface' v='asphalt' />
    <tag k='width' v='5' />
  </relation>
  <relation id='-18134' action='modify'>
    <member type='way' ref='-39592' role='' />
    <member type='way' ref='-39594' role='' />
    <member type='way' ref='-39595' role='' />
    <member type='way' ref='-39596' role='' />
    <member type='way' ref='-39597' role='' />
    <member type='way' ref='-38996' role='' />
    <member type='way' ref='-39601' role='' />
    <member type='way' ref='-39602' role='' />
    <member type='way' ref='-39605' role='' />
    <member type='way' ref='-39607' role='' />
    <member type='way' ref='-39606' role='' />
    <member type='way' ref='-39608' role='' />
    <member type='way' ref='-39609' role='' />
    <member type='way' ref='-39575' role='' />
    <tag k='highway' v='tertiary' />
    <tag k='lanes' v='2' />
    <tag k='maxspeed' v='50' />
    <tag k='oneway' v='no' />
    <tag k='osm_type' v='way' />
    <tag k='sidewalk' v='both' />
    <tag k='surface' v='asphalt' />
    <tag k='width' v='7' />
  </relation>
  <relation id='-18135'>
    <member type='way' ref='-38997' role='' />
    <tag k='highway' v='residential' />
    <tag k='lanes' v='2' />
    <tag k='maxspeed' v='30' />
    <tag k='oneway' v='no' />
    <tag k='osm_type' v='way' />
    <tag k='sidewalk' v='both' />
    <tag k='surface' v='asphalt' />
    <tag k='width' v='5' />
  </relation>
  <relation id='-18136'>
    <member type='way' ref='-38998' role='' />
    <tag k='highway' v='residential' />
    <tag k='lanes' v='2' />
    <tag k='maxspeed' v='30' />
    <tag k='oneway' v='no' />
    <tag k='osm_type' v='way' />
    <tag k='sidewalk' v='both' />
    <tag k='surface' v='asphalt' />
    <tag k='width' v='5' />
  </relation>
  <relation id='-18137'>
    <member type='way' ref='-38999' role='' />
    <tag k='highway' v='residential' />
    <tag k='lanes' v='2' />
    <tag k='maxspeed' v='30' />
    <tag k='oneway' v='no' />
    <tag k='osm_type' v='way' />
    <tag k='sidewalk' v='both' />
    <tag k='surface' v='asphalt' />
    <tag k='width' v='5' />
  </relation>
  <relation id='-18138'>
    <member type='way' ref='-39000' role='' />
    <tag k='highway' v='residential' />
    <tag k='lanes' v='2' />
    <tag k='maxspeed' v='30' />
    <tag k='oneway' v='no' />
    <tag k='osm_type' v='way' />
    <tag k='sidewalk' v='both' />
    <tag k='surface' v='asphalt' />
    <tag k='width' v='5' />
  </relation>
  <relation id='-18139'>
    <member type='way' ref='-39001' role='' />
    <tag k='highway' v='residential' />
    <tag k='lanes' v='2' />
    <tag k='maxspeed' v='30' />
    <tag k='oneway' v='no' />
    <tag k='osm_type' v='way' />
    <tag k='sidewalk' v='both' />
    <tag k='surface' v='asphalt' />
    <tag k='width' v='5' />
  </relation>
  <relation id='-18140'>
    <member type='way' ref='-39002' role='' />
    <tag k='highway' v='residential' />
    <tag k='lanes' v='2' />
    <tag k='maxspeed' v='30' />
    <tag k='oneway' v='no' />
    <tag k='osm_type' v='way' />
    <tag k='sidewalk' v='both' />
    <tag k='surface' v='asphalt' />
    <tag k='width' v='5' />
  </relation>
  <relation id='-18141'>
    <member type='way' ref='-39003' role='' />
    <tag k='highway' v='residential' />
    <tag k='lanes' v='2' />
    <tag k='maxspeed' v='30' />
    <tag k='oneway' v='no' />
    <tag k='osm_type' v='way' />
    <tag k='sidewalk' v='both' />
    <tag k='surface' v='asphalt' />
    <tag k='width' v='5' />
  </relation>
  <relation id='-18142'>
    <member type='way' ref='-39004' role='' />
    <tag k='highway' v='residential' />
    <tag k='lanes' v='2' />
    <tag k='maxspeed' v='30' />
    <tag k='oneway' v='no' />
    <tag k='osm_type' v='way' />
    <tag k='sidewalk' v='both' />
    <tag k='surface' v='asphalt' />
    <tag k='width' v='5' />
  </relation>
  <relation id='-18143'>
    <member type='way' ref='-39005' role='' />
    <tag k='highway' v='residential' />
    <tag k='lanes' v='2' />
    <tag k='maxspeed' v='30' />
    <tag k='oneway' v='no' />
    <tag k='osm_type' v='way' />
    <tag k='sidewalk' v='both' />
    <tag k='surface' v='asphalt' />
    <tag k='width' v='5' />
  </relation>
  <relation id='-18144'>
    <member type='way' ref='-39006' role='' />
    <tag k='highway' v='residential' />
    <tag k='lanes' v='2' />
    <tag k='maxspeed' v='30' />
    <tag k='oneway' v='no' />
    <tag k='osm_type' v='way' />
    <tag k='sidewalk' v='both' />
    <tag k='surface' v='asphalt' />
    <tag k='width' v='5' />
  </relation>
  <relation id='-18145'>
    <member type='way' ref='-39007' role='' />
    <tag k='highway' v='residential' />
    <tag k='lanes' v='2' />
    <tag k='maxspeed' v='30' />
    <tag k='oneway' v='no' />
    <tag k='osm_type' v='way' />
    <tag k='sidewalk' v='both' />
    <tag k='surface' v='asphalt' />
    <tag k='width' v='5' />
  </relation>
  <relation id='-18146' action='modify'>
    <member type='way' ref='-39008' role='' />
    <member type='way' ref='-39604' role='' />
    <member type='way' ref='-39603' role='' />
    <member type='way' ref='-39576' role='' />
    <tag k='highway' v='residential' />
    <tag k='lanes' v='2' />
    <tag k='maxspeed' v='30' />
    <tag k='oneway' v='no' />
    <tag k='osm_type' v='way' />
    <tag k='sidewalk' v='both' />
    <tag k='surface' v='asphalt' />
    <tag k='width' v='5' />
  </relation>
  <relation id='-18147'>
    <member type='way' ref='-39009' role='' />
    <tag k='highway' v='residential' />
    <tag k='lanes' v='2' />
    <tag k='maxspeed' v='30' />
    <tag k='oneway' v='no' />
    <tag k='osm_type' v='way' />
    <tag k='sidewalk' v='both' />
    <tag k='surface' v='asphalt' />
    <tag k='width' v='5' />
  </relation>
  <relation id='-18148'>
    <member type='way' ref='-39010' role='' />
    <tag k='highway' v='residential' />
    <tag k='lanes' v='2' />
    <tag k='maxspeed' v='30' />
    <tag k='oneway' v='no' />
    <tag k='osm_type' v='way' />
    <tag k='sidewalk' v='both' />
    <tag k='surface' v='asphalt' />
    <tag k='width' v='5' />
  </relation>
  <relation id='-18149' action='modify'>
    <member type='way' ref='-39011' role='' />
    <member type='way' ref='-39600' role='' />
    <tag k='highway' v='residential' />
    <tag k='lanes' v='2' />
    <tag k='maxspeed' v='30' />
    <tag k='oneway' v='no' />
    <tag k='osm_type' v='way' />
    <tag k='sidewalk' v='both' />
    <tag k='surface' v='asphalt' />
    <tag k='width' v='5' />
  </relation>
  <relation id='-18150'>
    <member type='way' ref='-39012' role='' />
    <tag k='highway' v='residential' />
    <tag k='lanes' v='2' />
    <tag k='maxspeed' v='30' />
    <tag k='oneway' v='no' />
    <tag k='osm_type' v='way' />
    <tag k='sidewalk' v='both' />
    <tag k='surface' v='asphalt' />
    <tag k='width' v='5' />
  </relation>
  <relation id='-18151'>
    <member type='way' ref='-39013' role='' />
    <tag k='highway' v='residential' />
    <tag k='lanes' v='2' />
    <tag k='maxspeed' v='30' />
    <tag k='oneway' v='no' />
    <tag k='osm_type' v='way' />
    <tag k='sidewalk' v='both' />
    <tag k='surface' v='asphalt' />
    <tag k='width' v='5' />
  </relation>
  <relation id='-18152'>
    <member type='way' ref='-39014' role='' />
    <tag k='highway' v='residential' />
    <tag k='lanes' v='2' />
    <tag k='maxspeed' v='30' />
    <tag k='oneway' v='no' />
    <tag k='osm_type' v='way' />
    <tag k='sidewalk' v='both' />
    <tag k='surface' v='asphalt' />
    <tag k='width' v='5' />
  </relation>
  <relation id='-18153'>
    <member type='way' ref='-39015' role='' />
    <tag k='highway' v='residential' />
    <tag k='lanes' v='2' />
    <tag k='maxspeed' v='30' />
    <tag k='oneway' v='no' />
    <tag k='osm_type' v='way' />
    <tag k='sidewalk' v='both' />
    <tag k='surface' v='asphalt' />
    <tag k='width' v='5' />
  </relation>
  <relation id='-18154'>
    <member type='way' ref='-39016' role='' />
    <tag k='highway' v='residential' />
    <tag k='lanes' v='2' />
    <tag k='maxspeed' v='30' />
    <tag k='oneway' v='no' />
    <tag k='osm_type' v='way' />
    <tag k='sidewalk' v='both' />
    <tag k='surface' v='asphalt' />
    <tag k='width' v='5' />
  </relation>
  <relation id='-18155'>
    <member type='way' ref='-39017' role='' />
    <tag k='highway' v='residential' />
    <tag k='lanes' v='2' />
    <tag k='maxspeed' v='30' />
    <tag k='oneway' v='no' />
    <tag k='osm_type' v='way' />
    <tag k='sidewalk' v='both' />
    <tag k='surface' v='asphalt' />
    <tag k='width' v='5' />
  </relation>
  <relation id='-18156' action='modify'>
    <member type='way' ref='-39626' role='' />
    <tag k='highway' v='residential' />
    <tag k='lanes' v='2' />
    <tag k='maxspeed' v='30' />
    <tag k='oneway' v='no' />
    <tag k='osm_type' v='way' />
    <tag k='sidewalk' v='both' />
    <tag k='surface' v='asphalt' />
    <tag k='width' v='5' />
  </relation>
  <relation id='-18157' action='modify'>
    <member type='way' ref='-39624' role='' />
    <tag k='highway' v='residential' />
    <tag k='lanes' v='2' />
    <tag k='maxspeed' v='30' />
    <tag k='oneway' v='no' />
    <tag k='osm_type' v='way' />
    <tag k='sidewalk' v='both' />
    <tag k='surface' v='asphalt' />
    <tag k='width' v='5' />
  </relation>
  <relation id='-18158' action='modify'>
    <member type='way' ref='-39018' role='' />
    <member type='way' ref='-39625' role='' />
    <tag k='highway' v='residential' />
    <tag k='lanes' v='2' />
    <tag k='maxspeed' v='30' />
    <tag k='oneway' v='no' />
    <tag k='osm_type' v='way' />
    <tag k='sidewalk' v='both' />
    <tag k='surface' v='asphalt' />
    <tag k='width' v='5' />
  </relation>
  <relation id='-18159' action='modify'>
    <member type='way' ref='-39610' role='' />
    <member type='way' ref='-39019' role='' />
    <member type='way' ref='-39612' role='' />
    <tag k='highway' v='residential' />
    <tag k='lanes' v='2' />
    <tag k='maxspeed' v='30' />
    <tag k='oneway' v='no' />
    <tag k='osm_type' v='way' />
    <tag k='sidewalk' v='both' />
    <tag k='surface' v='asphalt' />
    <tag k='width' v='5' />
  </relation>
  <relation id='-18160'>
    <member type='way' ref='-39020' role='' />
    <tag k='highway' v='service' />
    <tag k='lanes' v='2' />
    <tag k='maxspeed' v='30' />
    <tag k='oneway' v='no' />
    <tag k='osm_type' v='way' />
    <tag k='sidewalk' v='both' />
    <tag k='surface' v='asphalt' />
    <tag k='width' v='5' />
  </relation>
  <relation id='-18161'>
    <member type='way' ref='-39021' role='' />
    <tag k='highway' v='residential' />
    <tag k='lanes' v='2' />
    <tag k='maxspeed' v='30' />
    <tag k='oneway' v='no' />
    <tag k='osm_type' v='way' />
    <tag k='sidewalk' v='both' />
    <tag k='surface' v='asphalt' />
    <tag k='width' v='5' />
  </relation>
  <relation id='-18162'>
    <member type='way' ref='-39022' role='' />
    <tag k='highway' v='residential' />
    <tag k='lanes' v='2' />
    <tag k='maxspeed' v='30' />
    <tag k='oneway' v='no' />
    <tag k='osm_type' v='way' />
    <tag k='sidewalk' v='both' />
    <tag k='surface' v='asphalt' />
    <tag k='width' v='5' />
  </relation>
  <relation id='-18163'>
    <member type='way' ref='-39023' role='' />
    <tag k='highway' v='residential' />
    <tag k='lanes' v='2' />
    <tag k='maxspeed' v='30' />
    <tag k='oneway' v='no' />
    <tag k='osm_type' v='way' />
    <tag k='sidewalk' v='both' />
    <tag k='surface' v='asphalt' />
    <tag k='width' v='5' />
  </relation>
  <relation id='-18164' action='modify'>
    <member type='way' ref='-39611' role='' />
    <member type='way' ref='-39024' role='' />
    <tag k='highway' v='residential' />
    <tag k='lanes' v='2' />
    <tag k='maxspeed' v='30' />
    <tag k='oneway' v='no' />
    <tag k='osm_type' v='way' />
    <tag k='sidewalk' v='both' />
    <tag k='surface' v='asphalt' />
    <tag k='width' v='5' />
  </relation>
  <relation id='-18165'>
    <member type='way' ref='-39025' role='' />
    <tag k='highway' v='residential' />
    <tag k='lanes' v='2' />
    <tag k='maxspeed' v='30' />
    <tag k='oneway' v='no' />
    <tag k='osm_type' v='way' />
    <tag k='sidewalk' v='both' />
    <tag k='surface' v='asphalt' />
    <tag k='width' v='5' />
  </relation>
  <relation id='-18166'>
    <member type='way' ref='-39026' role='' />
    <tag k='highway' v='residential' />
    <tag k='lanes' v='2' />
    <tag k='maxspeed' v='30' />
    <tag k='oneway' v='no' />
    <tag k='osm_type' v='way' />
    <tag k='sidewalk' v='both' />
    <tag k='surface' v='asphalt' />
    <tag k='width' v='5' />
  </relation>
  <relation id='-18167'>
    <member type='way' ref='-39027' role='' />
    <tag k='highway' v='residential' />
    <tag k='lanes' v='2' />
    <tag k='maxspeed' v='30' />
    <tag k='oneway' v='no' />
    <tag k='osm_type' v='way' />
    <tag k='sidewalk' v='both' />
    <tag k='surface' v='asphalt' />
    <tag k='width' v='5' />
  </relation>
  <relation id='-18168'>
    <member type='way' ref='-39028' role='' />
    <tag k='highway' v='residential' />
    <tag k='lanes' v='2' />
    <tag k='maxspeed' v='30' />
    <tag k='oneway' v='no' />
    <tag k='osm_type' v='way' />
    <tag k='sidewalk' v='both' />
    <tag k='surface' v='asphalt' />
    <tag k='width' v='5' />
  </relation>
  <relation id='-18169'>
    <member type='way' ref='-39029' role='' />
    <tag k='highway' v='residential' />
    <tag k='lanes' v='2' />
    <tag k='maxspeed' v='30' />
    <tag k='oneway' v='no' />
    <tag k='osm_type' v='way' />
    <tag k='sidewalk' v='both' />
    <tag k='surface' v='asphalt' />
    <tag k='width' v='5' />
  </relation>
  <relation id='-18170'>
    <member type='way' ref='-39030' role='' />
    <tag k='highway' v='residential' />
    <tag k='lanes' v='2' />
    <tag k='maxspeed' v='30' />
    <tag k='oneway' v='no' />
    <tag k='osm_type' v='way' />
    <tag k='sidewalk' v='both' />
    <tag k='surface' v='asphalt' />
    <tag k='width' v='5' />
  </relation>
  <relation id='-18171' action='modify'>
    <member type='way' ref='-39614' role='' />
    <member type='way' ref='-39615' role='' />
    <member type='way' ref='-39031' role='' />
    <tag k='highway' v='residential' />
    <tag k='lanes' v='2' />
    <tag k='maxspeed' v='30' />
    <tag k='oneway' v='no' />
    <tag k='osm_type' v='way' />
    <tag k='sidewalk' v='both' />
    <tag k='surface' v='asphalt' />
    <tag k='width' v='5' />
  </relation>
  <relation id='-18172' action='modify'>
    <member type='way' ref='-39032' role='' />
    <member type='way' ref='-39613' role='' />
    <tag k='highway' v='residential' />
    <tag k='lanes' v='2' />
    <tag k='maxspeed' v='30' />
    <tag k='oneway' v='no' />
    <tag k='osm_type' v='way' />
    <tag k='sidewalk' v='both' />
    <tag k='surface' v='asphalt' />
    <tag k='width' v='5' />
  </relation>
  <relation id='-18173'>
    <member type='way' ref='-39033' role='' />
    <tag k='highway' v='residential' />
    <tag k='lanes' v='2' />
    <tag k='maxspeed' v='30' />
    <tag k='oneway' v='no' />
    <tag k='osm_type' v='way' />
    <tag k='sidewalk' v='both' />
    <tag k='surface' v='asphalt' />
    <tag k='width' v='5' />
  </relation>
  <relation id='-18174'>
    <member type='way' ref='-39034' role='' />
    <tag k='highway' v='residential' />
    <tag k='lanes' v='2' />
    <tag k='maxspeed' v='30' />
    <tag k='oneway' v='no' />
    <tag k='osm_type' v='way' />
    <tag k='sidewalk' v='both' />
    <tag k='surface' v='asphalt' />
    <tag k='width' v='5' />
  </relation>
  <relation id='-18175'>
    <member type='way' ref='-39035' role='' />
    <tag k='highway' v='pedestrian' />
    <tag k='surface' v='paving_stones' />
  </relation>
  <relation id='-18176' action='modify'>
    <member type='way' ref='-44717' role='' />
    <member type='way' ref='-39036' role='' />
    <member type='way' ref='-43478' role='' />
    <tag k='full_id' v='w25778913' />
    <tag k='highway' v='trunk' />
    <tag k='lanes' v='2' />
    <tag k='maxspeed' v='90' />
    <tag k='oneway' v='no' />
    <tag k='osm_id' v='25778913' />
    <tag k='osm_type' v='way' />
    <tag k='ref' v='N 2' />
    <tag k='sidewalk' v='no' />
    <tag k='surface' v='asphalt' />
    <tag k='width' v='7' />
  </relation>
  <relation id='-18177' action='modify'>
    <member type='way' ref='-39452' role='outer' />
    <member type='way' ref='-39453' role='inner' />
    <tag k='building' v='mixed_use' />
    <tag k='building:levels' v='4' />
    <tag k='office' v='company' />
    <tag k='shop' v='yes' />
    <tag k='type' v='multipolygon' />
  </relation>
  <relation id='-18178' action='modify'>
    <member type='way' ref='-39454' role='outer' />
    <member type='way' ref='-39455' role='inner' />
    <tag k='building' v='mixed_use' />
    <tag k='building:levels' v='4' />
    <tag k='office' v='company' />
    <tag k='shop' v='yes' />
    <tag k='type' v='multipolygon' />
  </relation>
  <relation id='-18179' action='modify'>
    <member type='way' ref='-39470' role='outer' />
    <member type='way' ref='-39471' role='inner' />
    <tag k='building' v='mixed_use' />
    <tag k='building:levels' v='4' />
    <tag k='office' v='company' />
    <tag k='shop' v='yes' />
    <tag k='type' v='multipolygon' />
  </relation>
</osm>
