<?xml version='1.0' encoding='UTF-8'?>
<osm version='0.6' upload='false' generator='JOSM'>
  <node id='-125454' lat='14.76651322091' lon='-17.00594292508' />
  <node id='-125455' lat='14.76872171291' lon='-17.00651543006' />
  <node id='-125456' lat='14.77044386909' lon='-17.00696187329' />
  <node id='-125457' lat='14.77048611987' lon='-17.00697424112' />
  <node id='-125458' lat='14.77052756162' lon='-17.00698922365' />
  <node id='-125459' lat='14.77056804128' lon='-17.00700676555' />
  <node id='-125460' lat='14.77207827633' lon='-17.00771752722' />
  <node id='-125461' lat='14.7709526488' lon='-17.01078057609' />
  <node id='-125462' lat='14.76971542993' lon='-17.01039912559' />
  <node id='-125463' lat='14.76963644918' lon='-17.01037742051' />
  <node id='-125464' lat='14.76955633878' lon='-17.01036064855' />
  <node id='-125465' lat='14.76947539016' lon='-17.01034887074' />
  <node id='-125466' lat='14.76939389785' lon='-17.01034212991' />
  <node id='-125467' lat='14.76931215833' lon='-17.01034045058' />
  <node id='-125468' lat='14.76923046898' lon='-17.01034383886' />
  <node id='-125469' lat='14.76914912701' lon='-17.01035228242' />
  <node id='-125470' lat='14.76876397787' lon='-17.01040436351' />
  <node id='-125471' lat='14.76867024656' lon='-17.0104136476' />
  <node id='-125472' lat='14.76857611421' lon='-17.01041622121' />
  <node id='-125473' lat='14.76848203515' lon='-17.01041207193' />
  <node id='-125474' lat='14.76838846345' lon='-17.01040121978' />
  <node id='-125475' lat='14.76829585073' lon='-17.01038371717' />
  <node id='-125476' lat='14.768204644' lon='-17.01035964857' />
  <node id='-125477' lat='14.76811528345' lon='-17.01032913015' />
  <node id='-125478' lat='14.76802820038' lon='-17.01029230922' />
  <node id='-125479' lat='14.76792233516' lon='-17.01024093646' />
  <node id='-125480' lat='14.76781356587' lon='-17.01019642969' />
  <node id='-125481' lat='14.76770231364' lon='-17.01015896122' />
  <node id='-125482' lat='14.76758900925' lon='-17.0101286761' />
  <node id='-125483' lat='14.76747409138' lon='-17.01010569161' />
  <node id='-125484' lat='14.767358005' lon='-17.0100900967' />
  <node id='-125485' lat='14.76724119956' lon='-17.01008195176' />
  <node id='-125486' action='modify' lat='14.76622927318' lon='-17.00989948661' />
  <node id='-125487' action='modify' lat='14.7664421283' lon='-17.00904486102' />
  <node id='-125488' action='modify' lat='14.76702376986' lon='-17.00919645528' />
  <node id='-125489' action='modify' lat='14.76669843371' lon='-17.00796292016' />
  <node id='-125490' action='modify' lat='14.76728691679' lon='-17.00811540769' />
  <node id='-125491' action='modify' lat='14.76695723893' lon='-17.00687157392' />
  <node id='-125492' action='modify' lat='14.76755006387' lon='-17.00703435814' />
  <node id='-125493' lat='14.76771649801' lon='-17.00635061987' />
  <node id='-125494' action='modify' lat='14.7670241545' lon='-17.00965120407' />
  <node id='-125495' lat='14.76938481015' lon='-17.0054206309' />
  <node id='-125496' lat='14.76956091952' lon='-17.00460218361' />
  <node id='-125497' lat='14.77051089382' lon='-17.00481854462' />
  <node id='-125498' action='modify' lat='14.76912664382' lon='-17.00662040202' />
  <node id='-125499' action='modify' lat='14.76960283951' lon='-17.00674425463' />
  <node id='-125500' action='modify' lat='14.76927210258' lon='-17.00806353759' />
  <node id='-125501' action='modify' lat='14.76886786098' lon='-17.00655229632' />
  <node id='-125502' lat='14.76837271444' lon='-17.00789511543' />
  <node id='-125503' action='modify' lat='14.76861823568' lon='-17.00722977723' />
  <node id='-125504' action='modify' lat='14.76790737978' lon='-17.00698733334' />
  <node id='-125505' lat='14.76799468693' lon='-17.00910312206' />
  <node id='-125506' action='modify' lat='14.7680913804' lon='-17.00656085668' />
  <node id='-125507' lat='14.76761504412' lon='-17.00773658352' />
  <node id='-125508' action='modify' lat='14.76726438177' lon='-17.0088571346' />
  <node id='-125509' action='modify' lat='14.76743037247' lon='-17.00832670704' />
  <node id='-125510' action='modify' lat='14.76816067868' lon='-17.00857268702' />
  <node id='-125511' action='modify' lat='14.76753629317' lon='-17.01011634744' />
  <node id='-125512' lat='14.76478351925' lon='-17.01302864862' />
  <node id='-125513' lat='14.76558645657' lon='-17.01323508641' />
  <node id='-125514' lat='14.76561621739' lon='-17.01324165185' />
  <node id='-125515' lat='14.76564634083' lon='-17.01324614306' />
  <node id='-125516' lat='14.76567669017' lon='-17.01324853964' />
  <node id='-125517' lat='14.76570712765' lon='-17.01324883072' />
  <node id='-125518' lat='14.76573751513' lon='-17.01324701498' />
  <node id='-125519' lat='14.76576771468' lon='-17.01324310066' />
  <node id='-125520' lat='14.76579758924' lon='-17.01323710552' />
  <node id='-125521' lat='14.76582700319' lon='-17.01322905677' />
  <node id='-125522' lat='14.76585582304' lon='-17.01321899095' />
  <node id='-125523' lat='14.76588391798' lon='-17.01320695374' />
  <node id='-125524' lat='14.76591116049' lon='-17.01319299978' />
  <node id='-125525' lat='14.76593742691' lon='-17.0131771924' />
  <node id='-125526' lat='14.76596259803' lon='-17.01315960335' />
  <node id='-125527' lat='14.7659865596' lon='-17.01314031245' />
  <node id='-125528' lat='14.76600920287' lon='-17.01311940728' />
  <node id='-125529' lat='14.76603042504' lon='-17.01309698272' />
  <node id='-125530' lat='14.76605012981' lon='-17.01307314054' />
  <node id='-125531' lat='14.76606822773' lon='-17.01304798897' />
  <node id='-125532' lat='14.76608463666' lon='-17.01302164216' />
  <node id='-125533' lat='14.76609928211' lon='-17.0129942197' />
  <node id='-125534' lat='14.76611209763' lon='-17.01296584605' />
  <node id='-125535' lat='14.76612302503' lon='-17.01293665001' />
  <node id='-125536' lat='14.76613201472' lon='-17.01290676408' />
  <node id='-125537' action='modify' lat='14.76591589667' lon='-17.01117434176' />
  <node id='-125538' action='modify' lat='14.76654524617' lon='-17.0113487698' />
  <node id='-125539' action='modify' lat='14.77324843415' lon='-17.01240945041' />
  <node id='-125540' lat='14.77323397227' lon='-17.0140602086' />
  <node id='-125541' action='modify' lat='14.77007210805' lon='-17.00686630583' />
  <node id='-125542' action='modify' lat='14.77084761135' lon='-17.0125166539' />
  <node id='-125543' lat='14.77083493561' lon='-17.0139698192' />
  <node id='-125544' lat='14.77069048775' lon='-17.01156474208' />
  <node id='-125545' lat='14.77058235989' lon='-17.01212460787' />
  <node id='-125546' lat='14.77058048012' lon='-17.01213575734' />
  <node id='-125547' lat='14.77057913121' lon='-17.0121469877' />
  <node id='-125548' lat='14.77056817679' lon='-17.01226097312' />
  <node id='-125549' lat='14.77056718061' lon='-17.01227696671' />
  <node id='-125550' lat='14.77056726046' lon='-17.01229299282' />
  <node id='-125551' lat='14.77056841595' lon='-17.01230897508' />
  <node id='-125552' lat='14.77057064159' lon='-17.01232483734' />
  <node id='-125553' lat='14.77057392676' lon='-17.01234050401' />
  <node id='-125554' lat='14.77057825582' lon='-17.01235590043' />
  <node id='-125555' lat='14.77058360812' lon='-17.01237095323' />
  <node id='-125556' lat='14.77058995818' lon='-17.01238559069' />
  <node id='-125557' lat='14.77059727572' lon='-17.01239974305' />
  <node id='-125558' lat='14.77060552587' lon='-17.01241334287' />
  <node id='-125559' lat='14.77061466933' lon='-17.01242632534' />
  <node id='-125560' lat='14.77062466252' lon='-17.0124386286' />
  <node id='-125561' lat='14.77063545783' lon='-17.01245019403' />
  <node id='-125562' lat='14.7706470038' lon='-17.0124609665' />
  <node id='-125563' lat='14.77065924542' lon='-17.01247089469' />
  <node id='-125564' lat='14.77067212436' lon='-17.01247993129' />
  <node id='-125565' lat='14.77068557924' lon='-17.01248803323' />
  <node id='-125566' lat='14.77069954595' lon='-17.0124951619' />
  <node id='-125567' lat='14.77071395793' lon='-17.01250128334' />
  <node id='-125568' lat='14.77072874651' lon='-17.01250636837' />
  <node id='-125569' lat='14.77074384121' lon='-17.01251039277' />
  <node id='-125570' lat='14.77075917011' lon='-17.01251333735' />
  <node id='-125571' lat='14.77077466015' lon='-17.01251518808' />
  <node id='-125572' lat='14.77079023753' lon='-17.01251593615' />
  <node id='-125573' lat='14.77166559081' lon='-17.01252688693' />
  <node id='-125574' lat='14.77384351982' lon='-17.0123652914' />
  <node id='-125575' lat='14.77386809551' lon='-17.01236245665' />
  <node id='-125576' lat='14.77389242594' lon='-17.01235790638' />
  <node id='-125577' lat='14.77391639785' lon='-17.01235166178' />
  <node id='-125578' lat='14.77393989967' lon='-17.01234375189' />
  <node id='-125579' lat='14.77396282201' lon='-17.01233421355' />
  <node id='-125580' lat='14.77398505818' lon='-17.01232309114' />
  <node id='-125581' lat='14.77400650467' lon='-17.01231043643' />
  <node id='-125582' lat='14.77402706167' lon='-17.01229630834' />
  <node id='-125583' lat='14.7740466335' lon='-17.0122807726' />
  <node id='-125584' lat='14.77406512905' lon='-17.01226390154' />
  <node id='-125585' lat='14.77408246223' lon='-17.01224577369' />
  <node id='-125586' lat='14.77409855238' lon='-17.01222647341' />
  <node id='-125587' lat='14.77411332459' lon='-17.01220609055' />
  <node id='-125588' lat='14.7741267101' lon='-17.01218471997' />
  <node id='-125589' lat='14.77413864663' lon='-17.01216246114' />
  <node id='-125590' lat='14.7741490786' lon='-17.01213941767' />
  <node id='-125591' lat='14.77415795746' lon='-17.01211569682' />
  <node id='-125592' lat='14.77416524189' lon='-17.01209140899' />
  <node id='-125593' lat='14.77417089797' lon='-17.01206666724' />
  <node id='-125594' lat='14.77417489939' lon='-17.01204158672' />
  <node id='-125595' lat='14.77417722751' lon='-17.01201628417' />
  <node id='-125596' lat='14.7741778715' lon='-17.01199087736' />
  <node id='-125597' lat='14.77417682836' lon='-17.01196548456' />
  <node id='-125598' action='modify' lat='14.77406507232' lon='-17.01013929079' />
  <node id='-125599' lat='14.77402953975' lon='-17.0094376822' />
  <node id='-125600' lat='14.77402712182' lon='-17.00935861936' />
  <node id='-125601' lat='14.77402907454' lon='-17.00927954295' />
  <node id='-125602' lat='14.77403539163' lon='-17.00920070793' />
  <node id='-125603' lat='14.77404605272' lon='-17.00912236853' />
  <node id='-125604' lat='14.77406102343' lon='-17.00904477734' />
  <node id='-125605' lat='14.77422925684' lon='-17.00818623388' />
  <node id='-125606' lat='14.77460416466' lon='-17.00653822297' />
  <node id='-125607' lat='14.77460715597' lon='-17.00652270664' />
  <node id='-125608' lat='14.77460911229' lon='-17.006507017' />
  <node id='-125609' lat='14.77461002453' lon='-17.00649122687' />
  <node id='-125610' lat='14.77460988847' lon='-17.00647540954' />
  <node id='-125611' lat='14.77460870473' lon='-17.00645963846' />
  <node id='-125612' lat='14.77460647881' lon='-17.00644398681' />
  <node id='-125613' lat='14.77460322104' lon='-17.00642852726' />
  <node id='-125614' lat='14.77459894655' lon='-17.00641333157' />
  <node id='-125615' lat='14.77459367517' lon='-17.00639847028' />
  <node id='-125616' lat='14.77458743138' lon='-17.00638401237' />
  <node id='-125617' lat='14.77458024416' lon='-17.00637002496' />
  <node id='-125618' lat='14.77457214687' lon='-17.00635657297' />
  <node id='-125619' lat='14.7745631771' lon='-17.00634371885' />
  <node id='-125620' lat='14.77455337649' lon='-17.00633152227' />
  <node id='-125621' lat='14.77454279053' lon='-17.00632003984' />
  <node id='-125622' lat='14.77453146835' lon='-17.00630932486' />
  <node id='-125623' lat='14.77451946253' lon='-17.00629942708' />
  <node id='-125624' lat='14.77450682879' lon='-17.00629039244' />
  <node id='-125625' lat='14.77449362577' lon='-17.00628226287' />
  <node id='-125626' lat='14.77447991476' lon='-17.00627507612' />
  <node id='-125627' lat='14.77446575941' lon='-17.00626886554' />
  <node id='-125628' lat='14.77445122542' lon='-17.00626365996' />
  <node id='-125629' lat='14.77443638027' lon='-17.00625948355' />
  <node id='-125630' lat='14.77291321275' lon='-17.00588779722' />
  <node id='-125631' lat='14.77287041077' lon='-17.00587894431' />
  <node id='-125632' lat='14.77282711651' lon='-17.00587314693' />
  <node id='-125633' lat='14.77278353625' lon='-17.0058704327' />
  <node id='-125634' lat='14.77273987762' lon='-17.00587081454' />
  <node id='-125635' lat='14.77269634862' lon='-17.00587429064' />
  <node id='-125636' lat='14.77265315665' lon='-17.00588084443' />
  <node id='-125637' lat='14.77261050747' lon='-17.00589044469' />
  <node id='-125638' lat='14.7725686043' lon='-17.00590304567' />
  <node id='-125639' lat='14.77252764676' lon='-17.00591858735' />
  <node id='-125640' lat='14.77248783' lon='-17.00593699566' />
  <node id='-125641' lat='14.77244934372' lon='-17.0059581829' />
  <node id='-125642' lat='14.77241237128' lon='-17.00598204814' />
  <node id='-125643' lat='14.77237708883' lon='-17.00600847766' />
  <node id='-125644' lat='14.77234366446' lon='-17.00603734555' />
  <node id='-125645' lat='14.77231225742' lon='-17.00606851427' />
  <node id='-125646' lat='14.77228301735' lon='-17.00610183532' />
  <node id='-125647' lat='14.77225608354' lon='-17.00613714994' />
  <node id='-125648' lat='14.77223158434' lon='-17.00617428989' />
  <node id='-125649' lat='14.77220963645' lon='-17.00621307821' />
  <node id='-125650' lat='14.77219034444' lon='-17.00625333012' />
  <node id='-125651' lat='14.77217380023' lon='-17.00629485382' />
  <node id='-125652' lat='14.77216008264' lon='-17.00633745149' />
  <node id='-125653' lat='14.77214925703' lon='-17.00638092019' />
  <node id='-125654' lat='14.77214137496' lon='-17.0064250528' />
  <node id='-125655' lat='14.77213647399' lon='-17.00646963908' />
  <node id='-125656' lat='14.77213457748' lon='-17.00651446659' />
  <node id='-125657' lat='14.77212589128' lon='-17.00751352706' />
  <node id='-125658' lat='14.77212447051' lon='-17.00755164792' />
  <node id='-125659' lat='14.77212087629' lon='-17.00758961748' />
  <node id='-125660' lat='14.77211512102' lon='-17.00762730497' />
  <node id='-125661' action='modify' lat='14.77084425062' lon='-17.01290193328' />
  <node id='-125662' lat='14.77129604168' lon='-17.01290605662' />
  <node id='-125663' lat='14.77128672539' lon='-17.01397395499' />
  <node id='-125664' lat='14.77279311433' lon='-17.01280375804' />
  <node id='-125665' lat='14.77278278974' lon='-17.01398774071' />
  <node id='-125666' action='modify' lat='14.77075801321' lon='-17.01072413342' />
  <node id='-125667' lat='14.77074834093' lon='-17.01076121363' />
  <node id='-125668' lat='14.77060813155' lon='-17.01124153295' />
  <node id='-125669' lat='14.77051076305' lon='-17.0115750889' />
  <node id='-125670' lat='14.77043625809' lon='-17.01183032247' />
  <node id='-125671' lat='14.77041617449' lon='-17.01194198608' />
  <node id='-125672' lat='14.77028478682' lon='-17.0126725278' />
  <node id='-125673' lat='14.77031558594' lon='-17.01062779431' />
  <node id='-125674' lat='14.77017537694' lon='-17.01110811284' />
  <node id='-125675' lat='14.77007800869' lon='-17.01144166831' />
  <node id='-125676' lat='14.76999644228' lon='-17.01172109273' />
  <node id='-125677' lat='14.76997189209' lon='-17.0118575905' />
  <node id='-125678' action='modify' lat='14.76984050472' lon='-17.0125881316' />
  <node id='-125679' action='modify' lat='14.76989637856' lon='-17.01045553694' />
  <node id='-125680' lat='14.76988283079' lon='-17.01049437563' />
  <node id='-125681' lat='14.76974262217' lon='-17.01097469336' />
  <node id='-125682' lat='14.76964525416' lon='-17.01130824835' />
  <node id='-125683' lat='14.76955662634' lon='-17.01161186354' />
  <node id='-125684' lat='14.7695276096' lon='-17.01177319538' />
  <node id='-125685' lat='14.7693962222' lon='-17.0125037355' />
  <node id='-125686' lat='14.76893698434' lon='-17.00535138874' />
  <node id='-125687' action='modify' lat='14.76868582033' lon='-17.00650497261' />
  <node id='-125688' action='modify' lat='14.77432188482' lon='-17.01296503396' />
  <node id='-125689' lat='14.77506840715' lon='-17.01297195127' />
  <node id='-125690' lat='14.77506138783' lon='-17.01377659464' />
  <node id='-125691' lat='14.77458219208' lon='-17.01377217859' />
  <node id='-125692' lat='14.77444517184' lon='-17.01334474449' />
  <node id='-125693' lat='14.77518199146' lon='-17.01204429535' />
  <node id='-125694' lat='14.77461213754' lon='-17.01203904834' />
  <node id='-125695' lat='14.77490193941' lon='-17.0125060673' />
  <node id='-125696' lat='14.77465388052' lon='-17.01250378275' />
  <node id='-125697' action='modify' lat='14.7747392568' lon='-17.00906059805' />
  <node id='-125698' lat='14.77446572289' lon='-17.00904555563' />
  <node id='-125699' lat='14.77342478265' lon='-17.00907274642' />
  <node id='-125700' action='modify' lat='14.77300366664' lon='-17.00933345147' />
  <node id='-125701' action='modify' lat='14.7727020821' lon='-17.01244999298' />
  <node id='-125702' lat='14.77266609958' lon='-17.0119068253' />
  <node id='-125703' lat='14.77280142789' lon='-17.01095738106' />
  <node id='-125704' action='modify' lat='14.77278651155' lon='-17.00950753857' />
  <node id='-125705' action='modify' lat='14.77278623625' lon='-17.00898400016' />
  <node id='-125706' lat='14.77289005669' lon='-17.00820735157' />
  <node id='-125707' action='modify' lat='14.77353164413' lon='-17.00603714844' />
  <node id='-125708' action='modify' lat='14.77256786001' lon='-17.0092116878' />
  <node id='-125709' action='modify' lat='14.77165919553' lon='-17.00885587874' />
  <node id='-125710' lat='14.77254013921' lon='-17.00943153609' />
  <node id='-125711' lat='14.77293929578' lon='-17.00955467045' />
  <node id='-125712' lat='14.77309411777' lon='-17.00902260408' />
  <node id='-125713' lat='14.77259952123' lon='-17.00896058881' />
  <node id='-125714' action='modify' lat='14.7741433852' lon='-17.01251344842' />
  <node id='-125715' action='modify' lat='14.7741740232' lon='-17.01204843338' />
  <node id='-125716' action='modify' lat='14.77412310347' lon='-17.01104100317' />
  <node id='-125717' lat='14.7751973874' lon='-17.01110842768' />
  <node id='-125718' lat='14.77521368519' lon='-17.01011748789' />
  <node id='-125719' lat='14.77490123123' lon='-17.01155494856' />
  <node id='-125720' lat='14.77492050308' lon='-17.01058759356' />
  <node id='-125721' lat='14.77493587097' lon='-17.00962940705' />
  <node id='-125722' action='modify' lat='14.77459535713' lon='-17.00657693893' />
  <node id='-125723' lat='14.77486518749' lon='-17.00664177206' />
  <node id='-125724' lat='14.77470666795' lon='-17.00968655135' />
  <node id='-125725' lat='14.77468547907' lon='-17.01009348037' />
  <node id='-125726' action='modify' lat='14.77470342921' lon='-17.0110774257' />
  <node id='-125727' lat='14.77464596365' lon='-17.01203935979' />
  <node id='-125728' action='modify' lat='14.77466179644' lon='-17.01296820566' />
  <node id='-125729' action='modify' lat='14.77369151538' lon='-17.00544290923' />
  <node id='-125730' lat='14.77401332961' lon='-17.00483853487' />
  <node id='-125731' action='modify' lat='14.76626206965' lon='-17.01241642214' />
  <node id='-125732' lat='14.77432202907' lon='-17.01296060376' />
  <node id='-125733' lat='14.7743149485' lon='-17.01317806905' />
  <node id='-125734' lat='14.77444517184' lon='-17.01334474449' />
  <node id='-125735' lat='14.77420651362' lon='-17.01260025856' />
  <node id='-125736' action='modify' lat='14.77399987542' lon='-17.01231610311' />
  <node id='-125737' action='modify' lat='14.77473442882' lon='-17.0091533319' />
  <node id='-125738' lat='14.77496001338' lon='-17.00916573761' />
  <node id='-125739' lat='14.77429253741' lon='-17.00558965053' />
  <node id='-125740' lat='14.77502077826' lon='-17.0055645958' />
  <node id='-125741' lat='14.77508496497' lon='-17.00553204017' />
  <node id='-125742' lat='14.7750638637' lon='-17.00473432256' />
  <node id='-125743' lat='14.77507015761' lon='-17.0047347427' />
  <node id='-125744' lat='14.77507646471' lon='-17.00473471061' />
  <node id='-125745' lat='14.77508275427' lon='-17.00473422643' />
  <node id='-125746' lat='14.77508899564' lon='-17.00473329254' />
  <node id='-125747' lat='14.77509515842' lon='-17.00473191348' />
  <node id='-125748' lat='14.77510121259' lon='-17.00473009597' />
  <node id='-125749' lat='14.77510712864' lon='-17.00472784885' />
  <node id='-125750' lat='14.77511287776' lon='-17.00472518309' />
  <node id='-125751' lat='14.77511843194' lon='-17.00472211167' />
  <node id='-125752' lat='14.77512376411' lon='-17.00471864955' />
  <node id='-125753' lat='14.77512884831' lon='-17.0047148136' />
  <node id='-125754' lat='14.77513365975' lon='-17.00471062251' />
  <node id='-125755' lat='14.77513817501' lon='-17.00470609669' />
  <node id='-125756' lat='14.77514237207' lon='-17.0047012582' />
  <node id='-125757' lat='14.7751462305' lon='-17.0046961306' />
  <node id='-125758' lat='14.7751497315' lon='-17.00469073889' />
  <node id='-125759' lat='14.775152858' lon='-17.00468510932' />
  <node id='-125760' lat='14.77515559478' lon='-17.00467926932' />
  <node id='-125761' lat='14.77515792851' lon='-17.00467324735' />
  <node id='-125762' lat='14.77515984781' lon='-17.00466707275' />
  <node id='-125763' lat='14.77516134333' lon='-17.00466077558' />
  <node id='-125764' lat='14.77516240779' lon='-17.00465438655' />
  <node id='-125765' lat='14.77516303601' lon='-17.00464793677' />
  <node id='-125766' lat='14.77516322491' lon='-17.00464145766' />
  <node id='-125767' lat='14.77516297358' lon='-17.00463498079' />
  <node id='-125768' lat='14.77516228325' lon='-17.00462853771' />
  <node id='-125769' lat='14.77516115728' lon='-17.00462215983' />
  <node id='-125770' lat='14.77515960115' lon='-17.00461587819' />
  <node id='-125771' lat='14.77515762245' lon='-17.00460972342' />
  <node id='-125772' lat='14.77515523081' lon='-17.0046037255' />
  <node id='-125773' lat='14.77515243789' lon='-17.00459791364' />
  <node id='-125774' lat='14.77514925729' lon='-17.00459231617' />
  <node id='-125775' lat='14.77514570451' lon='-17.00458696035' />
  <node id='-125776' lat='14.77514179687' lon='-17.00458187228' />
  <node id='-125777' lat='14.77513755338' lon='-17.00457707673' />
  <node id='-125778' lat='14.77513299474' lon='-17.00457259709' />
  <node id='-125779' lat='14.77512814315' lon='-17.00456845517' />
  <node id='-125780' lat='14.77512302224' lon='-17.00456467115' />
  <node id='-125781' lat='14.77511765696' lon='-17.00456126347' />
  <node id='-125782' lat='14.77511207346' lon='-17.00455824873' />
  <node id='-125783' lat='14.77510629894' lon='-17.00455564161' />
  <node id='-125784' lat='14.77510036152' lon='-17.00455345482' />
  <node id='-125785' lat='14.77509429014' lon='-17.00455169901' />
  <node id='-125786' lat='14.77508811437' lon='-17.00455038274' />
  <node id='-125787' lat='14.7750818643' lon='-17.00454951242' />
  <node id='-125788' lat='14.7750638637' lon='-17.00473432256' />
  <node id='-125789' lat='14.77499264169' lon='-17.00472699554' />
  <node id='-125790' action='modify' lat='14.77464005252' lon='-17.00450519384' />
  <node id='-125791' lat='14.77509040149' lon='-17.00552904133' />
  <node id='-125792' lat='14.77509562622' lon='-17.00552566819' />
  <node id='-125793' lat='14.77510061479' lon='-17.00552193648' />
  <node id='-125794' lat='14.77510534393' lon='-17.0055178636' />
  <node id='-125795' lat='14.7751097916' lon='-17.00551346855' />
  <node id='-125796' lat='14.77511393707' lon='-17.00550877181' />
  <node id='-125797' lat='14.77511776099' lon='-17.00550379527' />
  <node id='-125798' lat='14.77512124556' lon='-17.00549856215' />
  <node id='-125799' lat='14.77512437451' lon='-17.00549309684' />
  <node id='-125800' lat='14.77512713326' lon='-17.00548742483' />
  <node id='-125801' lat='14.77512950895' lon='-17.00548157256' />
  <node id='-125802' lat='14.7751314905' lon='-17.00547556731' />
  <node id='-125803' lat='14.77513306867' lon='-17.00546943709' />
  <node id='-125804' lat='14.77513423611' lon='-17.00546321047' />
  <node id='-125805' lat='14.77513498736' lon='-17.0054569165' />
  <node id='-125806' lat='14.77513531894' lon='-17.0054505845' />
  <node id='-125807' lat='14.77513522928' lon='-17.00544424402' />
  <node id='-125808' lat='14.77513471881' lon='-17.0054379246' />
  <node id='-125809' lat='14.77513378992' lon='-17.00543165572' />
  <node id='-125810' lat='14.77513244692' lon='-17.0054254666' />
  <node id='-125811' lat='14.77513069609' lon='-17.00541938609' />
  <node id='-125812' lat='14.77512854558' lon='-17.00541344256' />
  <node id='-125813' lat='14.77512600543' lon='-17.0054076637' />
  <node id='-125814' lat='14.77512308747' lon='-17.00540207647' />
  <node id='-125815' lat='14.77511980531' lon='-17.00539670691' />
  <node id='-125816' lat='14.77511617426' lon='-17.00539158006' />
  <node id='-125817' lat='14.77511221123' lon='-17.00538671983' />
  <node id='-125818' lat='14.77510793472' lon='-17.00538214886' />
  <node id='-125819' lat='14.77510336466' lon='-17.00537788849' />
  <node id='-125820' lat='14.77509852236' lon='-17.00537395856' />
  <node id='-125821' lat='14.77509343039' lon='-17.00537037741' />
  <node id='-125822' lat='14.77508811249' lon='-17.00536716172' />
  <node id='-125823' lat='14.77508259347' lon='-17.0053643265' />
  <node id='-125824' lat='14.77507689905' lon='-17.00536188496' />
  <node id='-125825' lat='14.77507105578' lon='-17.00535984848' />
  <node id='-125826' lat='14.7750650909' lon='-17.00535822656' />
  <node id='-125827' lat='14.77505903224' lon='-17.00535702677' />
  <node id='-125828' lat='14.77505290803' lon='-17.00535625469' />
  <node id='-125829' lat='14.77504674683' lon='-17.00535591393' />
  <node id='-125830' lat='14.77504057737' lon='-17.00535600608' />
  <node id='-125831' lat='14.7750344284' lon='-17.00535653069' />
  <node id='-125832' lat='14.77502832861' lon='-17.00535748534' />
  <node id='-125833' lat='14.77502230643' lon='-17.00535886557' />
  <node id='-125834' lat='14.77501638993' lon='-17.00536066494' />
  <node id='-125835' lat='14.77501060671' lon='-17.00536287506' />
  <node id='-125836' lat='14.77500498373' lon='-17.00536548563' />
  <node id='-125837' lat='14.77458270254' lon='-17.00557966754' />
  <node id='-125838' lat='14.77500498373' lon='-17.00536548563' />
  <node id='-125839' lat='14.77298104426' lon='-17.00473800979' />
  <node id='-125840' lat='14.77297534895' lon='-17.00474044911' />
  <node id='-125841' lat='14.77296982889' lon='-17.00474328218' />
  <node id='-125842' lat='14.77296450982' lon='-17.00474649579' />
  <node id='-125843' lat='14.77295941654' lon='-17.00475007495' />
  <node id='-125844' lat='14.7729545728' lon='-17.00475400298' />
  <node id='-125845' lat='14.77295000119' lon='-17.00475826155' />
  <node id='-125846' lat='14.772945723' lon='-17.00476283082' />
  <node id='-125847' lat='14.77294175821' lon='-17.00476768949' />
  <node id='-125848' lat='14.77293812528' lon='-17.00477281489' />
  <node id='-125849' lat='14.77293484116' lon='-17.00477818313' />
  <node id='-125850' lat='14.77293192116' lon='-17.00478376918' />
  <node id='-125851' lat='14.7729293789' lon='-17.004789547' />
  <node id='-125852' lat='14.77292722622' lon='-17.00479548965' />
  <node id='-125853' lat='14.77292547317' lon='-17.00480156942' />
  <node id='-125854' lat='14.77292412791' lon='-17.00480775796' />
  <node id='-125855' lat='14.77292319672' lon='-17.00481402642' />
  <node id='-125856' lat='14.77292268395' lon='-17.00482034558' />
  <node id='-125857' lat='14.77292259198' lon='-17.00482668597' />
  <node id='-125858' lat='14.77292292124' lon='-17.00483301803' />
  <node id='-125859' lat='14.77292367019' lon='-17.00483931223' />
  <node id='-125860' lat='14.77292483535' lon='-17.00484553924' />
  <node id='-125861' lat='14.77292641129' lon='-17.00485167001' />
  <node id='-125862' lat='14.77292839064' lon='-17.00485767596' />
  <node id='-125863' lat='14.77293076419' lon='-17.00486352909' />
  <node id='-125864' lat='14.77293352087' lon='-17.00486920212' />
  <node id='-125865' lat='14.77293664783' lon='-17.00487466858' />
  <node id='-125866' lat='14.77294013048' lon='-17.004879903' />
  <node id='-125867' lat='14.77294395259' lon='-17.00488488096' />
  <node id='-125868' lat='14.77294809633' lon='-17.00488957926' />
  <node id='-125869' lat='14.7729525424' lon='-17.00489397599' />
  <node id='-125870' lat='14.77295727006' lon='-17.00489805066' />
  <node id='-125871' lat='14.77296225726' lon='-17.00490178426' />
  <node id='-125872' lat='14.77296748075' lon='-17.00490515938' />
  <node id='-125873' lat='14.77297291619' lon='-17.0049081603' />
  <node id='-125874' lat='14.77297853822' lon='-17.00491077302' />
  <node id='-125875' lat='14.77298432063' lon='-17.00491298535' />
  <node id='-125876' lat='14.77299023647' lon='-17.00491478698' />
  <node id='-125877' lat='14.77299625815' lon='-17.00491616952' />
  <node id='-125878' lat='14.7730023576' lon='-17.00491712651' />
  <node id='-125879' lat='14.77300850637' lon='-17.0049176535' />
  <node id='-125880' lat='14.7730146758' lon='-17.00491774802' />
  <node id='-125881' lat='14.77302083713' lon='-17.00491740964' />
  <node id='-125882' lat='14.77302696162' lon='-17.00491663993' />
  <node id='-125883' lat='14.77303302073' lon='-17.00491544249' />
  <node id='-125884' lat='14.7730389862' lon='-17.00491382289' />
  <node id='-125885' lat='14.77304483021' lon='-17.00491178869' />
  <node id='-125886' lat='14.77304483022' lon='-17.00491178868' />
  <node id='-125887' lat='14.77311180167' lon='-17.00488582542' />
  <node id='-125888' action='modify' lat='14.7734100579' lon='-17.00457088562' />
  <node id='-125889' lat='14.77435561529' lon='-17.00447480001' />
  <node id='-125890' lat='14.77367606104' lon='-17.00446856686' />
  <node id='-125891' lat='14.77298104425' lon='-17.00473800979' />
  <node id='-125892' action='modify' lat='14.77408209133' lon='-17.00447229113' />
  <node id='-125893' lat='14.76924443721' lon='-17.01395516821' />
  <node id='-125894' action='modify' lat='14.7695034577' lon='-17.01252410599' />
  <node id='-125895' action='modify' lat='14.77324494294' lon='-17.0128079566' />
  <node id='-125896' lat='14.76886809954' lon='-17.0080678237' />
  <node id='-125897' lat='14.76933483263' lon='-17.00823118028' />
  <node id='-125898' lat='14.76978156288' lon='-17.00838786925' />
  <node id='-125899' lat='14.77003159846' lon='-17.00843454256' />
  <node id='-125900' lat='14.77044165682' lon='-17.00840787209' />
  <node id='-125901' lat='14.7707717038' lon='-17.00851788775' />
  <node id='-125902' lat='14.7670097' lon='-17.0038265' />
  <node id='-125903' lat='14.7643721' lon='-17.014684' />
  <node id='-125904' lat='14.76733' lon='-17.0025055' />
  <node id='-125905' lat='14.7630687' lon='-17.0241965' />
  <node id='-125906' lat='14.7633358' lon='-17.0222104' />
  <node id='-125907' lat='14.7635589' lon='-17.0203422' />
  <node id='-125908' lat='14.7636406' lon='-17.0195939' />
  <node id='-125909' lat='14.7637807' lon='-17.0185317' />
  <node id='-125910' lat='14.7638572' lon='-17.0179416' />
  <node id='-125911' lat='14.76404' lon='-17.0164973' />
  <node id='-125912' lat='14.7641451' lon='-17.0157945' />
  <node id='-125913' lat='14.7642034' lon='-17.0154405' />
  <node id='-125914' lat='14.764254' lon='-17.0151655' />
  <node id='-125915' lat='14.7643526' lon='-17.0147619' />
  <node id='-125916' lat='14.7645328' lon='-17.0140404' />
  <node id='-125917' lat='14.7646586' lon='-17.0135281' />
  <node id='-125918' lat='14.7647247' lon='-17.0132652' />
  <node id='-125919' lat='14.7649828' lon='-17.0122272' />
  <node id='-125920' lat='14.7651268' lon='-17.011617' />
  <node id='-125921' lat='14.7652564' lon='-17.0111007' />
  <node id='-125922' lat='14.7655508' lon='-17.0098735' />
  <node id='-125923' lat='14.7659839' lon='-17.0081154' />
  <node id='-125924' lat='14.7662705' lon='-17.0069513' />
  <node id='-125925' lat='14.766644' lon='-17.0053996' />
  <node id='-125926' lat='14.76712' lon='-17.0033638' />
  <node id='-125927' lat='14.767626' lon='-17.0012168' />
  <node id='-125928' lat='14.7681282' lon='-16.999174' />
  <node id='-125929' lat='14.7682466' lon='-16.9987563' />
  <node id='-125930' lat='14.7684107' lon='-16.9983244' />
  <node id='-125931' lat='14.7684954' lon='-16.9981533' />
  <node id='-125932' lat='14.7686387' lon='-16.9978636' />
  <node id='-125933' lat='14.7688885' lon='-16.9974441' />
  <node id='-125934' lat='14.7691908' lon='-16.9970231' />
  <node id='-125935' lat='14.7696533' lon='-16.9965184' />
  <node id='-125936' lat='14.7701103' lon='-16.9961312' />
  <node id='-125937' lat='14.7704381' lon='-16.9958826' />
  <node id='-125938' lat='14.7707277' lon='-16.9957011' />
  <node id='-125939' lat='14.7731177' lon='-16.9942495' />
  <node id='-125940' lat='14.7741865' lon='-16.9935929' />
  <node id='-125941' lat='14.7746309' lon='-16.9932916' />
  <node id='-125942' lat='14.7749696' lon='-16.9930129' />
  <node id='-125943' lat='14.7753119' lon='-16.9926889' />
  <node id='-125944' lat='14.7756243' lon='-16.9923601' />
  <node id='-125945' lat='14.7758291' lon='-16.9921133' />
  <node id='-125946' lat='14.7760185' lon='-16.9918183' />
  <node id='-125947' lat='14.7767109' lon='-16.9906434' />
  <node id='-125948' lat='14.7774527' lon='-16.9893158' />
  <node id='-125949' lat='14.7782644' lon='-16.9878405' />
  <node id='-125950' lat='14.7790788' lon='-16.986376' />
  <node id='-125951' lat='14.7793409' lon='-16.9858576' />
  <node id='-125952' lat='14.7800591' lon='-16.9846165' />
  <node id='-125953' lat='14.7802458' lon='-16.984292' />
  <node id='-125954' lat='14.77028029446' lon='-17.00675442785' />
  <node id='-125955' lat='14.77042981174' lon='-17.00665009908' />
  <node id='-125956' lat='14.77032829468' lon='-17.00649644053' />
  <node id='-125957' lat='14.77017877747' lon='-17.00660076937' />
  <node id='-125958' lat='14.77041828085' lon='-17.00646732484' />
  <node id='-125959' lat='14.77060517732' lon='-17.00633691353' />
  <node id='-125960' lat='14.77047828072' lon='-17.00614484034' />
  <node id='-125961' lat='14.77029138434' lon='-17.00627525177' />
  <node id='-125962' lat='14.77078342525' lon='-17.00481081435' />
  <node id='-125963' lat='14.77097032098' lon='-17.00468040132' />
  <node id='-125964' lat='14.77084342292' lon='-17.00448832856' />
  <node id='-125965' lat='14.77065652729' lon='-17.00461874171' />
  <node id='-125966' lat='14.76954871548' lon='-17.00813292154' />
  <node id='-125967' lat='14.76975700007' lon='-17.00804303241' />
  <node id='-125968' lat='14.76966953316' lon='-17.00782897947' />
  <node id='-125969' lat='14.76946124862' lon='-17.00791886878' />
  <node id='-125970' lat='14.76992432935' lon='-17.00702346506' />
  <node id='-125971' lat='14.76975387266' lon='-17.00708517487' />
  <node id='-125972' lat='14.76981391937' lon='-17.0072603524' />
  <node id='-125973' lat='14.76998437609' lon='-17.00719864272' />
  <node id='-125974' lat='14.76986951118' lon='-17.00733868475' />
  <node id='-125975' lat='14.76965644025' lon='-17.00741582167' />
  <node id='-125976' lat='14.76973149829' lon='-17.00763479355' />
  <node id='-125977' lat='14.76994456927' lon='-17.00755765684' />
  <node id='-125978' lat='14.76920684925' lon='-17.00527964348' />
  <node id='-125979' lat='14.76931994428' lon='-17.00513477642' />
  <node id='-125980' lat='14.76917898079' lon='-17.00501854957' />
  <node id='-125981' lat='14.76906588583' lon='-17.00516341662' />
  <node id='-125982' lat='14.76925667278' lon='-17.00496355001' />
  <node id='-125983' lat='14.76939804135' lon='-17.00478246588' />
  <node id='-125984' lat='14.76922183672' lon='-17.00463718254' />
  <node id='-125985' lat='14.76908046827' lon='-17.00481826664' />
  <node id='-125986' lat='14.76911044376' lon='-17.0043554722' />
  <node id='-125987' lat='14.76920812901' lon='-17.0045117314' />
  <node id='-125988' lat='14.76936017768' lon='-17.00441134101' />
  <node id='-125989' lat='14.76926249236' lon='-17.00425508172' />
  <node id='-125990' lat='14.76910957934' lon='-17.01194341066' />
  <node id='-125991' lat='14.76925909846' lon='-17.01183908621' />
  <node id='-125992' lat='14.76915758505' lon='-17.01168542661' />
  <node id='-125993' lat='14.76900806599' lon='-17.01178975113' />
  <node id='-125994' lat='14.76924757159' lon='-17.01165631323' />
  <node id='-125995' lat='14.76943447036' lon='-17.01152590732' />
  <node id='-125996' lat='14.76930757832' lon='-17.01133383281' />
  <node id='-125997' lat='14.76912067964' lon='-17.01146423884' />
  <node id='-125998' lat='14.7693472444' lon='-17.01055030797' />
  <node id='-125999' lat='14.76919201071' lon='-17.01064540964' />
  <node id='-126000' lat='14.76928454965' lon='-17.01080494218' />
  <node id='-126001' lat='14.76943978339' lon='-17.01070984059' />
  <node id='-126002' lat='14.76935410414' lon='-17.01087044327' />
  <node id='-126003' lat='14.7691600619' lon='-17.01098932005' />
  <node id='-126004' lat='14.76927573523' lon='-17.01118873585' />
  <node id='-126005' lat='14.76946977756' lon='-17.01106985921' />
  <node id='-126006' lat='14.76915550657' lon='-17.01229586527' />
  <node id='-126007' lat='14.76896146377' lon='-17.0124147406' />
  <node id='-126008' lat='14.7690771358' lon='-17.01261415679' />
  <node id='-126009' lat='14.76927117869' lon='-17.01249528161' />
  <node id='-126010' lat='14.77064544074' lon='-17.00509791913' />
  <node id='-126011' lat='14.77079495742' lon='-17.00499358899' />
  <node id='-126012' lat='14.7706934392' lon='-17.00483993078' />
  <node id='-126013' lat='14.77054392258' lon='-17.00494426099' />
  <node id='-126014' lat='14.77062988821' lon='-17.00561348662' />
  <node id='-126015' lat='14.77043736065' lon='-17.00573493862' />
  <node id='-126016' lat='14.77055553912' lon='-17.00593279897' />
  <node id='-126017' lat='14.77074806676' lon='-17.00581134711' />
  <node id='-126018' lat='14.77061899233' lon='-17.00529346672' />
  <node id='-126019' lat='14.77046497039' lon='-17.00539062857' />
  <node id='-126020' lat='14.77055951343' lon='-17.00554891674' />
  <node id='-126021' lat='14.77071353542' lon='-17.00545175497' />
  <node id='-126022' lat='14.77202491608' lon='-17.01199480382' />
  <node id='-126023' lat='14.77184691484' lon='-17.01213775544' />
  <node id='-126024' lat='14.77198601255' lon='-17.01232068835' />
  <node id='-126025' lat='14.7721640139' lon='-17.01217773682' />
  <node id='-126026' lat='14.77214393078' lon='-17.0116988672' />
  <node id='-126027' lat='14.77200152991' lon='-17.01181322878' />
  <node id='-126028' lat='14.77211280831' lon='-17.01195957506' />
  <node id='-126029' lat='14.77225520925' lon='-17.01184521354' />
  <node id='-126030' lat='14.77151167114' lon='-17.01069215273' />
  <node id='-126031' lat='14.7714770246' lon='-17.01046273684' />
  <node id='-126032' lat='14.77125379296' lon='-17.01049834331' />
  <node id='-126033' lat='14.7712884395' lon='-17.01072775896' />
  <node id='-126034' lat='14.7717050442' lon='-17.0109432398' />
  <node id='-126035' lat='14.77167732721' lon='-17.01075970691' />
  <node id='-126036' lat='14.77149874189' lon='-17.01078819184' />
  <node id='-126037' lat='14.77152645888' lon='-17.01097172457' />
  <node id='-126038' lat='14.77136127642' lon='-17.01143705475' />
  <node id='-126039' lat='14.77127140775' lon='-17.01122405409' />
  <node id='-126040' lat='14.77106414869' lon='-17.01131641236' />
  <node id='-126041' lat='14.7711540173' lon='-17.01152941283' />
  <node id='-126042' lat='14.77184738355' lon='-17.00982831581' />
  <node id='-126043' lat='14.77181273618' lon='-17.00959889958' />
  <node id='-126044' lat='14.77158950456' lon='-17.00963450696' />
  <node id='-126045' lat='14.77162415193' lon='-17.00986392294' />
  <node id='-126046' lat='14.77204075759' lon='-17.01007940266' />
  <node id='-126047' lat='14.77201303993' lon='-17.0098958695' />
  <node id='-126048' lat='14.77183445464' lon='-17.00992435516' />
  <node id='-126049' lat='14.77186217229' lon='-17.01010788816' />
  <node id='-126050' lat='14.77169616308' lon='-17.01189387186' />
  <node id='-126051' lat='14.7716111393' lon='-17.01167878041' />
  <node id='-126052' lat='14.77140184615' lon='-17.01176615971' />
  <node id='-126053' lat='14.77148686987' lon='-17.01198125097' />
  <node id='-126054' lat='14.77132945141' lon='-17.01201691781' />
  <node id='-126055' lat='14.77125968866' lon='-17.01184558388' />
  <node id='-126056' lat='14.77109297314' lon='-17.01191727923' />
  <node id='-126057' lat='14.77116273586' lon='-17.01208861305' />
  <node id='-126058' lat='14.77164773129' lon='-17.01228385183' />
  <node id='-126059' lat='14.7715627079' lon='-17.01206876033' />
  <node id='-126060' lat='14.77135341465' lon='-17.01215613923' />
  <node id='-126061' lat='14.77143843798' lon='-17.01237123053' />
  <node id='-126062' lat='14.77233155455' lon='-17.01108834646' />
  <node id='-126063' lat='14.77242324247' lon='-17.0113005277' />
  <node id='-126064' lat='14.77262970321' lon='-17.01120629936' />
  <node id='-126065' lat='14.77253801523' lon='-17.01099411793' />
  <node id='-126066' lat='14.77208113555' lon='-17.01089780464' />
  <node id='-126067' lat='14.77215448607' lon='-17.01106754937' />
  <node id='-126068' lat='14.77231965461' lon='-17.01099216659' />
  <node id='-126069' lat='14.77224630404' lon='-17.01082242174' />
  <node id='-126070' lat='14.7723907201' lon='-17.01068484028' />
  <node id='-126071' lat='14.7724824084' lon='-17.01089702146' />
  <node id='-126072' lat='14.77268886903' lon='-17.01080279269' />
  <node id='-126073' lat='14.77259718067' lon='-17.01059061133' />
  <node id='-126074' lat='14.77221319362' lon='-17.00933806347' />
  <node id='-126075' lat='14.77227063713' lon='-17.00956259579' />
  <node id='-126076' lat='14.77248911609' lon='-17.00950356077' />
  <node id='-126077' lat='14.77243167255' lon='-17.00927902823' />
  <node id='-126078' lat='14.77371541042' lon='-17.00855878043' />
  <node id='-126079' lat='14.77354695257' lon='-17.00840409399' />
  <node id='-126080' lat='14.77339643744' lon='-17.00857722028' />
  <node id='-126081' lat='14.77356489517' lon='-17.00873190671' />
  <node id='-126082' lat='14.77330006843' lon='-17.00967870942' />
  <node id='-126083' lat='14.7731316114' lon='-17.00952402255' />
  <node id='-126084' lat='14.77298109557' lon='-17.00969714766' />
  <node id='-126085' lat='14.77314955248' lon='-17.00985183453' />
  <node id='-126086' lat='14.77349054886' lon='-17.00973384453' />
  <node id='-126087' lat='14.77366014227' lon='-17.00958047452' />
  <node id='-126088' lat='14.7735109079' lon='-17.00940618121' />
  <node id='-126089' lat='14.77334131459' lon='-17.00955955128' />
  <node id='-126090' lat='14.77338851578' lon='-17.01003640772' />
  <node id='-126091' lat='14.77352419065' lon='-17.009913712' />
  <node id='-126092' lat='14.77340480337' lon='-17.00977427727' />
  <node id='-126093' lat='14.77326912858' lon='-17.00989697303' />
  <node id='-126094' lat='14.77314580169' lon='-17.01069668843' />
  <node id='-126095' lat='14.77326798519' lon='-17.0108919642' />
  <node id='-126096' lat='14.77345799551' lon='-17.01076639477' />
  <node id='-126097' lat='14.77333581192' lon='-17.01057111887' />
  <node id='-126098' lat='14.77286997433' lon='-17.01054774507' />
  <node id='-126099' lat='14.77296772128' lon='-17.0107039654' />
  <node id='-126100' lat='14.77311972946' lon='-17.01060350984' />
  <node id='-126101' lat='14.77302198245' lon='-17.01044728943' />
  <node id='-126102' lat='14.77313019003' lon='-17.01029362554' />
  <node id='-126103' lat='14.7732523739' lon='-17.01048890111' />
  <node id='-126104' lat='14.77344238404' lon='-17.01036333131' />
  <node id='-126105' lat='14.77332020008' lon='-17.01016805561' />
  <node id='-126106' lat='14.77294795524' lon='-17.01110862769' />
  <node id='-126107' lat='14.77307013839' lon='-17.01130390345' />
  <node id='-126108' lat='14.77326014887' lon='-17.0111783345' />
  <node id='-126109' lat='14.77313796564' lon='-17.01098305861' />
  <node id='-126110' lat='14.77294271474' lon='-17.01151863426' />
  <node id='-126111' lat='14.77306489751' lon='-17.0117139102' />
  <node id='-126112' lat='14.77325490817' lon='-17.01158834164' />
  <node id='-126113' lat='14.77313272531' lon='-17.01139306558' />
  <node id='-126114' lat='14.77312229169' lon='-17.01202307785' />
  <node id='-126115' lat='14.77324447398' lon='-17.01221835419' />
  <node id='-126116' lat='14.77343448487' lon='-17.01209278602' />
  <node id='-126117' lat='14.7733123025' lon='-17.01189750955' />
  <node id='-126118' lat='14.77356412482' lon='-17.00776550955' />
  <node id='-126119' lat='14.77356504968' lon='-17.00753334633' />
  <node id='-126120' lat='14.77333914693' lon='-17.00753239597' />
  <node id='-126121' lat='14.7733382221' lon='-17.00776455896' />
  <node id='-126122' lat='14.7737166285' lon='-17.008044752' />
  <node id='-126123' lat='14.77371736865' lon='-17.00785902133' />
  <node id='-126124' lat='14.77353664648' lon='-17.00785826075' />
  <node id='-126125' lat='14.77353590635' lon='-17.00804399128' />
  <node id='-126126' lat='14.77257932851' lon='-17.00723852163' />
  <node id='-126127' lat='14.77242320776' lon='-17.0074063223' />
  <node id='-126128' lat='14.77258648421' lon='-17.00756676897' />
  <node id='-126129' lat='14.77274260508' lon='-17.00739896832' />
  <node id='-126130' lat='14.77262505831' lon='-17.00701752425' />
  <node id='-126131' lat='14.77246376062' lon='-17.00685497727' />
  <node id='-126132' lat='14.77230559613' lon='-17.00702074414' />
  <node id='-126133' lat='14.7724668937' lon='-17.00718329109' />
  <node id='-126134' lat='14.7729261673' lon='-17.00709985938' />
  <node id='-126135' lat='14.77279712925' lon='-17.00696982153' />
  <node id='-126136' lat='14.77267059758' lon='-17.00710243514' />
  <node id='-126137' lat='14.77279963556' lon='-17.00723247297' />
  <node id='-126138' lat='14.77271155011' lon='-17.00632045155' />
  <node id='-126139' lat='14.77291013512' lon='-17.00620977824' />
  <node id='-126140' lat='14.7728024457' lon='-17.00600569053' />
  <node id='-126141' lat='14.77260386076' lon='-17.00611636399' />
  <node id='-126142' lat='14.77260222869' lon='-17.00651647696' />
  <node id='-126143' lat='14.77270740805' lon='-17.00672194234' />
  <node id='-126144' lat='14.77290733374' lon='-17.00661384858' />
  <node id='-126145' lat='14.7728021543' lon='-17.00640838303' />
  <node id='-126146' lat='14.77234006381' lon='-17.00634342265' />
  <node id='-126147' lat='14.77242420747' lon='-17.00650779467' />
  <node id='-126148' lat='14.77258414796' lon='-17.00642131959' />
  <node id='-126149' lat='14.77250000425' lon='-17.00625694746' />
  <node id='-126150' lat='14.77423654861' lon='-17.00674866535' />
  <node id='-126151' lat='14.77441077956' lon='-17.0066008865' />
  <node id='-126152' lat='14.77426698606' lon='-17.00642182649' />
  <node id='-126153' lat='14.77409275522' lon='-17.00656960542' />
  <node id='-126154' lat='14.7741252507' lon='-17.0070477605' />
  <node id='-126155' lat='14.77426463559' lon='-17.00692953769' />
  <node id='-126156' lat='14.77414960102' lon='-17.00678628963' />
  <node id='-126157' lat='14.7740102162' lon='-17.00690451248' />
  <node id='-126158' lat='14.77385115034' lon='-17.00679044515' />
  <node id='-126159' lat='14.77402538128' lon='-17.00664266655' />
  <node id='-126160' lat='14.77388158778' lon='-17.00646360687' />
  <node id='-126161' lat='14.77370735694' lon='-17.00661138555' />
  <node id='-126162' lat='14.77172918969' lon='-17.0101930722' />
  <node id='-126163' lat='14.77169454267' lon='-17.00996365609' />
  <node id='-126164' lat='14.77147131105' lon='-17.00999926308' />
  <node id='-126165' lat='14.77150595806' lon='-17.01022867895' />
  <node id='-126166' lat='14.77269336714' lon='-17.00984392344' />
  <node id='-126167' lat='14.77264254313' lon='-17.00966568806' />
  <node id='-126168' lat='14.77246911332' lon='-17.00971792039' />
  <node id='-126169' lat='14.7725199373' lon='-17.00989615562' />
  <node id='-126170' lat='14.77342094881' lon='-17.00886527726' />
  <node id='-126171' lat='14.77342300775' lon='-17.0089766963' />
  <node id='-126172' lat='14.77241741428' lon='-17.01192732216' />
  <node id='-126173' lat='14.77223941305' lon='-17.01207027406' />
  <node id='-126174' lat='14.77237851078' lon='-17.01225320729' />
  <node id='-126175' lat='14.77255651212' lon='-17.01211025548' />
  <node id='-126176' lat='14.77241473305' lon='-17.00782538264' />
  <node id='-126177' lat='14.77278864759' lon='-17.00808194009' />
  <node id='-126178' lat='14.77272963949' lon='-17.0101429419' />
  <node id='-126179' lat='14.77223835875' lon='-17.00996941877' />
  <node id='-126180' lat='14.77212882358' lon='-17.00941367171' />
  <node id='-126181' lat='14.77208286865' lon='-17.00923404598' />
  <node id='-126182' lat='14.77190808552' lon='-17.00928127419' />
  <node id='-126183' lat='14.77195404042' lon='-17.00946089977' />
  <node id='-126184' lat='14.77332704778' lon='-17.00815476333' />
  <node id='-126185' lat='14.773327973' lon='-17.00792260041' />
  <node id='-126186' lat='14.77310207029' lon='-17.00792164968' />
  <node id='-126187' lat='14.7731011451' lon='-17.00815381237' />
  <node id='-126188' lat='14.77174044321' lon='-17.0094371084' />
  <node id='-126189' lat='14.77190048244' lon='-17.00900302782' />
  <node id='-126190' lat='14.77163903473' lon='-17.00939764831' />
  <node id='-126191' lat='14.77193224598' lon='-17.00891561891' />
  <node id='-126192' lat='14.77209228432' lon='-17.00848153745' />
  <node id='-126193' lat='14.77183083738' lon='-17.008876159' />
  <node id='-126194' lat='14.77243404684' lon='-17.00853594355' />
  <node id='-126195' lat='14.77227407622' lon='-17.00869986935' />
  <node id='-126196' lat='14.77243358238' lon='-17.00886427244' />
  <node id='-126197' lat='14.77259355311' lon='-17.00870034668' />
  <node id='-126198' lat='14.77232803137' lon='-17.00849900945' />
  <node id='-126199' lat='14.77245600778' lon='-17.00836786867' />
  <node id='-126200' lat='14.77232840254' lon='-17.00823634641' />
  <node id='-126201' lat='14.77220042621' lon='-17.00836748722' />
  <node id='-126202' lat='14.77349390864' lon='-17.01378563278' />
  <node id='-126203' lat='14.77349360946' lon='-17.01381992538' />
  <node id='-126204' lat='14.77348005577' lon='-17.01381980048' />
  <node id='-126205' lat='14.77347987348' lon='-17.01384069443' />
  <node id='-126206' lat='14.77329862874' lon='-17.0138996547' />
  <node id='-126207' lat='14.77329822363' lon='-17.01394608564' />
  <node id='-126208' lat='14.77334792048' lon='-17.01394654362' />
  <node id='-126209' lat='14.77334804201' lon='-17.01393261433' />
  <node id='-126210' lat='14.77338870306' lon='-17.01393298903' />
  <node id='-126211' lat='14.77338882459' lon='-17.01391905974' />
  <node id='-126212' lat='14.77342948565' lon='-17.01391943445' />
  <node id='-126213' lat='14.77342960718' lon='-17.01390550516' />
  <node id='-126214' lat='14.77347026823' lon='-17.01390587986' />
  <node id='-126215' lat='14.77347038976' lon='-17.01389195056' />
  <node id='-126216' lat='14.77351105082' lon='-17.01389232526' />
  <node id='-126217' lat='14.77351117235' lon='-17.01387839597' />
  <node id='-126218' lat='14.77356538709' lon='-17.01387889556' />
  <node id='-126219' lat='14.77356619496' lon='-17.01378629888' />
  <node id='-126220' lat='14.77356700743' lon='-17.01369317155' />
  <node id='-126221' lat='14.77351279269' lon='-17.01369267199' />
  <node id='-126222' lat='14.77351291421' lon='-17.01367874269' />
  <node id='-126223' lat='14.77347225315' lon='-17.01367836803' />
  <node id='-126224' lat='14.77347237467' lon='-17.01366443874' />
  <node id='-126225' lat='14.77343171361' lon='-17.01366406408' />
  <node id='-126226' lat='14.77343183513' lon='-17.01365013479' />
  <node id='-126227' lat='14.77339117407' lon='-17.01364976013' />
  <node id='-126228' lat='14.77339129559' lon='-17.01363583084' />
  <node id='-126229' lat='14.77335063453' lon='-17.01363545619' />
  <node id='-126230' lat='14.77335075604' lon='-17.01362152691' />
  <node id='-126231' lat='14.77330105919' lon='-17.01362106901' />
  <node id='-126232' lat='14.77330065414' lon='-17.01366749996' />
  <node id='-126233' lat='14.77348084105' lon='-17.0137297907' />
  <node id='-126234' lat='14.77348065877' lon='-17.01375068464' />
  <node id='-126235' lat='14.77349421245' lon='-17.01375080954' />
  <node id='-126236' lat='14.77349755403' lon='-17.01336775382' />
  <node id='-126237' lat='14.77349725491' lon='-17.01340204643' />
  <node id='-126238' lat='14.77348370122' lon='-17.01340192156' />
  <node id='-126239' lat='14.77348351896' lon='-17.01342281551' />
  <node id='-126240' lat='14.77330227429' lon='-17.01348177614' />
  <node id='-126241' lat='14.77330186927' lon='-17.0135282071' />
  <node id='-126242' lat='14.77330186927' lon='-17.0135282071' />
  <node id='-126243' lat='14.77335156612' lon='-17.01352866498' />
  <node id='-126244' lat='14.77335168763' lon='-17.01351473569' />
  <node id='-126245' lat='14.77339234869' lon='-17.01351511031' />
  <node id='-126246' lat='14.7733924702' lon='-17.01350118102' />
  <node id='-126247' lat='14.77343313126' lon='-17.01350155564' />
  <node id='-126248' lat='14.77343325277' lon='-17.01348762635' />
  <node id='-126249' lat='14.77347391383' lon='-17.01348800097' />
  <node id='-126250' lat='14.77347403534' lon='-17.01347407168' />
  <node id='-126251' lat='14.7735146964' lon='-17.0134744463' />
  <node id='-126252' lat='14.77351481791' lon='-17.013460517' />
  <node id='-126253' lat='14.77356903266' lon='-17.01346101649' />
  <node id='-126254' lat='14.77356984037' lon='-17.01336841978' />
  <node id='-126255' lat='14.77357065267' lon='-17.01327529242' />
  <node id='-126256' lat='14.77351643792' lon='-17.01327479297' />
  <node id='-126257' lat='14.77351655941' lon='-17.01326086367' />
  <node id='-126258' lat='14.77347589834' lon='-17.01326048909' />
  <node id='-126259' lat='14.77347601984' lon='-17.01324655979' />
  <node id='-126260' lat='14.77343535877' lon='-17.01324618521' />
  <node id='-126261' lat='14.77343548026' lon='-17.01323225591' />
  <node id='-126262' lat='14.77339481919' lon='-17.01323188134' />
  <node id='-126263' lat='14.77339494068' lon='-17.01321795204' />
  <node id='-126264' lat='14.77335427961' lon='-17.01321757747' />
  <node id='-126265' lat='14.7733544011' lon='-17.01320364818' />
  <node id='-126266' lat='14.77330470424' lon='-17.01320319037' />
  <node id='-126267' lat='14.77330470424' lon='-17.01320319037' />
  <node id='-126268' lat='14.77330429927' lon='-17.01324962134' />
  <node id='-126269' lat='14.77348448634' lon='-17.01331191175' />
  <node id='-126270' lat='14.77348430409' lon='-17.0133328057' />
  <node id='-126271' lat='14.77349785778' lon='-17.01333293057' />
  <node id='-126272' lat='14.77350119867' lon='-17.01294987474' />
  <node id='-126273' lat='14.7735008996' lon='-17.01298416736' />
  <node id='-126274' lat='14.77348734591' lon='-17.01298404252' />
  <node id='-126275' lat='14.77348716369' lon='-17.01300493647' />
  <node id='-126276' lat='14.77330591908' lon='-17.01306389747' />
  <node id='-126277' lat='14.77330551414' lon='-17.01311032844' />
  <node id='-126278' lat='14.77330551414' lon='-17.01311032844' />
  <node id='-126279' lat='14.77335521101' lon='-17.01311078622' />
  <node id='-126280' lat='14.77335533249' lon='-17.01309685693' />
  <node id='-126281' lat='14.77339599357' lon='-17.01309723148' />
  <node id='-126282' lat='14.77339611505' lon='-17.01308330218' />
  <node id='-126283' lat='14.77343677612' lon='-17.01308367673' />
  <node id='-126284' lat='14.77343689761' lon='-17.01306974743' />
  <node id='-126285' lat='14.77347755868' lon='-17.01307012197' />
  <node id='-126286' lat='14.77347768016' lon='-17.01305619267' />
  <node id='-126287' lat='14.77351834123' lon='-17.01305656722' />
  <node id='-126288' lat='14.77351846272' lon='-17.01304263791' />
  <node id='-126289' lat='14.77357267748' lon='-17.0130431373' />
  <node id='-126290' lat='14.77357348502' lon='-17.01295054057' />
  <node id='-126291' lat='14.77357429716' lon='-17.01285741318' />
  <node id='-126292' lat='14.77352008239' lon='-17.01285691384' />
  <node id='-126293' lat='14.77352020386' lon='-17.01284298453' />
  <node id='-126294' lat='14.77347954278' lon='-17.01284261003' />
  <node id='-126295' lat='14.77347966424' lon='-17.01282868072' />
  <node id='-126296' lat='14.77343900317' lon='-17.01282830622' />
  <node id='-126297' lat='14.77343912463' lon='-17.01281437692' />
  <node id='-126298' lat='14.77339846355' lon='-17.01281400242' />
  <node id='-126299' lat='14.77339858502' lon='-17.01280007312' />
  <node id='-126300' lat='14.77335792394' lon='-17.01279969863' />
  <node id='-126301' lat='14.7733580454' lon='-17.01278576933' />
  <node id='-126302' lat='14.77330834853' lon='-17.01278531162' />
  <node id='-126303' lat='14.77330834853' lon='-17.01278531162' />
  <node id='-126304' lat='14.77330794364' lon='-17.0128317426' />
  <node id='-126305' lat='14.77348813087' lon='-17.01289403269' />
  <node id='-126306' lat='14.77348794866' lon='-17.01291492664' />
  <node id='-126307' lat='14.77350150235' lon='-17.01291505148' />
  <node id='-126308' lat='14.77252710096' lon='-17.01377672424' />
  <node id='-126309' lat='14.77252740475' lon='-17.01374190115' />
  <node id='-126310' lat='14.77254095844' lon='-17.01374202604' />
  <node id='-126311' lat='14.77254114071' lon='-17.01372113218' />
  <node id='-126312' lat='14.77272238541' lon='-17.01366217188' />
  <node id='-126313' lat='14.77272279044' lon='-17.01361574105' />
  <node id='-126314' lat='14.77272279044' lon='-17.01361574105' />
  <node id='-126315' lat='14.77267309359' lon='-17.01361528317' />
  <node id='-126316' lat='14.77267297208' lon='-17.01362921242' />
  <node id='-126317' lat='14.77263231102' lon='-17.01362883779' />
  <node id='-126318' lat='14.77263218951' lon='-17.01364276703' />
  <node id='-126319' lat='14.77259152845' lon='-17.0136423924' />
  <node id='-126320' lat='14.77259140694' lon='-17.01365632164' />
  <node id='-126321' lat='14.77255074588' lon='-17.01365594701' />
  <node id='-126322' lat='14.77255062437' lon='-17.01366987625' />
  <node id='-126323' lat='14.7725099633' lon='-17.01366950161' />
  <node id='-126324' lat='14.77250984179' lon='-17.01368343085' />
  <node id='-126325' lat='14.77245562704' lon='-17.01368293134' />
  <node id='-126326' lat='14.77245481464' lon='-17.0137760582' />
  <node id='-126327' lat='14.77245400682' lon='-17.01386865441' />
  <node id='-126328' lat='14.77250822156' lon='-17.01386915397' />
  <node id='-126329' lat='14.77250810004' lon='-17.0138830832' />
  <node id='-126330' lat='14.7725487611' lon='-17.01388345788' />
  <node id='-126331' lat='14.77254863957' lon='-17.01389738711' />
  <node id='-126332' lat='14.77258930063' lon='-17.01389776179' />
  <node id='-126333' lat='14.7725891791' lon='-17.01391169103' />
  <node id='-126334' lat='14.77262984016' lon='-17.01391206571' />
  <node id='-126335' lat='14.77262971863' lon='-17.01392599495' />
  <node id='-126336' lat='14.77267037969' lon='-17.01392636963' />
  <node id='-126337' lat='14.77267025816' lon='-17.01394029887' />
  <node id='-126338' lat='14.772719955' lon='-17.01394075682' />
  <node id='-126339' lat='14.772719955' lon='-17.01394075682' />
  <node id='-126340' lat='14.77272036009' lon='-17.013894326' />
  <node id='-126341' lat='14.7725401732' lon='-17.01383203543' />
  <node id='-126342' lat='14.77254035548' lon='-17.01381114158' />
  <node id='-126343' lat='14.7725268018' lon='-17.01381101669' />
  <node id='-126344' lat='14.7725307461' lon='-17.01335884713' />
  <node id='-126345' lat='14.77253104983' lon='-17.01332402403' />
  <node id='-126346' lat='14.77254460352' lon='-17.01332414889' />
  <node id='-126347' lat='14.77254478576' lon='-17.01330325503' />
  <node id='-126348' lat='14.77272603039' lon='-17.01324429436' />
  <node id='-126349' lat='14.77272643534' lon='-17.01319786352' />
  <node id='-126350' lat='14.77272643534' lon='-17.01319786352' />
  <node id='-126351' lat='14.77267673847' lon='-17.01319740573' />
  <node id='-126352' lat='14.77267661699' lon='-17.01321133498' />
  <node id='-126353' lat='14.77263595592' lon='-17.01321096043' />
  <node id='-126354' lat='14.77263583443' lon='-17.01322488968' />
  <node id='-126355' lat='14.77259517336' lon='-17.01322451513' />
  <node id='-126356' lat='14.77259505188' lon='-17.01323844437' />
  <node id='-126357' lat='14.7725543908' lon='-17.01323806982' />
  <node id='-126358' lat='14.77255426932' lon='-17.01325199906' />
  <node id='-126359' lat='14.77251360825' lon='-17.0132516245' />
  <node id='-126360' lat='14.77251348676' lon='-17.01326555374' />
  <node id='-126361' lat='14.772459272' lon='-17.01326505433' />
  <node id='-126362' lat='14.77245845976' lon='-17.01335818122' />
  <node id='-126363' lat='14.77245765211' lon='-17.01345077746' />
  <node id='-126364' lat='14.77251186687' lon='-17.01345127692' />
  <node id='-126365' lat='14.77251174537' lon='-17.01346520615' />
  <node id='-126366' lat='14.77255240644' lon='-17.01346558075' />
  <node id='-126367' lat='14.77255228494' lon='-17.01347950999' />
  <node id='-126368' lat='14.772592946' lon='-17.01347988459' />
  <node id='-126369' lat='14.7725928245' lon='-17.01349381383' />
  <node id='-126370' lat='14.77263348557' lon='-17.01349418843' />
  <node id='-126371' lat='14.77263336407' lon='-17.01350811767' />
  <node id='-126372' lat='14.77267402513' lon='-17.01350849228' />
  <node id='-126373' lat='14.77267390363' lon='-17.01352242153' />
  <node id='-126374' lat='14.77272360049' lon='-17.01352287938' />
  <node id='-126375' lat='14.77272400549' lon='-17.01347644855' />
  <node id='-126376' lat='14.77254381845' lon='-17.01341415831' />
  <node id='-126377' lat='14.77254400069' lon='-17.01339326445' />
  <node id='-126378' lat='14.772530447' lon='-17.01339313959' />
  <node id='-126379' lat='14.77253439049' lon='-17.0129409699' />
  <node id='-126380' lat='14.77253469415' lon='-17.01290614679' />
  <node id='-126381' lat='14.77254824785' lon='-17.01290627162' />
  <node id='-126382' lat='14.77254843004' lon='-17.01288537776' />
  <node id='-126383' lat='14.77272967461' lon='-17.01282641673' />
  <node id='-126384' lat='14.77273007948' lon='-17.01277998587' />
  <node id='-126385' lat='14.77273007948' lon='-17.01277998587' />
  <node id='-126386' lat='14.7726803826' lon='-17.01277952819' />
  <node id='-126387' lat='14.77268026114' lon='-17.01279345744' />
  <node id='-126388' lat='14.77263960006' lon='-17.01279308297' />
  <node id='-126389' lat='14.7726394786' lon='-17.01280701222' />
  <node id='-126390' lat='14.77259881752' lon='-17.01280663774' />
  <node id='-126391' lat='14.77259869606' lon='-17.01282056699' />
  <node id='-126392' lat='14.77255803497' lon='-17.01282019251' />
  <node id='-126393' lat='14.77255791351' lon='-17.01283412176' />
  <node id='-126394' lat='14.77251725243' lon='-17.01283374728' />
  <node id='-126395' lat='14.77251713097' lon='-17.01284767652' />
  <node id='-126396' lat='14.77246291619' lon='-17.01284717722' />
  <node id='-126397' lat='14.77246210412' lon='-17.01294030413' />
  <node id='-126398' lat='14.77246129664' lon='-17.01303290039' />
  <node id='-126399' lat='14.77251551141' lon='-17.01303339975' />
  <node id='-126400' lat='14.77251538994' lon='-17.01304732899' />
  <node id='-126401' lat='14.77255605102' lon='-17.0130477035' />
  <node id='-126402' lat='14.77255592955' lon='-17.01306163275' />
  <node id='-126403' lat='14.77259659062' lon='-17.01306200727' />
  <node id='-126404' lat='14.77259646915' lon='-17.01307593651' />
  <node id='-126405' lat='14.77263713022' lon='-17.01307631104' />
  <node id='-126406' lat='14.77263700875' lon='-17.01309024029' />
  <node id='-126407' lat='14.77267766982' lon='-17.01309061482' />
  <node id='-126408' lat='14.77267754834' lon='-17.01310454407' />
  <node id='-126409' lat='14.77272724521' lon='-17.01310500183' />
  <node id='-126410' lat='14.77272765014' lon='-17.01305857098' />
  <node id='-126411' lat='14.77254746293' lon='-17.01299628107' />
  <node id='-126412' lat='14.77254764514' lon='-17.0129753872' />
  <node id='-126413' lat='14.77253409145' lon='-17.01297526237' />
  <node id='-126414' lat='14.77154605463' lon='-17.01376768517' />
  <node id='-126415' lat='14.77154575548' lon='-17.01380197747' />
  <node id='-126416' lat='14.7715322018' lon='-17.01380185259' />
  <node id='-126417' lat='14.77153201953' lon='-17.01382274635' />
  <node id='-126418' lat='14.77135077483' lon='-17.01388170632' />
  <node id='-126419' lat='14.77135036978' lon='-17.01392813685' />
  <node id='-126420' lat='14.77135036978' lon='-17.01392813685' />
  <node id='-126421' lat='14.77140006663' lon='-17.01392859476' />
  <node id='-126422' lat='14.77140018815' lon='-17.0139146656' />
  <node id='-126423' lat='14.77144084921' lon='-17.01391504025' />
  <node id='-126424' lat='14.77144097072' lon='-17.01390111108' />
  <node id='-126425' lat='14.77148163178' lon='-17.01390148573' />
  <node id='-126426' lat='14.7714817533' lon='-17.01388755656' />
  <node id='-126427' lat='14.77152241436' lon='-17.01388793121' />
  <node id='-126428' lat='14.77152253587' lon='-17.01387400204' />
  <node id='-126429' lat='14.77156319693' lon='-17.01387437668' />
  <node id='-126430' lat='14.77156331845' lon='-17.01386044751' />
  <node id='-126431' lat='14.77161753319' lon='-17.01386094704' />
  <node id='-126432' lat='14.77161834096' lon='-17.01376835117' />
  <node id='-126433' lat='14.77161915332' lon='-17.01367522467' />
  <node id='-126434' lat='14.77156493857' lon='-17.01367472519' />
  <node id='-126435' lat='14.77156506007' lon='-17.01366079602' />
  <node id='-126436' lat='14.77152439901' lon='-17.01366042141' />
  <node id='-126437' lat='14.77152452051' lon='-17.01364649224' />
  <node id='-126438' lat='14.77148385944' lon='-17.01364611764' />
  <node id='-126439' lat='14.77148398094' lon='-17.01363218847' />
  <node id='-126440' lat='14.77144331988' lon='-17.01363181387' />
  <node id='-126441' lat='14.77144344137' lon='-17.0136178847' />
  <node id='-126442' lat='14.77140278031' lon='-17.01361751011' />
  <node id='-126443' lat='14.77140290181' lon='-17.01360358094' />
  <node id='-126444' lat='14.77135320495' lon='-17.01360312311' />
  <node id='-126445' lat='14.77135279995' lon='-17.01364955365' />
  <node id='-126446' lat='14.77153298697' lon='-17.01371184361' />
  <node id='-126447' lat='14.77153280471' lon='-17.01373273737' />
  <node id='-126448' lat='14.7715463584' lon='-17.01373286224' />
  <node id='-126449' lat='14.77154969952' lon='-17.01334980993' />
  <node id='-126450' lat='14.77154940043' lon='-17.01338410224' />
  <node id='-126451' lat='14.77153584674' lon='-17.01338397738' />
  <node id='-126452' lat='14.77153566451' lon='-17.01340487115' />
  <node id='-126453' lat='14.77135441988' lon='-17.01346383149' />
  <node id='-126454' lat='14.77135401491' lon='-17.01351026203' />
  <node id='-126455' lat='14.77140371177' lon='-17.01351071984' />
  <node id='-126456' lat='14.77140383326' lon='-17.01349679067' />
  <node id='-126457' lat='14.77144449433' lon='-17.01349716525' />
  <node id='-126458' lat='14.77144461583' lon='-17.01348323608' />
  <node id='-126459' lat='14.7714852769' lon='-17.01348361065' />
  <node id='-126460' lat='14.77148539839' lon='-17.01346968148' />
  <node id='-126461' lat='14.77152605946' lon='-17.01347005604' />
  <node id='-126462' lat='14.77152618095' lon='-17.01345612687' />
  <node id='-126463' lat='14.77156684202' lon='-17.01345650144' />
  <node id='-126464' lat='14.77156696351' lon='-17.01344257226' />
  <node id='-126465' lat='14.77162117827' lon='-17.01344307168' />
  <node id='-126466' lat='14.77162198587' lon='-17.01335047579' />
  <node id='-126467' lat='14.77162279806' lon='-17.01325734927' />
  <node id='-126468' lat='14.77156858329' lon='-17.01325684989' />
  <node id='-126469' lat='14.77156870477' lon='-17.01324292071' />
  <node id='-126470' lat='14.77152804369' lon='-17.01324254618' />
  <node id='-126471' lat='14.77152816517' lon='-17.01322861701' />
  <node id='-126472' lat='14.77148750409' lon='-17.01322824248' />
  <node id='-126473' lat='14.77148762557' lon='-17.01321431331' />
  <node id='-126474' lat='14.77144696449' lon='-17.01321393879' />
  <node id='-126475' lat='14.77144708597' lon='-17.01320000962' />
  <node id='-126476' lat='14.77140642489' lon='-17.0131996351' />
  <node id='-126477' lat='14.77140654636' lon='-17.01318570593' />
  <node id='-126478' lat='14.77135684949' lon='-17.0131852482' />
  <node id='-126479' lat='14.77135684949' lon='-17.0131852482' />
  <node id='-126480' lat='14.77135644458' lon='-17.01323167875' />
  <node id='-126481' lat='14.77153663175' lon='-17.01329396838' />
  <node id='-126482' lat='14.77153644953' lon='-17.01331486214' />
  <node id='-126483' lat='14.77155000322' lon='-17.01331498699' />
  <node id='-126484' lat='14.77155334365' lon='-17.01293193457' />
  <node id='-126485' lat='14.77155304463' lon='-17.01296622689' />
  <node id='-126486' lat='14.77153949093' lon='-17.01296610206' />
  <node id='-126487' lat='14.77153930874' lon='-17.01298699583' />
  <node id='-126488' lat='14.77135806417' lon='-17.01304595653' />
  <node id='-126489' lat='14.77135765929' lon='-17.01309238709' />
  <node id='-126490' lat='14.77135765929' lon='-17.01309238709' />
  <node id='-126491' lat='14.77140735616' lon='-17.0130928448' />
  <node id='-126492' lat='14.77140747763' lon='-17.01307891563' />
  <node id='-126493' lat='14.77144813871' lon='-17.01307929013' />
  <node id='-126494' lat='14.77144826017' lon='-17.01306536096' />
  <node id='-126495' lat='14.77148892125' lon='-17.01306573545' />
  <node id='-126496' lat='14.77148904272' lon='-17.01305180627' />
  <node id='-126497' lat='14.7715297038' lon='-17.01305218076' />
  <node id='-126498' lat='14.77152982527' lon='-17.01303825159' />
  <node id='-126499' lat='14.77157048635' lon='-17.01303862608' />
  <node id='-126500' lat='14.77157060781' lon='-17.0130246969' />
  <node id='-126501' lat='14.77162482259' lon='-17.01302519621' />
  <node id='-126502' lat='14.77162563002' lon='-17.0129326003' />
  <node id='-126503' lat='14.77162644204' lon='-17.01283947375' />
  <node id='-126504' lat='14.77157222726' lon='-17.01283897447' />
  <node id='-126505' lat='14.77157234871' lon='-17.01282504529' />
  <node id='-126506' lat='14.77153168763' lon='-17.01282467084' />
  <node id='-126507' lat='14.77153180908' lon='-17.01281074166' />
  <node id='-126508' lat='14.77149114799' lon='-17.01281036721' />
  <node id='-126509' lat='14.77149126944' lon='-17.01279643804' />
  <node id='-126510' lat='14.77145060835' lon='-17.01279606359' />
  <node id='-126511' lat='14.7714507298' lon='-17.01278213442' />
  <node id='-126512' lat='14.77141006871' lon='-17.01278175998' />
  <node id='-126513' lat='14.77141019016' lon='-17.01276783081' />
  <node id='-126514' lat='14.77136049328' lon='-17.01276737317' />
  <node id='-126515' lat='14.77136049328' lon='-17.01276737317' />
  <node id='-126516' lat='14.77136008845' lon='-17.01281380373' />
  <node id='-126517' lat='14.77154027578' lon='-17.01287609303' />
  <node id='-126518' lat='14.7715400936' lon='-17.0128969868' />
  <node id='-126519' lat='14.77155364729' lon='-17.01289711162' />
  <node id='-126520' lat='14.7698803757' lon='-17.00651554798' />
  <node id='-126521' lat='14.76988769218' lon='-17.0064815452' />
  <node id='-126522' lat='14.76990092675' lon='-17.00648455285' />
  <node id='-126523' lat='14.76990531664' lon='-17.00646415118' />
  <node id='-126524' lat='14.77009451523' lon='-17.00644505592' />
  <node id='-126525' lat='14.77010427054' lon='-17.00639971884' />
  <node id='-126526' lat='14.77010427054' lon='-17.00639971884' />
  <node id='-126527' lat='14.77005574378' lon='-17.0063886908' />
  <node id='-126528' lat='14.77005281719' lon='-17.00640229192' />
  <node id='-126529' lat='14.77001311347' lon='-17.00639326899' />
  <node id='-126530' lat='14.77001018688' lon='-17.0064068701' />
  <node id='-126531' lat='14.76997048317' lon='-17.00639784717' />
  <node id='-126532' lat='14.76996755658' lon='-17.00641144829' />
  <node id='-126533' lat='14.76992785286' lon='-17.00640242535' />
  <node id='-126534' lat='14.76992492627' lon='-17.00641602647' />
  <node id='-126535' lat='14.76988522256' lon='-17.00640700354' />
  <node id='-126536' lat='14.76988229597' lon='-17.00642060465' />
  <node id='-126537' lat='14.76982935768' lon='-17.00640857408' />
  <node id='-126538' lat='14.76980979132' lon='-17.00649950719' />
  <node id='-126539' lat='14.76979033643' lon='-17.00658992214' />
  <node id='-126540' lat='14.7698432747' lon='-17.00660195275' />
  <node id='-126541' lat='14.7698403481' lon='-17.00661555385' />
  <node id='-126542' lat='14.7698800518' lon='-17.00662457682' />
  <node id='-126543' lat='14.7698771252' lon='-17.00663817792' />
  <node id='-126544' lat='14.7699168289' lon='-17.0066472009' />
  <node id='-126545' lat='14.7699139023' lon='-17.006660802' />
  <node id='-126546' lat='14.769953606' lon='-17.00666982498' />
  <node id='-126547' lat='14.76995067939' lon='-17.00668342609' />
  <node id='-126548' lat='14.76999038309' lon='-17.00669244908' />
  <node id='-126549' lat='14.76998745648' lon='-17.00670605019' />
  <node id='-126550' lat='14.77003598322' lon='-17.00671707829' />
  <node id='-126551' lat='14.77003598322' lon='-17.00671707829' />
  <node id='-126552' lat='14.77004573858' lon='-17.00667174124' />
  <node id='-126553' lat='14.76988201537' lon='-17.00657244192' />
  <node id='-126554' lat='14.76988640527' lon='-17.00655204026' />
  <node id='-126555' lat='14.7698731707' lon='-17.00654903261' />
  <node id='-126556' lat='14.76996817322' lon='-17.00610751451' />
  <node id='-126557' lat='14.76997548965' lon='-17.0060735117' />
  <node id='-126558' lat='14.76998872423' lon='-17.00607651932' />
  <node id='-126559' lat='14.76999311409' lon='-17.00605611764' />
  <node id='-126560' lat='14.77018231268' lon='-17.00603702201' />
  <node id='-126561' lat='14.77019206791' lon='-17.00599168489' />
  <node id='-126562' lat='14.77014354112' lon='-17.00598065693' />
  <node id='-126563' lat='14.77014061455' lon='-17.00599425807' />
  <node id='-126564' lat='14.77010091081' lon='-17.0059852352' />
  <node id='-126565' lat='14.77009798425' lon='-17.00599883633' />
  <node id='-126566' lat='14.77005828051' lon='-17.00598981346' />
  <node id='-126567' lat='14.77005535394' lon='-17.00600341459' />
  <node id='-126568' lat='14.7700156502' lon='-17.00599439172' />
  <node id='-126569' lat='14.77001272363' lon='-17.00600799285' />
  <node id='-126570' lat='14.76997301989' lon='-17.00599896999' />
  <node id='-126571' lat='14.76997009333' lon='-17.00601257111' />
  <node id='-126572' lat='14.76991715501' lon='-17.00600054063' />
  <node id='-126573' lat='14.7698975888' lon='-17.00609147383' />
  <node id='-126574' lat='14.76987813406' lon='-17.00618188888' />
  <node id='-126575' lat='14.76993107236' lon='-17.0061939194' />
  <node id='-126576' lat='14.76992814578' lon='-17.00620752052' />
  <node id='-126577' lat='14.76996784951' lon='-17.00621654342' />
  <node id='-126578' lat='14.76996492293' lon='-17.00623014454' />
  <node id='-126579' lat='14.77000462666' lon='-17.00623916744' />
  <node id='-126580' lat='14.77000170008' lon='-17.00625276857' />
  <node id='-126581' lat='14.7700414038' lon='-17.00626179148' />
  <node id='-126582' lat='14.77003847722' lon='-17.0062753926' />
  <node id='-126583' lat='14.77007818094' lon='-17.00628441552' />
  <node id='-126584' lat='14.77007525436' lon='-17.00629801664' />
  <node id='-126585' lat='14.77012378113' lon='-17.00630904466' />
  <node id='-126586' lat='14.77013353641' lon='-17.00626370757' />
  <node id='-126587' lat='14.76996981299' lon='-17.00616440848' />
  <node id='-126588' lat='14.76997420285' lon='-17.0061440068' />
  <node id='-126589' lat='14.76996096828' lon='-17.00614099917' />
  <node id='-126590' lat='14.76918518848' lon='-17.00736372797' />
  <node id='-126591' lat='14.7691934766' lon='-17.00732996161' />
  <node id='-126592' lat='14.76920661919' lon='-17.00733336866' />
  <node id='-126593' lat='14.76921159206' lon='-17.00731310885' />
  <node id='-126594' lat='14.76940125586' lon='-17.00729975056' />
  <node id='-126595' lat='14.76941230667' lon='-17.0072547287' />
  <node id='-126596' lat='14.76941230667' lon='-17.0072547287' />
  <node id='-126597' lat='14.76936411715' lon='-17.00724223618' />
  <node id='-126598' lat='14.76936080191' lon='-17.00725574274' />
  <node id='-126599' lat='14.76932137412' lon='-17.00724552159' />
  <node id='-126600' lat='14.76931805888' lon='-17.00725902814' />
  <node id='-126601' lat='14.76927863109' lon='-17.00724880699' />
  <node id='-126602' lat='14.76927531585' lon='-17.00726231354' />
  <node id='-126603' lat='14.76923588806' lon='-17.0072520924' />
  <node id='-126604' lat='14.76923257282' lon='-17.00726559894' />
  <node id='-126605' lat='14.76919314504' lon='-17.0072553778' />
  <node id='-126606' lat='14.76918982979' lon='-17.00726888434' />
  <node id='-126607' lat='14.76913725941' lon='-17.00725525616' />
  <node id='-126608' lat='14.76911509464' lon='-17.00734555702' />
  <node id='-126609' lat='14.76909305614' lon='-17.00743534333' />
  <node id='-126610' lat='14.76914562651' lon='-17.00744897156' />
  <node id='-126611' lat='14.76914231126' lon='-17.0074624781' />
  <node id='-126612' lat='14.76918173904' lon='-17.00747269927' />
  <node id='-126613' lat='14.76917842378' lon='-17.00748620581' />
  <node id='-126614' lat='14.76921785156' lon='-17.00749642699' />
  <node id='-126615' lat='14.7692145363' lon='-17.00750993353' />
  <node id='-126616' lat='14.76925396407' lon='-17.00752015472' />
  <node id='-126617' lat='14.76925064882' lon='-17.00753366127' />
  <node id='-126618' lat='14.76929007659' lon='-17.00754388246' />
  <node id='-126619' lat='14.76928676133' lon='-17.007557389' />
  <node id='-126620' lat='14.76933495082' lon='-17.00756988159' />
  <node id='-126621' lat='14.76933495082' lon='-17.00756988159' />
  <node id='-126622' lat='14.76934600168' lon='-17.00752485976' />
  <node id='-126623' lat='14.76918519638' lon='-17.00742064665' />
  <node id='-126624' lat='14.76919016925' lon='-17.00740038684' />
  <node id='-126625' lat='14.76917702666' lon='-17.00739697979' />
  <node id='-126626' lat='14.76908573075' lon='-17.007768924' />
  <node id='-126627' lat='14.76909401892' lon='-17.00773515768' />
  <node id='-126628' lat='14.76910716151' lon='-17.00773856475' />
  <node id='-126629' lat='14.76911213441' lon='-17.00771830496' />
  <node id='-126630' lat='14.76930179819' lon='-17.00770494702' />
  <node id='-126631' lat='14.76931284908' lon='-17.00765992522' />
  <node id='-126632' lat='14.76931284908' lon='-17.00765992522' />
  <node id='-126633' lat='14.76926465959' lon='-17.00764743262' />
  <node id='-126634' lat='14.76926134433' lon='-17.00766093916' />
  <node id='-126635' lat='14.76922191657' lon='-17.00765071794' />
  <node id='-126636' lat='14.7692186013' lon='-17.00766422448' />
  <node id='-126637' lat='14.76917917354' lon='-17.00765400327' />
  <node id='-126638' lat='14.76917585828' lon='-17.0076675098' />
  <node id='-126639' lat='14.76913643051' lon='-17.00765728859' />
  <node id='-126640' lat='14.76913311525' lon='-17.00767079513' />
  <node id='-126641' lat='14.76909368749' lon='-17.00766057392' />
  <node id='-126642' lat='14.76909037223' lon='-17.00767408045' />
  <node id='-126643' lat='14.76903780187' lon='-17.00766045218' />
  <node id='-126644' lat='14.76901563696' lon='-17.00775075294' />
  <node id='-126645' lat='14.76899359831' lon='-17.00784053915' />
  <node id='-126646' lat='14.76904616865' lon='-17.00785416746' />
  <node id='-126647' lat='14.76904285337' lon='-17.00786767398' />
  <node id='-126648' lat='14.76908228112' lon='-17.00787789522' />
  <node id='-126649' lat='14.76907896585' lon='-17.00789140174' />
  <node id='-126650' lat='14.76911839359' lon='-17.00790162299' />
  <node id='-126651' lat='14.76911507832' lon='-17.00791512952' />
  <node id='-126652' lat='14.76915450606' lon='-17.00792535077' />
  <node id='-126653' lat='14.76915119078' lon='-17.0079388573' />
  <node id='-126654' lat='14.76919061853' lon='-17.00794907856' />
  <node id='-126655' lat='14.76918730325' lon='-17.00796258508' />
  <node id='-126656' lat='14.76923549271' lon='-17.00797507774' />
  <node id='-126657' lat='14.76924654364' lon='-17.00793005597' />
  <node id='-126658' lat='14.76908573855' lon='-17.00782584264' />
  <node id='-126659' lat='14.76909071146' lon='-17.00780558285' />
  <node id='-126660' lat='14.76907756887' lon='-17.00780217578' />
  <node id='-126661' lat='14.77505357007' lon='-17.00797712113' />
  <node id='-126662' lat='14.77505178719' lon='-17.00801136649' />
  <node id='-126663' lat='14.77503825228' lon='-17.00801062222' />
  <node id='-126664' lat='14.77503716599' lon='-17.00803148738' />
  <node id='-126665' lat='14.77485354853' lon='-17.00808210587' />
  <node id='-126666' lat='14.77485113455' lon='-17.00812847284' />
  <node id='-126667' lat='14.77490076256' lon='-17.00813120184' />
  <node id='-126668' lat='14.77490148675' lon='-17.00811729174' />
  <node id='-126669' lat='14.77494209149' lon='-17.00811952455' />
  <node id='-126670' lat='14.77494281568' lon='-17.00810561445' />
  <node id='-126671' lat='14.77498342042' lon='-17.00810784726' />
  <node id='-126672' lat='14.77498414462' lon='-17.00809393716' />
  <node id='-126673' lat='14.77502474935' lon='-17.00809616997' />
  <node id='-126674' lat='14.77502547355' lon='-17.00808225987' />
  <node id='-126675' lat='14.77506607828' lon='-17.00808449268' />
  <node id='-126676' lat='14.77506680248' lon='-17.00807058257' />
  <node id='-126677' lat='14.77512094213' lon='-17.00807355965' />
  <node id='-126678' lat='14.77512575628' lon='-17.00798109054' />
  <node id='-126679' lat='14.77513059798' lon='-17.00788809151' />
  <node id='-126680' lat='14.77507645832' lon='-17.00788511447' />
  <node id='-126681' lat='14.7750771825' lon='-17.00787120437' />
  <node id='-126682' lat='14.77503657776' lon='-17.0078689716' />
  <node id='-126683' lat='14.77503730194' lon='-17.00785506149' />
  <node id='-126684' lat='14.7749966972' lon='-17.00785282873' />
  <node id='-126685' lat='14.77499742138' lon='-17.00783891862' />
  <node id='-126686' lat='14.77495681663' lon='-17.00783668586' />
  <node id='-126687' lat='14.77495754081' lon='-17.00782277576' />
  <node id='-126688' lat='14.77491693606' lon='-17.007820543' />
  <node id='-126689' lat='14.77491766024' lon='-17.0078066329' />
  <node id='-126690' lat='14.77486803222' lon='-17.00780390399' />
  <node id='-126691' lat='14.77486803222' lon='-17.00780390399' />
  <node id='-126692' lat='14.77486561829' lon='-17.00785027097' />
  <node id='-126693' lat='14.77504293191' lon='-17.00792073645' />
  <node id='-126694' lat='14.77504184563' lon='-17.0079416016' />
  <node id='-126695' lat='14.77505538054' lon='-17.00794234586' />
  <node id='-126696' lat='14.77507529534' lon='-17.00755981786' />
  <node id='-126697' lat='14.77507351252' lon='-17.00759406323' />
  <node id='-126698' lat='14.7750599776' lon='-17.00759331899' />
  <node id='-126699' lat='14.77505889135' lon='-17.00761418415' />
  <node id='-126700' lat='14.77487527394' lon='-17.00766480301' />
  <node id='-126701' lat='14.77487286004' lon='-17.00771117001' />
  <node id='-126702' lat='14.77487286004' lon='-17.00771117001' />
  <node id='-126703' lat='14.77492248807' lon='-17.0077138989' />
  <node id='-126704' lat='14.77492321224' lon='-17.0076999888' />
  <node id='-126705' lat='14.77496381699' lon='-17.00770222154' />
  <node id='-126706' lat='14.77496454116' lon='-17.00768831143' />
  <node id='-126707' lat='14.77500514591' lon='-17.00769054417' />
  <node id='-126708' lat='14.77500587008' lon='-17.00767663406' />
  <node id='-126709' lat='14.77504647483' lon='-17.00767886679' />
  <node id='-126710' lat='14.775047199' lon='-17.00766495668' />
  <node id='-126711' lat='14.77508780375' lon='-17.00766718942' />
  <node id='-126712' lat='14.77508852792' lon='-17.0076532793' />
  <node id='-126713' lat='14.77514266759' lon='-17.00765625628' />
  <node id='-126714' lat='14.77514748157' lon='-17.00756378713' />
  <node id='-126715' lat='14.77515232311' lon='-17.00747078806' />
  <node id='-126716' lat='14.77509818343' lon='-17.00746781113' />
  <node id='-126717' lat='14.77509890759' lon='-17.00745390101' />
  <node id='-126718' lat='14.77505830283' lon='-17.00745166832' />
  <node id='-126719' lat='14.77505902699' lon='-17.00743775821' />
  <node id='-126720' lat='14.77501842223' lon='-17.00743552552' />
  <node id='-126721' lat='14.77501914639' lon='-17.00742161541' />
  <node id='-126722' lat='14.77497854163' lon='-17.00741938272' />
  <node id='-126723' lat='14.77497926578' lon='-17.00740547262' />
  <node id='-126724' lat='14.77493866102' lon='-17.00740323994' />
  <node id='-126725' lat='14.77493938517' lon='-17.00738932983' />
  <node id='-126726' lat='14.77488975713' lon='-17.00738660101' />
  <node id='-126727' lat='14.77488975713' lon='-17.00738660101' />
  <node id='-126728' lat='14.77488734329' lon='-17.00743296801' />
  <node id='-126729' lat='14.77506465707' lon='-17.00750343317' />
  <node id='-126730' lat='14.77506357083' lon='-17.00752429834' />
  <node id='-126731' lat='14.77507710575' lon='-17.00752504258' />
  <node id='-126732' lat='14.77509701987' lon='-17.0071425144' />
  <node id='-126733' lat='14.77509523711' lon='-17.00717675979' />
  <node id='-126734' lat='14.77508170219' lon='-17.00717601557' />
  <node id='-126735' lat='14.77508061597' lon='-17.00719688075' />
  <node id='-126736' lat='14.77489699861' lon='-17.00724749997' />
  <node id='-126737' lat='14.77489458479' lon='-17.00729386699' />
  <node id='-126738' lat='14.77494421283' lon='-17.00729659579' />
  <node id='-126739' lat='14.77494493698' lon='-17.00728268568' />
  <node id='-126740' lat='14.77498554174' lon='-17.00728491834' />
  <node id='-126741' lat='14.77498626589' lon='-17.00727100823' />
  <node id='-126742' lat='14.77502687065' lon='-17.00727324089' />
  <node id='-126743' lat='14.7750275948' lon='-17.00725933078' />
  <node id='-126744' lat='14.77506819956' lon='-17.00726156343' />
  <node id='-126745' lat='14.77506892371' lon='-17.00724765332' />
  <node id='-126746' lat='14.77510952847' lon='-17.00724988597' />
  <node id='-126747' lat='14.77511025262' lon='-17.00723597585' />
  <node id='-126748' lat='14.7751643923' lon='-17.00723895273' />
  <node id='-126749' lat='14.77516920612' lon='-17.00714648353' />
  <node id='-126750' lat='14.77517404749' lon='-17.00705348442' />
  <node id='-126751' lat='14.7751199078' lon='-17.0070505076' />
  <node id='-126752' lat='14.77512063193' lon='-17.00703659747' />
  <node id='-126753' lat='14.77508002716' lon='-17.00703436486' />
  <node id='-126754' lat='14.77508075129' lon='-17.00702045474' />
  <node id='-126755' lat='14.77504014652' lon='-17.00701822213' />
  <node id='-126756' lat='14.77504087065' lon='-17.00700431201' />
  <node id='-126757' lat='14.77500026588' lon='-17.0070020794' />
  <node id='-126758' lat='14.77500099001' lon='-17.00698816929' />
  <node id='-126759' lat='14.77496038523' lon='-17.00698593669' />
  <node id='-126760' lat='14.77496110936' lon='-17.00697202658' />
  <node id='-126761' lat='14.7749114813' lon='-17.00696929784' />
  <node id='-126762' lat='14.7749114813' lon='-17.00696929784' />
  <node id='-126763' lat='14.77490906754' lon='-17.00701566487' />
  <node id='-126764' lat='14.7750863815' lon='-17.00708612972' />
  <node id='-126765' lat='14.77508529529' lon='-17.0071069949' />
  <node id='-126766' lat='14.77509883021' lon='-17.0071077391' />
  <node id='-126767' lat='14.77511874365' lon='-17.00672521076' />
  <node id='-126768' lat='14.77511696095' lon='-17.00675945616' />
  <node id='-126769' lat='14.77510342602' lon='-17.00675871197' />
  <node id='-126770' lat='14.77510233985' lon='-17.00677957716' />
  <node id='-126771' lat='14.77491872253' lon='-17.00683019675' />
  <node id='-126772' lat='14.7749163088' lon='-17.00687656378' />
  <node id='-126773' lat='14.77496593686' lon='-17.00687929249' />
  <node id='-126774' lat='14.77496666098' lon='-17.00686538238' />
  <node id='-126775' lat='14.77500726576' lon='-17.00686761496' />
  <node id='-126776' lat='14.77500798988' lon='-17.00685370485' />
  <node id='-126777' lat='14.77504859465' lon='-17.00685593743' />
  <node id='-126778' lat='14.77504931878' lon='-17.00684202731' />
  <node id='-126779' lat='14.77508992355' lon='-17.00684425989' />
  <node id='-126780' lat='14.77509064767' lon='-17.00683034977' />
  <node id='-126781' lat='14.77513125245' lon='-17.00683258235' />
  <node id='-126782' lat='14.77513197657' lon='-17.00681867222' />
  <node id='-126783' lat='14.77518611628' lon='-17.00682164899' />
  <node id='-126784' lat='14.77519092993' lon='-17.00672917976' />
  <node id='-126785' lat='14.77519577113' lon='-17.00663618061' />
  <node id='-126786' lat='14.77514163142' lon='-17.00663320388' />
  <node id='-126787' lat='14.77514235553' lon='-17.00661929375' />
  <node id='-126788' lat='14.77510175075' lon='-17.00661706121' />
  <node id='-126789' lat='14.77510247485' lon='-17.00660315109' />
  <node id='-126790' lat='14.77506187007' lon='-17.00660091855' />
  <node id='-126791' lat='14.77506259417' lon='-17.00658700843' />
  <node id='-126792' lat='14.77502198938' lon='-17.0065847759' />
  <node id='-126793' lat='14.77502271349' lon='-17.00657086578' />
  <node id='-126794' lat='14.7749821087' lon='-17.00656863325' />
  <node id='-126795' lat='14.7749828328' lon='-17.00655472314' />
  <node id='-126796' lat='14.77493320473' lon='-17.0065519945' />
  <node id='-126797' lat='14.77493320473' lon='-17.0065519945' />
  <node id='-126798' lat='14.77493079105' lon='-17.00659836155' />
  <node id='-126799' lat='14.77510810517' lon='-17.00666882608' />
  <node id='-126800' lat='14.77510701901' lon='-17.00668969127' />
  <node id='-126801' lat='14.77512055393' lon='-17.00669043545' />
  <node id='-126802' lat='14.76928464554' lon='-17.00695853148' />
  <node id='-126803' lat='14.7692929336' lon='-17.00692476508' />
  <node id='-126804' lat='14.76930607621' lon='-17.00692817212' />
  <node id='-126805' lat='14.76931104904' lon='-17.00690791228' />
  <node id='-126806' lat='14.76950071286' lon='-17.00689455364' />
  <node id='-126807' lat='14.7695117636' lon='-17.00684953173' />
  <node id='-126808' lat='14.76946357405' lon='-17.00683703929' />
  <node id='-126809' lat='14.76946025883' lon='-17.00685054586' />
  <node id='-126810' lat='14.76942083102' lon='-17.00684032477' />
  <node id='-126811' lat='14.7694175158' lon='-17.00685383134' />
  <node id='-126812' lat='14.76937808798' lon='-17.00684361026' />
  <node id='-126813' lat='14.76937477276' lon='-17.00685711682' />
  <node id='-126814' lat='14.76933534495' lon='-17.00684689574' />
  <node id='-126815' lat='14.76933202973' lon='-17.0068604023' />
  <node id='-126816' lat='14.76929260192' lon='-17.00685018122' />
  <node id='-126817' lat='14.7692892867' lon='-17.00686368778' />
  <node id='-126818' lat='14.76923671628' lon='-17.00685005968' />
  <node id='-126819' lat='14.76921455166' lon='-17.00694036065' />
  <node id='-126820' lat='14.76919251331' lon='-17.00703014706' />
  <node id='-126821' lat='14.76924508371' lon='-17.0070437752' />
  <node id='-126822' lat='14.76924176848' lon='-17.00705728175' />
  <node id='-126823' lat='14.76928119628' lon='-17.00706750286' />
  <node id='-126824' lat='14.76927788105' lon='-17.00708100942' />
  <node id='-126825' lat='14.76931730885' lon='-17.00709123054' />
  <node id='-126826' lat='14.76931399362' lon='-17.00710473709' />
  <node id='-126827' lat='14.76935342142' lon='-17.00711495822' />
  <node id='-126828' lat='14.76935010618' lon='-17.00712846478' />
  <node id='-126829' lat='14.76938953398' lon='-17.00713868591' />
  <node id='-126830' lat='14.76938621874' lon='-17.00715219247' />
  <node id='-126831' lat='14.76943440827' lon='-17.00716468497' />
  <node id='-126832' lat='14.76943440827' lon='-17.00716468497' />
  <node id='-126833' lat='14.76944545906' lon='-17.0071196631' />
  <node id='-126834' lat='14.76928465354' lon='-17.0070154502' />
  <node id='-126835' lat='14.76928962638' lon='-17.00699519037' />
  <node id='-126836' lat='14.76927648378' lon='-17.00699178334' />
  <node id='-126837' lat='14.77330249992' lon='-17.0087133121' />
  <node id='-126838' lat='14.77313404215' lon='-17.00855862589' />
  <node id='-126839' lat='14.77298352695' lon='-17.00873175176' />
  <node id='-126840' lat='14.77315198461' lon='-17.00888643797' />
  <node id='-126841' lat='14.77023143069' lon='-17.00566768364' />
  <node id='-126842' lat='14.77023947629' lon='-17.0056304226' />
  <node id='-126843' lat='14.77021609902' lon='-17.00562509138' />
  <node id='-126844' lat='14.77022269601' lon='-17.00559453914' />
  <node id='-126845' lat='14.77024607328' lon='-17.00559987037' />
  <node id='-126846' lat='14.77025590025' lon='-17.00555435932' />
  <node id='-126847' lat='14.77019476648' lon='-17.00554041767' />
  <node id='-126848' lat='14.77017029693' lon='-17.00565374197' />
  <node id='-126849' lat='14.77025590025' lon='-17.00555435932' />
  <node id='-126850' lat='14.77026394583' lon='-17.00551709827' />
  <node id='-126851' lat='14.77024056855' lon='-17.00551176705' />
  <node id='-126852' lat='14.77024716553' lon='-17.00548121481' />
  <node id='-126853' lat='14.7702705428' lon='-17.00548654602' />
  <node id='-126854' lat='14.77028036975' lon='-17.00544103496' />
  <node id='-126855' lat='14.77021923597' lon='-17.00542709335' />
  <node id='-126856' lat='14.77028036975' lon='-17.00544103496' />
  <node id='-126857' lat='14.77028841531' lon='-17.0054037739' />
  <node id='-126858' lat='14.77026503803' lon='-17.0053984427' />
  <node id='-126859' lat='14.770271635' lon='-17.00536789045' />
  <node id='-126860' lat='14.77029501228' lon='-17.00537322165' />
  <node id='-126861' lat='14.7703048392' lon='-17.00532771057' />
  <node id='-126862' lat='14.77024370541' lon='-17.00531376899' />
  <node id='-126863' lat='14.7703048392' lon='-17.00532771057' />
  <node id='-126864' lat='14.77031288475' lon='-17.00529044951' />
  <node id='-126865' lat='14.77028950746' lon='-17.00528511831' />
  <node id='-126866' lat='14.77029610441' lon='-17.00525456605' />
  <node id='-126867' lat='14.7703194817' lon='-17.00525989724' />
  <node id='-126868' lat='14.7703293086' lon='-17.00521438615' />
  <node id='-126869' lat='14.7702681748' lon='-17.00520044459' />
  <node id='-126870' lat='14.77028979791' lon='-17.00455114479' />
  <node id='-126871' lat='14.77029784333' lon='-17.00451388368' />
  <node id='-126872' lat='14.77027446602' lon='-17.00450855257' />
  <node id='-126873' lat='14.77028106287' lon='-17.00447800027' />
  <node id='-126874' lat='14.77030444018' lon='-17.00448333138' />
  <node id='-126875' lat='14.77031426693' lon='-17.00443782024' />
  <node id='-126876' lat='14.77025313306' lon='-17.0044238789' />
  <node id='-126877' lat='14.77022866404' lon='-17.00453720342' />
  <node id='-126878' lat='14.77031426693' lon='-17.00443782024' />
  <node id='-126879' lat='14.77032231234' lon='-17.00440055912' />
  <node id='-126880' lat='14.77029893503' lon='-17.00439522802' />
  <node id='-126881' lat='14.77030553186' lon='-17.00436467571' />
  <node id='-126882' lat='14.77032890917' lon='-17.00437000681' />
  <node id='-126883' lat='14.77033873591' lon='-17.00432449566' />
  <node id='-126884' lat='14.77027760202' lon='-17.00431055434' />
  <node id='-126885' lat='14.77025313306' lon='-17.0044238789' />
  <node id='-126886' lat='14.77033873591' lon='-17.00432449566' />
  <node id='-126887' lat='14.7703467813' lon='-17.00428723453' />
  <node id='-126888' lat='14.77032340398' lon='-17.00428190343' />
  <node id='-126889' lat='14.7703300008' lon='-17.00425135112' />
  <node id='-126890' lat='14.77035337812' lon='-17.00425668221' />
  <node id='-126891' lat='14.77036320483' lon='-17.00421117104' />
  <node id='-126892' lat='14.77030207093' lon='-17.00419722975' />
  <node id='-126893' lat='14.76963252721' lon='-17.00451422411' />
  <node id='-126894' lat='14.76964057261' lon='-17.0044769631' />
  <node id='-126895' lat='14.7696171953' lon='-17.00447163202' />
  <node id='-126896' lat='14.76962379213' lon='-17.00444107981' />
  <node id='-126897' lat='14.76964716944' lon='-17.00444641089' />
  <node id='-126898' lat='14.76965699617' lon='-17.00440089988' />
  <node id='-126899' lat='14.76959586229' lon='-17.00438695861' />
  <node id='-126900' lat='14.76957139333' lon='-17.00450028281' />
  <node id='-126901' lat='14.76965699617' lon='-17.00440089988' />
  <node id='-126902' lat='14.76966504156' lon='-17.00436363887' />
  <node id='-126903' lat='14.76964166424' lon='-17.00435830779' />
  <node id='-126904' lat='14.76964826106' lon='-17.00432775558' />
  <node id='-126905' lat='14.76967163838' lon='-17.00433308665' />
  <node id='-126906' lat='14.76968146509' lon='-17.00428757562' />
  <node id='-126907' lat='14.76962033119' lon='-17.00427363438' />
  <node id='-126908' lat='14.76968146509' lon='-17.00428757562' />
  <node id='-126909' lat='14.76968951046' lon='-17.0042503146' />
  <node id='-126910' lat='14.76966613314' lon='-17.00424498353' />
  <node id='-126911' lat='14.76967272994' lon='-17.00421443131' />
  <node id='-126912' lat='14.76969610726' lon='-17.00421976237' />
  <node id='-126913' lat='14.76970593395' lon='-17.00417425133' />
  <node id='-126914' lat='14.76964480004' lon='-17.00416031012' />
  <node id='-126915' lat='14.77035377795' lon='-17.0051010617' />
  <node id='-126916' lat='14.77036182345' lon='-17.00506380061' />
  <node id='-126917' lat='14.77033844617' lon='-17.00505846944' />
  <node id='-126918' lat='14.77034504309' lon='-17.00502791716' />
  <node id='-126919' lat='14.77036842038' lon='-17.00503324833' />
  <node id='-126920' lat='14.77037824724' lon='-17.00498773721' />
  <node id='-126921' lat='14.77031711342' lon='-17.00497379571' />
  <node id='-126922' lat='14.77029264413' lon='-17.00508712017' />
  <node id='-126923' lat='14.76992317421' lon='-17.00556409202' />
  <node id='-126924' lat='14.76993121979' lon='-17.00552683103' />
  <node id='-126925' lat='14.76990784251' lon='-17.00552149982' />
  <node id='-126926' lat='14.76991443949' lon='-17.00549094762' />
  <node id='-126927' lat='14.76993781676' lon='-17.00549627883' />
  <node id='-126928' lat='14.7699476437' lon='-17.00545076783' />
  <node id='-126929' lat='14.76988650992' lon='-17.00543682625' />
  <node id='-126930' lat='14.76986204044' lon='-17.0055501504' />
  <node id='-126931' lat='14.76973595438' lon='-17.00543578526' />
  <node id='-126932' lat='14.76972790882' lon='-17.00547304622' />
  <node id='-126933' lat='14.7697512861' lon='-17.00547837742' />
  <node id='-126934' lat='14.76974468913' lon='-17.00550892959' />
  <node id='-126935' lat='14.76972131185' lon='-17.0055035984' />
  <node id='-126936' lat='14.76971148491' lon='-17.00554910934' />
  <node id='-126937' lat='14.76977261869' lon='-17.00556305094' />
  <node id='-126938' lat='14.76979708816' lon='-17.00544972683' />
  <node id='-126939' lat='14.76976042379' lon='-17.00532246115' />
  <node id='-126940' lat='14.76975237825' lon='-17.00535972212' />
  <node id='-126941' lat='14.76977575553' lon='-17.0053650533' />
  <node id='-126942' lat='14.76976915858' lon='-17.00539560549' />
  <node id='-126943' lat='14.7697457813' lon='-17.0053902743' />
  <node id='-126944' lat='14.76973595438' lon='-17.00543578526' />
  <node id='-126945' lat='14.76979708816' lon='-17.00544972683' />
  <node id='-126946' lat='14.76982155759' lon='-17.00533640269' />
  <node id='-126947' lat='14.76978489315' lon='-17.005209137' />
  <node id='-126948' lat='14.76977684763' lon='-17.00524639798' />
  <node id='-126949' lat='14.76980022492' lon='-17.00525172915' />
  <node id='-126950' lat='14.76979362798' lon='-17.00528228135' />
  <node id='-126951' lat='14.76977025069' lon='-17.00527695017' />
  <node id='-126952' lat='14.76976042379' lon='-17.00532246115' />
  <node id='-126953' lat='14.76984602696' lon='-17.00522307851' />
  <node id='-126954' lat='14.76980936246' lon='-17.00509581282' />
  <node id='-126955' lat='14.76980131696' lon='-17.00513307381' />
  <node id='-126956' lat='14.76982469425' lon='-17.00513840497' />
  <node id='-126957' lat='14.76981809732' lon='-17.00516895718' />
  <node id='-126958' lat='14.76979472003' lon='-17.00516362601' />
  <node id='-126959' lat='14.76978489315' lon='-17.005209137' />
  <node id='-126960' lat='14.76987049628' lon='-17.0051097543' />
  <node id='-126961' lat='14.77007361634' lon='-17.00547949597' />
  <node id='-126962' lat='14.77006557077' lon='-17.00551675699' />
  <node id='-126963' lat='14.77008894804' lon='-17.0055220882' />
  <node id='-126964' lat='14.77008235106' lon='-17.00555264042' />
  <node id='-126965' lat='14.77005897379' lon='-17.0055473092' />
  <node id='-126966' lat='14.77004914683' lon='-17.00559282022' />
  <node id='-126967' lat='14.7701102806' lon='-17.00560676186' />
  <node id='-126968' lat='14.77013475012' lon='-17.00549343758' />
  <node id='-126969' lat='14.7700980858' lon='-17.00536617169' />
  <node id='-126970' lat='14.77009004024' lon='-17.00540343272' />
  <node id='-126971' lat='14.77011341752' lon='-17.00540876392' />
  <node id='-126972' lat='14.77010682055' lon='-17.00543931615' />
  <node id='-126973' lat='14.77008344328' lon='-17.00543398495' />
  <node id='-126974' lat='14.77007361634' lon='-17.00547949597' />
  <node id='-126975' lat='14.77015921958' lon='-17.00538011328' />
  <node id='-126976' lat='14.7701225552' lon='-17.00525284738' />
  <node id='-126977' lat='14.77011450966' lon='-17.00529010842' />
  <node id='-126978' lat='14.77013788695' lon='-17.00529543961' />
  <node id='-126979' lat='14.77013128999' lon='-17.00532599185' />
  <node id='-126980' lat='14.77010791271' lon='-17.00532066066' />
  <node id='-126981' lat='14.7700980858' lon='-17.00536617169' />
  <node id='-126982' lat='14.770183689' lon='-17.00526678894' />
  <node id='-126983' lat='14.77014702455' lon='-17.00513952304' />
  <node id='-126984' lat='14.77013897903' lon='-17.00517678409' />
  <node id='-126985' lat='14.77016235632' lon='-17.00518211527' />
  <node id='-126986' lat='14.77015575938' lon='-17.00521266751' />
  <node id='-126987' lat='14.7701323821' lon='-17.00520733633' />
  <node id='-126988' lat='14.7701225552' lon='-17.00525284738' />
  <node id='-126989' lat='14.77020815836' lon='-17.00515346457' />
  <node id='-126990' lat='14.77012513124' lon='-17.00439468861' />
  <node id='-126991' lat='14.77011708584' lon='-17.0044319497' />
  <node id='-126992' lat='14.77014046315' lon='-17.0044372808' />
  <node id='-126993' lat='14.77013386631' lon='-17.00446783307' />
  <node id='-126994' lat='14.770110489' lon='-17.00446250197' />
  <node id='-126995' lat='14.77010066225' lon='-17.00450801307' />
  <node id='-126996' lat='14.77016179612' lon='-17.00452195442' />
  <node id='-126997' lat='14.77018626512' lon='-17.00440862993' />
  <node id='-126998' lat='14.77014960018' lon='-17.00428136411' />
  <node id='-126999' lat='14.7701415548' lon='-17.00431862521' />
  <node id='-127000' lat='14.77016493212' lon='-17.0043239563' />
  <node id='-127001' lat='14.77015833529' lon='-17.00435450859' />
  <node id='-127002' lat='14.77013495797' lon='-17.0043491775' />
  <node id='-127003' lat='14.77012513124' lon='-17.00439468861' />
  <node id='-127004' lat='14.77018626512' lon='-17.00440862993' />
  <node id='-127005' lat='14.77021073407' lon='-17.00429530541' />
  <node id='-127006' lat='14.77017406907' lon='-17.00416803959' />
  <node id='-127007' lat='14.77016602371' lon='-17.00420530069' />
  <node id='-127008' lat='14.77018940103' lon='-17.00421063177' />
  <node id='-127009' lat='14.77018280421' lon='-17.00424118407' />
  <node id='-127010' lat='14.7701594269' lon='-17.00423585299' />
  <node id='-127011' lat='14.77014960018' lon='-17.00428136411' />
  <node id='-127012' lat='14.77023520297' lon='-17.00418198085' />
  <node id='-127013' lat='14.77053777948' lon='-17.0047416085' />
  <node id='-127014' lat='14.77053878742' lon='-17.00462553195' />
  <node id='-127015' lat='14.77047616903' lon='-17.00462495768' />
  <node id='-127016' lat='14.77047583762' lon='-17.00466312365' />
  <node id='-127017' lat='14.77049978261' lon='-17.00466334324' />
  <node id='-127018' lat='14.77049951087' lon='-17.00469463748' />
  <node id='-127019' lat='14.77047556588' lon='-17.00469441788' />
  <node id='-127020' lat='14.77047516109' lon='-17.00474103421' />
  <node id='-127021' lat='14.7705397953' lon='-17.00450945538' />
  <node id='-127022' lat='14.7704771769' lon='-17.00450888115' />
  <node id='-127023' lat='14.77047684552' lon='-17.00454704712' />
  <node id='-127024' lat='14.77050079051' lon='-17.0045472667' />
  <node id='-127025' lat='14.77050051878' lon='-17.00457856094' />
  <node id='-127026' lat='14.7704765738' lon='-17.00457834135' />
  <node id='-127027' lat='14.77047616903' lon='-17.00462495768' />
  <node id='-127028' lat='14.77054080313' lon='-17.00439337881' />
  <node id='-127029' lat='14.77047818472' lon='-17.00439280462' />
  <node id='-127030' lat='14.77047785336' lon='-17.00443097058' />
  <node id='-127031' lat='14.77050179835' lon='-17.00443119016' />
  <node id='-127032' lat='14.77050152664' lon='-17.00446248439' />
  <node id='-127033' lat='14.77047758165' lon='-17.00446226482' />
  <node id='-127034' lat='14.7704771769' lon='-17.00450888115' />
  <node id='-127035' lat='14.77054181089' lon='-17.00427730223' />
  <node id='-127036' lat='14.77047919249' lon='-17.00427672807' />
  <node id='-127037' lat='14.77047886114' lon='-17.00431489404' />
  <node id='-127038' lat='14.77050280613' lon='-17.0043151136' />
  <node id='-127039' lat='14.77050253444' lon='-17.00434640784' />
  <node id='-127040' lat='14.77047858945' lon='-17.00434618827' />
  <node id='-127041' lat='14.77047818472' lon='-17.00439280462' />
  <node id='-127042' lat='14.77054181089' lon='-17.00427730223' />
  <node id='-127043' lat='14.7705428186' lon='-17.00416122564' />
  <node id='-127044' lat='14.77048020019' lon='-17.00416065151' />
  <node id='-127045' lat='14.77047986886' lon='-17.00419881748' />
  <node id='-127046' lat='14.77050381385' lon='-17.00419903703' />
  <node id='-127047' lat='14.77050354218' lon='-17.00423033128' />
  <node id='-127048' lat='14.77047959719' lon='-17.00423011172' />
  <node id='-127049' lat='14.77047919249' lon='-17.00427672807' />
  <node id='-127050' lat='14.76986003104' lon='-17.00450322189' />
  <node id='-127051' lat='14.76986103881' lon='-17.00438714568' />
  <node id='-127052' lat='14.76979842041' lon='-17.00438657151' />
  <node id='-127053' lat='14.76979808906' lon='-17.00442473736' />
  <node id='-127054' lat='14.76982203405' lon='-17.00442495692' />
  <node id='-127055' lat='14.76982176235' lon='-17.00445625106' />
  <node id='-127056' lat='14.76979781736' lon='-17.0044560315' />
  <node id='-127057' lat='14.76979741264' lon='-17.00450264769' />
  <node id='-127058' lat='14.76986204653' lon='-17.00427106946' />
  <node id='-127059' lat='14.76979942812' lon='-17.00427049532' />
  <node id='-127060' lat='14.76979909679' lon='-17.00430866118' />
  <node id='-127061' lat='14.76982304178' lon='-17.00430888073' />
  <node id='-127062' lat='14.7698227701' lon='-17.00434017487' />
  <node id='-127063' lat='14.76979882511' lon='-17.00433995532' />
  <node id='-127064' lat='14.76979842041' lon='-17.00438657151' />
  <node id='-127065' lat='14.76986204653' lon='-17.00427106946' />
  <node id='-127066' lat='14.76986305419' lon='-17.00415499323' />
  <node id='-127067' lat='14.76980043577' lon='-17.00415441913' />
  <node id='-127068' lat='14.76980010446' lon='-17.00419258498' />
  <node id='-127069' lat='14.76982404946' lon='-17.00419280452' />
  <node id='-127070' lat='14.76982377779' lon='-17.00422409867' />
  <node id='-127071' lat='14.7697998328' lon='-17.00422387912' />
  <node id='-127072' lat='14.76979942812' lon='-17.00427049532' />
  <node id='-127073' lat='14.76992953052' lon='-17.0043877737' />
  <node id='-127074' lat='14.76992852274' lon='-17.00450384995' />
  <node id='-127075' lat='14.76999114114' lon='-17.00450442416' />
  <node id='-127076' lat='14.76999147251' lon='-17.00446625827' />
  <node id='-127077' lat='14.76996752752' lon='-17.00446603871' />
  <node id='-127078' lat='14.76996779922' lon='-17.00443474454' />
  <node id='-127079' lat='14.76999174421' lon='-17.00443496411' />
  <node id='-127080' lat='14.76999214893' lon='-17.00438834787' />
  <node id='-127081' lat='14.76992852274' lon='-17.00450384995' />
  <node id='-127082' lat='14.7699275149' lon='-17.00461992619' />
  <node id='-127083' lat='14.7699901333' lon='-17.00462050043' />
  <node id='-127084' lat='14.76999046468' lon='-17.00458233455' />
  <node id='-127085' lat='14.7699665197' lon='-17.00458211497' />
  <node id='-127086' lat='14.76996679141' lon='-17.00455082081' />
  <node id='-127087' lat='14.7699907364' lon='-17.00455104039' />
  <node id='-127088' lat='14.76993053824' lon='-17.00427169744' />
  <node id='-127089' lat='14.76992953052' lon='-17.0043877737' />
  <node id='-127090' lat='14.76999214893' lon='-17.00438834787' />
  <node id='-127091' lat='14.76999248027' lon='-17.00435018199' />
  <node id='-127092' lat='14.76996853528' lon='-17.00434996243' />
  <node id='-127093' lat='14.76996880697' lon='-17.00431866827' />
  <node id='-127094' lat='14.76999275196' lon='-17.00431888782' />
  <node id='-127095' lat='14.76999315665' lon='-17.00427227158' />
  <node id='-127096' lat='14.76993154591' lon='-17.00415562118' />
  <node id='-127097' lat='14.76993053824' lon='-17.00427169744' />
  <node id='-127098' lat='14.76999315665' lon='-17.00427227158' />
  <node id='-127099' lat='14.76999348798' lon='-17.0042341057' />
  <node id='-127100' lat='14.76996954299' lon='-17.00423388615' />
  <node id='-127101' lat='14.76996981466' lon='-17.00420259199' />
  <node id='-127102' lat='14.76999375965' lon='-17.00420281153' />
  <node id='-127103' lat='14.76999416432' lon='-17.00415619528' />
  <node id='-127104' lat='14.76993194123' lon='-17.00544718687' />
  <node id='-127105' lat='14.76993998678' lon='-17.00540992588' />
  <node id='-127106' lat='14.7699166095' lon='-17.00540459468' />
  <node id='-127107' lat='14.76992320646' lon='-17.00537404248' />
  <node id='-127108' lat='14.76994658374' lon='-17.00537937367' />
  <node id='-127109' lat='14.76995641066' lon='-17.00533386266' />
  <node id='-127110' lat='14.76989527686' lon='-17.00531992111' />
  <node id='-127111' lat='14.76987080744' lon='-17.00543324529' />
  <node id='-127112' lat='14.76995641066' lon='-17.00533386266' />
  <node id='-127113' lat='14.7699644562' lon='-17.00529660165' />
  <node id='-127114' lat='14.76994107891' lon='-17.00529127047' />
  <node id='-127115' lat='14.76994767586' lon='-17.00526071826' />
  <node id='-127116' lat='14.76997105314' lon='-17.00526604944' />
  <node id='-127117' lat='14.76998088004' lon='-17.00522053842' />
  <node id='-127118' lat='14.76991974623' lon='-17.00520659689' />
  <node id='-127119' lat='14.76989527686' lon='-17.00531992111' />
  <node id='-127120' lat='14.76998088004' lon='-17.00522053842' />
  <node id='-127121' lat='14.76998892556' lon='-17.0051832774' />
  <node id='-127122' lat='14.76996554827' lon='-17.00517794623' />
  <node id='-127123' lat='14.7699721452' lon='-17.00514739401' />
  <node id='-127124' lat='14.76999552249' lon='-17.00515272517' />
  <node id='-127125' lat='14.77000534937' lon='-17.00510721414' />
  <node id='-127126' lat='14.76994421555' lon='-17.00509327265' />
  <node id='-127127' lat='14.76991974623' lon='-17.00520659689' />
  <node id='-127128' lat='14.77015242439' lon='-17.00503821117' />
  <node id='-127129' lat='14.77018868125' lon='-17.00504647951' />
  <node id='-127130' lat='14.77019386874' lon='-17.00502245473' />
  <node id='-127131' lat='14.77022359759' lon='-17.00502923437' />
  <node id='-127132' lat='14.7702184101' lon='-17.00505325914' />
  <node id='-127133' lat='14.77026269463' lon='-17.00506335819' />
  <node id='-127134' lat='14.7702762604' lon='-17.00500053112' />
  <node id='-127135' lat='14.77016599015' lon='-17.00497538413' />
  <node id='-127136' lat='14.77004215415' lon='-17.00501306419' />
  <node id='-127137' lat='14.77007841101' lon='-17.00502133251' />
  <node id='-127138' lat='14.77008359849' lon='-17.00499730775' />
  <node id='-127139' lat='14.77011332735' lon='-17.00500408737' />
  <node id='-127140' lat='14.77010813987' lon='-17.00502811214' />
  <node id='-127141' lat='14.77015242439' lon='-17.00503821117' />
  <node id='-127142' lat='14.77016599015' lon='-17.00497538413' />
  <node id='-127143' lat='14.7700557199' lon='-17.00495023718' />
  <node id='-127144' lat='14.76993188391' lon='-17.00498791724' />
  <node id='-127145' lat='14.76996814076' lon='-17.00499618555' />
  <node id='-127146' lat='14.76997332824' lon='-17.0049721608' />
  <node id='-127147' lat='14.7700030571' lon='-17.00497894041' />
  <node id='-127148' lat='14.76999786962' lon='-17.00500296517' />
  <node id='-127149' lat='14.77004215415' lon='-17.00501306419' />
  <node id='-127150' lat='14.7700557199' lon='-17.00495023718' />
  <node id='-127151' lat='14.76994544964' lon='-17.00492509025' />
  <node id='-127152' lat='14.7695437004' lon='-17.00489954964' />
  <node id='-127153' lat='14.76957995727' lon='-17.00490781792' />
  <node id='-127154' lat='14.76958514473' lon='-17.00488379321' />
  <node id='-127155' lat='14.7696148736' lon='-17.00489057279' />
  <node id='-127156' lat='14.76960968613' lon='-17.00491459751' />
  <node id='-127157' lat='14.76965397067' lon='-17.00492469648' />
  <node id='-127158' lat='14.76966753639' lon='-17.00486186957' />
  <node id='-127159' lat='14.7695572661' lon='-17.00483672276' />
  <node id='-127160' lat='14.76965397068' lon='-17.00492469648' />
  <node id='-127161' lat='14.76969022754' lon='-17.00493296477' />
  <node id='-127162' lat='14.76969541501' lon='-17.00490894004' />
  <node id='-127163' lat='14.76972514387' lon='-17.00491571964' />
  <node id='-127164' lat='14.7697199564' lon='-17.00493974436' />
  <node id='-127165' lat='14.76976424094' lon='-17.00494984335' />
  <node id='-127166' lat='14.76977780666' lon='-17.00488701641' />
  <node id='-127167' lat='14.7700639751' lon='-17.0046016192' />
  <node id='-127168' lat='14.77010023198' lon='-17.00460988746' />
  <node id='-127169' lat='14.77010541942' lon='-17.00458586268' />
  <node id='-127170' lat='14.7701351483' lon='-17.00459264225' />
  <node id='-127171' lat='14.77012996086' lon='-17.00461666704' />
  <node id='-127172' lat='14.77017424541' lon='-17.00462676599' />
  <node id='-127173' lat='14.77018781106' lon='-17.0045639389' />
  <node id='-127174' lat='14.77007754074' lon='-17.00453879215' />
  <node id='-127175' lat='14.77018355683' lon='-17.00462888943' />
  <node id='-127176' lat='14.7702198137' lon='-17.0046371577' />
  <node id='-127177' lat='14.77022500115' lon='-17.00461313291' />
  <node id='-127178' lat='14.77025473002' lon='-17.00461991249' />
  <node id='-127179' lat='14.77024954258' lon='-17.00464393728' />
  <node id='-127180' lat='14.77029382713' lon='-17.00465403625' />
  <node id='-127181' lat='14.77030739279' lon='-17.00459120913' />
  <node id='-127182' lat='14.77019712248' lon='-17.00456606234' />
  <node id='-127183' lat='14.77044581022' lon='-17.00490117219' />
  <node id='-127184' lat='14.77040955336' lon='-17.00489290386' />
  <node id='-127185' lat='14.77040436588' lon='-17.00491692867' />
  <node id='-127186' lat='14.77037463702' lon='-17.00491014904' />
  <node id='-127187' lat='14.7703798245' lon='-17.00488612424' />
  <node id='-127188' lat='14.77033553996' lon='-17.00487602522' />
  <node id='-127189' lat='14.77032197422' lon='-17.00493885232' />
  <node id='-127190' lat='14.77043224447' lon='-17.00496399932' />
  <node id='-127191' lat='14.77033553996' lon='-17.00487602522' />
  <node id='-127192' lat='14.7702992831' lon='-17.00486775691' />
  <node id='-127193' lat='14.77029409563' lon='-17.0048917817' />
  <node id='-127194' lat='14.77026436676' lon='-17.00488500208' />
  <node id='-127195' lat='14.77026955424' lon='-17.00486097729' />
  <node id='-127196' lat='14.7702252697' lon='-17.00485087829' />
  <node id='-127197' lat='14.77021170397' lon='-17.00491370535' />
  <node id='-127198' lat='14.77032197422' lon='-17.00493885232' />
  <node id='-127199' lat='14.7702252697' lon='-17.00485087829' />
  <node id='-127200' lat='14.77018901283' lon='-17.00484260998' />
  <node id='-127201' lat='14.77018382536' lon='-17.00486663476' />
  <node id='-127202' lat='14.7701540965' lon='-17.00485985515' />
  <node id='-127203' lat='14.77015928397' lon='-17.00483583037' />
  <node id='-127204' lat='14.77011499943' lon='-17.00482573138' />
  <node id='-127205' lat='14.77010143371' lon='-17.00488855842' />
  <node id='-127206' lat='14.77021170397' lon='-17.00491370535' />
  <node id='-127207' lat='14.77007874256' lon='-17.00481746309' />
  <node id='-127208' lat='14.77007355509' lon='-17.00484148785' />
  <node id='-127209' lat='14.77004382623' lon='-17.00483470825' />
  <node id='-127210' lat='14.77004901369' lon='-17.00481068349' />
  <node id='-127211' lat='14.77000472915' lon='-17.00480058451' />
  <node id='-127212' lat='14.76999116344' lon='-17.00486341152' />
  <node id='-127213' lat='14.77010143371' lon='-17.00488855842' />
  <node id='-127214' lat='14.77000472915' lon='-17.00480058451' />
  <node id='-127215' lat='14.76996847228' lon='-17.00479231622' />
  <node id='-127216' lat='14.76996328482' lon='-17.00481634098' />
  <node id='-127217' lat='14.76993355595' lon='-17.00480956139' />
  <node id='-127218' lat='14.76993874341' lon='-17.00478553664' />
  <node id='-127219' lat='14.76989445886' lon='-17.00477543767' />
  <node id='-127220' lat='14.76988089316' lon='-17.00483826465' />
  <node id='-127221' lat='14.76999116344' lon='-17.00486341152' />
  <node id='-127222' lat='14.76980621045' lon='-17.00475546964' />
  <node id='-127223' lat='14.76976995358' lon='-17.00474720137' />
  <node id='-127224' lat='14.76976476613' lon='-17.00477122611' />
  <node id='-127225' lat='14.76973503725' lon='-17.00476444653' />
  <node id='-127226' lat='14.76974022471' lon='-17.0047404218' />
  <node id='-127227' lat='14.76969594015' lon='-17.00473032285' />
  <node id='-127228' lat='14.76968237448' lon='-17.00479314979' />
  <node id='-127229' lat='14.76979264476' lon='-17.0048182966' />
  <node id='-127230' lat='14.76969594015' lon='-17.00473032285' />
  <node id='-127231' lat='14.76965968328' lon='-17.0047220546' />
  <node id='-127232' lat='14.76965449583' lon='-17.00474607933' />
  <node id='-127233' lat='14.76962476696' lon='-17.00473929976' />
  <node id='-127234' lat='14.76962995441' lon='-17.00471527504' />
  <node id='-127235' lat='14.76958566985' lon='-17.0047051761' />
  <node id='-127236' lat='14.76957210418' lon='-17.00476800301' />
  <node id='-127237' lat='14.76968237448' lon='-17.00479314979' />
  <node id='-127238' lat='14.77004701026' lon='-17.00552641229' />
  <node id='-127239' lat='14.77001075343' lon='-17.00551814389' />
  <node id='-127240' lat='14.7700055659' lon='-17.00554216862' />
  <node id='-127241' lat='14.76997583707' lon='-17.00553538894' />
  <node id='-127242' lat='14.7699810246' lon='-17.0055113642' />
  <node id='-127243' lat='14.7699367401' lon='-17.00550126509' />
  <node id='-127244' lat='14.76992317421' lon='-17.00556409202' />
  <node id='-127245' lat='14.77003344436' lon='-17.00558923925' />
  <node id='-127246' lat='14.77285575268' lon='-17.00938328932' />
  <node id='-127247' lat='14.77290956132' lon='-17.00915780722' />
  <node id='-127248' lat='14.77273403931' lon='-17.00911356761' />
  <node id='-127249' lat='14.77268023073' lon='-17.00933904955' />
  <node id='-127250' lat='14.76969217495' lon='-17.01075702198' />
  <node id='-127251' lat='14.7697244607' lon='-17.01062173495' />
  <node id='-127252' lat='14.76963669985' lon='-17.01059961505' />
  <node id='-127253' lat='14.76960441411' lon='-17.01073490204' />
  <node id='-127254' lat='14.77376404647' lon='-17.00596401589' />
  <node id='-127255' lat='14.77379632981' lon='-17.00582872533' />
  <node id='-127256' lat='14.77370856834' lon='-17.00580660667' />
  <node id='-127257' lat='14.77367628502' lon='-17.00594189718' />
  <node id='-127258' lat='14.7678001603' lon='-17.00887550085' />
  <node id='-127259' lat='14.7678647293' lon='-17.00860492816' />
  <node id='-127260' lat='14.76768920692' lon='-17.00856069053' />
  <node id='-127261' lat='14.76762463799' lon='-17.00883126304' />
  <node id='-127262' lat='14.77006070928' lon='-17.00592029643' />
  <node id='-127263' lat='14.77009657831' lon='-17.00576998013' />
  <node id='-127264' lat='14.77000881676' lon='-17.00574786205' />
  <node id='-127265' lat='14.76997294775' lon='-17.0058981783' />
  <node id='-127266' lat='14.7746304678' lon='-17.00993345872' />
  <node id='-127267' lat='14.77448609561' lon='-17.00992551869' />
  <node id='-127268' lat='14.77448199123' lon='-17.0100043423' />
  <node id='-127269' lat='14.77462636341' lon='-17.01001228237' />
  <node id='-127270' lat='14.77495961822' lon='-17.00478246212' />
  <node id='-127271' lat='14.77484426233' lon='-17.00471383217' />
  <node id='-127272' lat='14.7747491921' lon='-17.00488261162' />
  <node id='-127273' lat='14.77487333697' lon='-17.00495647058' />
  <node id='-127274' lat='14.77494548537' lon='-17.00498777916' />
  <node id='-127275' lat='14.77317351564' lon='-17.01374059378' />
  <node id='-127276' lat='14.77317420405' lon='-17.0136616636' />
  <node id='-127277' lat='14.77302963139' lon='-17.01366033185' />
  <node id='-127278' lat='14.77302894299' lon='-17.01373926198' />
  <node id='-127279' lat='14.76997933906' lon='-17.01090708877' />
  <node id='-127280' lat='14.77000140905' lon='-17.01083148288' />
  <node id='-127281' lat='14.76986292746' lon='-17.01078878882' />
  <node id='-127282' lat='14.76984085748' lon='-17.01086439467' />
  <node id='-127283' lat='14.77458515801' lon='-17.01218349893' />
  <node id='-127284' lat='14.77458381257' lon='-17.01210457472' />
  <node id='-127285' lat='14.77443925617' lon='-17.01210717754' />
  <node id='-127286' lat='14.77444060162' lon='-17.0121861017' />
  <node id='-127287' lat='14.77534131724' lon='-17.00949411215' />
  <node id='-127288' lat='14.77534299051' lon='-17.00939197323' />
  <node id='-127289' lat='14.7751984322' lon='-17.00938947195' />
  <node id='-127290' lat='14.77519675894' lon='-17.00949161081' />
  <node id='-127291' lat='14.77320483331' lon='-17.0043572017' />
  <node id='-127292' lat='14.77327699497' lon='-17.00455379866' />
  <node id='-127293' lat='14.77339536018' lon='-17.00450791098' />
  <node id='-127294' lat='14.77336529154' lon='-17.004425992' />
  <node id='-127295' lat='14.77336412918' lon='-17.00441927086' />
  <node id='-127296' lat='14.77336598379' lon='-17.00420568719' />
  <node id='-127297' lat='14.77321061474' lon='-17.00420426235' />
  <node id='-127298' lat='14.77320616165' lon='-17.00420422151' />
  <node id='-127299' lat='14.7702956687' lon='-17.01225434812' />
  <node id='-127300' lat='14.77030962939' lon='-17.0121767282' />
  <node id='-127301' lat='14.77016745908' lon='-17.01214972144' />
  <node id='-127302' lat='14.7701534984' lon='-17.01222734131' />
  <node id='-127303' lat='14.76909816337' lon='-17.00576373124' />
  <node id='-127304' lat='14.76908155298' lon='-17.0058407955' />
  <node id='-127305' lat='14.7692227106' lon='-17.00587292897' />
  <node id='-127306' lat='14.769239321' lon='-17.00579586466' />
  <node id='-127307' lat='14.77531196052' lon='-17.01128383854' />
  <node id='-127308' lat='14.77531365033' lon='-17.01118089218' />
  <node id='-127309' lat='14.77516951033' lon='-17.01117179779' />
  <node id='-127310' lat='14.77516744742' lon='-17.01128133308' />
  <node id='-127311' lat='14.7747628293' lon='-17.00982448904' />
  <node id='-127312' lat='14.77475872494' lon='-17.00990331275' />
  <node id='-127313' lat='14.77490309713' lon='-17.0099112528' />
  <node id='-127314' lat='14.77490720149' lon='-17.00983242904' />
  <node id='-127315' lat='14.7729978616' lon='-17.01315848701' />
  <node id='-127316' lat='14.7729985498' lon='-17.01307955686' />
  <node id='-127317' lat='14.77285397708' lon='-17.01307822552' />
  <node id='-127318' lat='14.77285328889' lon='-17.01315715561' />
  <node id='-127319' lat='14.77463172048' lon='-17.01121695164' />
  <node id='-127320' lat='14.77463642697' lon='-17.01113816359' />
  <node id='-127321' lat='14.77449211999' lon='-17.01112905879' />
  <node id='-127322' lat='14.77448741351' lon='-17.01120784679' />
  <node id='-127323' lat='14.77061765093' lon='-17.01098269364' />
  <node id='-127324' lat='14.77063972097' lon='-17.01090708755' />
  <node id='-127325' lat='14.77050123942' lon='-17.01086439326' />
  <node id='-127326' lat='14.7704791694' lon='-17.01093999931' />
  <node id='-127327' lat='14.77479011054' lon='-17.00930054305' />
  <node id='-127328' lat='14.7749344828' lon='-17.0093084827' />
  <node id='-127329' lat='14.77493858697' lon='-17.00922965889' />
  <node id='-127330' lat='14.7747942147' lon='-17.00922171929' />
  <node id='-127331' lat='14.77299178739' lon='-17.01385500603' />
  <node id='-127332' lat='14.77299247583' lon='-17.01377607593' />
  <node id='-127333' lat='14.77284790318' lon='-17.01377474412' />
  <node id='-127334' lat='14.77284721475' lon='-17.01385367418' />
  <node id='-127335' lat='14.77476886507' lon='-17.00970857181' />
  <node id='-127336' lat='14.77476476075' lon='-17.00978739553' />
  <node id='-127337' lat='14.77490913295' lon='-17.0097953355' />
  <node id='-127338' lat='14.77491323728' lon='-17.00971651173' />
  <node id='-127339' lat='14.77462467963' lon='-17.00469586386' />
  <node id='-127340' lat='14.77467221469' lon='-17.00461147415' />
  <node id='-127341' lat='14.7745934187' lon='-17.00456459534' />
  <node id='-127342' lat='14.77452709688' lon='-17.00455777252' />
  <node id='-127343' lat='14.7745064415' lon='-17.00476983887' />
  <node id='-127344' lat='14.7745746544' lon='-17.00478467432' />
  <node id='-127345' lat='14.77090037408' lon='-17.01371965016' />
  <node id='-127346' lat='14.77104494676' lon='-17.01372098241' />
  <node id='-127347' lat='14.77104563541' lon='-17.013642053' />
  <node id='-127348' lat='14.77090106273' lon='-17.0136407208' />
  <node id='-127349' lat='14.76892172276' lon='-17.00572353463' />
  <node id='-127350' lat='14.7689051124' lon='-17.00580059884' />
  <node id='-127351' lat='14.76904627002' lon='-17.00583273224' />
  <node id='-127352' lat='14.76906288041' lon='-17.00575566799' />
  <node id='-127353' lat='14.76920861183' lon='-17.00654053276' />
  <node id='-127354' lat='14.76928360532' lon='-17.00655757615' />
  <node id='-127355' lat='14.76931482343' lon='-17.00641249829' />
  <node id='-127356' lat='14.76923982992' lon='-17.00639545495' />
  <node id='-127357' lat='14.77410571585' lon='-17.00468958002' />
  <node id='-127358' lat='14.77429203928' lon='-17.00472652801' />
  <node id='-127359' lat='14.77432714446' lon='-17.00453954804' />
  <node id='-127360' lat='14.77413421636' lon='-17.00453777834' />
  <node id='-127361' lat='14.77090442518' lon='-17.01325528526' />
  <node id='-127362' lat='14.7710489979' lon='-17.0132566172' />
  <node id='-127363' lat='14.77104968639' lon='-17.01317768777' />
  <node id='-127364' lat='14.77090511366' lon='-17.01317635588' />
  <node id='-127365' lat='14.76884842656' lon='-17.00606359317' />
  <node id='-127366' lat='14.76883181609' lon='-17.00614065731' />
  <node id='-127367' lat='14.76897297364' lon='-17.00617279091' />
  <node id='-127368' lat='14.76898958413' lon='-17.00609572672' />
  <node id='-127369' lat='14.77489931079' lon='-17.01371009196' />
  <node id='-127370' lat='14.77499870447' lon='-17.01371100791' />
  <node id='-127371' lat='14.77500000078' lon='-17.01356242771' />
  <node id='-127372' lat='14.77490060709' lon='-17.01356151183' />
  <node id='-127373' lat='14.77474596947' lon='-17.01217969093' />
  <node id='-127374' lat='14.77489052747' lon='-17.01218219772' />
  <node id='-127375' lat='14.77489182327' lon='-17.01210327252' />
  <node id='-127376' lat='14.77474726527' lon='-17.01210076578' />
  <node id='-127377' lat='14.77327740353' lon='-17.00480749069' />
  <node id='-127378' lat='14.77341162553' lon='-17.00494534742' />
  <node id='-127379' lat='14.77350105183' lon='-17.00485338633' />
  <node id='-127380' lat='14.77336682978' lon='-17.00471552959' />
  <node id='-127381' lat='14.77463650362' lon='-17.00981754157' />
  <node id='-127382' lat='14.77449213142' lon='-17.00980960162' />
  <node id='-127383' lat='14.77448802708' lon='-17.00988842523' />
  <node id='-127384' lat='14.77463239927' lon='-17.00989636523' />
  <node id='-127385' lat='14.77011795583' lon='-17.01222058961' />
  <node id='-127386' lat='14.7701319165' lon='-17.01214296976' />
  <node id='-127387' lat='14.76998974617' lon='-17.01211596305' />
  <node id='-127388' lat='14.76997578552' lon='-17.01219358286' />
  <node id='-127389' lat='14.76971474094' lon='-17.01190790223' />
  <node id='-127390' lat='14.76972870149' lon='-17.01183028248' />
  <node id='-127391' lat='14.7695865311' lon='-17.01180327606' />
  <node id='-127392' lat='14.76957257056' lon='-17.01188089576' />
  <node id='-127393' lat='14.77480387565' lon='-17.00517751864' />
  <node id='-127394' lat='14.77469043221' lon='-17.00523505755' />
  <node id='-127395' lat='14.77477441264' lon='-17.00540993952' />
  <node id='-127396' lat='14.77488785611' lon='-17.00535240069' />
  <node id='-127397' lat='14.77462808545' lon='-17.01370759257' />
  <node id='-127398' lat='14.77472763079' lon='-17.01370850989' />
  <node id='-127399' lat='14.77472892707' lon='-17.01355992987' />
  <node id='-127400' lat='14.77458031112' lon='-17.01355856046' />
  <node id='-127401' lat='14.77510141247' lon='-17.00480351712' />
  <node id='-127402' lat='14.77499515648' lon='-17.00479258592' />
  <node id='-127403' lat='14.77498108494' lon='-17.00499701209' />
  <node id='-127404' lat='14.77511818194' lon='-17.00500129312' />
  <node id='-127405' lat='14.77515962498' lon='-17.00500187578' />
  <node id='-127406' lat='14.76963261954' lon='-17.01236448882' />
  <node id='-127407' lat='14.76964658024' lon='-17.01228686915' />
  <node id='-127408' lat='14.76950440993' lon='-17.01225986246' />
  <node id='-127409' lat='14.76949044924' lon='-17.01233748208' />
  <node id='-127410' lat='14.76907372918' lon='-17.00587709417' />
  <node id='-127411' lat='14.76905711875' lon='-17.00595415841' />
  <node id='-127412' lat='14.76919827634' lon='-17.00598629194' />
  <node id='-127413' lat='14.76921488678' lon='-17.00590922766' />
  <node id='-127414' lat='14.76912259106' lon='-17.00565039819' />
  <node id='-127415' lat='14.76910598071' lon='-17.00572746247' />
  <node id='-127416' lat='14.76924713835' lon='-17.00575959587' />
  <node id='-127417' lat='14.76926374872' lon='-17.00568253154' />
  <node id='-127418' lat='14.77507034926' lon='-17.00525872436' />
  <node id='-127419' lat='14.7750444193' lon='-17.00519793628' />
  <node id='-127420' lat='14.77504300578' lon='-17.00519249826' />
  <node id='-127421' lat='14.77504324221' lon='-17.00518687478' />
  <node id='-127422' lat='14.77504510688' lon='-17.00518158233' />
  <node id='-127423' lat='14.77504842854' lon='-17.00517710697' />
  <node id='-127424' lat='14.77505290211' lon='-17.00517385971' />
  <node id='-127425' lat='14.77514285407' lon='-17.00512773179' />
  <node id='-127426' lat='14.7751435972' lon='-17.00512737215' />
  <node id='-127427' lat='14.77521815323' lon='-17.00509339574' />
  <node id='-127428' lat='14.77517527378' lon='-17.00503914449' />
  <node id='-127429' lat='14.77497870374' lon='-17.00503401216' />
  <node id='-127430' lat='14.77497627151' lon='-17.00507487152' />
  <node id='-127431' lat='14.77506578836' lon='-17.00526128261' />
  <node id='-127432' lat='14.77475626027' lon='-17.01050254218' />
  <node id='-127433' lat='14.77490081321' lon='-17.01049973679' />
  <node id='-127434' lat='14.77489936303' lon='-17.01042081435' />
  <node id='-127435' lat='14.77475481009' lon='-17.01042361979' />
  <node id='-127436' lat='14.77449858522' lon='-17.01303171111' />
  <node id='-127437' lat='14.7744972893' lon='-17.01318029102' />
  <node id='-127438' lat='14.77459668302' lon='-17.0131812067' />
  <node id='-127439' lat='14.77459797895' lon='-17.01303262672' />
  <node id='-127440' lat='14.77352862897' lon='-17.00420717878' />
  <node id='-127441' lat='14.77340212716' lon='-17.00420601866' />
  <node id='-127442' lat='14.7734003027' lon='-17.00441613012' />
  <node id='-127443' lat='14.77342917882' lon='-17.00449480021' />
  <node id='-127444' lat='14.7735372649' lon='-17.00445289749' />
  <node id='-127445' lat='14.7735279367' lon='-17.00442748376' />
  <node id='-127446' lat='14.77352677434' lon='-17.00442076261' />
  <node id='-127447' lat='14.77454295039' lon='-17.00571757053' />
  <node id='-127448' lat='14.77441986573' lon='-17.00568753522' />
  <node id='-127449' lat='14.77437602778' lon='-17.00587727954' />
  <node id='-127450' lat='14.77449911241' lon='-17.00590731495' />
  <node id='-127451' lat='14.77520423689' lon='-17.0047354393' />
  <node id='-127452' lat='14.77513604873' lon='-17.00479276446' />
  <node id='-127453' lat='14.77519488533' lon='-17.00499104023' />
  <node id='-127454' lat='14.77540113512' lon='-17.00484401625' />
  <node id='-127455' lat='14.77533936096' lon='-17.00480995167' />
  <node id='-127456' lat='14.77202901413' lon='-17.00496620441' />
  <node id='-127457' lat='14.77189102878' lon='-17.00507056759' />
  <node id='-127458' lat='14.77200350542' lon='-17.00522763493' />
  <node id='-127459' lat='14.77210822173' lon='-17.00514843439' />
  <node id='-127460' lat='14.77458713655' lon='-17.01229956394' />
  <node id='-127461' lat='14.77458579115' lon='-17.01222063973' />
  <node id='-127462' lat='14.77444123476' lon='-17.01222324248' />
  <node id='-127463' lat='14.77444258017' lon='-17.01230216664' />
  <node id='-127464' lat='14.76887285439' lon='-17.0059502603' />
  <node id='-127465' lat='14.76885624395' lon='-17.00602732446' />
  <node id='-127466' lat='14.76899740153' lon='-17.00605945799' />
  <node id='-127467' lat='14.76901401198' lon='-17.00598239378' />
  <node id='-127468' lat='14.77477803934' lon='-17.0095323776' />
  <node id='-127469' lat='14.77492241157' lon='-17.0095403174' />
  <node id='-127470' lat='14.77492651582' lon='-17.00946149361' />
  <node id='-127471' lat='14.77478214358' lon='-17.00945355386' />
  <node id='-127472' lat='14.77476377395' lon='-17.01370884296' />
  <node id='-127473' lat='14.77486316763' lon='-17.01370975889' />
  <node id='-127474' lat='14.77486446393' lon='-17.01356117878' />
  <node id='-127475' lat='14.77476507023' lon='-17.01356026292' />
  <node id='-127476' lat='14.77507759573' lon='-17.01399034527' />
  <node id='-127477' lat='14.77526748969' lon='-17.01399209547' />
  <node id='-127478' lat='14.77526916749' lon='-17.01388995373' />
  <node id='-127479' lat='14.77510559445' lon='-17.01388844619' />
  <node id='-127480' lat='14.77510001795' lon='-17.01388748572' />
  <node id='-127481' lat='14.77509500319' lon='-17.01388480125' />
  <node id='-127482' lat='14.77509104104' lon='-17.01388065557' />
  <node id='-127483' lat='14.77508851934' lon='-17.01387545448' />
  <node id='-127484' lat='14.77508768493' lon='-17.01386970711' />
  <node id='-127485' lat='14.77508792801' lon='-17.01384184831' />
  <node id='-127486' lat='14.77507889223' lon='-17.01384176504' />
  <node id='-127487' lat='14.77494307928' lon='-17.01115751138' />
  <node id='-127488' lat='14.77493421994' lon='-17.01130581849' />
  <node id='-127489' lat='14.77501088301' lon='-17.01131065551' />
  <node id='-127490' lat='14.77501974235' lon='-17.01116234834' />
  <node id='-127491' lat='14.77181227282' lon='-17.00569237307' />
  <node id='-127492' lat='14.77181643542' lon='-17.00569825936' />
  <node id='-127493' lat='14.77188664618' lon='-17.00579754381' />
  <node id='-127494' lat='14.77204014948' lon='-17.00568289294' />
  <node id='-127495' lat='14.77196577607' lon='-17.00557772216' />
  <node id='-127496' lat='14.77508747087' lon='-17.00923784663' />
  <node id='-127497' lat='14.77507974534' lon='-17.00938622096' />
  <node id='-127498' lat='14.77516227384' lon='-17.0093907596' />
  <node id='-127499' lat='14.77516480612' lon='-17.00924209963' />
  <node id='-127500' lat='14.77512974222' lon='-17.01319214259' />
  <node id='-127501' lat='14.77512885117' lon='-17.01329429157' />
  <node id='-127502' lat='14.77527892828' lon='-17.01329567432' />
  <node id='-127503' lat='14.77528060577' lon='-17.01319353252' />
  <node id='-127504' lat='14.77531695925' lon='-17.01097929736' />
  <node id='-127505' lat='14.77531864636' lon='-17.01087650635' />
  <node id='-127506' lat='14.77517410295' lon='-17.01087400064' />
  <node id='-127507' lat='14.77517241422' lon='-17.01098210225' />
  <node id='-127508' lat='14.77108412878' lon='-17.01337299558' />
  <node id='-127509' lat='14.77122870148' lon='-17.01337432761' />
  <node id='-127510' lat='14.77122939002' lon='-17.01329539812' />
  <node id='-127511' lat='14.77108481731' lon='-17.01329406614' />
  <node id='-127512' lat='14.77516287849' lon='-17.00450716617' />
  <node id='-127513' lat='14.77521951973' lon='-17.00457726991' />
  <node id='-127514' lat='14.77542299589' lon='-17.00451336655' />
  <node id='-127515' lat='14.77542772729' lon='-17.00422459642' />
  <node id='-127516' lat='14.77530744962' lon='-17.00422349322' />
  <node id='-127517' lat='14.77427198506' lon='-17.01349919492' />
  <node id='-127518' lat='14.7744122979' lon='-17.01345168755' />
  <node id='-127519' lat='14.77438333325' lon='-17.01336942356' />
  <node id='-127520' lat='14.77431166575' lon='-17.01327769488' />
  <node id='-127521' lat='14.77419718055' lon='-17.0133721691' />
  <node id='-127522' lat='14.77421281479' lon='-17.01339871764' />
  <node id='-127523' lat='14.77460735704' lon='-17.01162479555' />
  <node id='-127524' lat='14.77446305013' lon='-17.01161569043' />
  <node id='-127525' lat='14.77445834348' lon='-17.01169447839' />
  <node id='-127526' lat='14.77460265039' lon='-17.01170358356' />
  <node id='-127527' lat='14.77497468003' lon='-17.0092316438' />
  <node id='-127528' lat='14.77496695452' lon='-17.00938001805' />
  <node id='-127529' lat='14.77504365228' lon='-17.00938423602' />
  <node id='-127530' lat='14.7750513778' lon='-17.00923586172' />
  <node id='-127531' lat='14.77034718097' lon='-17.01126288166' />
  <node id='-127532' lat='14.7703692511' lon='-17.0111872757' />
  <node id='-127533' lat='14.77023076961' lon='-17.01114458132' />
  <node id='-127534' lat='14.77020869951' lon='-17.01122018724' />
  <node id='-127535' lat='14.7729907749' lon='-17.01397108302' />
  <node id='-127536' lat='14.77299146338' lon='-17.01389215292' />
  <node id='-127537' lat='14.77284689074' lon='-17.01389082104' />
  <node id='-127538' lat='14.77284620227' lon='-17.01396975109' />
  <node id='-127539' lat='14.7753073879' lon='-17.01156239873' />
  <node id='-127540' lat='14.77530906457' lon='-17.01146026' />
  <node id='-127541' lat='14.77516450651' lon='-17.01145775365' />
  <node id='-127542' lat='14.77516282986' lon='-17.01155989231' />
  <node id='-127543' lat='14.77315996457' lon='-17.00492825839' />
  <node id='-127544' lat='14.77326201129' lon='-17.00509072645' />
  <node id='-127545' lat='14.77328523607' lon='-17.0050753192' />
  <node id='-127546' lat='14.77338607515' lon='-17.00497162201' />
  <node id='-127547' lat='14.77325185316' lon='-17.00483376529' />
  <node id='-127548' lat='14.77299482504' lon='-17.01350671374' />
  <node id='-127549' lat='14.77299551336' lon='-17.01342778362' />
  <node id='-127550' lat='14.77285094068' lon='-17.01342645204' />
  <node id='-127551' lat='14.77285025237' lon='-17.01350538212' />
  <node id='-127552' lat='14.77299583756' lon='-17.01339060608' />
  <node id='-127553' lat='14.77299652585' lon='-17.01331167595' />
  <node id='-127554' lat='14.77285195315' lon='-17.01331034446' />
  <node id='-127555' lat='14.77285126488' lon='-17.01338927454' />
  <node id='-127556' lat='14.77007689488' lon='-17.01244888328' />
  <node id='-127557' lat='14.77009085562' lon='-17.01237126346' />
  <node id='-127558' lat='14.76994868534' lon='-17.01234425662' />
  <node id='-127559' lat='14.76993472461' lon='-17.01242187639' />
  <node id='-127560' lat='14.77474215816' lon='-17.01241182369' />
  <node id='-127561' lat='14.77488671613' lon='-17.01241433064' />
  <node id='-127562' lat='14.77488801201' lon='-17.01233540545' />
  <node id='-127563' lat='14.77474345403' lon='-17.01233289856' />
  <node id='-127564' lat='14.77375968659' lon='-17.00462096253' />
  <node id='-127565' lat='14.77377592131' lon='-17.00453449181' />
  <node id='-127566' lat='14.77368732166' lon='-17.00453367913' />
  <node id='-127567' lat='14.77353027837' lon='-17.00459456149' />
  <node id='-127568' lat='14.77358338747' lon='-17.00464910873' />
  <node id='-127569' lat='14.77364157883' lon='-17.0047088759' />
  <node id='-127570' lat='14.77372555779' lon='-17.00462251631' />
  <node id='-127571' lat='14.7737303133' lon='-17.00461900513' />
  <node id='-127572' lat='14.77373591153' lon='-17.00461724084' />
  <node id='-127573' lat='14.77374176479' lon='-17.00461740865' />
  <node id='-127574' lat='14.77490519592' lon='-17.01303545683' />
  <node id='-127575' lat='14.77490389996' lon='-17.01318403702' />
  <node id='-127576' lat='14.77500329368' lon='-17.01318495272' />
  <node id='-127577' lat='14.77500458964' lon='-17.01303637247' />
  <node id='-127578' lat='14.77493123589' lon='-17.0101879881' />
  <node id='-127579' lat='14.77493396576' lon='-17.01033654803' />
  <node id='-127580' lat='14.77501075951' lon='-17.01033505761' />
  <node id='-127581' lat='14.77500802965' lon='-17.01018649763' />
  <node id='-127582' lat='14.77317554062' lon='-17.01350840893' />
  <node id='-127583' lat='14.77317622895' lon='-17.01342947874' />
  <node id='-127584' lat='14.77303165627' lon='-17.01342814714' />
  <node id='-127585' lat='14.77303096794' lon='-17.01350707728' />
  <node id='-127586' lat='14.77108311589' lon='-17.01348910222' />
  <node id='-127587' lat='14.77122768858' lon='-17.01349043433' />
  <node id='-127588' lat='14.77122837716' lon='-17.01341150485' />
  <node id='-127589' lat='14.77108380446' lon='-17.01341017278' />
  <node id='-127590' lat='14.77422644694' lon='-17.00564033695' />
  <node id='-127591' lat='14.77410336225' lon='-17.00561030174' />
  <node id='-127592' lat='14.7740595244' lon='-17.00580004582' />
  <node id='-127593' lat='14.77418260905' lon='-17.00583008112' />
  <node id='-127594' lat='14.76978980188' lon='-17.01251239398' />
  <node id='-127595' lat='14.76980376263' lon='-17.01243477426' />
  <node id='-127596' lat='14.76966159236' lon='-17.01240776744' />
  <node id='-127597' lat='14.76964763162' lon='-17.01248538711' />
  <node id='-127598' lat='14.77317857721' lon='-17.0131601819' />
  <node id='-127599' lat='14.77317926542' lon='-17.01308125169' />
  <node id='-127600' lat='14.77303469271' lon='-17.01307992033' />
  <node id='-127601' lat='14.77303400451' lon='-17.01315885049' />
  <node id='-127602' lat='14.77277723256' lon='-17.00459380064' />
  <node id='-127603' lat='14.77272987913' lon='-17.00465812463' />
  <node id='-127604' lat='14.77272591664' lon='-17.00466207202' />
  <node id='-127605' lat='14.77269915428' lon='-17.00468156432' />
  <node id='-127606' lat='14.77266803597' lon='-17.00475228712' />
  <node id='-127607' lat='14.77266670847' lon='-17.00479493341' />
  <node id='-127608' lat='14.77285481002' lon='-17.0048011177' />
  <node id='-127609' lat='14.77289112471' lon='-17.00471858508' />
  <node id='-127610' lat='14.77033672949' lon='-17.01202605417' />
  <node id='-127611' lat='14.77035069011' lon='-17.01194843421' />
  <node id='-127612' lat='14.77020851975' lon='-17.01192142759' />
  <node id='-127613' lat='14.77019455915' lon='-17.0119990475' />
  <node id='-127614' lat='14.7688972886' lon='-17.00583689748' />
  <node id='-127615' lat='14.7688806782' lon='-17.00591396166' />
  <node id='-127616' lat='14.7690218358' lon='-17.00594609513' />
  <node id='-127617' lat='14.76903844622' lon='-17.0058690309' />
  <node id='-127618' lat='14.77434185484' lon='-17.004214637' />
  <node id='-127619' lat='14.77421535304' lon='-17.00421347681' />
  <node id='-127620' lat='14.77421365961' lon='-17.00440848874' />
  <node id='-127621' lat='14.77434016139' lon='-17.00440964905' />
  <node id='-127622' lat='14.77460043548' lon='-17.01174066027' />
  <node id='-127623' lat='14.77445612858' lon='-17.01173155507' />
  <node id='-127624' lat='14.7744514219' lon='-17.01181034302' />
  <node id='-127625' lat='14.77459572879' lon='-17.01181944826' />
  <node id='-127626' lat='14.77194452652' lon='-17.00554767337' />
  <node id='-127627' lat='14.7719187131' lon='-17.00551117091' />
  <node id='-127628' lat='14.77191612022' lon='-17.00550591352' />
  <node id='-127629' lat='14.77191526078' lon='-17.00550008594' />
  <node id='-127630' lat='14.77191540092' lon='-17.0054839548' />
  <node id='-127631' lat='14.77168407066' lon='-17.0054615213' />
  <node id='-127632' lat='14.7716988173' lon='-17.00550185534' />
  <node id='-127633' lat='14.77171047089' lon='-17.00553372946' />
  <node id='-127634' lat='14.77172158828' lon='-17.00556413705' />
  <node id='-127635' lat='14.77173678069' lon='-17.00558562044' />
  <node id='-127636' lat='14.77179102328' lon='-17.0056623243' />
  <node id='-127637' lat='14.77491467073' lon='-17.01290554966' />
  <node id='-127638' lat='14.7749914749' lon='-17.01290626588' />
  <node id='-127639' lat='14.77499278667' lon='-17.01275768575' />
  <node id='-127640' lat='14.77491598249' lon='-17.01275696959' />
  <node id='-127641' lat='14.76984951506' lon='-17.01135182904' />
  <node id='-127642' lat='14.76987158519' lon='-17.01127622325' />
  <node id='-127643' lat='14.76973310371' lon='-17.01123352895' />
  <node id='-127644' lat='14.7697110336' lon='-17.0113091347' />
  <node id='-127645' lat='14.77529442886' lon='-17.0123517415' />
  <node id='-127646' lat='14.77529610587' lon='-17.01224960282' />
  <node id='-127647' lat='14.77515154789' lon='-17.01224709595' />
  <node id='-127648' lat='14.77514987088' lon='-17.01234923456' />
  <node id='-127649' lat='14.7710810902' lon='-17.01372128484' />
  <node id='-127650' lat='14.77122566287' lon='-17.0137226171' />
  <node id='-127651' lat='14.77122635153' lon='-17.01364368763' />
  <node id='-127652' lat='14.77108177885' lon='-17.01364235542' />
  <node id='-127653' lat='14.77031472486' lon='-17.01137406689' />
  <node id='-127654' lat='14.77033679502' lon='-17.01129846096' />
  <node id='-127655' lat='14.77019831356' lon='-17.01125576651' />
  <node id='-127656' lat='14.77017624342' lon='-17.01133137241' />
  <node id='-127657' lat='14.77009742538' lon='-17.01233473646' />
  <node id='-127658' lat='14.77011138609' lon='-17.01225711662' />
  <node id='-127659' lat='14.76996921578' lon='-17.01223010985' />
  <node id='-127660' lat='14.76995525509' lon='-17.01230772964' />
  <node id='-127661' lat='14.77002261687' lon='-17.01140519705' />
  <node id='-127662' lat='14.77004468702' lon='-17.01132959121' />
  <node id='-127663' lat='14.76990620556' lon='-17.01128689683' />
  <node id='-127664' lat='14.76988413543' lon='-17.01136250263' />
  <node id='-127665' lat='14.77475199495' lon='-17.0102704175' />
  <node id='-127666' lat='14.77489654791' lon='-17.01026761195' />
  <node id='-127667' lat='14.77489509765' lon='-17.0101886895' />
  <node id='-127668' lat='14.77475054469' lon='-17.0101914951' />
  <node id='-127669' lat='14.77031619912' lon='-17.01214020116' />
  <node id='-127670' lat='14.77033015977' lon='-17.01206258122' />
  <node id='-127671' lat='14.77018798944' lon='-17.01203557453' />
  <node id='-127672' lat='14.7701740288' lon='-17.01211319442' />
  <node id='-127673' lat='14.77532154187' lon='-17.01070008481' />
  <node id='-127674' lat='14.77532321816' lon='-17.01059794602' />
  <node id='-127675' lat='14.77517866002' lon='-17.01059544023' />
  <node id='-127676' lat='14.77517698374' lon='-17.01069757896' />
  <node id='-127677' lat='14.76981033239' lon='-17.01239824731' />
  <node id='-127678' lat='14.76982429311' lon='-17.01232062758' />
  <node id='-127679' lat='14.76968212281' lon='-17.01229362083' />
  <node id='-127680' lat='14.76966816211' lon='-17.01237124052' />
  <node id='-127681' lat='14.77528985495' lon='-17.01263030147' />
  <node id='-127682' lat='14.77529153209' lon='-17.01252816282' />
  <node id='-127683' lat='14.77514697413' lon='-17.01252565576' />
  <node id='-127684' lat='14.775145297' lon='-17.01262779435' />
  <node id='-127685' lat='14.76914702515' lon='-17.00553703519' />
  <node id='-127686' lat='14.76913041484' lon='-17.0056140995' />
  <node id='-127687' lat='14.7692715725' lon='-17.00564623283' />
  <node id='-127688' lat='14.76928818283' lon='-17.00556916848' />
  <node id='-127689' lat='14.77312347952' lon='-17.00461331326' />
  <node id='-127690' lat='14.77324317633' lon='-17.00456690941' />
  <node id='-127691' lat='14.77316982216' lon='-17.00436706359' />
  <node id='-127692' lat='14.77316865979' lon='-17.00436034245' />
  <node id='-127693' lat='14.77317001828' lon='-17.00420389005' />
  <node id='-127694' lat='14.77302024152' lon='-17.00420251651' />
  <node id='-127695' lat='14.77298309157' lon='-17.00430894362' />
  <node id='-127696' lat='14.7722297269' lon='-17.00491507921' />
  <node id='-127697' lat='14.77206201598' lon='-17.00495105403' />
  <node id='-127698' lat='14.77214122359' lon='-17.00513328404' />
  <node id='-127699' lat='14.77226849842' lon='-17.00510598307' />
  <node id='-127700' lat='14.77398150023' lon='-17.00466494807' />
  <node id='-127701' lat='14.77400559763' lon='-17.00453659855' />
  <node id='-127702' lat='14.77381266952' lon='-17.00453482889' />
  <node id='-127703' lat='14.77379517677' lon='-17.00462800021' />
  <node id='-127704' lat='14.77530054079' lon='-17.01197948084' />
  <node id='-127705' lat='14.77530124837' lon='-17.01193638183' />
  <node id='-127706' lat='14.77530220519' lon='-17.01187810021' />
  <node id='-127707' lat='14.77515769245' lon='-17.01187559437' />
  <node id='-127708' lat='14.77515635788' lon='-17.01197104475' />
  <node id='-127709' lat='14.77529671568' lon='-17.01221246149' />
  <node id='-127710' lat='14.77529676723' lon='-17.01220932208' />
  <node id='-127711' lat='14.77529839264' lon='-17.01211032281' />
  <node id='-127712' lat='14.77515383464' lon='-17.01210781602' />
  <node id='-127713' lat='14.7751521577' lon='-17.01220995464' />
  <node id='-127714' lat='14.77317250293' lon='-17.0138567015' />
  <node id='-127715' lat='14.77317319138' lon='-17.01377777133' />
  <node id='-127716' lat='14.77302861873' lon='-17.01377643951' />
  <node id='-127717' lat='14.77302793029' lon='-17.01385536963' />
  <node id='-127718' lat='14.77475798907' lon='-17.01122491841' />
  <node id='-127719' lat='14.77490229603' lon='-17.01123402331' />
  <node id='-127720' lat='14.77490700254' lon='-17.01115523516' />
  <node id='-127721' lat='14.77476269557' lon='-17.01114613031' />
  <node id='-127722' lat='14.77528756787' lon='-17.01276958144' />
  <node id='-127723' lat='14.77528851426' lon='-17.01271194845' />
  <node id='-127724' lat='14.77528924507' lon='-17.0126674428' />
  <node id='-127725' lat='14.77514468713' lon='-17.01266493565' />
  <node id='-127726' lat='14.77514300994' lon='-17.01276707422' />
  <node id='-127727' lat='14.77474406384' lon='-17.01229575732' />
  <node id='-127728' lat='14.77488862183' lon='-17.01229826418' />
  <node id='-127729' lat='14.77488991767' lon='-17.01221933899' />
  <node id='-127730' lat='14.77474535968' lon='-17.01221683218' />
  <node id='-127731' lat='14.77494205892' lon='-17.01398909607' />
  <node id='-127732' lat='14.77504145258' lon='-17.01399001215' />
  <node id='-127733' lat='14.77504274907' lon='-17.01384143194' />
  <node id='-127734' lat='14.7749433554' lon='-17.01384051593' />
  <node id='-127735' lat='14.77090239975' lon='-17.01348746773' />
  <node id='-127736' lat='14.77104697245' lon='-17.01348879982' />
  <node id='-127737' lat='14.77104766102' lon='-17.0134098704' />
  <node id='-127738' lat='14.77090308831' lon='-17.01340853836' />
  <node id='-127739' lat='14.77510941291' lon='-17.00525778239' />
  <node id='-127740' lat='14.77515232407' lon='-17.00532170056' />
  <node id='-127741' lat='14.77531527425' lon='-17.00522261842' />
  <node id='-127742' lat='14.77524158478' lon='-17.00512371134' />
  <node id='-127743' lat='14.77508458962' lon='-17.00519958866' />
  <node id='-127744' lat='14.76953953309' lon='-17.00661573968' />
  <node id='-127745' lat='14.76961452657' lon='-17.00663278314' />
  <node id='-127746' lat='14.76964574475' lon='-17.00648770508' />
  <node id='-127747' lat='14.76957075125' lon='-17.00647066167' />
  <node id='-127748' lat='14.77015901656' lon='-17.01199229583' />
  <node id='-127749' lat='14.77017297716' lon='-17.01191467594' />
  <node id='-127750' lat='14.77003080679' lon='-17.01188766937' />
  <node id='-127751' lat='14.7700168462' lon='-17.01196528922' />
  <node id='-127752' lat='14.77502522562' lon='-17.00447835404' />
  <node id='-127753' lat='14.7751311931' lon='-17.0044892554' />
  <node id='-127754' lat='14.77526797621' lon='-17.00422313116' />
  <node id='-127755' lat='14.77505027861' lon='-17.00422113444' />
  <node id='-127756' lat='14.76902486708' lon='-17.00610379003' />
  <node id='-127757' lat='14.76900825658' lon='-17.00618085422' />
  <node id='-127758' lat='14.76914941413' lon='-17.00621298788' />
  <node id='-127759' lat='14.76916602464' lon='-17.00613592364' />
  <node id='-127760' lat='14.77512488143' lon='-17.01374931874' />
  <node id='-127761' lat='14.77512399014' lon='-17.01385146767' />
  <node id='-127762' lat='14.77526977758' lon='-17.01385281127' />
  <node id='-127763' lat='14.77527145531' lon='-17.01375066951' />
  <node id='-127764' lat='14.77462479912' lon='-17.01133281641' />
  <node id='-127765' lat='14.77462950565' lon='-17.01125402837' />
  <node id='-127766' lat='14.77448519869' lon='-17.01124492349' />
  <node id='-127767' lat='14.77448049217' lon='-17.01132371148' />
  <node id='-127768' lat='14.77190789571' lon='-17.0058275926' />
  <node id='-127769' lat='14.77198226899' lon='-17.00593276343' />
  <node id='-127770' lat='14.77213577235' lon='-17.00581811262' />
  <node id='-127771' lat='14.77206139902' lon='-17.00571294175' />
  <node id='-127772' lat='14.77473465191' lon='-17.01282493136' />
  <node id='-127773' lat='14.77473395503' lon='-17.01290386445' />
  <node id='-127774' lat='14.77487852759' lon='-17.01290521262' />
  <node id='-127775' lat='14.77487922447' lon='-17.01282627947' />
  <node id='-127776' lat='14.77475679347' lon='-17.00994040626' />
  <node id='-127777' lat='14.77475268907' lon='-17.01001922996' />
  <node id='-127778' lat='14.77489706124' lon='-17.01002717008' />
  <node id='-127779' lat='14.77490116565' lon='-17.00994834633' />
  <node id='-127780' lat='14.77453544846' lon='-17.01398534857' />
  <node id='-127781' lat='14.77456255582' lon='-17.0139855984' />
  <node id='-127782' lat='14.77463484213' lon='-17.01398626461' />
  <node id='-127783' lat='14.77463613858' lon='-17.01383768468' />
  <node id='-127784' lat='14.7745367449' lon='-17.0138367687' />
  <node id='-127785' lat='14.770152441' lon='-17.01096045649' />
  <node id='-127786' lat='14.77017451102' lon='-17.01088485055' />
  <node id='-127787' lat='14.77003602945' lon='-17.01084215641' />
  <node id='-127788' lat='14.77001395945' lon='-17.01091776231' />
  <node id='-127789' lat='14.77438469868' lon='-17.00567895371' />
  <node id='-127790' lat='14.774261614' lon='-17.00564891844' />
  <node id='-127791' lat='14.77421777609' lon='-17.00583866265' />
  <node id='-127792' lat='14.77434086074' lon='-17.005868698' />
  <node id='-127793' lat='14.77317655315' lon='-17.01339230117' />
  <node id='-127794' lat='14.77317724144' lon='-17.01331337097' />
  <node id='-127795' lat='14.77303266875' lon='-17.01331203946' />
  <node id='-127796' lat='14.77303198047' lon='-17.0133909696' />
  <node id='-127797' lat='14.77317149043' lon='-17.01397277859' />
  <node id='-127798' lat='14.77317217891' lon='-17.01389384842' />
  <node id='-127799' lat='14.77302760627' lon='-17.01389251653' />
  <node id='-127800' lat='14.77302691779' lon='-17.01397144664' />
  <node id='-127801' lat='14.77462977645' lon='-17.01050499691' />
  <node id='-127802' lat='14.77462832626' lon='-17.01042607456' />
  <node id='-127803' lat='14.77448377331' lon='-17.01042888002' />
  <node id='-127804' lat='14.77448522351' lon='-17.01050780231' />
  <node id='-127805' lat='14.774858397' lon='-17.01322076583' />
  <node id='-127806' lat='14.77485723666' lon='-17.01335378565' />
  <node id='-127807' lat='14.77500180932' lon='-17.0133551177' />
  <node id='-127808' lat='14.77500296967' lon='-17.01322209778' />
  <node id='-127809' lat='14.77489545924' lon='-17.01195466184' />
  <node id='-127810' lat='14.77497212226' lon='-17.01195949908' />
  <node id='-127811' lat='14.77498098202' lon='-17.01181119202' />
  <node id='-127812' lat='14.77490431898' lon='-17.01180635483' />
  <node id='-127813' lat='14.77090138681' lon='-17.01360357426' />
  <node id='-127814' lat='14.7710459595' lon='-17.01360490643' />
  <node id='-127815' lat='14.77104664811' lon='-17.01352597702' />
  <node id='-127816' lat='14.77090207541' lon='-17.0135246449' />
  <node id='-127817' lat='14.77504416789' lon='-17.01018579624' />
  <node id='-127818' lat='14.77504689932' lon='-17.01033444187' />
  <node id='-127819' lat='14.77514681747' lon='-17.01033297737' />
  <node id='-127820' lat='14.7751492662' lon='-17.01018375642' />
  <node id='-127821' lat='14.77089834819' lon='-17.01395183255' />
  <node id='-127822' lat='14.77104292084' lon='-17.01395316495' />
  <node id='-127823' lat='14.77104360957' lon='-17.01387423556' />
  <node id='-127824' lat='14.77089903691' lon='-17.01387290321' />
  <node id='-127825' lat='14.77041209305' lon='-17.01104051109' />
  <node id='-127826' lat='14.7704341631' lon='-17.01096490507' />
  <node id='-127827' lat='14.77029568156' lon='-17.0109222108' />
  <node id='-127828' lat='14.77027361152' lon='-17.01099781678' />
  <node id='-127829' lat='14.7746580198' lon='-17.00525149723' />
  <node id='-127830' lat='14.77454457635' lon='-17.00530903608' />
  <node id='-127831' lat='14.77462855674' lon='-17.00548391794' />
  <node id='-127832' lat='14.77474200022' lon='-17.00542637918' />
  <node id='-127833' lat='14.77017954684' lon='-17.0118781489' />
  <node id='-127834' lat='14.77019350741' lon='-17.01180052898' />
  <node id='-127835' lat='14.77005133701' lon='-17.01177352249' />
  <node id='-127836' lat='14.77003737647' lon='-17.01185114236' />
  <node id='-127837' lat='14.76994688313' lon='-17.0110182739' />
  <node id='-127838' lat='14.76996895316' lon='-17.01094266803' />
  <node id='-127839' lat='14.7698304716' lon='-17.01089997391' />
  <node id='-127840' lat='14.76980840159' lon='-17.01097557974' />
  <node id='-127841' lat='14.77037963704' lon='-17.0111516964' />
  <node id='-127842' lat='14.77040170712' lon='-17.0110760904' />
  <node id='-127843' lat='14.77026322561' lon='-17.01103339608' />
  <node id='-127844' lat='14.77024115554' lon='-17.01110900203' />
  <node id='-127845' lat='14.77533447157' lon='-17.00991195314' />
  <node id='-127846' lat='14.77533614503' lon='-17.00980981424' />
  <node id='-127847' lat='14.77519158675' lon='-17.00980731269' />
  <node id='-127848' lat='14.77518991331' lon='-17.00990945152' />
  <node id='-127849' lat='14.77533675354' lon='-17.00977267283' />
  <node id='-127850' lat='14.77533842694' lon='-17.00967053392' />
  <node id='-127851' lat='14.77519386865' lon='-17.00966803246' />
  <node id='-127852' lat='14.77519219527' lon='-17.0097701713' />
  <node id='-127853' lat='14.77302592319' lon='-17.00498859601' />
  <node id='-127854' lat='14.77302420519' lon='-17.00504378489' />
  <node id='-127855' lat='14.77301990538' lon='-17.00518190993' />
  <node id='-127856' lat='14.77306140184' lon='-17.0051832743' />
  <node id='-127857' lat='14.77320841896' lon='-17.00512627941' />
  <node id='-127858' lat='14.77323164375' lon='-17.00511087217' />
  <node id='-127859' lat='14.77312959704' lon='-17.00494840413' />
  <node id='-127860' lat='14.77530281495' lon='-17.01184095887' />
  <node id='-127861' lat='14.77530449174' lon='-17.01173882016' />
  <node id='-127862' lat='14.77515993371' lon='-17.01173631362' />
  <node id='-127863' lat='14.77515825693' lon='-17.01183845226' />
  <node id='-127864' lat='14.77459203839' lon='-17.01258712965' />
  <node id='-127865' lat='14.77444748203' lon='-17.01258973216' />
  <node id='-127866' lat='14.77444882731' lon='-17.0126686563' />
  <node id='-127867' lat='14.77459338367' lon='-17.01266605385' />
  <node id='-127868' lat='14.77474414627' lon='-17.01145664806' />
  <node id='-127869' lat='14.7748884532' lon='-17.01146575311' />
  <node id='-127870' lat='14.77489315979' lon='-17.01138696498' />
  <node id='-127871' lat='14.77474885285' lon='-17.01137785998' />
  <node id='-127872' lat='14.77502761804' lon='-17.01290660292' />
  <node id='-127873' lat='14.7751045621' lon='-17.01290732045' />
  <node id='-127874' lat='14.77510699724' lon='-17.0127587602' />
  <node id='-127875' lat='14.77502892979' lon='-17.01275802456' />
  <node id='-127876' lat='14.77436030775' lon='-17.01376261848' />
  <node id='-127877' lat='14.77449762608' lon='-17.01371612516' />
  <node id='-127878' lat='14.77446652397' lon='-17.0136191021' />
  <node id='-127879' lat='14.77432920565' lon='-17.01366559547' />
  <node id='-127880' lat='14.7750139856' lon='-17.00422080157' />
  <node id='-127881' lat='14.77488702999' lon='-17.00421963715' />
  <node id='-127882' lat='14.77486338773' lon='-17.00446170507' />
  <node id='-127883' lat='14.77498926055' lon='-17.00447465416' />
  <node id='-127884' lat='14.77463728287' lon='-17.01091353606' />
  <node id='-127885' lat='14.77449272996' lon='-17.0109163412' />
  <node id='-127886' lat='14.77449417998' lon='-17.01099526347' />
  <node id='-127887' lat='14.77463873289' lon='-17.01099245839' />
  <node id='-127888' lat='14.77023407711' lon='-17.01259678883' />
  <node id='-127889' lat='14.77024803791' lon='-17.01251916897' />
  <node id='-127890' lat='14.77010586767' lon='-17.012492162' />
  <node id='-127891' lat='14.77009190688' lon='-17.01256978181' />
  <node id='-127892' lat='14.77018489691' lon='-17.01084927126' />
  <node id='-127893' lat='14.7702069669' lon='-17.01077366529' />
  <node id='-127894' lat='14.7700684853' lon='-17.0107309712' />
  <node id='-127895' lat='14.77004641533' lon='-17.01080657713' />
  <node id='-127896' lat='14.77485691263' lon='-17.01339093068' />
  <node id='-127897' lat='14.7748557522' lon='-17.01352395049' />
  <node id='-127898' lat='14.77500032484' lon='-17.01352528265' />
  <node id='-127899' lat='14.77500148529' lon='-17.01339226275' />
  <node id='-127900' lat='14.77045537044' lon='-17.01153862035' />
  <node id='-127901' lat='14.77047744066' lon='-17.01146301439' />
  <node id='-127902' lat='14.77033895925' lon='-17.01142031981' />
  <node id='-127903' lat='14.77031688905' lon='-17.01149592573' />
  <node id='-127904' lat='14.76897058449' lon='-17.00549683875' />
  <node id='-127905' lat='14.76895397419' lon='-17.005573903' />
  <node id='-127906' lat='14.76909513187' lon='-17.00560603627' />
  <node id='-127907' lat='14.76911174218' lon='-17.00552897197' />
  <node id='-127908' lat='14.77493315428' lon='-17.01002915511' />
  <node id='-127909' lat='14.775009852' lon='-17.01003337331' />
  <node id='-127910' lat='14.77501757794' lon='-17.00988499911' />
  <node id='-127911' lat='14.77494088021' lon='-17.00988078096' />
  <node id='-127912' lat='14.7747510677' lon='-17.01134078324' />
  <node id='-127913' lat='14.77489537464' lon='-17.01134988822' />
  <node id='-127914' lat='14.77490008119' lon='-17.01127110008' />
  <node id='-127915' lat='14.77475577424' lon='-17.01126199516' />
  <node id='-127916' lat='14.76973527116' lon='-17.01179375551' />
  <node id='-127917' lat='14.76974923167' lon='-17.01171613574' />
  <node id='-127918' lat='14.76960706125' lon='-17.01168912939' />
  <node id='-127919' lat='14.76959310076' lon='-17.01176674911' />
  <node id='-127920' lat='14.77447084506' lon='-17.00476235435' />
  <node id='-127921' lat='14.77449113181' lon='-17.00455407264' />
  <node id='-127922' lat='14.77436369045' lon='-17.00454096221' />
  <node id='-127923' lat='14.77432760038' lon='-17.00473318797' />
  <node id='-127924' lat='14.77432918564' lon='-17.00473342619' />
  <node id='-127925' lat='14.77433009598' lon='-17.00473358751' />
  <node id='-127926' lat='14.77468734845' lon='-17.00421780572' />
  <node id='-127927' lat='14.7745603229' lon='-17.00421664069' />
  <node id='-127928' lat='14.77453969718' lon='-17.00442840572' />
  <node id='-127929' lat='14.77466557493' lon='-17.00444135525' />
  <node id='-127930' lat='14.76961208905' lon='-17.0124786354' />
  <node id='-127931' lat='14.76962604979' lon='-17.01240101574' />
  <node id='-127932' lat='14.7694838795' lon='-17.01237400898' />
  <node id='-127933' lat='14.76946991878' lon='-17.01245162859' />
  <node id='-127934' lat='14.77279995349' lon='-17.00483647952' />
  <node id='-127935' lat='14.77266555275' lon='-17.00483206075' />
  <node id='-127936' lat='14.77266422523' lon='-17.00487470705' />
  <node id='-127937' lat='14.77271909499' lon='-17.00502419448' />
  <node id='-127938' lat='14.7727474987' lon='-17.0050553147' />
  <node id='-127939' lat='14.77284557473' lon='-17.00496077026' />
  <node id='-127940' lat='14.77288476172' lon='-17.00492299431' />
  <node id='-127941' lat='14.7728536543' lon='-17.00483824507' />
  <node id='-127942' lat='14.77467098528' lon='-17.01398659772' />
  <node id='-127943' lat='14.77477037895' lon='-17.01398751378' />
  <node id='-127944' lat='14.77477167541' lon='-17.01383893376' />
  <node id='-127945' lat='14.77467228173' lon='-17.01383801777' />
  <node id='-127946' lat='14.7748065221' lon='-17.01398784689' />
  <node id='-127947' lat='14.77490591577' lon='-17.01398876296' />
  <node id='-127948' lat='14.77490721224' lon='-17.01384018284' />
  <node id='-127949' lat='14.77480781857' lon='-17.01383926684' />
  <node id='-127950' lat='14.77476965902' lon='-17.01303420824' />
  <node id='-127951' lat='14.77476836307' lon='-17.01318278834' />
  <node id='-127952' lat='14.77486775679' lon='-17.01318370403' />
  <node id='-127953' lat='14.77486905275' lon='-17.01303512387' />
  <node id='-127954' lat='14.77494590781' lon='-17.01098649762' />
  <node id='-127955' lat='14.77502270154' lon='-17.01098500743' />
  <node id='-127956' lat='14.7750199721' lon='-17.01083644749' />
  <node id='-127957' lat='14.77494317836' lon='-17.01083793773' />
  <node id='-127958' lat='14.77339238014' lon='-17.00468925497' />
  <node id='-127959' lat='14.77352660221' lon='-17.00482711171' />
  <node id='-127960' lat='14.77361602847' lon='-17.00473515053' />
  <node id='-127961' lat='14.77349315761' lon='-17.00460895241' />
  <node id='-127962' lat='14.77345673994' lon='-17.00462307076' />
  <node id='-127963' lat='14.76894615043' lon='-17.00561020166' />
  <node id='-127964' lat='14.7689295401' lon='-17.00568726589' />
  <node id='-127965' lat='14.76907069775' lon='-17.00571939922' />
  <node id='-127966' lat='14.7690873081' lon='-17.00564233495' />
  <node id='-127967' lat='14.77463515044' lon='-17.01079747381' />
  <node id='-127968' lat='14.77449059752' lon='-17.01080027902' />
  <node id='-127969' lat='14.77449204758' lon='-17.0108792013' />
  <node id='-127970' lat='14.7746366005' lon='-17.01087639614' />
  <node id='-127971' lat='14.77471978239' lon='-17.0118644921' />
  <node id='-127972' lat='14.77471507565' lon='-17.01194328013' />
  <node id='-127973' lat='14.77485938252' lon='-17.01195238549' />
  <node id='-127974' lat='14.77486408927' lon='-17.01187359741' />
  <node id='-127975' lat='14.76904929493' lon='-17.00599045707' />
  <node id='-127976' lat='14.76903268447' lon='-17.00606752129' />
  <node id='-127977' lat='14.76917384204' lon='-17.00609965488' />
  <node id='-127978' lat='14.76919045251' lon='-17.00602259062' />
  <node id='-127979' lat='14.76942921631' lon='-17.00659066847' />
  <node id='-127980' lat='14.76950420979' lon='-17.00660771191' />
  <node id='-127981' lat='14.76953542795' lon='-17.00646263391' />
  <node id='-127982' lat='14.76946043445' lon='-17.00644559052' />
  <node id='-127983' lat='14.77011998504' lon='-17.01107164169' />
  <node id='-127984' lat='14.7701420551' lon='-17.01099603578' />
  <node id='-127985' lat='14.77000357355' lon='-17.01095334157' />
  <node id='-127986' lat='14.76998150352' lon='-17.01102894745' />
  <node id='-127987' lat='14.77427930487' lon='-17.00551960764' />
  <node id='-127988' lat='14.77429889787' lon='-17.00552438874' />
  <node id='-127989' lat='14.77456694688' lon='-17.00551516656' />
  <node id='-127990' lat='14.77459614431' lon='-17.00550035758' />
  <node id='-127991' lat='14.77451404074' lon='-17.00532938402' />
  <node id='-127992' lat='14.7703572598' lon='-17.01191190715' />
  <node id='-127993' lat='14.77037122038' lon='-17.01183428717' />
  <node id='-127994' lat='14.77022905' lon='-17.01180728062' />
  <node id='-127995' lat='14.77021508944' lon='-17.01188490055' />
  <node id='-127996' lat='14.77476376667' lon='-17.01091108157' />
  <node id='-127997' lat='14.77476521668' lon='-17.01099000395' />
  <node id='-127998' lat='14.77490976959' lon='-17.01098719888' />
  <node id='-127999' lat='14.77490831958' lon='-17.01090827645' />
  <node id='-128000' lat='14.77512609675' lon='-17.01361002472' />
  <node id='-128001' lat='14.77512520552' lon='-17.01371217367' />
  <node id='-128002' lat='14.77527206538' lon='-17.01371352705' />
  <node id='-128003' lat='14.77527374305' lon='-17.01361138528' />
  <node id='-128004' lat='14.77532706072' lon='-17.00458233832' />
  <node id='-128005' lat='14.7752300837' lon='-17.00461279472' />
  <node id='-128006' lat='14.77522132621' lon='-17.00470270673' />
  <node id='-128007' lat='14.77526866989' lon='-17.00472881374' />
  <node id='-128008' lat='14.77541811523' lon='-17.00481122342' />
  <node id='-128009' lat='14.77542235615' lon='-17.00455241001' />
  <node id='-128010' lat='14.77108514134' lon='-17.01325691956' />
  <node id='-128011' lat='14.77122971406' lon='-17.01325825152' />
  <node id='-128012' lat='14.77123040256' lon='-17.01317932202' />
  <node id='-128013' lat='14.77108582984' lon='-17.01317799012' />
  <node id='-128014' lat='14.77308954706' lon='-17.00462646813' />
  <node id='-128015' lat='14.77295998022' lon='-17.00434555929' />
  <node id='-128016' lat='14.77288249752' lon='-17.00445081058' />
  <node id='-128017' lat='14.77279935821' lon='-17.00456374557' />
  <node id='-128018' lat='14.77291748707' lon='-17.00469317194' />
  <node id='-128019' lat='14.77530510147' lon='-17.01170167881' />
  <node id='-128020' lat='14.77530677819' lon='-17.01159954009' />
  <node id='-128021' lat='14.77516222015' lon='-17.01159703364' />
  <node id='-128022' lat='14.77516054343' lon='-17.01169917229' />
  <node id='-128023' lat='14.77517064048' lon='-17.00535372467' />
  <node id='-128024' lat='14.77520222999' lon='-17.00541950732' />
  <node id='-128025' lat='14.77540146543' lon='-17.00540602445' />
  <node id='-128026' lat='14.7753883615' lon='-17.00536644747' />
  <node id='-128027' lat='14.77533442732' lon='-17.00525413382' />
  <node id='-128028' lat='14.77005636432' lon='-17.01256303007' />
  <node id='-128029' lat='14.7700703251' lon='-17.01248541027' />
  <node id='-128030' lat='14.76992815484' lon='-17.01245840336' />
  <node id='-128031' lat='14.76991419408' lon='-17.01253602311' />
  <node id='-128032' lat='14.77317452802' lon='-17.01362451667' />
  <node id='-128033' lat='14.77317521639' lon='-17.01354558649' />
  <node id='-128034' lat='14.77303064372' lon='-17.01354425482' />
  <node id='-128035' lat='14.77302995536' lon='-17.01362318495' />
  <node id='-128036' lat='14.76988197114' lon='-17.01124064403' />
  <node id='-128037' lat='14.76990404123' lon='-17.01116503822' />
  <node id='-128038' lat='14.76976555972' lon='-17.01112234398' />
  <node id='-128039' lat='14.76974348965' lon='-17.01119794975' />
  <node id='-128040' lat='14.77369127415' lon='-17.00420867039' />
  <node id='-128041' lat='14.77356477234' lon='-17.00420751025' />
  <node id='-128042' lat='14.77356294786' lon='-17.00441762187' />
  <node id='-128043' lat='14.77357108353' lon='-17.00443978671' />
  <node id='-128044' lat='14.77366163913' lon='-17.00440468015' />
  <node id='-128045' lat='14.77366817904' lon='-17.00440348556' />
  <node id='-128046' lat='14.77368958078' lon='-17.00440368186' />
  <node id='-128047' lat='14.77473362559' lon='-17.01163276255' />
  <node id='-128048' lat='14.77472891893' lon='-17.0117115506' />
  <node id='-128049' lat='14.77487322583' lon='-17.01172065582' />
  <node id='-128050' lat='14.7748779325' lon='-17.01164186772' />
  <node id='-128051' lat='14.77463301795' lon='-17.01068141155' />
  <node id='-128052' lat='14.77448846502' lon='-17.01068421684' />
  <node id='-128053' lat='14.77448991512' lon='-17.01076313912' />
  <node id='-128054' lat='14.77463446805' lon='-17.01076033389' />
  <node id='-128055' lat='14.7740165645' lon='-17.00421165366' />
  <node id='-128056' lat='14.7738900627' lon='-17.00421049349' />
  <node id='-128057' lat='14.7738883693' lon='-17.00440550514' />
  <node id='-128058' lat='14.77401487109' lon='-17.00440666542' />
  <node id='-128059' lat='14.77108210294' lon='-17.01360520885' />
  <node id='-128060' lat='14.77122667562' lon='-17.01360654104' />
  <node id='-128061' lat='14.77122736424' lon='-17.01352761156' />
  <node id='-128062' lat='14.77108279155' lon='-17.01352627942' />
  <node id='-128063' lat='14.77475950176' lon='-17.01067895693' />
  <node id='-128064' lat='14.77476095185' lon='-17.01075787931' />
  <node id='-128065' lat='14.77490550477' lon='-17.01075507409' />
  <node id='-128066' lat='14.77490405469' lon='-17.01067615165' />
  <node id='-128067' lat='14.77533219992' lon='-17.01005059855' />
  <node id='-128068' lat='14.77533386303' lon='-17.00994909456' />
  <node id='-128069' lat='14.77518930477' lon='-17.00994659291' />
  <node id='-128070' lat='14.77518772351' lon='-17.0100431017' />
  <node id='-128071' lat='14.7746178777' lon='-17.01144868116' />
  <node id='-128072' lat='14.77462258427' lon='-17.01136989313' />
  <node id='-128073' lat='14.77447827732' lon='-17.01136078818' />
  <node id='-128074' lat='14.77447357077' lon='-17.01143957615' />
  <node id='-128075' lat='14.77500819898' lon='-17.01196177543' />
  <node id='-128076' lat='14.77511996673' lon='-17.0119688277' />
  <node id='-128077' lat='14.77512240816' lon='-17.01182011557' />
  <node id='-128078' lat='14.77501705874' lon='-17.01181346834' />
  <node id='-128079' lat='14.77005507297' lon='-17.01129401197' />
  <node id='-128080' lat='14.7700771431' lon='-17.01121840611' />
  <node id='-128081' lat='14.76993866161' lon='-17.01117571179' />
  <node id='-128082' lat='14.76991659151' lon='-17.01125131761' />
  <node id='-128083' lat='14.77492552359' lon='-17.01225246431' />
  <node id='-128084' lat='14.77500232002' lon='-17.01225379608' />
  <node id='-128085' lat='14.77500475921' lon='-17.01210523092' />
  <node id='-128086' lat='14.77492796277' lon='-17.01210389921' />
  <node id='-128087' lat='14.77512852715' lon='-17.01333143665' />
  <node id='-128088' lat='14.77512763604' lon='-17.01343358561' />
  <node id='-128089' lat='14.77527664073' lon='-17.01343495858' />
  <node id='-128090' lat='14.77527831828' lon='-17.01333281679' />
  <node id='-128091' lat='14.77528527834' lon='-17.01290900571' />
  <node id='-128092' lat='14.77528695797' lon='-17.01280672276' />
  <node id='-128093' lat='14.77514240077' lon='-17.01280421553' />
  <node id='-128094' lat='14.77514070615' lon='-17.01290765751' />
  <node id='-128095' lat='14.77403295917' lon='-17.01274146266' />
  <node id='-128096' lat='14.77406406169' lon='-17.01283848545' />
  <node id='-128097' lat='14.7742013799' lon='-17.01279199157' />
  <node id='-128098' lat='14.77417027737' lon='-17.01269496872' />
  <node id='-128099' lat='14.77462764381' lon='-17.01038893463' />
  <node id='-128100' lat='14.77462619358' lon='-17.01031001228' />
  <node id='-128101' lat='14.77448164063' lon='-17.01031281782' />
  <node id='-128102' lat='14.77448309086' lon='-17.01039174012' />
  <node id='-128103' lat='14.77533903543' lon='-17.0096333925' />
  <node id='-128104' lat='14.77534070876' lon='-17.00953125358' />
  <node id='-128105' lat='14.77519615047' lon='-17.00952875221' />
  <node id='-128106' lat='14.77519447714' lon='-17.00963089106' />
  <node id='-128107' lat='14.77466378482' lon='-17.00929359588' />
  <node id='-128108' lat='14.77466788896' lon='-17.00921477216' />
  <node id='-128109' lat='14.77452351669' lon='-17.00920683261' />
  <node id='-128110' lat='14.77451941255' lon='-17.00928565627' />
  <node id='-128111' lat='14.77532839912' lon='-17.01028224424' />
  <node id='-128112' lat='14.77533006504' lon='-17.01018072615' />
  <node id='-128113' lat='14.77518542669' lon='-17.01018310616' />
  <node id='-128114' lat='14.77518384096' lon='-17.01027973867' />
  <node id='-128115' lat='14.77299381246' lon='-17.01362282139' />
  <node id='-128116' lat='14.77299450082' lon='-17.01354389127' />
  <node id='-128117' lat='14.77284992815' lon='-17.01354255962' />
  <node id='-128118' lat='14.7728492398' lon='-17.01362148969' />
  <node id='-128119' lat='14.77044454901' lon='-17.01092932574' />
  <node id='-128120' lat='14.77046661903' lon='-17.0108537197' />
  <node id='-128121' lat='14.77032813746' lon='-17.01081102549' />
  <node id='-128122' lat='14.77030606746' lon='-17.01088663149' />
  <node id='-128123' lat='14.77534359896' lon='-17.0093548318' />
  <node id='-128124' lat='14.77534528311' lon='-17.00925202485' />
  <node id='-128125' lat='14.77520091911' lon='-17.00924408563' />
  <node id='-128126' lat='14.77519905606' lon='-17.00935233081' />
  <node id='-128127' lat='14.7752046049' lon='-17.00545657381' />
  <node id='-128128' lat='14.77517629968' lon='-17.00554235507' />
  <node id='-128129' lat='14.77531783164' lon='-17.00566983833' />
  <node id='-128130' lat='14.77534576169' lon='-17.0056370874' />
  <node id='-128131' lat='14.77540689289' lon='-17.00549601095' />
  <node id='-128132' lat='14.77540729822' lon='-17.0054712799' />
  <node id='-128133' lat='14.77540776457' lon='-17.0054428254' />
  <node id='-128134' lat='14.77290948965' lon='-17.00495008721' />
  <node id='-128135' lat='14.77287030266' lon='-17.00498786315' />
  <node id='-128136' lat='14.77277222661' lon='-17.00508240759' />
  <node id='-128137' lat='14.77280063031' lon='-17.00511352783' />
  <node id='-128138' lat='14.77294228261' lon='-17.00517935775' />
  <node id='-128139' lat='14.77298377907' lon='-17.00518072212' />
  <node id='-128140' lat='14.77298807888' lon='-17.0050425971' />
  <node id='-128141' lat='14.77298979688' lon='-17.00498740823' />
  <node id='-128142' lat='14.77531925595' lon='-17.01083936498' />
  <node id='-128143' lat='14.7753209323' lon='-17.01073722619' />
  <node id='-128144' lat='14.77517637418' lon='-17.01073472032' />
  <node id='-128145' lat='14.77517469784' lon='-17.01083685903' />
  <node id='-128146' lat='14.77465171364' lon='-17.00952543029' />
  <node id='-128147' lat='14.77465581786' lon='-17.0094466066' />
  <node id='-128148' lat='14.77451144562' lon='-17.00943866689' />
  <node id='-128149' lat='14.7745073414' lon='-17.00951749053' />
  <node id='-128150' lat='14.77459599501' lon='-17.01281925963' />
  <node id='-128151' lat='14.77445143866' lon='-17.01282186198' />
  <node id='-128152' lat='14.77445279214' lon='-17.01290127142' />
  <node id='-128153' lat='14.77459741553' lon='-17.01290260359' />
  <node id='-128154' lat='14.7702822687' lon='-17.01148525208' />
  <node id='-128155' lat='14.77030433889' lon='-17.01140964617' />
  <node id='-128156' lat='14.77016585746' lon='-17.01136695167' />
  <node id='-128157' lat='14.77014378729' lon='-17.01144255754' />
  <node id='-128158' lat='14.7702546077' lon='-17.01248264195' />
  <node id='-128159' lat='14.77026856846' lon='-17.01240502208' />
  <node id='-128160' lat='14.77012639819' lon='-17.01237801518' />
  <node id='-128161' lat='14.77011243744' lon='-17.01245563501' />
  <node id='-128162' lat='14.77431789578' lon='-17.01363031438' />
  <node id='-128163' lat='14.7744552141' lon='-17.01358382099' />
  <node id='-128164' lat='14.77442411192' lon='-17.01348679796' />
  <node id='-128165' lat='14.77428679362' lon='-17.01353329141' />
  <node id='-128166' lat='14.77532382771' lon='-17.01056080464' />
  <node id='-128167' lat='14.77532431956' lon='-17.01053083448' />
  <node id='-128168' lat='14.77532550393' lon='-17.01045866583' />
  <node id='-128169' lat='14.77518094578' lon='-17.01045616014' />
  <node id='-128170' lat='14.77517926956' lon='-17.01055829888' />
  <node id='-128171' lat='14.77406819519' lon='-17.00560172026' />
  <node id='-128172' lat='14.77394511049' lon='-17.0055716851' />
  <node id='-128173' lat='14.77390127268' lon='-17.00576142907' />
  <node id='-128174' lat='14.77402435735' lon='-17.00579146431' />
  <node id='-128175' lat='14.77473670139' lon='-17.01259277517' />
  <node id='-128176' lat='14.77473600459' lon='-17.01267170828' />
  <node id='-128177' lat='14.77488057717' lon='-17.01267305629' />
  <node id='-128178' lat='14.77488127397' lon='-17.01259412313' />
  <node id='-128179' lat='14.77459351387' lon='-17.01185652497' />
  <node id='-128180' lat='14.77444920698' lon='-17.0118474197' />
  <node id='-128181' lat='14.77444450026' lon='-17.01192620763' />
  <node id='-128182' lat='14.77458880713' lon='-17.01193531295' />
  <node id='-128183' lat='14.77317756534' lon='-17.01327622623' />
  <node id='-128184' lat='14.77317825359' lon='-17.01319729602' />
  <node id='-128185' lat='14.77303368089' lon='-17.01319596459' />
  <node id='-128186' lat='14.77303299265' lon='-17.01327489474' />
  <node id='-128187' lat='14.77052028278' lon='-17.01131624978' />
  <node id='-128188' lat='14.77054235293' lon='-17.01124064377' />
  <node id='-128189' lat='14.77040387147' lon='-17.01119794931' />
  <node id='-128190' lat='14.77038180134' lon='-17.01127355528' />
  <node id='-128191' lat='14.77478407497' lon='-17.00941646033' />
  <node id='-128192' lat='14.77492844722' lon='-17.00942440006' />
  <node id='-128193' lat='14.77493255142' lon='-17.00934557626' />
  <node id='-128194' lat='14.77478817917' lon='-17.00933763658' />
  <node id='-128195' lat='14.77519288172' lon='-17.00560668585' />
  <node id='-128196' lat='14.77515247599' lon='-17.00557029088' />
  <node id='-128197' lat='14.77511295837' lon='-17.00559033429' />
  <node id='-128198' lat='14.7750504846' lon='-17.0056220211' />
  <node id='-128199' lat='14.77505676168' lon='-17.00581473085' />
  <node id='-128200' lat='14.77512620855' lon='-17.005801091' />
  <node id='-128201' lat='14.77526664285' lon='-17.00572986257' />
  <node id='-128202' lat='14.77529400794' lon='-17.00569777414' />
  <node id='-128203' lat='14.76991298415' lon='-17.01182751358' />
  <node id='-128204' lat='14.76992694469' lon='-17.01174989375' />
  <node id='-128205' lat='14.76978477428' lon='-17.01172288733' />
  <node id='-128206' lat='14.76977081376' lon='-17.01180050712' />
  <node id='-128207' lat='14.77501457467' lon='-17.0056298524' />
  <node id='-128208' lat='14.77488813877' lon='-17.00563420231' />
  <node id='-128209' lat='14.77489448756' lon='-17.00582911328' />
  <node id='-128210' lat='14.7749832067' lon='-17.00582606106' />
  <node id='-128211' lat='14.77502079683' lon='-17.00582087607' />
  <node id='-128212' lat='14.77193262099' lon='-17.00528124721' />
  <node id='-128213' lat='14.77197439436' lon='-17.00524965261' />
  <node id='-128214' lat='14.77186510184' lon='-17.0050970317' />
  <node id='-128215' lat='14.77178745698' lon='-17.00519591086' />
  <node id='-128216' lat='14.77174310659' lon='-17.00527623654' />
  <node id='-128217' lat='14.76965314997' lon='-17.01225034222' />
  <node id='-128218' lat='14.76966711063' lon='-17.01217272252' />
  <node id='-128219' lat='14.7695249403' lon='-17.0121457159' />
  <node id='-128220' lat='14.76951097965' lon='-17.01222333555' />
  <node id='-128221' lat='14.77411284782' lon='-17.01299360555' />
  <node id='-128222' lat='14.77425347179' lon='-17.01295449004' />
  <node id='-128223' lat='14.77424944737' lon='-17.01294193601' />
  <node id='-128224' lat='14.77421268991' lon='-17.01282727261' />
  <node id='-128225' lat='14.77407537169' lon='-17.01287376647' />
  <node id='-128226' lat='14.77411212914' lon='-17.0129884298' />
  <node id='-128227' lat='14.77458911504' lon='-17.01241562895' />
  <node id='-128228' lat='14.77458776967' lon='-17.01233670474' />
  <node id='-128229' lat='14.77444321329' lon='-17.01233930742' />
  <node id='-128230' lat='14.77444455866' lon='-17.01241823157' />
  <node id='-128231' lat='14.76967368035' lon='-17.01213619558' />
  <node id='-128232' lat='14.76968764097' lon='-17.01205857587' />
  <node id='-128233' lat='14.76954547062' lon='-17.01203156931' />
  <node id='-128234' lat='14.76953151001' lon='-17.01210918898' />
  <node id='-128235' lat='14.77473567668' lon='-17.01270885327' />
  <node id='-128236' lat='14.77473497984' lon='-17.01278778637' />
  <node id='-128237' lat='14.77487955241' lon='-17.01278913446' />
  <node id='-128238' lat='14.77488024925' lon='-17.0127102013' />
  <node id='-128239' lat='14.77505581909' lon='-17.01116462456' />
  <node id='-128240' lat='14.77504695974' lon='-17.01131293175' />
  <node id='-128241' lat='14.77513064863' lon='-17.01131821207' />
  <node id='-128242' lat='14.77513324773' lon='-17.01116950984' />
  <node id='-128243' lat='14.77108007713' lon='-17.01383739145' />
  <node id='-128244' lat='14.77122464979' lon='-17.01383872379' />
  <node id='-128245' lat='14.77122533849' lon='-17.01375979433' />
  <node id='-128246' lat='14.77108076582' lon='-17.01375846204' />
  <node id='-128247' lat='14.77385391933' lon='-17.00421016202' />
  <node id='-128248' lat='14.77372741752' lon='-17.00420900186' />
  <node id='-128249' lat='14.77372572414' lon='-17.00440401336' />
  <node id='-128250' lat='14.77385222593' lon='-17.00440517363' />
  <node id='-128251' lat='14.77464253939' lon='-17.00970162441' />
  <node id='-128252' lat='14.77449816717' lon='-17.00969368453' />
  <node id='-128253' lat='14.77449406287' lon='-17.00977250815' />
  <node id='-128254' lat='14.77463843507' lon='-17.00978044808' />
  <node id='-128255' lat='14.77476163424' lon='-17.01079501925' />
  <node id='-128256' lat='14.7747630843' lon='-17.01087394163' />
  <node id='-128257' lat='14.77490763721' lon='-17.01087113649' />
  <node id='-128258' lat='14.77490618716' lon='-17.01079221406' />
  <node id='-128259' lat='14.76964982076' lon='-17.00664080431' />
  <node id='-128260' lat='14.76972481423' lon='-17.00665784779' />
  <node id='-128261' lat='14.76975603244' lon='-17.00651276966' />
  <node id='-128262' lat='14.76968103895' lon='-17.00649572623' />
  <node id='-128263' lat='14.77107906427' lon='-17.01395346743' />
  <node id='-128264' lat='14.77122363692' lon='-17.01395479984' />
  <node id='-128265' lat='14.77122432566' lon='-17.01387587038' />
  <node id='-128266' lat='14.771079753' lon='-17.01387453802' />
  <node id='-128267' lat='14.77058519493' lon='-17.01109387906' />
  <node id='-128268' lat='14.77060726501' lon='-17.01101827299' />
  <node id='-128269' lat='14.77046878349' lon='-17.01097557865' />
  <node id='-128270' lat='14.77044671343' lon='-17.01105118467' />
  <node id='-128271' lat='14.76991442716' lon='-17.01112945898' />
  <node id='-128272' lat='14.76993649722' lon='-17.01105385314' />
  <node id='-128273' lat='14.76979801568' lon='-17.01101115896' />
  <node id='-128274' lat='14.76977594564' lon='-17.01108676476' />
  <node id='-128275' lat='14.77055273888' lon='-17.01120506444' />
  <node id='-128276' lat='14.770574809' lon='-17.0111294584' />
  <node id='-128277' lat='14.7704363275' lon='-17.011086764' />
  <node id='-128278' lat='14.77041425741' lon='-17.01116237' />
  <node id='-128279' lat='14.77530967426' lon='-17.01142311864' />
  <node id='-128280' lat='14.77531135086' lon='-17.0113209799' />
  <node id='-128281' lat='14.77516679279' lon='-17.01131847364' />
  <node id='-128282' lat='14.7751651162' lon='-17.01142061231' />
  <node id='-128283' lat='14.76969421067' lon='-17.01202204892' />
  <node id='-128284' lat='14.76970817126' lon='-17.01194442919' />
  <node id='-128285' lat='14.76956600088' lon='-17.0119174227' />
  <node id='-128286' lat='14.76955204031' lon='-17.01199504239' />
  <node id='-128287' lat='14.77462551111' lon='-17.01027287236' />
  <node id='-128288' lat='14.77462406084' lon='-17.01019395' />
  <node id='-128289' lat='14.77447950788' lon='-17.01019675562' />
  <node id='-128290' lat='14.77448095815' lon='-17.01027567792' />
  <node id='-128291' lat='14.77001179493' lon='-17.01079590361' />
  <node id='-128292' lat='14.77003386489' lon='-17.01072029769' />
  <node id='-128293' lat='14.76989538327' lon='-17.01067760369' />
  <node id='-128294' lat='14.76987331333' lon='-17.01075320957' />
  <node id='-128295' lat='14.76985139326' lon='-17.0121699539' />
  <node id='-128296' lat='14.7698653539' lon='-17.01209233413' />
  <node id='-128297' lat='14.76972318356' lon='-17.01206532752' />
  <node id='-128298' lat='14.76970922293' lon='-17.01214294724' />
  <node id='-128299' lat='14.77048782664' lon='-17.01142743509' />
  <node id='-128300' lat='14.77050989682' lon='-17.0113518291' />
  <node id='-128301' lat='14.77037141538' lon='-17.01130913458' />
  <node id='-128302' lat='14.77034934522' lon='-17.01138474052' />
  <node id='-128303' lat='14.77172473754' lon='-17.00531290933' />
  <node id='-128304' lat='14.77168252854' lon='-17.00542405729' />
  <node id='-128305' lat='14.7719165941' lon='-17.00544672373' />
  <node id='-128306' lat='14.77191981485' lon='-17.00531806711' />
  <node id='-128307' lat='14.76983086285' lon='-17.01228410062' />
  <node id='-128308' lat='14.76984482353' lon='-17.01220648087' />
  <node id='-128309' lat='14.76970265321' lon='-17.01217947419' />
  <node id='-128310' lat='14.76968869255' lon='-17.01225709389' />
  <node id='-128311' lat='14.77485066703' lon='-17.00421930363' />
  <node id='-128312' lat='14.77472364147' lon='-17.00421813859' />
  <node id='-128313' lat='14.77470154' lon='-17.00444505512' />
  <node id='-128314' lat='14.77482741774' lon='-17.00445800468' />
  <node id='-128315' lat='14.77299684974' lon='-17.01327453123' />
  <node id='-128316' lat='14.77299753798' lon='-17.0131956011' />
  <node id='-128317' lat='14.77285296528' lon='-17.01319426968' />
  <node id='-128318' lat='14.77285227705' lon='-17.01327319976' />
  <node id='-128319' lat='14.77485201421' lon='-17.00563544515' />
  <node id='-128320' lat='14.77472557831' lon='-17.00563979506' />
  <node id='-128321' lat='14.77472875273' lon='-17.00573725047' />
  <node id='-128322' lat='14.77473192712' lon='-17.00583470588' />
  <node id='-128323' lat='14.77485836301' lon='-17.00583035608' />
  <node id='-128324' lat='14.77512731199' lon='-17.01347073069' />
  <node id='-128325' lat='14.77512642082' lon='-17.01357287965' />
  <node id='-128326' lat='14.7752743531' lon='-17.01357424282' />
  <node id='-128327' lat='14.77527603071' lon='-17.01347210104' />
  <node id='-128328' lat='14.77532611346' lon='-17.01042152445' />
  <node id='-128329' lat='14.77532778962' lon='-17.01031938563' />
  <node id='-128330' lat='14.77518323146' lon='-17.01031688003' />
  <node id='-128331' lat='14.7751815553' lon='-17.01041901878' />
  <node id='-128332' lat='14.77008752903' lon='-17.01118282685' />
  <node id='-128333' lat='14.77010959912' lon='-17.01110722096' />
  <node id='-128334' lat='14.7699711176' lon='-17.0110645267' />
  <node id='-128335' lat='14.76994904754' lon='-17.01114013255' />
  <node id='-128336' lat='14.77089936103' lon='-17.01383575668' />
  <node id='-128337' lat='14.7710439337' lon='-17.013837089' />
  <node id='-128338' lat='14.77104462238' lon='-17.0137581596' />
  <node id='-128339' lat='14.77090004971' lon='-17.01375682733' />
  <node id='-128340' lat='14.76931889952' lon='-17.00656559729' />
  <node id='-128341' lat='14.76939389301' lon='-17.00658264071' />
  <node id='-128342' lat='14.76942511114' lon='-17.00643756278' />
  <node id='-128343' lat='14.76935011763' lon='-17.00642051941' />
  <node id='-128344' lat='14.77504594504' lon='-17.01003535835' />
  <node id='-128345' lat='14.77515160536' lon='-17.01004116944' />
  <node id='-128346' lat='14.77515404117' lon='-17.00989250421' />
  <node id='-128347' lat='14.77505367098' lon='-17.00988698413' />
  <node id='-128348' lat='14.77529214195' lon='-17.01249102149' />
  <node id='-128349' lat='14.77529381902' lon='-17.01238888283' />
  <node id='-128350' lat='14.77514926105' lon='-17.01238637586' />
  <node id='-128351' lat='14.77514758399' lon='-17.01248851446' />
  <node id='-128352' lat='14.77472670402' lon='-17.01174862733' />
  <node id='-128353' lat='14.77472199732' lon='-17.01182741537' />
  <node id='-128354' lat='14.7748663042' lon='-17.01183652066' />
  <node id='-128355' lat='14.77487101091' lon='-17.01175773257' />
  <node id='-128356' lat='14.77465774926' lon='-17.00940951309' />
  <node id='-128357' lat='14.77466185344' lon='-17.00933068939' />
  <node id='-128358' lat='14.77451748118' lon='-17.00932274975' />
  <node id='-128359' lat='14.774513377' lon='-17.00940157341' />
  <node id='-128360' lat='14.77459401673' lon='-17.01270319464' />
  <node id='-128361' lat='14.77444946037' lon='-17.01270579707' />
  <node id='-128362' lat='14.77445080562' lon='-17.01278472121' />
  <node id='-128363' lat='14.77459536196' lon='-17.01278211884' />
  <node id='-128364' lat='14.77299280009' lon='-17.0137388984' />
  <node id='-128365' lat='14.77299348849' lon='-17.01365996829' />
  <node id='-128366' lat='14.77284891583' lon='-17.01365863656' />
  <node id='-128367' lat='14.77284822743' lon='-17.01373756662' />
  <node id='-128368' lat='14.77475412764' lon='-17.01038647984' />
  <node id='-128369' lat='14.77489868059' lon='-17.01038367437' />
  <node id='-128370' lat='14.77489723037' lon='-17.01030475193' />
  <node id='-128371' lat='14.77475267742' lon='-17.01030755745' />
  <node id='-128372' lat='14.77417920967' lon='-17.00421314532' />
  <node id='-128373' lat='14.77405270787' lon='-17.00421198514' />
  <node id='-128374' lat='14.77405101445' lon='-17.00440699693' />
  <node id='-128375' lat='14.77417751624' lon='-17.00440815722' />
  <node id='-128376' lat='14.77505883977' lon='-17.01098430617' />
  <node id='-128377' lat='14.77513625698' lon='-17.01098280388' />
  <node id='-128378' lat='14.77513860452' lon='-17.01083414534' />
  <node id='-128379' lat='14.77505611033' lon='-17.0108357462' />
  <node id='-128380' lat='14.7741074905' lon='-17.01316312894' />
  <node id='-128381' lat='14.77425198466' lon='-17.01316809806' />
  <node id='-128382' lat='14.77425772517' lon='-17.01299178989' />
  <node id='-128383' lat='14.77411177178' lon='-17.01303238778' />
  <node id='-128384' lat='14.77090341263' lon='-17.01337136118' />
  <node id='-128385' lat='14.77104798533' lon='-17.0133726932' />
  <node id='-128386' lat='14.77104867386' lon='-17.01329376378' />
  <node id='-128387' lat='14.77090410115' lon='-17.01329243181' />
  <node id='-128388' lat='14.77471791073' lon='-17.00486400104' />
  <node id='-128389' lat='14.77481298094' lon='-17.0046952216' />
  <node id='-128390' lat='14.77470349608' lon='-17.00463008469' />
  <node id='-128391' lat='14.77460842592' lon='-17.00479886408' />
  <node id='-128392' lat='14.76989245391' lon='-17.01194166038' />
  <node id='-128393' lat='14.76990641448' lon='-17.01186404057' />
  <node id='-128394' lat='14.76976424409' lon='-17.01183703409' />
  <node id='-128395' lat='14.76975028354' lon='-17.01191465385' />
  <node id='-128396' lat='14.77503845951' lon='-17.01225442279' />
  <node id='-128397' lat='14.77511525594' lon='-17.01225575456' />
  <node id='-128398' lat='14.77511769514' lon='-17.01210718933' />
  <node id='-128399' lat='14.77504089871' lon='-17.01210585761' />
  <node id='-128400' lat='14.77238894727' lon='-17.00488092562' />
  <node id='-128401' lat='14.77226510921' lon='-17.00490748953' />
  <node id='-128402' lat='14.77230388072' lon='-17.00509839342' />
  <node id='-128403' lat='14.7724277188' lon='-17.00507182962' />
  <node id='-128404' lat='14.77452401856' lon='-17.00421642404' />
  <node id='-128405' lat='14.77438051386' lon='-17.00421594859' />
  <node id='-128406' lat='14.77437959046' lon='-17.00421592127' />
  <node id='-128407' lat='14.77437799071' lon='-17.00421583183' />
  <node id='-128408' lat='14.77437629073' lon='-17.0044115955' />
  <node id='-128409' lat='14.77450373211' lon='-17.00442470585' />
  <node id='-128410' lat='14.77027513822' lon='-17.01236849505' />
  <node id='-128411' lat='14.77028909895' lon='-17.01229087515' />
  <node id='-128412' lat='14.77014692866' lon='-17.01226386832' />
  <node id='-128413' lat='14.77013296795' lon='-17.01234148817' />
  <node id='-128414' lat='14.77492026853' lon='-17.005335961' />
  <node id='-128415' lat='14.77503371199' lon='-17.0052784221' />
  <node id='-128416' lat='14.77494173333' lon='-17.00508688451' />
  <node id='-128417' lat='14.77494022265' lon='-17.00508233051' />
  <node id='-128418' lat='14.77493990086' lon='-17.00507753051' />
  <node id='-128419' lat='14.77494290974' lon='-17.00502698388' />
  <node id='-128420' lat='14.77487671053' lon='-17.00499825691' />
  <node id='-128421' lat='14.77483145663' lon='-17.00515101792' />
  <node id='-128422' lat='14.76987192361' lon='-17.01205580716' />
  <node id='-128423' lat='14.76988588422' lon='-17.01197818737' />
  <node id='-128424' lat='14.76974371385' lon='-17.01195118082' />
  <node id='-128425' lat='14.76972975326' lon='-17.01202880056' />
  <node id='-128426' lat='14.77463412212' lon='-17.01303295967' />
  <node id='-128427' lat='14.77463282619' lon='-17.01318153967' />
  <node id='-128428' lat='14.7747322199' lon='-17.01318245536' />
  <node id='-128429' lat='14.77473351585' lon='-17.01303387529' />
  <node id='-128430' lat='14.77013848622' lon='-17.01210644274' />
  <node id='-128431' lat='14.77015244685' lon='-17.01202882286' />
  <node id='-128432' lat='14.77001027651' lon='-17.01200181623' />
  <node id='-128433' lat='14.76999631589' lon='-17.01207943606' />
  <node id='-128434' lat='14.7733378568' lon='-17.01251021238' />
  <node id='-128435' lat='14.77333626569' lon='-17.01269269502' />
  <node id='-128436' lat='14.77356216057' lon='-17.01269477902' />
  <node id='-128437' lat='14.77356391539' lon='-17.01249352204' />
  <node id='-128438' lat='14.76894615375' lon='-17.00701475652' />
  <node id='-128439' lat='14.76881326002' lon='-17.00698030579' />
  <node id='-128440' lat='14.76850658054' lon='-17.0077944059' />
  <node id='-128441' lat='14.76865613895' lon='-17.00784607314' />
  <node id='-128442' lat='14.76593725206' lon='-17.01375956783' />
  <node id='-128443' lat='14.7655602144' lon='-17.01337139161' />
  <node id='-128444' lat='14.76555347627' lon='-17.01337019356' />
  <node id='-128445' lat='14.76527983674' lon='-17.01329926624' />
  <node id='-128446' lat='14.76514072744' lon='-17.01387068549' />
  <node id='-128447' lat='14.76590669591' lon='-17.01387441896' />
  <node id='-128448' lat='14.77329130718' lon='-17.00560767225' />
  <node id='-128449' lat='14.7734671775' lon='-17.00565042761' />
  <node id='-128450' lat='14.77350349339' lon='-17.00549265111' />
  <node id='-128451' lat='14.77332762832' lon='-17.00544987286' />
  <node id='-128452' lat='14.76832431814' lon='-17.00624343996' />
  <node id='-128453' lat='14.76832933074' lon='-17.00625122254' />
  <node id='-128454' lat='14.76833084158' lon='-17.00625373883' />
  <node id='-128455' lat='14.76833611081' lon='-17.00626317435' />
  <node id='-128456' lat='14.76833810533' lon='-17.00626672423' />
  <node id='-128457' lat='14.76833949596' lon='-17.00626884676' />
  <node id='-128458' lat='14.76834102559' lon='-17.00627086578' />
  <node id='-128459' lat='14.76834268694' lon='-17.00627277169' />
  <node id='-128460' lat='14.76834447211' lon='-17.00627455545' />
  <node id='-128461' lat='14.76834637263' lon='-17.00627620857' />
  <node id='-128462' lat='14.76834837945' lon='-17.0062777232' />
  <node id='-128463' lat='14.76835048305' lon='-17.00627909214' />
  <node id='-128464' lat='14.76835267342' lon='-17.00628030889' />
  <node id='-128465' lat='14.76835564968' lon='-17.00628169905' />
  <node id='-128466' lat='14.76839027399' lon='-17.00629641372' />
  <node id='-128467' lat='14.76840586226' lon='-17.00630258942' />
  <node id='-128468' lat='14.76842120416' lon='-17.0063078074' />
  <node id='-128469' lat='14.76843729972' lon='-17.00631240781' />
  <node id='-128470' lat='14.76845175193' lon='-17.00631615427' />
  <node id='-128471' lat='14.76853365788' lon='-17.00593551579' />
  <node id='-128472' lat='14.7684625209' lon='-17.00590332255' />
  <node id='-128473' lat='14.76834459705' lon='-17.0061935336' />
  <node id='-128474' lat='14.77524281591' lon='-17.00894879113' />
  <node id='-128475' lat='14.77524645872' lon='-17.00839583776' />
  <node id='-128476' lat='14.77505595577' lon='-17.00838536195' />
  <node id='-128477' lat='14.77502723808' lon='-17.00893693589' />
  <node id='-128478' lat='14.7669276935' lon='-17.01038341191' />
  <node id='-128479' lat='14.76645407253' lon='-17.01216723926' />
  <node id='-128480' lat='14.76665812478' lon='-17.01222160951' />
  <node id='-128481' lat='14.76687085568' lon='-17.01141639447' />
  <node id='-128482' lat='14.76712782962' lon='-17.01044369782' />
  <node id='-128483' lat='14.76805723843' lon='-17.0069406022' />
  <node id='-128484' lat='14.76856476559' lon='-17.00711370888' />
  <node id='-128485' lat='14.76873661375' lon='-17.00664858631' />
  <node id='-128486' lat='14.768385133' lon='-17.00655747108' />
  <node id='-128487' lat='14.76835105609' lon='-17.00655032101' />
  <node id='-128488' lat='14.76831683861' lon='-17.00654509885' />
  <node id='-128489' lat='14.76828173763' lon='-17.00654171782' />
  <node id='-128490' lat='14.76828019429' lon='-17.00654160856' />
  <node id='-128491' lat='14.76827959444' lon='-17.0065416072' />
  <node id='-128492' lat='14.76827899583' lon='-17.00654164687' />
  <node id='-128493' lat='14.76827840111' lon='-17.00654172737' />
  <node id='-128494' lat='14.76827781293' lon='-17.00654184836' />
  <node id='-128495' lat='14.76827723387' lon='-17.00654200929' />
  <node id='-128496' lat='14.76827666653' lon='-17.00654220946' />
  <node id='-128497' lat='14.76827611339' lon='-17.00654244798' />
  <node id='-128498' lat='14.76827557693' lon='-17.00654272379' />
  <node id='-128499' lat='14.7682750595' lon='-17.00654303566' />
  <node id='-128500' lat='14.7682734073' lon='-17.00654418988' />
  <node id='-128501' lat='14.76826562291' lon='-17.00654968346' />
  <node id='-128502' lat='14.76826345439' lon='-17.00655112191' />
  <node id='-128503' lat='14.76825528619' lon='-17.00655620651' />
  <node id='-128504' lat='14.76825304128' lon='-17.00655751536' />
  <node id='-128505' lat='14.76824460389' lon='-17.00656211232' />
  <node id='-128506' lat='14.76824228991' lon='-17.0065632873' />
  <node id='-128507' lat='14.76823373381' lon='-17.00656732361' />
  <node id='-128508' lat='14.7682290473' lon='-17.00656956947' />
  <node id='-128509' lat='14.7682257711' lon='-17.00657143269' />
  <node id='-128510' lat='14.76822262792' lon='-17.00657352397' />
  <node id='-128511' lat='14.76821963277' lon='-17.00657583332' />
  <node id='-128512' lat='14.76821679995' lon='-17.00657834972' />
  <node id='-128513' lat='14.76821414298' lon='-17.00658106115' />
  <node id='-128514' lat='14.76821167455' lon='-17.00658395467' />
  <node id='-128515' lat='14.76820940645' lon='-17.00658701646' />
  <node id='-128516' lat='14.76820692037' lon='-17.00659090273' />
  <node id='-128517' lat='14.76818311252' lon='-17.0066310777' />
  <node id='-128518' lat='14.76817352061' lon='-17.00664831787' />
  <node id='-128519' lat='14.76816514869' lon='-17.00666550238' />
  <node id='-128520' lat='14.76815746435' lon='-17.00668372405' />
  <node id='-128521' lat='14.76848173122' lon='-17.00695961598' />
  <node id='-128522' lat='14.76821257291' lon='-17.00686428908' />
  <node id='-128523' lat='14.76827705876' lon='-17.00669606513' />
  <node id='-128524' lat='14.76833313341' lon='-17.00665961661' />
  <node id='-128525' lat='14.76856303946' lon='-17.00672690619' />
  <node id='-128526' lat='14.76707960256' lon='-17.00994108136' />
  <node id='-128527' lat='14.76727500613' lon='-17.00995795687' />
  <node id='-128528' lat='14.7673477463' lon='-17.00996320698' />
  <node id='-128529' lat='14.76734985093' lon='-17.00996340983' />
  <node id='-128530' lat='14.76746192574' lon='-17.00997693667' />
  <node id='-128531' lat='14.76746405496' lon='-17.00997724661' />
  <node id='-128532' lat='14.76750168606' lon='-17.00998366668' />
  <node id='-128533' lat='14.76764003872' lon='-17.00967412195' />
  <node id='-128534' lat='14.76718419644' lon='-17.00952346268' />
  <node id='-128535' lat='14.76711207419' lon='-17.00975392844' />
  <node id='-128536' lat='14.76710307289' lon='-17.00978536065' />
  <node id='-128537' lat='14.76709584299' lon='-17.00981616821' />
  <node id='-128538' lat='14.76708945643' lon='-17.00985136927' />
  <node id='-128539' lat='14.76708490459' lon='-17.00988744685' />
  <node id='-128540' lat='14.76742752785' lon='-17.00986147897' />
  <node id='-128541' lat='14.76720883673' lon='-17.00985587151' />
  <node id='-128542' lat='14.76721164046' lon='-17.00980820806' />
  <node id='-128543' lat='14.76726210764' lon='-17.00965400278' />
  <node id='-128544' lat='14.7674836025' lon='-17.00972689982' />
  <node id='-128545' lat='14.77126977259' lon='-17.00954144741' />
  <node id='-128546' lat='14.77099016661' lon='-17.0094437936' />
  <node id='-128547' lat='14.77072599376' lon='-17.01013363018' />
  <node id='-128548' lat='14.77103154699' lon='-17.01022783573' />
  <node id='-128549' lat='14.77323077125' lon='-17.00607047153' />
  <node id='-128550' lat='14.77317810903' lon='-17.00625089228' />
  <node id='-128551' lat='14.77335121229' lon='-17.00630425787' />
  <node id='-128552' lat='14.77340690576' lon='-17.00611345212' />
  <node id='-128553' lat='14.76966317785' lon='-17.0056861644' />
  <node id='-128554' lat='14.76943154542' lon='-17.00563352326' />
  <node id='-128555' lat='14.76927995691' lon='-17.00633799886' />
  <node id='-128556' lat='14.76951158909' lon='-17.00639064066' />
  <node id='-128557' lat='14.76761257419' lon='-17.00547924529' />
  <node id='-128558' lat='14.7672029417' lon='-17.00537543557' />
  <node id='-128559' lat='14.76706585769' lon='-17.00595669913' />
  <node id='-128560' lat='14.76747318085' lon='-17.00606228863' />
  <node id='-128561' lat='14.77129684821' lon='-17.0128119435' />
  <node id='-128562' lat='14.77129844583' lon='-17.01262888473' />
  <node id='-128563' lat='14.7709370291' lon='-17.01262527937' />
  <node id='-128564' lat='14.77093541925' lon='-17.01280975769' />
  <node id='-128565' lat='14.76850055987' lon='-17.0072874994' />
  <node id='-128566' lat='14.76798985373' lon='-17.00711330807' />
  <node id='-128567' lat='14.76793500341' lon='-17.00724559668' />
  <node id='-128568' lat='14.76832472221' lon='-17.0073857833' />
  <node id='-128569' lat='14.76803313404' lon='-17.00828017392' />
  <node id='-128570' lat='14.76762312326' lon='-17.0081208586' />
  <node id='-128571' lat='14.76757413609' lon='-17.00827740046' />
  <node id='-128572' lat='14.76810247593' lon='-17.00845535852' />
  <node id='-128573' lat='14.76825920628' lon='-17.00795451627' />
  <node id='-128574' lat='14.76828669156' lon='-17.0078666848' />
  <node id='-128575' lat='14.76828746295' lon='-17.00786442196' />
  <node id='-128576' lat='14.77391304252' lon='-17.00583111491' />
  <node id='-128577' lat='14.7738712219' lon='-17.00601180623' />
  <node id='-128578' lat='14.77409979007' lon='-17.00606758198' />
  <node id='-128579' lat='14.77414154062' lon='-17.00588687337' />
  <node id='-128580' lat='14.76853940741' lon='-17.00633887729' />
  <node id='-128581' lat='14.7686270629' lon='-17.00636160034' />
  <node id='-128582' lat='14.76870228729' lon='-17.00601201313' />
  <node id='-128583' lat='14.76861797711' lon='-17.00597374342' />
  <node id='-128584' lat='14.76884463707' lon='-17.00621014474' />
  <node id='-128585' lat='14.76880220591' lon='-17.00640700296' />
  <node id='-128586' lat='14.76906532681' lon='-17.00647521242' />
  <node id='-128587' lat='14.76910933129' lon='-17.00627042432' />
  <node id='-128588' lat='14.77375917471' lon='-17.00619941356' />
  <node id='-128589' lat='14.77358304025' lon='-17.0061564328' />
  <node id='-128590' lat='14.77352431552' lon='-17.00635762357' />
  <node id='-128591' lat='14.77369741872' lon='-17.00641098936' />
  <node id='-128592' lat='14.77425551897' lon='-17.01213834997' />
  <node id='-128593' lat='14.77427626786' lon='-17.01239339741' />
  <node id='-128594' lat='14.77438084041' lon='-17.01239151464' />
  <node id='-128595' lat='14.77437648762' lon='-17.01213617186' />
  <node id='-128596' lat='14.77344637624' lon='-17.00574079968' />
  <node id='-128597' lat='14.77327050595' lon='-17.00569804425' />
  <node id='-128598' lat='14.7732341411' lon='-17.00585603274' />
  <node id='-128599' lat='14.77341001135' lon='-17.00589878828' />
  <node id='-128600' lat='14.77315555828' lon='-17.01269102118' />
  <node id='-128601' lat='14.77315701837' lon='-17.01252356403' />
  <node id='-128602' lat='14.77247884318' lon='-17.01257363499' />
  <node id='-128603' lat='14.77247787416' lon='-17.0126847758' />
  <node id='-128604' lat='14.77229340537' lon='-17.00541475944' />
  <node id='-128605' lat='14.77218723846' lon='-17.00528468734' />
  <node id='-128606' lat='14.77207213738' lon='-17.00537174214' />
  <node id='-128607' lat='14.77207001333' lon='-17.00545658907' />
  <node id='-128608' lat='14.77212731918' lon='-17.00553762476' />
  <node id='-128609' lat='14.76721186162' lon='-17.00943505871' />
  <node id='-128610' lat='14.76767802646' lon='-17.00958912949' />
  <node id='-128611' lat='14.76787029713' lon='-17.0091589482' />
  <node id='-128612' lat='14.76735281361' lon='-17.00898464523' />
  <node id='-128613' lat='14.76759014433' lon='-17.00942970419' />
  <node id='-128614' lat='14.76736864947' lon='-17.00937082581' />
  <node id='-128615' lat='14.76744995771' lon='-17.00910727497' />
  <node id='-128616' lat='14.76770509736' lon='-17.00919138694' />
  <node id='-128617' lat='14.77422945822' lon='-17.0059083272' />
  <node id='-128618' lat='14.77418770765' lon='-17.00608903587' />
  <node id='-128619' lat='14.77441630672' lon='-17.00614481937' />
  <node id='-128620' lat='14.77445811102' lon='-17.00596412363' />
  <node id='-128621' lat='14.77169941368' lon='-17.01328116118' />
  <node id='-128622' lat='14.7716965782' lon='-17.01360622997' />
  <node id='-128623' lat='14.772379418' lon='-17.01361249119' />
  <node id='-128624' lat='14.77238275036' lon='-17.01323046816' />
  <node id='-128625' lat='14.76640761757' lon='-17.01116155915' />
  <node id='-128626' lat='14.76651564075' lon='-17.01075418782' />
  <node id='-128627' lat='14.7661113837' lon='-17.01065025595' />
  <node id='-128628' lat='14.76601159061' lon='-17.01105974248' />
  <node id='-128629' lat='14.76730893311' lon='-17.00745099329' />
  <node id='-128630' lat='14.76738568344' lon='-17.00713568698' />
  <node id='-128631' lat='14.76699440876' lon='-17.00703509905' />
  <node id='-128632' lat='14.76691766122' lon='-17.00735040553' />
  <node id='-128633' lat='14.76718832463' lon='-17.00794647407' />
  <node id='-128634' lat='14.7672650756' lon='-17.0076311682' />
  <node id='-128635' lat='14.76687356971' lon='-17.00753051997' />
  <node id='-128636' lat='14.76679599587' lon='-17.00784561375' />
  <node id='-128637' lat='14.76671483208' lon='-17.00989161836' />
  <node id='-128638' lat='14.76685938735' lon='-17.00929778183' />
  <node id='-128639' lat='14.76646565897' lon='-17.00919655935' />
  <node id='-128640' lat='14.76632101803' lon='-17.00979039897' />
  <node id='-128641' lat='14.76704578605' lon='-17.00853204139' />
  <node id='-128642' lat='14.76712253777' lon='-17.00821673602' />
  <node id='-128643' lat='14.76672959848' lon='-17.00811571829' />
  <node id='-128644' lat='14.76665235827' lon='-17.00843089751' />
  <node id='-128645' lat='14.76615801985' lon='-17.01210249694' />
  <node id='-128646' lat='14.76621744164' lon='-17.01187846269' />
  <node id='-128647' lat='14.76583434249' lon='-17.01177996848' />
  <node id='-128648' lat='14.7657793687' lon='-17.01200514594' />
  <node id='-128649' lat='14.76626497893' lon='-17.01169923517' />
  <node id='-128650' lat='14.76633628461' lon='-17.01143039373' />
  <node id='-128651' lat='14.76594541478' lon='-17.01132990246' />
  <node id='-128652' lat='14.76587860318' lon='-17.01159989887' />
  <node id='-128653' lat='14.7656288413' lon='-17.01305453485' />
  <node id='-128654' lat='14.76564818372' lon='-17.0130588019' />
  <node id='-128655' lat='14.76566625437' lon='-17.0130614961' />
  <node id='-128656' lat='14.76568446052' lon='-17.01306293376' />
  <node id='-128657' lat='14.76570271956' lon='-17.01306310836' />
  <node id='-128658' lat='14.7657209486' lon='-17.01306201911' />
  <node id='-128659' lat='14.7657390649' lon='-17.01305967094' />
  <node id='-128660' lat='14.76575698624' lon='-17.01305607453' />
  <node id='-128661' lat='14.76577463127' lon='-17.01305124618' />
  <node id='-128662' lat='14.7657919199' lon='-17.01304520781' />
  <node id='-128663' lat='14.76580877367' lon='-17.01303798684' />
  <node id='-128664' lat='14.76582511608' lon='-17.01302961604' />
  <node id='-128665' lat='14.76584087294' lon='-17.0130201334' />
  <node id='-128666' lat='14.76585597275' lon='-17.01300958196' />
  <node id='-128667' lat='14.76587034697' lon='-17.01299800961' />
  <node id='-128668' lat='14.76588393034' lon='-17.01298546887' />
  <node id='-128669' lat='14.76589666123' lon='-17.01297201668' />
  <node id='-128670' lat='14.76590848185' lon='-17.01295771408' />
  <node id='-128671' lat='14.76591933854' lon='-17.012942626' />
  <node id='-128672' lat='14.76592918202' lon='-17.01292682091' />
  <node id='-128673' lat='14.76593796763' lon='-17.01291037055' />
  <node id='-128674' lat='14.76594565547' lon='-17.0128933496' />
  <node id='-128675' lat='14.76595221067' lon='-17.0128758353' />
  <node id='-128676' lat='14.76595805332' lon='-17.01285641158' />
  <node id='-128677' lat='14.76605106012' lon='-17.01250575823' />
  <node id='-128678' lat='14.76568166718' lon='-17.01241078686' />
  <node id='-128679' lat='14.7655294006' lon='-17.01302896829' />
  <node id='-128680' lat='14.7669251754' lon='-17.00902752068' />
  <node id='-128681' lat='14.76700192775' lon='-17.00871221575' />
  <node id='-128682' lat='14.76660833739' lon='-17.00861102977' />
  <node id='-128683' lat='14.7665315049' lon='-17.00892631355' />
  <node id='-128684' lat='14.76745146912' lon='-17.00686542422' />
  <node id='-128685' lat='14.76756314317' lon='-17.00640663818' />
  <node id='-128686' lat='14.76716925122' lon='-17.00630452994' />
  <node id='-128687' lat='14.76705940265' lon='-17.0067646332' />
  <node id='-128688' lat='14.76667122038' lon='-17.01016757898' />
  <node id='-128689' lat='14.76625499961' lon='-17.01006059997' />
  <node id='-128690' lat='14.76615527509' lon='-17.01047009104' />
  <node id='-128691' lat='14.76656317216' lon='-17.0105749584' />
  <node id='-128692' lat='14.7676880183' lon='-17.01007737345' />
  <node id='-128693' lat='14.76769098974' lon='-17.01007437441' />
  <node id='-128694' lat='14.76768671487' lon='-17.01007323179' />
  <node id='-128695' lat='14.76768362164' lon='-17.01006340295' />
  <node id='-128696' lat='14.76769499289' lon='-17.01004029071' />
  <node id='-128697' lat='14.76772213203' lon='-17.01000803671' />
  <node id='-128698' lat='14.76774032491' lon='-17.00999427389' />
  <node id='-128699' lat='14.76774957154' lon='-17.00999900226' />
  <node id='-128700' lat='14.76776550983' lon='-17.00999914879' />
  <node id='-128701' lat='14.76778813978' lon='-17.00999471348' />
  <node id='-128702' lat='14.76780631246' lon='-17.00998327215' />
  <node id='-128703' lat='14.76782002785' lon='-17.0099648248' />
  <node id='-128704' lat='14.76782474376' lon='-17.00994212015' />
  <node id='-128705' lat='14.76782046018' lon='-17.0099151582' />
  <node id='-128706' lat='14.76792539224' lon='-17.00979891166' />
  <node id='-128707' lat='14.76813953984' lon='-17.00959338022' />
  <node id='-128708' lat='14.76824658358' lon='-17.00949406289' />
  <node id='-128709' lat='14.76824652355' lon='-17.00950095998' />
  <node id='-128710' lat='14.76826004726' lon='-17.00950453311' />
  <node id='-128711' lat='14.76828715472' lon='-17.00950478227' />
  <node id='-128712' lat='14.76831884069' lon='-17.00949810846' />
  <node id='-128713' lat='14.76835510519' lon='-17.00948451168' />
  <node id='-128714' lat='14.7683799941' lon='-17.00948009707' />
  <node id='-128715' lat='14.76839350742' lon='-17.00948486466' />
  <node id='-128716' lat='14.76840482239' lon='-17.00948264697' />
  <node id='-128717' lat='14.76841393903' lon='-17.00947344402' />
  <node id='-128718' lat='14.76842313648' lon='-17.00945495506' />
  <node id='-128719' lat='14.76843241474' lon='-17.00942718009' />
  <node id='-128720' lat='14.76844385094' lon='-17.00941103339' />
  <node id='-128721' lat='14.76845744508' lon='-17.00940651497' />
  <node id='-128722' lat='14.768462064' lon='-17.00939494898' />
  <node id='-128723' lat='14.76845770772' lon='-17.00937633544' />
  <node id='-128724' lat='14.76846230644' lon='-17.00936709095' />
  <node id='-128725' lat='14.76847586017' lon='-17.00936721553' />
  <node id='-128726' lat='14.76848267744' lon='-17.00936263481' />
  <node id='-128727' lat='14.76848275825' lon='-17.0093533488' />
  <node id='-128728' lat='14.76848733677' lon='-17.00934642582' />
  <node id='-128729' lat='14.76849641299' lon='-17.00934186586' />
  <node id='-128730' lat='14.76849875276' lon='-17.00933260061' />
  <node id='-128731' lat='14.76849435607' lon='-17.00931863007' />
  <node id='-128732' lat='14.76849667563' lon='-17.00931168632' />
  <node id='-128733' lat='14.76850571145' lon='-17.00931176937' />
  <node id='-128734' lat='14.76851254892' lon='-17.00930486715' />
  <node id='-128735' lat='14.76851718805' lon='-17.00929097965' />
  <node id='-128736' lat='14.76852860403' lon='-17.00927715444' />
  <node id='-128737' lat='14.76854679689' lon='-17.00926339152' />
  <node id='-128738' lat='14.76855143601' lon='-17.00924950402' />
  <node id='-128739' lat='14.7685425214' lon='-17.00923549195' />
  <node id='-128740' lat='14.76854266281' lon='-17.00921924143' />
  <node id='-128741' lat='14.76855186025' lon='-17.00920075245' />
  <node id='-128742' lat='14.76855430359' lon='-17.00917958304' />
  <node id='-128743' lat='14.76854999286' lon='-17.0091557332' />
  <node id='-128744' lat='14.76857042369' lon='-17.00910948718' />
  <node id='-128745' lat='14.76861559607' lon='-17.00904084494' />
  <node id='-128746' lat='14.76864302415' lon='-17.00900424661' />
  <node id='-128747' lat='14.76865270794' lon='-17.00899969222' />
  <node id='-128748' lat='14.76866375848' lon='-17.00898122025' />
  <node id='-128749' lat='14.76867617579' lon='-17.00894883069' />
  <node id='-128750' lat='14.76868985072' lon='-17.00893502621' />
  <node id='-128751' lat='14.76870478327' lon='-17.00893980681' />
  <node id='-128752' lat='14.76871235053' lon='-17.00893058958' />
  <node id='-128753' lat='14.76871255252' lon='-17.00890737453' />
  <node id='-128754' lat='14.76871947078' lon='-17.00889118626' />
  <node id='-128755' lat='14.76873310531' lon='-17.00888202479' />
  <node id='-128756' lat='14.76873998317' lon='-17.00887047953' />
  <node id='-128757' lat='14.76874010436' lon='-17.00885655049' />
  <node id='-128758' lat='14.76874924117' lon='-17.00884502599' />
  <node id='-128759' lat='14.7687673936' lon='-17.00883590603' />
  <node id='-128760' lat='14.76877878937' lon='-17.00882440228' />
  <node id='-128761' lat='14.76878342847' lon='-17.00881051476' />
  <node id='-128762' lat='14.76879706299' lon='-17.00880135327' />
  <node id='-128763' lat='14.76881969294' lon='-17.00879691783' />
  <node id='-128764' lat='14.76883784538' lon='-17.00878779786' />
  <node id='-128765' lat='14.7688515203' lon='-17.00877399336' />
  <node id='-128766' lat='14.76886077829' lon='-17.00874853981' />
  <node id='-128767' lat='14.76890751469' lon='-17.00867145313' />
  <node id='-128768' lat='14.76893513957' lon='-17.00858159131' />
  <node id='-128769' lat='14.76905837035' lon='-17.00840433122' />
  <node id='-128770' lat='14.76921064136' lon='-17.00828256191' />
  <node id='-128771' lat='14.76838787706' lon='-17.00799832392' />
  <node id='-128772' lat='14.76803769827' lon='-17.00911733758' />
  <node id='-128773' lat='14.76761891209' lon='-17.01005510882' />
  <node id='-128774' lat='14.76844767254' lon='-17.00782304046' />
  <node id='-128775' lat='14.76976363685' lon='-17.00847360518' />
  <node id='-128776' lat='14.76985642872' lon='-17.00849771159' />
  <node id='-128777' lat='14.76995030409' lon='-17.00851508002' />
  <node id='-128778' lat='14.77004512626' lon='-17.0085257088' />
  <node id='-128779' lat='14.77009596943' lon='-17.00852775608' />
  <node id='-128780' lat='14.77009619482' lon='-17.00852690197' />
  <node id='-128781' lat='14.77009747245' lon='-17.00852541152' />
  <node id='-128782' lat='14.7701052687' lon='-17.00852261071' />
  <node id='-128783' lat='14.77010981222' lon='-17.00851970916' />
  <node id='-128784' lat='14.77011312764' lon='-17.00851626854' />
  <node id='-128785' lat='14.7701143864' lon='-17.00851328285' />
  <node id='-128786' lat='14.77011494642' lon='-17.00851164184' />
  <node id='-128787' lat='14.77011586145' lon='-17.00850700683' />
  <node id='-128788' lat='14.77011612985' lon='-17.00850236589' />
  <node id='-128789' lat='14.77011451063' lon='-17.00849900255' />
  <node id='-128790' lat='14.77011358125' lon='-17.00849769906' />
  <node id='-128791' lat='14.77011152771' lon='-17.00849303677' />
  <node id='-128792' lat='14.7701100664' lon='-17.00849049213' />
  <node id='-128793' lat='14.77010916277' lon='-17.00848837163' />
  <node id='-128794' lat='14.77010560119' lon='-17.00848439236' />
  <node id='-128795' lat='14.77010111897' lon='-17.00848024808' />
  <node id='-128796' lat='14.77009372423' lon='-17.00846965613' />
  <node id='-128797' lat='14.77009218749' lon='-17.00846817181' />
  <node id='-128798' lat='14.77008979225' lon='-17.00846497658' />
  <node id='-128799' lat='14.77008772752' lon='-17.00846146919' />
  <node id='-128800' lat='14.77008689782' lon='-17.00846030658' />
  <node id='-128801' lat='14.7700846299' lon='-17.00845564233' />
  <node id='-128802' lat='14.7700806113' lon='-17.00845096199' />
  <node id='-128803' lat='14.77007880986' lon='-17.00844780392' />
  <node id='-128804' lat='14.77007792967' lon='-17.00844629394' />
  <node id='-128805' lat='14.77007505087' lon='-17.00844162408' />
  <node id='-128806' lat='14.77007435603' lon='-17.00844039656' />
  <node id='-128807' lat='14.77007265716' lon='-17.00843695867' />
  <node id='-128808' lat='14.77007065257' lon='-17.00843229684' />
  <node id='-128809' lat='14.77006993228' lon='-17.00842953076' />
  <node id='-128810' lat='14.77006945726' lon='-17.00842764244' />
  <node id='-128811' lat='14.77006808762' lon='-17.00842298645' />
  <node id='-128812' lat='14.77006702377' lon='-17.00841833326' />
  <node id='-128813' lat='14.77006554376' lon='-17.00841461524' />
  <node id='-128814' lat='14.77006526669' lon='-17.0084136737' />
  <node id='-128815' lat='14.77006459075' lon='-17.00840902408' />
  <node id='-128816' lat='14.77006401536' lon='-17.00840437538' />
  <node id='-128817' lat='14.77006379029' lon='-17.0083997299' />
  <node id='-128818' lat='14.77006332352' lon='-17.0083950822' />
  <node id='-128819' lat='14.77006385662' lon='-17.00839044368' />
  <node id='-128820' lat='14.77006389128' lon='-17.00838580059' />
  <node id='-128821' lat='14.77006504247' lon='-17.00838116775' />
  <node id='-128822' lat='14.77006495287' lon='-17.00837652352' />
  <node id='-128823' lat='14.77006708727' lon='-17.00836261289' />
  <node id='-128824' lat='14.77007449168' lon='-17.00834875068' />
  <node id='-128825' lat='14.77007531313' lon='-17.00834411482' />
  <node id='-128826' lat='14.77007661028' lon='-17.00834110496' />
  <node id='-128827' lat='14.77005847781' lon='-17.00834037484' />
  <node id='-128828' lat='14.76997614337' lon='-17.0083311459' />
  <node id='-128829' lat='14.76989463103' lon='-17.00831606489' />
  <node id='-128830' lat='14.76981465042' lon='-17.00829528678' />
  <node id='-128831' lat='14.76945994885' lon='-17.00817274822' />
  <node id='-128832' lat='14.76931140056' lon='-17.00812142947' />
  <node id='-128833' lat='14.77035653946' lon='-17.00834152096' />
  <node id='-128834' lat='14.77031379054' lon='-17.00833944023' />
  <node id='-128835' lat='14.77027175106' lon='-17.00834020796' />
  <node id='-128836' lat='14.77022771581' lon='-17.00834108305' />
  <node id='-128837' lat='14.77021900946' lon='-17.00834134724' />
  <node id='-128838' lat='14.77015624218' lon='-17.00834362127' />
  <node id='-128839' lat='14.77014913633' lon='-17.00834346749' />
  <node id='-128840' lat='14.77014123704' lon='-17.00834370719' />
  <node id='-128841' lat='14.77011918817' lon='-17.00834281938' />
  <node id='-128842' lat='14.77011892109' lon='-17.0083428136' />
  <node id='-128843' lat='14.77011707204' lon='-17.00834449848' />
  <node id='-128844' lat='14.77011395045' lon='-17.00834911321' />
  <node id='-128845' lat='14.77011279614' lon='-17.00835374602' />
  <node id='-128846' lat='14.7701115624' lon='-17.0083583781' />
  <node id='-128847' lat='14.77011120526' lon='-17.00835957906' />
  <node id='-128848' lat='14.77011005867' lon='-17.0083630077' />
  <node id='-128849' lat='14.77010900851' lon='-17.00836764146' />
  <node id='-128850' lat='14.77010690215' lon='-17.00837226552' />
  <node id='-128851' lat='14.7701055475' lon='-17.00837689649' />
  <node id='-128852' lat='14.77010518837' lon='-17.00838153661' />
  <node id='-128853' lat='14.77010574665' lon='-17.00838618515' />
  <node id='-128854' lat='14.77010638163' lon='-17.0083908344' />
  <node id='-128855' lat='14.77010742334' lon='-17.00839548738' />
  <node id='-128856' lat='14.77010949707' lon='-17.00840014985' />
  <node id='-128857' lat='14.77010969255' lon='-17.00840479506' />
  <node id='-128858' lat='14.77011079132' lon='-17.00840716309' />
  <node id='-128859' lat='14.77011530114' lon='-17.00840813474' />
  <node id='-128860' lat='14.77011770994' lon='-17.00840951213' />
  <node id='-128861' lat='14.77011978996' lon='-17.00841151995' />
  <node id='-128862' lat='14.77012120527' lon='-17.00841418766' />
  <node id='-128863' lat='14.77012230122' lon='-17.00841884114' />
  <node id='-128864' lat='14.77012420962' lon='-17.00842285604' />
  <node id='-128865' lat='14.77012872488' lon='-17.00842320142' />
  <node id='-128866' lat='14.77013325754' lon='-17.00842154797' />
  <node id='-128867' lat='14.77013777042' lon='-17.00842216786' />
  <node id='-128868' lat='14.77014119615' lon='-17.00841901475' />
  <node id='-128869' lat='14.7701423222' lon='-17.00841831645' />
  <node id='-128870' lat='14.77014684653' lon='-17.00841762014' />
  <node id='-128871' lat='14.77015138013' lon='-17.00841585813' />
  <node id='-128872' lat='14.77015589552' lon='-17.00841618898' />
  <node id='-128873' lat='14.77016039073' lon='-17.00841884003' />
  <node id='-128874' lat='14.77016092008' lon='-17.00841919597' />
  <node id='-128875' lat='14.77016255897' lon='-17.00842385445' />
  <node id='-128876' lat='14.77016357641' lon='-17.00842850721' />
  <node id='-128877' lat='14.77016382177' lon='-17.00843315288' />
  <node id='-128878' lat='14.77016428829' lon='-17.00843780058' />
  <node id='-128879' lat='14.77016553812' lon='-17.00844245548' />
  <node id='-128880' lat='14.7701671095' lon='-17.00844711333' />
  <node id='-128881' lat='14.77016844471' lon='-17.00845176901' />
  <node id='-128882' lat='14.77016912938' lon='-17.00845308277' />
  <node id='-128883' lat='14.77017040347' lon='-17.00845643042' />
  <node id='-128884' lat='14.77017344761' lon='-17.00846110181' />
  <node id='-128885' lat='14.77017357596' lon='-17.00846132421' />
  <node id='-128886' lat='14.77017535888' lon='-17.00846576279' />
  <node id='-128887' lat='14.7701780243' lon='-17.00846936291' />
  <node id='-128888' lat='14.7701792022' lon='-17.00847044151' />
  <node id='-128889' lat='14.77018027092' lon='-17.00847509475' />
  <node id='-128890' lat='14.77017985727' lon='-17.00847973436' />
  <node id='-128891' lat='14.77018013408' lon='-17.00848438032' />
  <node id='-128892' lat='14.77017946081' lon='-17.00848901755' />
  <node id='-128893' lat='14.77017849421' lon='-17.00849365208' />
  <node id='-128894' lat='14.77017713179' lon='-17.00849792924' />
  <node id='-128895' lat='14.77017703035' lon='-17.00849828205' />
  <node id='-128896' lat='14.77017554468' lon='-17.00850291181' />
  <node id='-128897' lat='14.77017317527' lon='-17.00850738238' />
  <node id='-128898' lat='14.77017127806' lon='-17.00851215944' />
  <node id='-128899' lat='14.77016857657' lon='-17.00851662672' />
  <node id='-128900' lat='14.77016764493' lon='-17.00852141288' />
  <node id='-128901' lat='14.77016566846' lon='-17.00852603814' />
  <node id='-128902' lat='14.7701651315' lon='-17.00852877698' />
  <node id='-128903' lat='14.7701734268' lon='-17.00852851843' />
  <node id='-128904' lat='14.77019433089' lon='-17.00852786689' />
  <node id='-128905' lat='14.77023211609' lon='-17.00852668918' />
  <node id='-128906' lat='14.77031112602' lon='-17.00852516791' />
  <node id='-128907' lat='14.77038755823' lon='-17.00852895844' />
  <node id='-128908' lat='14.77046357244' lon='-17.00853799562' />
  <node id='-128909' lat='14.77048858792' lon='-17.0085427302' />
  <node id='-128910' lat='14.77053882802' lon='-17.00855223896' />
  <node id='-128911' lat='14.77061298776' lon='-17.00857162463' />
  <node id='-128912' lat='14.77068571935' lon='-17.00859606579' />
  <node id='-128913' lat='14.77076111384' lon='-17.00862728168' />
  <node id='-128914' lat='14.77088427529' lon='-17.00867270671' />
  <node id='-128915' lat='14.77085696463' lon='-17.00874548771' />
  <node id='-128916' lat='14.77152229751' lon='-17.00900705215' />
  <node id='-128917' lat='14.77155434438' lon='-17.00891984614' />
  <node id='-128918' lat='14.77161820418' lon='-17.00874607033' />
  <node id='-128919' lat='14.77165106971' lon='-17.00865663621' />
  <node id='-128920' lat='14.77107116095' lon='-17.00843807214' />
  <node id='-128921' lat='14.77101227381' lon='-17.00852258735' />
  <node id='-128922' lat='14.77082679849' lon='-17.00845417951' />
  <node id='-128923' lat='14.77081005534' lon='-17.00844729428' />
  <node id='-128924' lat='14.77080472125' lon='-17.00844510076' />
  <node id='-128925' lat='14.77074776784' lon='-17.00842168' />
  <node id='-128926' lat='14.7706963159' lon='-17.00840428624' />
  <node id='-128927' lat='14.77066320091' lon='-17.00839323566' />
  <node id='-128928' lat='14.7706146737' lon='-17.00838047759' />
  <node id='-128929' lat='14.77057736047' lon='-17.00837079594' />
  <node id='-128930' lat='14.77052914077' lon='-17.00836160478' />
  <node id='-128931' lat='14.7704902538' lon='-17.0083543058' />
  <node id='-128932' lat='14.77044288722' lon='-17.00834861733' />
  <node id='-128933' lat='14.77040226734' lon='-17.00834383825' />
  <node id='-128934' lat='14.77012128413' lon='-17.01145501034' />
  <node id='-128935' lat='14.77003685055' lon='-17.01175188318' />
  <node id='-128936' lat='14.77039227652' lon='-17.01181939947' />
  <node id='-128937' lat='14.77046748762' lon='-17.01156174682' />
  <node id='-128938' lat='14.77370186402' lon='-17.01295353886' />
  <node id='-128939' lat='14.77370315797' lon='-17.01280508039' />
  <node id='-128940' lat='14.77370843457' lon='-17.01280214487' />
  <node id='-128941' lat='14.77373204994' lon='-17.01278900698' />
  <node id='-128942' lat='14.77369606731' lon='-17.01258200714' />
  <node id='-128943' lat='14.77368740279' lon='-17.01243885103' />
  <node id='-128944' lat='14.77360953325' lon='-17.01244360139' />
  <node id='-128945' lat='14.77360895879' lon='-17.01250948848' />
  <node id='-128946' lat='14.7735959997' lon='-17.01399524767' />
  <node id='-128947' lat='14.77413540265' lon='-17.01399998735' />
  <node id='-128948' lat='14.7740186234' lon='-17.01392210747' />
  <node id='-128949' lat='14.77401308848' lon='-17.01386800272' />
  <node id='-128950' lat='14.77401030082' lon='-17.01384075302' />
  <node id='-128951' lat='14.77396709979' lon='-17.01382371531' />
  <node id='-128952' lat='14.77395636496' lon='-17.01381948168' />
  <node id='-128953' lat='14.77392135636' lon='-17.01368938035' />
  <node id='-128954' lat='14.77384172629' lon='-17.01349340301' />
  <node id='-128955' lat='14.77380373507' lon='-17.01332170075' />
  <node id='-128956' lat='14.77376349422' lon='-17.01313983196' />
  <node id='-128957' lat='14.77371040726' lon='-17.01297936295' />
  <node id='-128958' lat='14.77088720407' lon='-17.01315761722' />
  <node id='-128959' lat='14.77124863615' lon='-17.0131609163' />
  <node id='-128960' lat='14.77125045803' lon='-17.01295207482' />
  <node id='-128961' lat='14.77088902564' lon='-17.01294877608' />
  <node id='-128962' lat='14.77319749925' lon='-17.01306281073' />
  <node id='-128963' lat='14.77319932001' lon='-17.01285396736' />
  <node id='-128964' lat='14.77283788818' lon='-17.01285060873' />
  <node id='-128965' lat='14.77283606773' lon='-17.01305945175' />
  <node id='-128966' lat='14.76968853045' lon='-17.01132158749' />
  <node id='-128967' lat='14.76960060794' lon='-17.01162278644' />
  <node id='-128968' lat='14.76959256789' lon='-17.01166748882' />
  <node id='-128969' lat='14.76994799039' lon='-17.01173501095' />
  <node id='-128970' lat='14.76995245833' lon='-17.01171016717' />
  <node id='-128971' lat='14.77003473406' lon='-17.01142832346' />
  <node id='-128972' lat='14.76894236995' lon='-17.0042266022' />
  <node id='-128973' lat='14.76889917872' lon='-17.00432120963' />
  <node id='-128974' lat='14.76883291277' lon='-17.00441164697' />
  <node id='-128975' lat='14.76877854495' lon='-17.00446260862' />
  <node id='-128976' lat='14.76873198323' lon='-17.00450176642' />
  <node id='-128977' lat='14.7686813638' lon='-17.00456463781' />
  <node id='-128978' lat='14.76860811643' lon='-17.00457188312' />
  <node id='-128979' lat='14.76858528229' lon='-17.004540006' />
  <node id='-128980' lat='14.76857053592' lon='-17.00460075686' />
  <node id='-128981' lat='14.76853734594' lon='-17.00473748984' />
  <node id='-128982' lat='14.76851777388' lon='-17.00483051588' />
  <node id='-128983' lat='14.76848913446' lon='-17.00496663879' />
  <node id='-128984' lat='14.76851929345' lon='-17.00504212624' />
  <node id='-128985' lat='14.76855375078' lon='-17.00506619307' />
  <node id='-128986' lat='14.76858810498' lon='-17.00510213436' />
  <node id='-128987' lat='14.76859494864' lon='-17.00520115882' />
  <node id='-128988' lat='14.76854064942' lon='-17.0052442039' />
  <node id='-128989' lat='14.76847531132' lon='-17.00522777074' />
  <node id='-128990' lat='14.76844040714' lon='-17.00525515984' />
  <node id='-128991' lat='14.76840897632' lon='-17.0053261239' />
  <node id='-128992' lat='14.7683395117' lon='-17.00534132057' />
  <node id='-128993' lat='14.76820089186' lon='-17.0053360906' />
  <node id='-128994' lat='14.76810560109' lon='-17.00522042125' />
  <node id='-128995' lat='14.76808369511' lon='-17.00508167428' />
  <node id='-128996' lat='14.76808472624' lon='-17.00496292998' />
  <node id='-128997' lat='14.76803496597' lon='-17.00492684752' />
  <node id='-128998' lat='14.7679387814' lon='-17.00491409009' />
  <node id='-128999' lat='14.76788090569' lon='-17.0049254347' />
  <node id='-129000' lat='14.76778052592' lon='-17.00495222335' />
  <node id='-129001' lat='14.76773028448' lon='-17.00497155487' />
  <node id='-129002' lat='14.76767643212' lon='-17.00496314411' />
  <node id='-129003' lat='14.76764840018' lon='-17.00486645704' />
  <node id='-129004' lat='14.76756799341' lon='-17.00520740232' />
  <node id='-129005' lat='14.76780571397' lon='-17.00537530486' />
  <node id='-129006' lat='14.76809953524' lon='-17.00537630702' />
  <node id='-129007' lat='14.76829384265' lon='-17.00546923337' />
  <node id='-129008' lat='14.76813956985' lon='-17.00619556441' />
  <node id='-129009' lat='14.76815095281' lon='-17.00619527526' />
  <node id='-129010' lat='14.76816232851' lon='-17.00619578312' />
  <node id='-129011' lat='14.76817364419' lon='-17.00619708562' />
  <node id='-129012' lat='14.76818484733' lon='-17.00619917673' />
  <node id='-129013' lat='14.76819588598' lon='-17.00620204674' />
  <node id='-129014' lat='14.76820670892' lon='-17.00620568233' />
  <node id='-129015' lat='14.76821726592' lon='-17.00621006665' />
  <node id='-129016' lat='14.76822750803' lon='-17.00621517935' />
  <node id='-129017' lat='14.76823738771' lon='-17.00622099671' />
  <node id='-129018' lat='14.76824685913' lon='-17.00622749174' />
  <node id='-129019' lat='14.76825587836' lon='-17.00623463431' />
  <node id='-129020' lat='14.76826440354' lon='-17.00624239129' />
  <node id='-129021' lat='14.76827239513' lon='-17.00625072668' />
  <node id='-129022' lat='14.7683029052' lon='-17.00617564146' />
  <node id='-129023' lat='14.76826121335' lon='-17.00615774932' />
  <node id='-129024' lat='14.76852236514' lon='-17.00551505595' />
  <node id='-129025' lat='14.76856405574' lon='-17.0055329474' />
  <node id='-129026' lat='14.76866310982' lon='-17.00528917283' />
  <node id='-129027' lat='14.76912670513' lon='-17.00414824238' />
  <node id='-129028' lat='14.76912670513' lon='-17.00414824238' />
  <node id='-129029' lat='14.76912670513' lon='-17.00414824238' />
  <node id='-129030' lat='14.76891994807' lon='-17.00414722713' />
  <node id='-129031' lat='14.77474753778' lon='-17.01354152736' />
  <node id='-129032' lat='14.77483751859' lon='-17.01354235649' />
  <node id='-129033' lat='14.77484048741' lon='-17.01320202682' />
  <node id='-129034' lat='14.77438835539' lon='-17.01319786143' />
  <node id='-129035' lat='14.77448552373' lon='-17.01332222915' />
  <node id='-129036' lat='14.77455525514' lon='-17.01353975561' />
  <node id='-129037' lat='14.77390820835' lon='-17.0124116663' />
  <node id='-129038' lat='14.77401013938' lon='-17.0127296339' />
  <node id='-129039' lat='14.77418178713' lon='-17.01267151646' />
  <node id='-129040' lat='14.77416585506' lon='-17.01262181721' />
  <node id='-129041' lat='14.77399363566' lon='-17.01238128537' />
  <node id='-129042' lat='14.77396584706' lon='-17.01239338121' />
  <node id='-129043' lat='14.77393732801' lon='-17.01240352358' />
  <node id='-129044' lat='14.77536364617' lon='-17.00923443479' />
  <node id='-129045' lat='14.77536747724' lon='-17.00900214643' />
  <node id='-129046' lat='14.77478920472' lon='-17.00897034547' />
  <node id='-129047' lat='14.77478196222' lon='-17.00910944624' />
  <node id='-129048' lat='14.77522985494' lon='-17.00913407747' />
  <node id='-129049' lat='14.77522832736' lon='-17.00922699302' />
  <node id='-129050' lat='14.77443896804' lon='-17.00909270267' />
  <node id='-129051' lat='14.77410501654' lon='-17.00910142584' />
  <node id='-129052' lat='14.7740946822' lon='-17.00916464976' />
  <node id='-129053' lat='14.77408695864' lon='-17.00923257289' />
  <node id='-129054' lat='14.7740825918' lon='-17.00930081083' />
  <node id='-129055' lat='14.77408159289' lon='-17.00936918847' />
  <node id='-129056' lat='14.77408213599' lon='-17.00939598467' />
  <node id='-129057' lat='14.77408360211' lon='-17.00942274429' />
  <node id='-129058' lat='14.77408628264' lon='-17.00946888022' />
  <node id='-129059' lat='14.77412249847' lon='-17.01009222554' />
  <node id='-129060' lat='14.77438719158' lon='-17.01008708797' />
  <node id='-129061' lat='14.77438882103' lon='-17.01017993919' />
  <node id='-129062' lat='14.77412788865' lon='-17.01018500365' />
  <node id='-129063' lat='14.77417508568' lon='-17.01099740695' />
  <node id='-129064' lat='14.77440410706' lon='-17.01101185648' />
  <node id='-129065' lat='14.77440303553' lon='-17.01110482995' />
  <node id='-129066' lat='14.77418050906' lon='-17.01109076285' />
  <node id='-129067' lat='14.77423228595' lon='-17.01199308466' />
  <node id='-129068' lat='14.77423207945' lon='-17.01199945146' />
  <node id='-129069' lat='14.77434971949' lon='-17.01199733321' />
  <node id='-129070' lat='14.77468690118' lon='-17.00919721785' />
  <node id='-129071' lat='14.77469172955' lon='-17.00910448405' />
  <node id='-129072' lat='14.77451126419' lon='-17.0090945597' />
  <node id='-129073' lat='14.77450643583' lon='-17.00918729342' />
  <node id='-129074' lat='14.77523338685' lon='-17.00652199926' />
  <node id='-129075' lat='14.7751464886' lon='-17.00819121386' />
  <node id='-129076' lat='14.77538056783' lon='-17.00820408578' />
  <node id='-129077' lat='14.77538837945' lon='-17.00772777481' />
  <node id='-129078' lat='14.77540799269' lon='-17.00653159943' />
  <node id='-129079' lat='14.77541959954' lon='-17.00582354085' />
  <node id='-129080' lat='14.77541990184' lon='-17.00580509801' />
  <node id='-129081' lat='14.77542490068' lon='-17.00550010876' />
  <node id='-129082' lat='14.77536115728' lon='-17.00564721356' />
  <node id='-129083' lat='14.77527786457' lon='-17.00574488303' />
  <node id='-129084' lat='14.77514968536' lon='-17.00580989566' />
  <node id='-129085' lat='14.77514681172' lon='-17.00582223411' />
  <node id='-129086' lat='14.77512081262' lon='-17.00593386521' />
  <node id='-129087' lat='14.77506740217' lon='-17.00616319041' />
  <node id='-129088' lat='14.77501524422' lon='-17.00631610994' />
  <node id='-129089' lat='14.77494191777' lon='-17.00644527614' />
  <node id='-129090' lat='14.77491757182' lon='-17.00650463522' />
  <node id='-129091' lat='14.77491757182' lon='-17.00650463522' />
  <node id='-129092' lat='14.77498471479' lon='-17.00584459293' />
  <node id='-129093' lat='14.77471446949' lon='-17.00585389021' />
  <node id='-129094' lat='14.77471069046' lon='-17.00573787188' />
  <node id='-129095' lat='14.77470691138' lon='-17.00562185354' />
  <node id='-129096' lat='14.77458258573' lon='-17.00562613087' />
  <node id='-129097' lat='14.77456470896' lon='-17.00570379039' />
  <node id='-129098' lat='14.77450213761' lon='-17.00597486712' />
  <node id='-129099' lat='14.7744501192' lon='-17.00620079471' />
  <node id='-129100' lat='14.77446899736' lon='-17.00620664302' />
  <node id='-129101' lat='14.77448744038' lon='-17.00621380933' />
  <node id='-129102' lat='14.77450536123' lon='-17.00622225983' />
  <node id='-129103' lat='14.77452267539' lon='-17.00623195465' />
  <node id='-129104' lat='14.77453930115' lon='-17.00624284806' />
  <node id='-129105' lat='14.77455516011' lon='-17.00625488867' />
  <node id='-129106' lat='14.77457017742' lon='-17.00626801968' />
  <node id='-129107' lat='14.77458428226' lon='-17.00628217913' />
  <node id='-129108' lat='14.77459740808' lon='-17.00629730024' />
  <node id='-129109' lat='14.77460949296' lon='-17.00631331167' />
  <node id='-129110' lat='14.77462047989' lon='-17.00633013788' />
  <node id='-129111' lat='14.77463031704' lon='-17.00634769949' />
  <node id='-129112' lat='14.77463895799' lon='-17.00636591366' />
  <node id='-129113' lat='14.77464636198' lon='-17.00638469446' />
  <node id='-129114' lat='14.7746524941' lon='-17.00640395328' />
  <node id='-129115' lat='14.7746573254' lon='-17.00642359928' />
  <node id='-129116' lat='14.77466083309' lon='-17.00644353978' />
  <node id='-129117' lat='14.77466300063' lon='-17.00646368069' />
  <node id='-129118' lat='14.77466381779' lon='-17.00648392701' />
  <node id='-129119' lat='14.77466328072' lon='-17.00650418321' />
  <node id='-129120' lat='14.77466139195' lon='-17.00652435375' />
  <node id='-129121' lat='14.77465816039' lon='-17.00654434347' />
  <node id='-129122' lat='14.77473761674' lon='-17.00656343471' />
  <node id='-129123' lat='14.77477383656' lon='-17.006492681' />
  <node id='-129124' lat='14.77487232331' lon='-17.00633458327' />
  <node id='-129125' lat='14.77490542367' lon='-17.00625052724' />
  <node id='-129126' lat='14.77492694191' lon='-17.00613128074' />
  <node id='-129127' lat='14.77490976038' lon='-17.00600431314' />
  <node id='-129128' action='modify' lat='14.76575555474' lon='-17.01208749597' />
  <node id='-129129' action='modify' lat='14.76572673906' lon='-17.01222460108' />
  <node id='-129130' lat='14.76618627718' lon='-17.01234907351' />
  <node id='-129131' lat='14.76622193041' lon='-17.01221465301' />
  <node id='-129132' lat='14.76738727317' lon='-17.01046561115' />
  <node id='-129133' lat='14.76746176516' lon='-17.0101836411' />
  <node id='-129134' lat='14.76735042004' lon='-17.01016868309' />
  <node id='-129135' lat='14.76723825364' lon='-17.0101608616' />
  <node id='-129136' lat='14.76710646259' lon='-17.01015964991' />
  <node id='-129137' lat='14.76703148538' lon='-17.01018273711' />
  <node id='-129138' lat='14.76702584892' lon='-17.01018404718' />
  <node id='-129139' lat='14.76702031123' lon='-17.0101857448' />
  <node id='-129140' lat='14.76701489751' lon='-17.01018782225' />
  <node id='-129141' lat='14.76700963241' lon='-17.01019027008' />
  <node id='-129142' lat='14.76700453987' lon='-17.01019307715' />
  <node id='-129143' lat='14.76699964309' lon='-17.01019623068' />
  <node id='-129144' lat='14.76699496433' lon='-17.01019971632' />
  <node id='-129145' lat='14.7669905249' lon='-17.01020351822' />
  <node id='-129146' lat='14.76698399288' lon='-17.01020919757' />
  <node id='-129147' lat='14.76697717959' lon='-17.01021451647' />
  <node id='-129148' lat='14.76697010385' lon='-17.01021946024' />
  <node id='-129149' lat='14.76696317557' lon='-17.01022436236' />
  <node id='-129150' lat='14.7669565681' lon='-17.01022971185' />
  <node id='-129151' lat='14.76695030875' lon='-17.01023548659' />
  <node id='-129152' lat='14.76694442339' lon='-17.01024166271' />
  <node id='-129153' lat='14.76693893635' lon='-17.0102482147' />
  <node id='-129154' lat='14.76693387029' lon='-17.01025511548' />
  <node id='-129155' lat='14.76692924617' lon='-17.01026233652' />
  <node id='-129156' lat='14.76689605739' lon='-17.01032626996' />
  <node id='-129157' lat='14.77451721482' lon='-17.01400375449' />
  <node id='-129158' lat='14.77451883537' lon='-17.01381802968' />
  <node id='-129159' lat='14.7745204458' lon='-17.01372795406' />
  <node id='-129160' lat='14.77437459299' lon='-17.01377733697' />
  <node id='-129161' lat='14.77440599214' lon='-17.01378926315' />
  <node id='-129162' lat='14.77447516782' lon='-17.01387612066' />
  <node id='-129163' lat='14.77447622942' lon='-17.01388416696' />
  <node id='-129164' lat='14.77449197673' lon='-17.01400352189' />
  <node id='-129165' lat='14.77417352473' lon='-17.01336787047' />
  <node id='-129166' lat='14.77431444247' lon='-17.01325158386' />
  <node id='-129167' lat='14.77427380101' lon='-17.0131995661' />
  <node id='-129168' lat='14.77426944245' lon='-17.01318728204' />
  <node id='-129169' lat='14.77408882043' lon='-17.01318107047' />
  <node id='-129170' lat='14.77408764828' lon='-17.01321707032' />
  <node id='-129171' lat='14.77409623846' lon='-17.01324128066' />
  <node id='-129172' lat='14.7741142238' lon='-17.0132919701' />
  <node id='-129173' lat='14.77530304549' lon='-17.01292774547' />
  <node id='-129174' lat='14.77511401729' lon='-17.01292598268' />
  <node id='-129175' lat='14.77511183264' lon='-17.01317340356' />
  <node id='-129176' lat='14.77529898291' lon='-17.01317512778' />
  <node id='-129177' lat='14.77530045616' lon='-17.01308541926' />
  <node id='-129178' lat='14.77518286167' lon='-17.0119914045' />
  <node id='-129179' lat='14.77518124416' lon='-17.01208971538' />
  <node id='-129180' lat='14.77531676728' lon='-17.01209206548' />
  <node id='-129181' lat='14.77531829321' lon='-17.01199912293' />
  <node id='-129182' lat='14.77519916827' lon='-17.01100015972' />
  <node id='-129183' lat='14.77519662297' lon='-17.01115490016' />
  <node id='-129184' lat='14.77533201165' lon='-17.01116344238' />
  <node id='-129185' lat='14.77533312752' lon='-17.01109545929' />
  <node id='-129186' lat='14.77533473491' lon='-17.01099752907' />
  <node id='-129187' lat='14.77534844974' lon='-17.01016184791' />
  <node id='-129188' lat='14.775349955' lon='-17.01007011686' />
  <node id='-129189' lat='14.77534996419' lon='-17.01006955721' />
  <node id='-129190' lat='14.775214582' lon='-17.01006295212' />
  <node id='-129191' lat='14.77521292122' lon='-17.01016394432' />
  <node id='-129192' lat='14.77267907347' lon='-17.00581444556' />
  <node id='-129193' lat='14.77272012951' lon='-17.00581120799' />
  <node id='-129194' lat='14.77276128904' lon='-17.00580998544' />
  <node id='-129195' lat='14.77280245849' lon='-17.00581078071' />
  <node id='-129196' lat='14.77284801711' lon='-17.00581476013' />
  <node id='-129197' lat='14.77289322836' lon='-17.00582176998' />
  <node id='-129198' lat='14.77293790159' lon='-17.00583178072' />
  <node id='-129199' lat='14.77301702746' lon='-17.00585108898' />
  <node id='-129200' lat='14.77317977288' lon='-17.00589052983' />
  <node id='-129201' lat='14.77323299979' lon='-17.00565855724' />
  <node id='-129202' lat='14.77329387128' lon='-17.0053939456' />
  <node id='-129203' lat='14.77320468409' lon='-17.00537191747' />
  <node id='-129204' lat='14.77294642496' lon='-17.0055600187' />
  <node id='-129205' lat='14.77286807999' lon='-17.00556282898' />
  <node id='-129206' lat='14.77262962215' lon='-17.00558779237' />
  <node id='-129207' lat='14.77262268795' lon='-17.00558962924' />
  <node id='-129208' lat='14.77366317958' lon='-17.00538835071' />
  <node id='-129209' lat='14.77366378815' lon='-17.00538847669' />
  <node id='-129210' lat='14.7736644037' lon='-17.00538855943' />
  <node id='-129211' lat='14.77366502332' lon='-17.00538859854' />
  <node id='-129212' lat='14.7736656441' lon='-17.00538859383' />
  <node id='-129213' lat='14.77366626309' lon='-17.00538854533' />
  <node id='-129214' lat='14.77366687738' lon='-17.00538845327' />
  <node id='-129215' lat='14.77366748408' lon='-17.00538831808' />
  <node id='-129216' lat='14.77366808031' lon='-17.00538814039' />
  <node id='-129217' lat='14.77366866326' lon='-17.00538792106' />
  <node id='-129218' lat='14.77366923018' lon='-17.00538766111' />
  <node id='-129219' lat='14.7736697784' lon='-17.00538736177' />
  <node id='-129220' lat='14.77367030532' lon='-17.00538702445' />
  <node id='-129221' lat='14.77367080847' lon='-17.00538665074' />
  <node id='-129222' lat='14.77367128546' lon='-17.00538624242' />
  <node id='-129223' lat='14.77367173405' lon='-17.0053858014' />
  <node id='-129224' lat='14.77367215212' lon='-17.00538532977' />
  <node id='-129225' lat='14.77367253768' lon='-17.00538482975' />
  <node id='-129226' lat='14.77367288894' lon='-17.0053843037' />
  <node id='-129227' lat='14.77367320422' lon='-17.00538375411' />
  <node id='-129228' lat='14.7739702945' lon='-17.00482266653' />
  <node id='-129229' lat='14.77399582136' lon='-17.00468670381' />
  <node id='-129230' lat='14.77373834085' lon='-17.00463564553' />
  <node id='-129231' lat='14.77329665665' lon='-17.00508984949' />
  <node id='-129232' lat='14.77321660089' lon='-17.0051429582' />
  <node id='-129233' lat='14.77306441693' lon='-17.00520195614' />
  <node id='-129234' lat='14.77293811174' lon='-17.0051978033' />
  <node id='-129235' lat='14.77278990845' lon='-17.00512892894' />
  <node id='-129236' lat='14.77270345444' lon='-17.00503420648' />
  <node id='-129237' lat='14.77264604713' lon='-17.00487780572' />
  <node id='-129238' lat='14.77265008775' lon='-17.00474800071' />
  <node id='-129239' lat='14.77268470632' lon='-17.00466932286' />
  <node id='-129240' lat='14.77274560901' lon='-17.00460597392' />
  <node id='-129241' lat='14.77260175139' lon='-17.00460843878' />
  <node id='-129242' lat='14.77253308822' lon='-17.00471054897' />
  <node id='-129243' lat='14.77247165999' lon='-17.00476048019' />
  <node id='-129244' lat='14.77240996101' lon='-17.00481552219' />
  <node id='-129245' lat='14.77240294589' lon='-17.00485894944' />
  <node id='-129246' lat='14.77244910247' lon='-17.00508621613' />
  <node id='-129247' lat='14.77273406068' lon='-17.00525585386' />
  <node id='-129248' lat='14.77288226392' lon='-17.00532472827' />
  <node id='-129249' lat='14.77302324344' lon='-17.00539024573' />
  <node id='-129250' lat='14.77318245154' lon='-17.00527428746' />
  <node id='-129251' lat='14.77318294421' lon='-17.00527395293' />
  <node id='-129252' lat='14.77318345709' lon='-17.00527365218' />
  <node id='-129253' lat='14.77318398798' lon='-17.0052733865' />
  <node id='-129254' lat='14.77318453463' lon='-17.00527315703' />
  <node id='-129255' lat='14.77318509469' lon='-17.00527296473' />
  <node id='-129256' lat='14.77318566578' lon='-17.00527281044' />
  <node id='-129257' lat='14.77318624545' lon='-17.00527269481' />
  <node id='-129258' lat='14.77318683123' lon='-17.00527261834' />
  <node id='-129259' lat='14.77318742062' lon='-17.00527258134' />
  <node id='-129260' lat='14.77318801111' lon='-17.00527258399' />
  <node id='-129261' lat='14.77318860016' lon='-17.00527262627' />
  <node id='-129262' lat='14.77318918528' lon='-17.005272708' />
  <node id='-129263' lat='14.77318976394' lon='-17.00527282882' />
  <node id='-129264' lat='14.77197827437' lon='-17.00595870695' />
  <node id='-129265' lat='14.77215721005' lon='-17.00618608159' />
  <node id='-129266' lat='14.77218101335' lon='-17.00614373789' />
  <node id='-129267' lat='14.77220759917' lon='-17.00610318047' />
  <node id='-129268' lat='14.77223684112' lon='-17.00606460215' />
  <node id='-129269' lat='14.7722686002' lon='-17.0060281863' />
  <node id='-129270' lat='14.77230272543' lon='-17.00599410604' />
  <node id='-129271' lat='14.77233905459' lon='-17.00596252339' />
  <node id='-129272' lat='14.77237741497' lon='-17.00593358847' />
  <node id='-129273' lat='14.77227241667' lon='-17.00572858651' />
  <node id='-129274' lat='14.77224158462' lon='-17.00574526535' />
  <node id='-129275' lat='14.77216101647' lon='-17.00582221791' />
  <node id='-129276' lat='14.774520372' lon='-17.0053006005' />
  <node id='-129277' lat='14.7748120837' lon='-17.00515264336' />
  <node id='-129278' lat='14.77486526323' lon='-17.0049731282' />
  <node id='-129279' lat='14.77458373093' lon='-17.00480563302' />
  <node id='-129280' lat='14.77408454681' lon='-17.00470429807' />
  <node id='-129281' lat='14.77405301533' lon='-17.00486072891' />
  <node id='-129282' lat='14.77376665404' lon='-17.0054015536' />
  <node id='-129283' lat='14.7737663789' lon='-17.00540211812' />
  <node id='-129284' lat='14.77376614173' lon='-17.00540270055' />
  <node id='-129285' lat='14.77376594361' lon='-17.0054032982' />
  <node id='-129286' lat='14.77376578547' lon='-17.0054039083' />
  <node id='-129287' lat='14.77376566802' lon='-17.00540452804' />
  <node id='-129288' lat='14.77376559183' lon='-17.00540515454' />
  <node id='-129289' lat='14.77376555723' lon='-17.00540578492' />
  <node id='-129290' lat='14.77376556439' lon='-17.00540641625' />
  <node id='-129291' lat='14.77376561327' lon='-17.00540704563' />
  <node id='-129292' lat='14.77376570366' lon='-17.00540767014' />
  <node id='-129293' lat='14.77376583512' lon='-17.00540828689' />
  <node id='-129294' lat='14.77376600706' lon='-17.00540889304' />
  <node id='-129295' lat='14.77376621868' lon='-17.00540948578' />
  <node id='-129296' lat='14.773766469' lon='-17.00541006237' />
  <node id='-129297' lat='14.77376675686' lon='-17.00541062015' />
  <node id='-129298' lat='14.77376708093' lon='-17.00541115654' />
  <node id='-129299' lat='14.77376743972' lon='-17.00541166906' />
  <node id='-129300' lat='14.77376783157' lon='-17.00541215534' />
  <node id='-129301' lat='14.77376825466' lon='-17.00541261313' />
  <node id='-129302' lat='14.77376870704' lon='-17.00541304031' />
  <node id='-129303' lat='14.77376918662' lon='-17.00541343492' />
  <node id='-129304' lat='14.77376969118' lon='-17.00541379513' />
  <node id='-129305' lat='14.7737702184' lon='-17.00541411927' />
  <node id='-129306' lat='14.77377076582' lon='-17.00541440585' />
  <node id='-129307' lat='14.77377133093' lon='-17.00541465354' />
  <node id='-129308' lat='14.7737719111' lon='-17.00541486119' />
  <node id='-129309' lat='14.77377250367' lon='-17.00541502784' />
  <node id='-129310' lat='14.77423876734' lon='-17.00552880534' />
  <node id='-129311' lat='14.76971834582' lon='-17.00507509239' />
  <node id='-129312' lat='14.76951535666' lon='-17.00502896584' />
  <node id='-129313' lat='14.76942892539' lon='-17.00543065652' />
  <node id='-129314' lat='14.76941770922' lon='-17.00548279528' />
  <node id='-129315' lat='14.76962069824' lon='-17.00552892221' />
  <node id='-129316' lat='14.77542616499' lon='-17.00542296657' />
  <node id='-129317' lat='14.77543249003' lon='-17.00503702094' />
  <node id='-129318' lat='14.77543568601' lon='-17.00484199076' />
  <node id='-129319' lat='14.77518482646' lon='-17.00502081454' />
  <node id='-129320' lat='14.77524707716' lon='-17.00510053211' />
  <node id='-129321' lat='14.7753420049' lon='-17.00522794552' />
  <node id='-129322' lat='14.77540509018' lon='-17.00535931563' />
  <node id='-129323' lat='14.76697173544' lon='-17.00615755617' />
  <node id='-129324' lat='14.76675293057' lon='-17.00707402353' />
  <node id='-129325' lat='14.76660900129' lon='-17.00765865872' />
  <node id='-129326' lat='14.76646570606' lon='-17.00824068531' />
  <node id='-129327' lat='14.76610172126' lon='-17.00973429777' />
  <node id='-129328' lat='14.76573767536' lon='-17.01122811764' />
  <node id='-129329' lat='14.76560892988' lon='-17.01174101277' />
  <node id='-129330' lat='14.76544647359' lon='-17.01242540953' />
  <node id='-129331' lat='14.76528850903' lon='-17.01306275862' />
  <node id='-129332' lat='14.76542000057' lon='-17.01309656553' />
  <node id='-129333' lat='14.7655779807' lon='-17.01245915398' />
  <node id='-129334' lat='14.76574039917' lon='-17.01177491682' />
  <node id='-129335' lat='14.76586904086' lon='-17.01126243535' />
  <node id='-129336' lat='14.76623320328' lon='-17.0097681379' />
  <node id='-129337' lat='14.76659714844' lon='-17.00827468862' />
  <node id='-129338' lat='14.76674040364' lon='-17.00769282484' />
  <node id='-129339' lat='14.7668844528' lon='-17.00710770288' />
  <node id='-129340' lat='14.76710316448' lon='-17.0061916262' />
  <node id='-129341' lat='14.76742317128' lon='-17.00774700628' />
  <node id='-129342' lat='14.76722789992' lon='-17.0085492086' />
  <node id='-129343' lat='14.76722764133' lon='-17.00855044958' />
  <node id='-129344' lat='14.76722746581' lon='-17.00855170582' />
  <node id='-129345' lat='14.76722737419' lon='-17.00855297144' />
  <node id='-129346' lat='14.76722736688' lon='-17.00855424054' />
  <node id='-129347' lat='14.76722744392' lon='-17.00855550718' />
  <node id='-129348' lat='14.76722760496' lon='-17.00855676547' />
  <node id='-129349' lat='14.76722784924' lon='-17.00855800951' />
  <node id='-129350' lat='14.76722817562' lon='-17.00855923351' />
  <node id='-129351' lat='14.76722858257' lon='-17.00856043174' />
  <node id='-129352' lat='14.7672290682' lon='-17.00856159861' />
  <node id='-129353' lat='14.76722963024' lon='-17.00856272867' />
  <node id='-129354' lat='14.76723026606' lon='-17.00856381665' />
  <node id='-129355' lat='14.7672309727' lon='-17.00856485747' />
  <node id='-129356' lat='14.76723174686' lon='-17.00856584626' />
  <node id='-129357' lat='14.76723258491' lon='-17.00856677841' />
  <node id='-129358' lat='14.76723348296' lon='-17.00856764957' />
  <node id='-129359' lat='14.76723443679' lon='-17.00856845566' />
  <node id='-129360' lat='14.76723544197' lon='-17.00856919293' />
  <node id='-129361' lat='14.7672364938' lon='-17.00856985793' />
  <node id='-129362' lat='14.76723758736' lon='-17.00857044756' />
  <node id='-129363' lat='14.76723871755' lon='-17.00857095907' />
  <node id='-129364' lat='14.76723987909' lon='-17.00857139005' />
  <node id='-129365' lat='14.76724106657' lon='-17.00857173851' />
  <node id='-129366' lat='14.76724227442' lon='-17.00857200282' />
  <node id='-129367' lat='14.76724349702' lon='-17.00857218174' />
  <node id='-129368' lat='14.76724472866' lon='-17.00857227443' />
  <node id='-129369' lat='14.76724596358' lon='-17.00857228047' />
  <node id='-129370' lat='14.76724719601' lon='-17.00857219982' />
  <node id='-129371' lat='14.76724842021' lon='-17.00857203286' />
  <node id='-129372' lat='14.76724963046' lon='-17.00857178038' />
  <node id='-129373' lat='14.76725082111' lon='-17.00857144355' />
  <node id='-129374' lat='14.76725198659' lon='-17.00857102393' />
  <node id='-129375' lat='14.76725312146' lon='-17.00857052351' />
  <node id='-129376' lat='14.76725422043' lon='-17.0085699446' />
  <node id='-129377' lat='14.76725527837' lon='-17.00856928991' />
  <node id='-129378' lat='14.76725629032' lon='-17.0085685625' />
  <node id='-129379' lat='14.76725725158' lon='-17.00856776577' />
  <node id='-129380' lat='14.76725815765' lon='-17.00856690343' />
  <node id='-129381' lat='14.7672590043' lon='-17.00856597951' />
  <node id='-129382' lat='14.76725978757' lon='-17.00856499834' />
  <node id='-129383' lat='14.76726050381' lon='-17.00856396448' />
  <node id='-129384' lat='14.76726114968' lon='-17.00856288276' />
  <node id='-129385' lat='14.76726172215' lon='-17.00856175824' />
  <node id='-129386' lat='14.76726221856' lon='-17.00856059617' />
  <node id='-129387' lat='14.76726263659' lon='-17.00855940197' />
  <node id='-129388' lat='14.76752979832' lon='-17.00770566973' />
  <node id='-129389' lat='14.76753000308' lon='-17.00770505278' />
  <node id='-129390' lat='14.76753022877' lon='-17.00770444359' />
  <node id='-129391' lat='14.7680279196' lon='-17.00642887181' />
  <node id='-129392' lat='14.76802447535' lon='-17.00642113734' />
  <node id='-129393' lat='14.76802149688' lon='-17.00641320126' />
  <node id='-129394' lat='14.76801899529' lon='-17.00640509314' />
  <node id='-129395' lat='14.76776578893' lon='-17.00633945442' />
  <node id='-129396' lat='14.7677268397' lon='-17.00649946871' />
  <node id='-129397' lat='14.76744753384' lon='-17.00764692058' />
  <node id='-129398' lat='14.77080123718' lon='-17.01265330039' />
  <node id='-129399' lat='14.77075605818' lon='-17.01265288439' />
  <node id='-129400' lat='14.77074998537' lon='-17.01334934085' />
  <node id='-129401' lat='14.77079516291' lon='-17.01334975694' />
  <node id='-129402' lat='14.77080123702' lon='-17.01265331876' />
  <node id='-129403' lat='14.76956572252' lon='-17.01258315928' />
  <node id='-129404' lat='14.76955751063' lon='-17.01262881794' />
  <node id='-129405' lat='14.77022393446' lon='-17.01275540825' />
  <node id='-129406' lat='14.77023214611' lon='-17.0127097509' />
  <node id='-129407' lat='14.7700760256' lon='-17.01268009467' />
  <node id='-129408' lat='14.77300858512' lon='-17.01126600626' />
  <node id='-129409' lat='14.77282977004' lon='-17.01123908706' />
  <node id='-129410' lat='14.7728232217' lon='-17.01128502955' />
  <node id='-129411' lat='14.77281667335' lon='-17.01133097205' />
  <node id='-129412' lat='14.77281012499' lon='-17.01137691454' />
  <node id='-129413' lat='14.77284215329' lon='-17.01138173616' />
  <node id='-129414' lat='14.77285482875' lon='-17.01138364436' />
  <node id='-129415' lat='14.77287718063' lon='-17.01138700927' />
  <node id='-129416' lat='14.77291584132' lon='-17.01139282935' />
  <node id='-129417' lat='14.77292188439' lon='-17.01139373909' />
  <node id='-129418' lat='14.77294423627' lon='-17.01139710401' />
  <node id='-129419' lat='14.77296658815' lon='-17.01140046892' />
  <node id='-129420' lat='14.77298894004' lon='-17.01140383384' />
  <node id='-129421' lat='14.77299548841' lon='-17.01135789132' />
  <node id='-129422' lat='14.77365791516' lon='-17.01210905218' />
  <node id='-129423' lat='14.77366116859' lon='-17.01215536458' />
  <node id='-129424' lat='14.77366123855' lon='-17.01215636042' />
  <node id='-129425' lat='14.77366439586' lon='-17.01220130465' />
  <node id='-129426' lat='14.77366442201' lon='-17.01220167697' />
  <node id='-129427' lat='14.77367092882' lon='-17.01229430176' />
  <node id='-129428' lat='14.77371599234' lon='-17.0122909582' />
  <node id='-129429' lat='14.77376105586' lon='-17.01228761464' />
  <node id='-129430' lat='14.77380611937' lon='-17.01228427108' />
  <node id='-129431' lat='14.77380449268' lon='-17.01226111486' />
  <node id='-129432' lat='14.77380337865' lon='-17.01224525666' />
  <node id='-129433' lat='14.77380206132' lon='-17.01222650436' />
  <node id='-129434' lat='14.77380123927' lon='-17.01221480244' />
  <node id='-129435' lat='14.77379725893' lon='-17.01215814215' />
  <node id='-129436' lat='14.77379635915' lon='-17.01214533381' />
  <node id='-129437' lat='14.77379473243' lon='-17.0121221776' />
  <node id='-129438' lat='14.77379310572' lon='-17.01209902138' />
  <node id='-129439' lat='14.7737480422' lon='-17.01210236498' />
  <node id='-129440' lat='14.77212620808' lon='-17.01222722227' />
  <node id='-129441' lat='14.77212783476' lon='-17.01225037831' />
  <node id='-129442' lat='14.77212946144' lon='-17.01227353435' />
  <node id='-129443' lat='14.77213108811' lon='-17.01229669038' />
  <node id='-129444' lat='14.77213228308' lon='-17.01231370088' />
  <node id='-129445' lat='14.77213588158' lon='-17.01236492642' />
  <node id='-129446' lat='14.77213596813' lon='-17.01236615849' />
  <node id='-129447' lat='14.7721375948' lon='-17.01238931452' />
  <node id='-129448' lat='14.77213922146' lon='-17.01241247056' />
  <node id='-129449' lat='14.77218428499' lon='-17.01240912709' />
  <node id='-129450' lat='14.77222934851' lon='-17.01240578363' />
  <node id='-129451' lat='14.77227441203' lon='-17.01240244016' />
  <node id='-129452' lat='14.77227164236' lon='-17.01236301301' />
  <node id='-129453' lat='14.7722711587' lon='-17.01235612806' />
  <node id='-129454' lat='14.77227052707' lon='-17.01234713665' />
  <node id='-129455' lat='14.77226383263' lon='-17.01225183984' />
  <node id='-129456' lat='14.77226302534' lon='-17.01224034781' />
  <node id='-129457' lat='14.77226139866' lon='-17.01221719176' />
  <node id='-129458' lat='14.77259811326' lon='-17.01238502408' />
  <node id='-129459' lat='14.77262515289' lon='-17.01238303728' />
  <node id='-129460' lat='14.77264317931' lon='-17.01238171274' />
  <node id='-129461' lat='14.77265219251' lon='-17.01238105047' />
  <node id='-129462' lat='14.77263186548' lon='-17.01207384105' />
  <node id='-129463' lat='14.77262461182' lon='-17.0119642156' />
  <node id='-129464' lat='14.77261559648' lon='-17.01196484564' />
  <node id='-129465' lat='14.77257051976' lon='-17.01196799585' />
  <node id='-129466' lat='14.7725720524' lon='-17.01199115871' />
  <node id='-129467' lat='14.77257358503' lon='-17.01201432157' />
  <node id='-129468' lat='14.77257511767' lon='-17.01203748443' />
  <node id='-129469' lat='14.7725766503' lon='-17.01206064729' />
  <node id='-129470' lat='14.77257818292' lon='-17.01208381015' />
  <node id='-129471' lat='14.77257971555' lon='-17.01210697301' />
  <node id='-129472' lat='14.77258124817' lon='-17.01213013588' />
  <node id='-129473' lat='14.77258278079' lon='-17.01215329874' />
  <node id='-129474' lat='14.77258431341' lon='-17.0121764616' />
  <node id='-129475' lat='14.77258584602' lon='-17.01219962446' />
  <node id='-129476' lat='14.77258737864' lon='-17.01222278732' />
  <node id='-129477' lat='14.77258891125' lon='-17.01224595018' />
  <node id='-129478' lat='14.77259030549' lon='-17.01226702181' />
  <node id='-129479' lat='14.77259044386' lon='-17.01226911304' />
  <node id='-129480' lat='14.77259197646' lon='-17.0122922759' />
  <node id='-129481' lat='14.77259350907' lon='-17.01231543877' />
  <node id='-129482' lat='14.77259504167' lon='-17.01233860163' />
  <node id='-129483' lat='14.77259657427' lon='-17.01236176449' />
  <node id='-129484' lat='14.77259810686' lon='-17.01238492735' />
  <node id='-129485' lat='14.77253565331' lon='-17.01131106946' />
  <node id='-129486' lat='14.77251770796' lon='-17.01132517161' />
  <node id='-129487' lat='14.77249976262' lon='-17.01133927376' />
  <node id='-129488' lat='14.77248181727' lon='-17.0113533759' />
  <node id='-129489' lat='14.77246387192' lon='-17.01136747804' />
  <node id='-129490' lat='14.77244592657' lon='-17.01138158018' />
  <node id='-129491' lat='14.77243135485' lon='-17.01139303119' />
  <node id='-129492' lat='14.77242798123' lon='-17.01139568231' />
  <node id='-129493' lat='14.7724275797' lon='-17.01139599785' />
  <node id='-129494' lat='14.77241003588' lon='-17.01140978445' />
  <node id='-129495' lat='14.77239209053' lon='-17.01142388658' />
  <node id='-129496' lat='14.77244697823' lon='-17.01149765689' />
  <node id='-129497' lat='14.77247442207' lon='-17.01153454205' />
  <node id='-129498' lat='14.77249236742' lon='-17.01152043993' />
  <node id='-129499' lat='14.77251031278' lon='-17.0115063378' />
  <node id='-129500' lat='14.77252825813' lon='-17.01149223567' />
  <node id='-129501' lat='14.77254620349' lon='-17.01147813353' />
  <node id='-129502' lat='14.77256414884' lon='-17.0114640314' />
  <node id='-129503' lat='14.7725771723' lon='-17.01145379707' />
  <node id='-129504' lat='14.77259380574' lon='-17.01144072589' />
  <node id='-129505' lat='14.77260003954' lon='-17.01143582712' />
  <node id='-129506' lat='14.7726179849' lon='-17.01142172498' />
  <node id='-129507' lat='14.77097752284' lon='-17.01149262755' />
  <node id='-129508' lat='14.77092083083' lon='-17.01147169151' />
  <node id='-129509' lat='14.77091374433' lon='-17.01146907451' />
  <node id='-129510' lat='14.77089248482' lon='-17.0114612235' />
  <node id='-129511' lat='14.77086033816' lon='-17.01144935193' />
  <node id='-129512' lat='14.7708499658' lon='-17.01144552148' />
  <node id='-129513' lat='14.7708287063' lon='-17.01143767048' />
  <node id='-129514' lat='14.77080744679' lon='-17.01142981947' />
  <node id='-129515' lat='14.770792168' lon='-17.01147351626' />
  <node id='-129516' lat='14.77077688921' lon='-17.01151721305' />
  <node id='-129517' lat='14.7707616104' lon='-17.01156090983' />
  <node id='-129518' lat='14.77078286991' lon='-17.01156876084' />
  <node id='-129519' lat='14.77080412941' lon='-17.01157661185' />
  <node id='-129520' lat='14.77082538891' lon='-17.01158446287' />
  <node id='-129521' lat='14.77084664841' lon='-17.01159231389' />
  <node id='-129522' lat='14.77086790791' lon='-17.01160016491' />
  <node id='-129523' lat='14.77088916741' lon='-17.01160801593' />
  <node id='-129524' lat='14.77091042691' lon='-17.01161586696' />
  <node id='-129525' lat='14.77093168641' lon='-17.01162371798' />
  <node id='-129526' lat='14.77141487634' lon='-17.01033390862' />
  <node id='-129527' lat='14.7713723262' lon='-17.0103182958' />
  <node id='-129528' lat='14.77135199303' lon='-17.010310835' />
  <node id='-129529' lat='14.77135105113' lon='-17.01031048939' />
  <node id='-129530' lat='14.77132977605' lon='-17.01030268299' />
  <node id='-129531' lat='14.77130092292' lon='-17.01029209599' />
  <node id='-129532' lat='14.7712872259' lon='-17.01028707018' />
  <node id='-129533' lat='14.77126595083' lon='-17.01027926378' />
  <node id='-129534' lat='14.77124467575' lon='-17.01027145739' />
  <node id='-129535' lat='14.7712294838' lon='-17.01031518626' />
  <node id='-129536' lat='14.77121429184' lon='-17.01035891513' />
  <node id='-129537' lat='14.77119909988' lon='-17.010402644' />
  <node id='-129538' lat='14.77122037495' lon='-17.0104104504' />
  <node id='-129539' lat='14.77124165002' lon='-17.01041825681' />
  <node id='-129540' lat='14.77126292509' lon='-17.01042606323' />
  <node id='-129541' lat='14.77128420016' lon='-17.01043386964' />
  <node id='-129542' lat='14.77130547523' lon='-17.01044167606' />
  <node id='-129543' lat='14.77132675029' lon='-17.01044948247' />
  <node id='-129544' lat='14.77134539016' lon='-17.01045632196' />
  <node id='-129545' lat='14.77134802536' lon='-17.01045728889' />
  <node id='-129546' lat='14.77136930043' lon='-17.01046509531' />
  <node id='-129547' lat='14.77138449241' lon='-17.01042136642' />
  <node id='-129548' lat='14.77139968438' lon='-17.01037763753' />
  <node id='-129549' lat='14.77159673651' lon='-17.00984271943' />
  <node id='-129550' lat='14.77154233666' lon='-17.00982160508' />
  <node id='-129551' lat='14.77153333607' lon='-17.00981811166' />
  <node id='-129552' lat='14.77151220259' lon='-17.00980990908' />
  <node id='-129553' lat='14.7714859761' lon='-17.00979972974' />
  <node id='-129554' lat='14.77146993563' lon='-17.00979350391' />
  <node id='-129555' lat='14.77144880214' lon='-17.00978530133' />
  <node id='-129556' lat='14.77142766866' lon='-17.00977709876' />
  <node id='-129557' lat='14.77139574278' lon='-17.00986397452' />
  <node id='-129558' lat='14.77137977983' lon='-17.00990741239' />
  <node id='-129559' lat='14.77140091331' lon='-17.00991561498' />
  <node id='-129560' lat='14.77142204678' lon='-17.00992381757' />
  <node id='-129561' lat='14.77144318026' lon='-17.00993202016' />
  <node id='-129562' lat='14.77146431374' lon='-17.00994022275' />
  <node id='-129563' lat='14.77148544721' lon='-17.00994842534' />
  <node id='-129564' lat='14.77149295338' lon='-17.00995133874' />
  <node id='-129565' lat='14.77151430183' lon='-17.00995962477' />
  <node id='-129566' lat='14.77152771416' lon='-17.00996483054' />
  <node id='-129567' lat='14.77154884763' lon='-17.00997303314' />
  <node id='-129568' lat='14.7715648106' lon='-17.00992959524' />
  <node id='-129569' lat='14.77210661816' lon='-17.00949086578' />
  <node id='-129570' lat='14.7720757504' lon='-17.0095193622' />
  <node id='-129571' lat='14.7720730069' lon='-17.00952189494' />
  <node id='-129572' lat='14.77205620127' lon='-17.00953740952' />
  <node id='-129573' lat='14.77203939563' lon='-17.0095529241' />
  <node id='-129574' lat='14.77199491523' lon='-17.00959398737' />
  <node id='-129575' lat='14.77198897874' lon='-17.00959946781' />
  <node id='-129576' lat='14.7719721731' lon='-17.00961498237' />
  <node id='-129577' lat='14.77200236572' lon='-17.00964952487' />
  <node id='-129578' lat='14.77203255834' lon='-17.00968406737' />
  <node id='-129579' lat='14.77206275094' lon='-17.00971860988' />
  <node id='-129580' lat='14.77207955659' lon='-17.00970309532' />
  <node id='-129581' lat='14.77209636223' lon='-17.00968758076' />
  <node id='-129582' lat='14.77211316786' lon='-17.00967206619' />
  <node id='-129583' lat='14.77219719605' lon='-17.00959449332' />
  <node id='-129584' lat='14.77216700343' lon='-17.0095599508' />
  <node id='-129585' lat='14.7721564617' lon='-17.00831959457' />
  <node id='-129586' lat='14.77209662691' lon='-17.00829637114' />
  <node id='-129587' lat='14.77209306105' lon='-17.00829498714' />
  <node id='-129588' lat='14.7720719275' lon='-17.00828678467' />
  <node id='-129589' lat='14.77203496372' lon='-17.00827243808' />
  <node id='-129590' lat='14.7720296604' lon='-17.00827037973' />
  <node id='-129591' lat='14.77200852685' lon='-17.00826217726' />
  <node id='-129592' lat='14.7719873933' lon='-17.0082539748' />
  <node id='-129593' lat='14.77197143062' lon='-17.00829741294' />
  <node id='-129594' lat='14.77193950524' lon='-17.0083842892' />
  <node id='-129595' lat='14.77196870662' lon='-17.008395623' />
  <node id='-129596' lat='14.77198177234' lon='-17.00840069415' />
  <node id='-129597' lat='14.77200290588' lon='-17.00840889663' />
  <node id='-129598' lat='14.77202403943' lon='-17.00841709911' />
  <node id='-129599' lat='14.77204517297' lon='-17.00842530159' />
  <node id='-129600' lat='14.77205023536' lon='-17.00842726644' />
  <node id='-129601' lat='14.77207947322' lon='-17.00843861442' />
  <node id='-129602' lat='14.77208744006' lon='-17.00844170656' />
  <node id='-129603' lat='14.7721085736' lon='-17.00844990905' />
  <node id='-129604' lat='14.77212453631' lon='-17.0084064709' />
  <node id='-129605' lat='14.77269412488' lon='-17.00830842209' />
  <node id='-129606' lat='14.77269105028' lon='-17.00833142248' />
  <node id='-129607' lat='14.77268797567' lon='-17.00835442286' />
  <node id='-129608' lat='14.77268490106' lon='-17.00837742324' />
  <node id='-129609' lat='14.77268182644' lon='-17.00840042362' />
  <node id='-129610' lat='14.77267875183' lon='-17.008423424' />
  <node id='-129611' lat='14.77267567721' lon='-17.00844642438' />
  <node id='-129612' lat='14.77267260259' lon='-17.00846942475' />
  <node id='-129613' lat='14.77266952797' lon='-17.00849242513' />
  <node id='-129614' lat='14.77271428846' lon='-17.00849874477' />
  <node id='-129615' lat='14.77275904894' lon='-17.00850506441' />
  <node id='-129616' lat='14.77280380943' lon='-17.00851138405' />
  <node id='-129617' lat='14.77280995868' lon='-17.00846538327' />
  <node id='-129618' lat='14.7728099706' lon='-17.0084652941' />
  <node id='-129619' lat='14.7728130333' lon='-17.00844238288' />
  <node id='-129620' lat='14.77281610792' lon='-17.00841938248' />
  <node id='-129621' lat='14.77281701891' lon='-17.00841256755' />
  <node id='-129622' lat='14.77281918253' lon='-17.00839638209' />
  <node id='-129623' lat='14.77282225715' lon='-17.0083733817' />
  <node id='-129624' lat='14.77282533176' lon='-17.0083503813' />
  <node id='-129625' lat='14.77282840637' lon='-17.0083273809' />
  <node id='-129626' lat='14.77278364587' lon='-17.0083210613' />
  <node id='-129627' lat='14.7728563727' lon='-17.0098568873' />
  <node id='-129628' lat='14.7728591289' lon='-17.00987993027' />
  <node id='-129629' lat='14.77285963931' lon='-17.00988419748' />
  <node id='-129630' lat='14.77286188511' lon='-17.00990297323' />
  <node id='-129631' lat='14.77286464131' lon='-17.0099260162' />
  <node id='-129632' lat='14.77286519255' lon='-17.00993062479' />
  <node id='-129633' lat='14.77286739751' lon='-17.00994905917' />
  <node id='-129634' lat='14.77287015371' lon='-17.00997210213' />
  <node id='-129635' lat='14.77287261978' lon='-17.00999271952' />
  <node id='-129636' lat='14.77287290991' lon='-17.0099951451' />
  <node id='-129637' lat='14.7728756661' lon='-17.01001818807' />
  <node id='-129638' lat='14.77287842229' lon='-17.01004123104' />
  <node id='-129639' lat='14.77292326562' lon='-17.01003556591' />
  <node id='-129640' lat='14.77296810895' lon='-17.01002990078' />
  <node id='-129641' lat='14.77301295228' lon='-17.01002423565' />
  <node id='-129642' lat='14.77301019609' lon='-17.01000119267' />
  <node id='-129643' lat='14.7730074399' lon='-17.00997814968' />
  <node id='-129644' lat='14.7730046837' lon='-17.0099551067' />
  <node id='-129645' lat='14.77299825819' lon='-17.00990138671' />
  <node id='-129646' lat='14.7729964151' lon='-17.00988597776' />
  <node id='-129647' lat='14.7729936589' lon='-17.00986293478' />
  <node id='-129648' lat='14.77299090269' lon='-17.0098398918' />
  <node id='-129649' lat='14.77413520522' lon='-17.00645820838' />
  <node id='-129650' lat='14.77414966655' lon='-17.00639561605' />
  <node id='-129651' lat='14.7741508618' lon='-17.0063904427' />
  <node id='-129652' lat='14.77415376116' lon='-17.0063778935' />
  <node id='-129653' lat='14.77416361921' lon='-17.00633522529' />
  <node id='-129654' lat='14.77416651836' lon='-17.00632267701' />
  <node id='-129655' lat='14.77417173722' lon='-17.00630008844' />
  <node id='-129656' lat='14.77417695606' lon='-17.00627749987' />
  <node id='-129657' lat='14.77413299729' lon='-17.00626677288' />
  <node id='-129658' lat='14.77408903852' lon='-17.0062560459' />
  <node id='-129659' lat='14.77404507974' lon='-17.00624531893' />
  <node id='-129660' lat='14.7740398609' lon='-17.00626790749' />
  <node id='-129661' lat='14.77403464205' lon='-17.00629049604' />
  <node id='-129662' lat='14.77402942321' lon='-17.0063130846' />
  <node id='-129663' lat='14.77402058577' lon='-17.00635133531' />
  <node id='-129664' lat='14.7740189855' lon='-17.0063582617' />
  <node id='-129665' lat='14.77401653604' lon='-17.00636886359' />
  <node id='-129666' lat='14.77401195736' lon='-17.00638868133' />
  <node id='-129667' lat='14.77400854779' lon='-17.0064034388' />
  <node id='-129668' lat='14.77400332893' lon='-17.00642602735' />
  <node id='-129669' lat='14.77401868525' lon='-17.00721557946' />
  <node id='-129670' lat='14.774010416' lon='-17.00723718469' />
  <node id='-129671' lat='14.77400214676' lon='-17.00725878991' />
  <node id='-129672' lat='14.7739938775' lon='-17.00728039513' />
  <node id='-129673' lat='14.77398560825' lon='-17.00730200036' />
  <node id='-129674' lat='14.77395253122' lon='-17.00738842122' />
  <node id='-129675' lat='14.77399457636' lon='-17.00740541811' />
  <node id='-129676' lat='14.7740366215' lon='-17.00742241501' />
  <node id='-129677' lat='14.77407866664' lon='-17.00743941192' />
  <node id='-129678' lat='14.7740869359' lon='-17.0074178067' />
  <node id='-129679' lat='14.77409520517' lon='-17.00739620147' />
  <node id='-129680' lat='14.77410347443' lon='-17.00737459624' />
  <node id='-129681' lat='14.77411465568' lon='-17.00734538281' />
  <node id='-129682' lat='14.77412001295' lon='-17.00733138579' />
  <node id='-129683' lat='14.77412670365' lon='-17.00731390486' />
  <node id='-129684' lat='14.77414482071' lon='-17.00726657008' />
  <node id='-129685' lat='14.77312817319' lon='-17.00674517844' />
  <node id='-129686' lat='14.77312168232' lon='-17.00676741594' />
  <node id='-129687' lat='14.77311681401' lon='-17.00678409457' />
  <node id='-129688' lat='14.77311344228' lon='-17.00679564602' />
  <node id='-129689' lat='14.77310870057' lon='-17.00681189093' />
  <node id='-129690' lat='14.77310402527' lon='-17.00682790833' />
  <node id='-129691' lat='14.77308783211' lon='-17.00688338546' />
  <node id='-129692' lat='14.77308273706' lon='-17.00690084089' />
  <node id='-129693' lat='14.77307624618' lon='-17.00692307838' />
  <node id='-129694' lat='14.77311952194' lon='-17.00693641989' />
  <node id='-129695' lat='14.77320607346' lon='-17.00696310292' />
  <node id='-129696' lat='14.77325800051' lon='-17.0067852029' />
  <node id='-129697' lat='14.77239107671' lon='-17.00665689478' />
  <node id='-129698' lat='14.77234754453' lon='-17.00665649996' />
  <node id='-129699' lat='14.77234589751' lon='-17.00665648502' />
  <node id='-129700' lat='14.77232330792' lon='-17.00665628015' />
  <node id='-129701' lat='14.77230071832' lon='-17.00665607527' />
  <node id='-129702' lat='14.77226700427' lon='-17.0066557695' />
  <node id='-129703' lat='14.77225553912' lon='-17.00665566552' />
  <node id='-129704' lat='14.77223294952' lon='-17.00665546065' />
  <node id='-129705' lat='14.77221035992' lon='-17.00665525577' />
  <node id='-129706' lat='14.77220996122' lon='-17.00670168674' />
  <node id='-129707' lat='14.77220916377' lon='-17.00679454866' />
  <node id='-129708' lat='14.77223175337' lon='-17.00679475355' />
  <node id='-129709' lat='14.77225434297' lon='-17.00679495844' />
  <node id='-129710' lat='14.77227693256' lon='-17.00679516333' />
  <node id='-129711' lat='14.77229952216' lon='-17.00679536822' />
  <node id='-129712' lat='14.77232211176' lon='-17.00679557311' />
  <node id='-129713' lat='14.77234470135' lon='-17.006795778' />
  <node id='-129714' lat='14.77236729095' lon='-17.00679598289' />
  <node id='-129715' lat='14.77238988055' lon='-17.00679618778' />
  <node id='-129716' lat='14.77239027928' lon='-17.00674975678' />
  <node id='-129717' lat='14.77309336834' lon='-17.0062039618' />
  <node id='-129718' lat='14.77310059766' lon='-17.00617267139' />
  <node id='-129719' lat='14.77310380599' lon='-17.00615878487' />
  <node id='-129720' lat='14.77310902482' lon='-17.0061361964' />
  <node id='-129721' lat='14.77311424364' lon='-17.00611360794' />
  <node id='-129722' lat='14.77312109558' lon='-17.00608395084' />
  <node id='-129723' lat='14.77312468127' lon='-17.00606843099' />
  <node id='-129724' lat='14.77312990008' lon='-17.00604584252' />
  <node id='-129725' lat='14.77313511889' lon='-17.00602325405' />
  <node id='-129726' lat='14.77309116009' lon='-17.00601252719' />
  <node id='-129727' lat='14.77300324249' lon='-17.00599107349' />
  <node id='-129728' lat='14.77299802368' lon='-17.00601366196' />
  <node id='-129729' lat='14.77299280487' lon='-17.00603625042' />
  <node id='-129730' lat='14.77298758606' lon='-17.00605883887' />
  <node id='-129731' lat='14.77298236725' lon='-17.00608142733' />
  <node id='-129732' lat='14.77297714843' lon='-17.00610401579' />
  <node id='-129733' lat='14.77297192962' lon='-17.00612660424' />
  <node id='-129734' lat='14.7729667108' lon='-17.0061491927' />
  <node id='-129735' lat='14.77296149198' lon='-17.00617178115' />
  <node id='-129736' lat='14.77300545077' lon='-17.00618250803' />
  <node id='-129737' lat='14.77119453076' lon='-17.01225612379' />
  <node id='-129738' lat='14.77119379737' lon='-17.01231804562' />
  <node id='-129739' lat='14.77119370592' lon='-17.01232576724' />
  <node id='-129740' lat='14.77119343097' lon='-17.01234898172' />
  <node id='-129741' lat='14.77119306425' lon='-17.01237994431' />
  <node id='-129742' lat='14.77119288106' lon='-17.01239541069' />
  <node id='-129743' lat='14.7711926061' lon='-17.01241862517' />
  <node id='-129744' lat='14.77119233114' lon='-17.01244183965' />
  <node id='-129745' lat='14.7712375086' lon='-17.01244240481' />
  <node id='-129746' lat='14.77132786353' lon='-17.01244353513' />
  <node id='-129747' lat='14.77132859683' lon='-17.01238162318' />
  <node id='-129748' lat='14.77132868841' lon='-17.01237389164' />
  <node id='-129749' lat='14.77133006317' lon='-17.01225781915' />
  <node id='-129750' lat='14.77266520455' lon='-17.01033621663' />
  <node id='-129751' lat='14.77269439585' lon='-17.01024833012' />
  <node id='-129752' lat='14.77220311521' lon='-17.0100748068' />
  <node id='-129753' lat='14.77218843039' lon='-17.01011871847' />
  <node id='-129754' lat='14.77217374556' lon='-17.01016263013' />
  <node id='-129755' lat='14.77225920119' lon='-17.01019281354' />
  <node id='-129756' lat='14.7722805651' lon='-17.0102003594' />
  <node id='-129757' lat='14.77230192901' lon='-17.01020790526' />
  <node id='-129758' lat='14.77232329291' lon='-17.01021545112' />
  <node id='-129759' lat='14.77234465682' lon='-17.01022299698' />
  <node id='-129760' lat='14.77236602072' lon='-17.01023054284' />
  <node id='-129761' lat='14.77238738463' lon='-17.01023808871' />
  <node id='-129762' lat='14.77240874853' lon='-17.01024563457' />
  <node id='-129763' lat='14.77243011243' lon='-17.01025318044' />
  <node id='-129764' lat='14.77245147633' lon='-17.01026072631' />
  <node id='-129765' lat='14.77247284024' lon='-17.01026827219' />
  <node id='-129766' lat='14.77249420414' lon='-17.01027581806' />
  <node id='-129767' lat='14.77251556804' lon='-17.01028336394' />
  <node id='-129768' lat='14.77253693194' lon='-17.01029090981' />
  <node id='-129769' lat='14.77255829584' lon='-17.01029845569' />
  <node id='-129770' lat='14.77257965974' lon='-17.01030600157' />
  <node id='-129771' lat='14.77260102364' lon='-17.01031354746' />
  <node id='-129772' lat='14.77262238754' lon='-17.01032109334' />
  <node id='-129773' lat='14.77264375144' lon='-17.01032863923' />
  <node id='-129774' lat='14.772655591' lon='-17.01033282105' />
  <node id='-129775' lat='14.77421741629' lon='-17.00748363333' />
  <node id='-129776' lat='14.77432304612' lon='-17.00750881463' />
  <node id='-129777' lat='14.77441559647' lon='-17.00710198356' />
  <node id='-129778' lat='14.77435400409' lon='-17.00708718442' />
  <node id='-129779' lat='14.7743177831' lon='-17.00707848141' />
  <node id='-129780' lat='14.77431000953' lon='-17.00707661362' />
  <node id='-129781' lat='14.77430486667' lon='-17.00709922059' />
  <node id='-129782' lat='14.77429972381' lon='-17.00712182756' />
  <node id='-129783' lat='14.77429458095' lon='-17.00714443453' />
  <node id='-129784' lat='14.77428943809' lon='-17.0071670415' />
  <node id='-129785' lat='14.77428429522' lon='-17.00718964847' />
  <node id='-129786' lat='14.77427915235' lon='-17.00721225544' />
  <node id='-129787' lat='14.77427400948' lon='-17.0072348624' />
  <node id='-129788' lat='14.77427392001' lon='-17.00723525571' />
  <node id='-129789' lat='14.77426886661' lon='-17.00725746936' />
  <node id='-129790' lat='14.77426372373' lon='-17.00728007633' />
  <node id='-129791' lat='14.77425858086' lon='-17.00730268329' />
  <node id='-129792' lat='14.77425343798' lon='-17.00732529025' />
  <node id='-129793' lat='14.7742482951' lon='-17.0073478972' />
  <node id='-129794' lat='14.77424315221' lon='-17.00737050416' />
  <node id='-129795' lat='14.77423800933' lon='-17.00739311112' />
  <node id='-129796' lat='14.77423286644' lon='-17.00741571807' />
  <node id='-129797' lat='14.77422772355' lon='-17.00743832502' />
  <node id='-129798' lat='14.77422258066' lon='-17.00746093198' />
  <node id='-129799' lat='14.77421743777' lon='-17.00748353893' />
  <node id='-129800' lat='14.77347749793' lon='-17.00661352638' />
  <node id='-129801' lat='14.77343303254' lon='-17.00669437111' />
  <node id='-129802' lat='14.77378652223' lon='-17.00690072175' />
  <node id='-129803' lat='14.773808837' lon='-17.00686034724' />
  <node id='-129804' lat='14.77383115176' lon='-17.00681997272' />
  <node id='-129805' lat='14.77381350638' lon='-17.00680967216' />
  <node id='-129806' lat='14.77381150889' lon='-17.00680850612' />
  <node id='-129807' lat='14.77379186602' lon='-17.00679703952' />
  <node id='-129808' lat='14.77377222315' lon='-17.00678557293' />
  <node id='-129809' lat='14.77375258028' lon='-17.00677410633' />
  <node id='-129810' lat='14.7737329374' lon='-17.00676263974' />
  <node id='-129811' lat='14.77371329453' lon='-17.00675117315' />
  <node id='-129812' lat='14.77369365165' lon='-17.00673970657' />
  <node id='-129813' lat='14.77367400877' lon='-17.00672823998' />
  <node id='-129814' lat='14.7736543659' lon='-17.0067167734' />
  <node id='-129815' lat='14.77363472302' lon='-17.00670530682' />
  <node id='-129816' lat='14.77361508014' lon='-17.00669384024' />
  <node id='-129817' lat='14.77359543726' lon='-17.00668237367' />
  <node id='-129818' lat='14.77357579438' lon='-17.0066709071' />
  <node id='-129819' lat='14.77355615149' lon='-17.00665944053' />
  <node id='-129820' lat='14.77353650861' lon='-17.00664797396' />
  <node id='-129821' lat='14.77351686573' lon='-17.00663650739' />
  <node id='-129822' lat='14.77349722284' lon='-17.00662504083' />
  <node id='-129823' lat='14.77347757996' lon='-17.00661357426' />
  <node id='-129824' lat='14.77339818372' lon='-17.00715434592' />
  <node id='-129825' lat='14.77338834843' lon='-17.00718030761' />
  <node id='-129826' lat='14.77338179157' lon='-17.00719761541' />
  <node id='-129827' lat='14.77337851313' lon='-17.0072062693' />
  <node id='-129828' lat='14.77375683175' lon='-17.00735920527' />
  <node id='-129829' lat='14.77376013945' lon='-17.0073505632' />
  <node id='-129830' lat='14.7737650765' lon='-17.00733766409' />
  <node id='-129831' lat='14.77377667796' lon='-17.0073073528' />
  <node id='-129832' lat='14.77375565538' lon='-17.00729885437' />
  <node id='-129833' lat='14.7737346328' lon='-17.00729035595' />
  <node id='-129834' lat='14.77371361023' lon='-17.00728185752' />
  <node id='-129835' lat='14.77369258765' lon='-17.0072733591' />
  <node id='-129836' lat='14.77367156507' lon='-17.00726486068' />
  <node id='-129837' lat='14.77365054249' lon='-17.00725636227' />
  <node id='-129838' lat='14.77362951991' lon='-17.00724786385' />
  <node id='-129839' lat='14.77360849733' lon='-17.00723936544' />
  <node id='-129840' lat='14.77358747475' lon='-17.00723086703' />
  <node id='-129841' lat='14.77356645217' lon='-17.00722236862' />
  <node id='-129842' lat='14.77354542959' lon='-17.00721387021' />
  <node id='-129843' lat='14.77353407611' lon='-17.00720928055' />
  <node id='-129844' lat='14.77352440701' lon='-17.0072053718' />
  <node id='-129845' lat='14.77350338443' lon='-17.0071968734' />
  <node id='-129846' lat='14.77348236184' lon='-17.007188375' />
  <node id='-129847' lat='14.77346133926' lon='-17.0071798766' />
  <node id='-129848' lat='14.77344031668' lon='-17.0071713782' />
  <node id='-129849' lat='14.77341929409' lon='-17.0071628798' />
  <node id='-129850' lat='14.77341800275' lon='-17.00716235777' />
  <node id='-129851' lat='14.77339827151' lon='-17.00715438141' />
  <node id='-129852' lat='14.77164727896' lon='-17.01217911974' />
  <node id='-129853' lat='14.77174990155' lon='-17.01221511207' />
  <node id='-129854' lat='14.77179266096' lon='-17.01223010888' />
  <node id='-129855' lat='14.77179995289' lon='-17.01220823782' />
  <node id='-129856' lat='14.77185718505' lon='-17.0120365784' />
  <node id='-129857' lat='14.77185853296' lon='-17.01203253552' />
  <node id='-129858' lat='14.77186585546' lon='-17.01201057273' />
  <node id='-129859' lat='14.77187908336' lon='-17.01197089751' />
  <node id='-129860' lat='14.77188050045' lon='-17.01196664713' />
  <node id='-129861' lat='14.77188782295' lon='-17.01194468433' />
  <node id='-129862' lat='14.77189514544' lon='-17.01192272153' />
  <node id='-129863' lat='14.77190246793' lon='-17.01190075873' />
  <node id='-129864' lat='14.77190979042' lon='-17.01187879592' />
  <node id='-129865' lat='14.7719171129' lon='-17.01185683312' />
  <node id='-129866' lat='14.77192443539' lon='-17.01183487031' />
  <node id='-129867' lat='14.77188169393' lon='-17.0118198196' />
  <node id='-129868' lat='14.7718218559' lon='-17.01179874862' />
  <node id='-129869' lat='14.77177911444' lon='-17.01178369793' />
  <node id='-129870' lat='14.77177179196' lon='-17.01180566073' />
  <node id='-129871' lat='14.77176446948' lon='-17.01182762352' />
  <node id='-129872' lat='14.771757147' lon='-17.01184958632' />
  <node id='-129873' lat='14.77174982452' lon='-17.01187154911' />
  <node id='-129874' lat='14.77174250203' lon='-17.0118935119' />
  <node id='-129875' lat='14.77173517954' lon='-17.01191547469' />
  <node id='-129876' lat='14.77172785705' lon='-17.01193743747' />
  <node id='-129877' lat='14.77172053456' lon='-17.01195940026' />
  <node id='-129878' lat='14.77171321207' lon='-17.01198136304' />
  <node id='-129879' lat='14.77170588957' lon='-17.01200332582' />
  <node id='-129880' lat='14.77169856708' lon='-17.0120252886' />
  <node id='-129881' lat='14.77169124458' lon='-17.01204725138' />
  <node id='-129882' lat='14.77168563135' lon='-17.01206408743' />
  <node id='-129883' lat='14.77168392208' lon='-17.01206921416' />
  <node id='-129884' lat='14.77167659957' lon='-17.01209117693' />
  <node id='-129885' lat='14.77166927707' lon='-17.01211313971' />
  <node id='-129886' lat='14.77166516873' lon='-17.01212546208' />
  <node id='-129887' lat='14.77166195456' lon='-17.01213510248' />
  <node id='-129888' lat='14.77165608552' lon='-17.0121527058' />
  <node id='-129889' lat='14.77165463205' lon='-17.01215706525' />
  <node id='-129890' lat='14.77164730954' lon='-17.01217902802' />
  <node id='-129891' lat='14.77300010112' lon='-17.00718394744' />
  <node id='-129892' lat='14.77312992834' lon='-17.00722397211' />
  <node id='-129893' lat='14.77318185558' lon='-17.00704607224' />
  <node id='-129894' lat='14.77309530407' lon='-17.00701938917' />
  <node id='-129895' lat='14.77305202832' lon='-17.00700604765' />
  <node id='-129896' lat='14.77304553742' lon='-17.00702828513' />
  <node id='-129897' lat='14.77303904653' lon='-17.00705052261' />
  <node id='-129898' lat='14.77303386506' lon='-17.00706827405' />
  <node id='-129899' lat='14.77302606473' lon='-17.00709499756' />
  <node id='-129900' lat='14.77301957383' lon='-17.00711723503' />
  <node id='-129901' lat='14.77301750408' lon='-17.0071243259' />
  <node id='-129902' lat='14.77297511199' lon='-17.00726955867' />
  <node id='-129903' lat='14.77296862107' lon='-17.00729179613' />
  <node id='-129904' lat='14.77296213015' lon='-17.00731403359' />
  <node id='-129905' lat='14.77295563923' lon='-17.00733627105' />
  <node id='-129906' lat='14.77294978588' lon='-17.00735632425' />
  <node id='-129907' lat='14.77293470401' lon='-17.00740799365' />
  <node id='-129908' lat='14.77292967553' lon='-17.00742522086' />
  <node id='-129909' lat='14.7729231846' lon='-17.00744745831' />
  <node id='-129910' lat='14.77296646032' lon='-17.00746079991' />
  <node id='-129911' lat='14.77305301176' lon='-17.00748748311' />
  <node id='-129912' lat='14.77310493918' lon='-17.00730958339' />
  <node id='-129913' lat='14.77306166345' lon='-17.00729624181' />
  <node id='-129914' lat='14.772847039' lon='-17.00770832694' />
  <node id='-129915' lat='14.77297686609' lon='-17.00774835187' />
  <node id='-129916' lat='14.7730287937' lon='-17.00757045229' />
  <node id='-129917' lat='14.77294224228' lon='-17.00754376905' />
  <node id='-129918' lat='14.77289896657' lon='-17.00753042744' />
  <node id='-129919' lat='14.77286496628' lon='-17.00764690964' />
  <node id='-129920' lat='14.7728600209' lon='-17.00766385207' />
  <node id='-129921' lat='14.7728560771' lon='-17.00767736318' />
  <node id='-129922' lat='14.77385329996' lon='-17.00764768364' />
  <node id='-129923' lat='14.77393739019' lon='-17.0076816775' />
  <node id='-129924' lat='14.7739794353' lon='-17.00769867444' />
  <node id='-129925' lat='14.77398770459' lon='-17.00767706924' />
  <node id='-129926' lat='14.77399000079' lon='-17.00767106994' />
  <node id='-129927' lat='14.77399764118' lon='-17.00765110787' />
  <node id='-129928' lat='14.77400424316' lon='-17.00763385884' />
  <node id='-129929' lat='14.77401251244' lon='-17.00761225363' />
  <node id='-129930' lat='14.77402078172' lon='-17.00759064842' />
  <node id='-129931' lat='14.774029051' lon='-17.00756904322' />
  <node id='-129932' lat='14.77403732028' lon='-17.007547438' />
  <node id='-129933' lat='14.77404558955' lon='-17.00752583279' />
  <node id='-129934' lat='14.77391945417' lon='-17.00747484206' />
  <node id='-129935' lat='14.77387416432' lon='-17.00759317122' />
  <node id='-129936' lat='14.77386983852' lon='-17.00760447325' />
  <node id='-129937' lat='14.77386156924' lon='-17.00762607844' />
  <node id='-129938' lat='14.77431928815' lon='-17.00703582665' />
  <node id='-129939' lat='14.77442491805' lon='-17.00706100776' />
  <node id='-129940' lat='14.77451746766' lon='-17.00665417621' />
  <node id='-129941' lat='14.77445587523' lon='-17.00663937718' />
  <node id='-129942' lat='14.77441600095' lon='-17.00662979646' />
  <node id='-129943' lat='14.77441188064' lon='-17.00662880646' />
  <node id='-129944' lat='14.77440673783' lon='-17.00665141346' />
  <node id='-129945' lat='14.77440159501' lon='-17.00667402046' />
  <node id='-129946' lat='14.77439645219' lon='-17.00669662745' />
  <node id='-129947' lat='14.77439130937' lon='-17.00671923445' />
  <node id='-129948' lat='14.77438616654' lon='-17.00674184144' />
  <node id='-129949' lat='14.77438102371' lon='-17.00676444844' />
  <node id='-129950' lat='14.77437588088' lon='-17.00678705543' />
  <node id='-129951' lat='14.77437073805' lon='-17.00680966242' />
  <node id='-129952' lat='14.77436559522' lon='-17.00683226941' />
  <node id='-129953' lat='14.77436045238' lon='-17.00685487639' />
  <node id='-129954' lat='14.77435530955' lon='-17.00687748338' />
  <node id='-129955' lat='14.77435016671' lon='-17.00690009036' />
  <node id='-129956' lat='14.77434551541' lon='-17.0069205366' />
  <node id='-129957' lat='14.77433988102' lon='-17.00694530433' />
  <node id='-129958' lat='14.77433473817' lon='-17.00696791131' />
  <node id='-129959' lat='14.77432959533' lon='-17.00699051829' />
  <node id='-129960' lat='14.77432445248' lon='-17.00701312527' />
  <node id='-129961' lat='14.77431930962' lon='-17.00703573225' />
  <node id='-129962' lat='14.77418717214' lon='-17.00761657927' />
  <node id='-129963' lat='14.77418715067' lon='-17.00761667368' />
  <node id='-129964' lat='14.77418200776' lon='-17.00763928062' />
  <node id='-129965' lat='14.77417686485' lon='-17.00766188756' />
  <node id='-129966' lat='14.77417172194' lon='-17.0076844945' />
  <node id='-129967' lat='14.77416657902' lon='-17.00770710144' />
  <node id='-129968' lat='14.77416143611' lon='-17.00772970837' />
  <node id='-129969' lat='14.77415629319' lon='-17.00775231531' />
  <node id='-129970' lat='14.77415115027' lon='-17.00777492224' />
  <node id='-129971' lat='14.77414600735' lon='-17.00779752917' />
  <node id='-129972' lat='14.77414086442' lon='-17.0078201361' />
  <node id='-129973' lat='14.7741357215' lon='-17.00784274303' />
  <node id='-129974' lat='14.77413057857' lon='-17.00786534996' />
  <node id='-129975' lat='14.77412543564' lon='-17.00788795688' />
  <node id='-129976' lat='14.7741202927' lon='-17.00791056381' />
  <node id='-129977' lat='14.77411514977' lon='-17.00793317073' />
  <node id='-129978' lat='14.77411000683' lon='-17.00795577765' />
  <node id='-129979' lat='14.77410486389' lon='-17.00797838457' />
  <node id='-129980' lat='14.77409972095' lon='-17.00800099149' />
  <node id='-129981' lat='14.77409457801' lon='-17.00802359841' />
  <node id='-129982' lat='14.7741385725' lon='-17.00803416938' />
  <node id='-129983' lat='14.77417046723' lon='-17.00804183304' />
  <node id='-129984' lat='14.77417072804' lon='-17.0080418957' />
  <node id='-129985' lat='14.77420016479' lon='-17.00804896875' />
  <node id='-129986' lat='14.77420462936' lon='-17.00802934376' />
  <node id='-129987' lat='14.77420463209' lon='-17.00802933177' />
  <node id='-129988' lat='14.77429271604' lon='-17.00764213826' />
  <node id='-129989' lat='14.7738747388' lon='-17.00896807367' />
  <node id='-129990' lat='14.77387473701' lon='-17.00896797673' />
  <node id='-129991' lat='14.77387430807' lon='-17.00894476439' />
  <node id='-129992' lat='14.77387387913' lon='-17.00892155204' />
  <node id='-129993' lat='14.77387381292' lon='-17.00891796872' />
  <node id='-129994' lat='14.77387345019' lon='-17.00889833969' />
  <node id='-129995' lat='14.77387302125' lon='-17.00887512734' />
  <node id='-129996' lat='14.77387234109' lon='-17.00883832058' />
  <node id='-129997' lat='14.77387216335' lon='-17.00882870265' />
  <node id='-129998' lat='14.7738717344' lon='-17.0088054903' />
  <node id='-129999' lat='14.77387087649' lon='-17.0087590656' />
  <node id='-130000' lat='14.77387044754' lon='-17.00873585325' />
  <node id='-130001' lat='14.77387001858' lon='-17.0087126409' />
  <node id='-130002' lat='14.77386958962' lon='-17.00868942855' />
  <node id='-130003' lat='14.77386916065' lon='-17.0086662162' />
  <node id='-130004' lat='14.77386873168' lon='-17.00864300385' />
  <node id='-130005' lat='14.77386830272' lon='-17.0086197915' />
  <node id='-130006' lat='14.77386787374' lon='-17.00859657915' />
  <node id='-130007' lat='14.77386744477' lon='-17.0085733668' />
  <node id='-130008' lat='14.77386701579' lon='-17.00855015445' />
  <node id='-130009' lat='14.77386658682' lon='-17.0085269421' />
  <node id='-130010' lat='14.77386615783' lon='-17.00850372974' />
  <node id='-130011' lat='14.77386598838' lon='-17.00849456064' />
  <node id='-130012' lat='14.77386507393' lon='-17.00844508001' />
  <node id='-130013' lat='14.77386447593' lon='-17.00841272256' />
  <node id='-130014' lat='14.77386444189' lon='-17.00841088034' />
  <node id='-130015' lat='14.77386272743' lon='-17.00831811346' />
  <node id='-130016' lat='14.7738627259' lon='-17.00831803092' />
  <node id='-130017' lat='14.77381755314' lon='-17.00831891271' />
  <node id='-130018' lat='14.77377238038' lon='-17.00831979449' />
  <node id='-130019' lat='14.7737823308' lon='-17.00885822387' />
  <node id='-130020' lat='14.77378438972' lon='-17.00896964309' />
  <node id='-130021' lat='14.77384449483' lon='-17.00896859903' />
  <node id='-130022' lat='14.77263263234' lon='-17.00876842957' />
  <node id='-130023' lat='14.77267739281' lon='-17.00877474926' />
  <node id='-130024' lat='14.77276691376' lon='-17.00878738865' />
  <node id='-130025' lat='14.77276998841' lon='-17.00876438827' />
  <node id='-130026' lat='14.77277245679' lon='-17.00874592318' />
  <node id='-130027' lat='14.77277365272' lon='-17.00873697686' />
  <node id='-130028' lat='14.7727761377' lon='-17.00871838752' />
  <node id='-130029' lat='14.77278228699' lon='-17.00867238675' />
  <node id='-130030' lat='14.77278535643' lon='-17.00864942531' />
  <node id='-130031' lat='14.77278536163' lon='-17.00864938637' />
  <node id='-130032' lat='14.77278559814' lon='-17.00864761711' />
  <node id='-130033' lat='14.77279151091' lon='-17.0086033856' />
  <node id='-130034' lat='14.77270198995' lon='-17.00859074628' />
  <node id='-130035' lat='14.77265722946' lon='-17.00858442663' />
  <node id='-130036' lat='14.77265415483' lon='-17.008607427' />
  <node id='-130037' lat='14.7726510802' lon='-17.00863042737' />
  <node id='-130038' lat='14.77265008607' lon='-17.00863786411' />
  <node id='-130039' lat='14.77264800556' lon='-17.00865342774' />
  <node id='-130040' lat='14.77264493092' lon='-17.00867642811' />
  <node id='-130041' lat='14.77264185628' lon='-17.00869942848' />
  <node id='-130042' lat='14.77263878164' lon='-17.00872242884' />
  <node id='-130043' lat='14.77263570699' lon='-17.00874542921' />
  <node id='-130044' lat='14.7729114964' lon='-17.01031774668' />
  <node id='-130045' lat='14.77304602639' lon='-17.01030075146' />
  <node id='-130046' lat='14.77304327023' lon='-17.01027770848' />
  <node id='-130047' lat='14.77304095837' lon='-17.01025838014' />
  <node id='-130048' lat='14.77303972659' lon='-17.01024808178' />
  <node id='-130049' lat='14.7730377579' lon='-17.0102316225' />
  <node id='-130050' lat='14.77303626194' lon='-17.01021911549' />
  <node id='-130051' lat='14.77303224556' lon='-17.01018553653' />
  <node id='-130052' lat='14.77302948938' lon='-17.01016249355' />
  <node id='-130053' lat='14.7730267332' lon='-17.01013945057' />
  <node id='-130054' lat='14.77302397703' lon='-17.01011640758' />
  <node id='-130055' lat='14.77293429036' lon='-17.0101277378' />
  <node id='-130056' lat='14.77288944703' lon='-17.01013340291' />
  <node id='-130057' lat='14.77289220321' lon='-17.01015644588' />
  <node id='-130058' lat='14.77289495939' lon='-17.01017948885' />
  <node id='-130059' lat='14.77289608534' lon='-17.01018890232' />
  <node id='-130060' lat='14.77289771556' lon='-17.01020253182' />
  <node id='-130061' lat='14.77290047174' lon='-17.01022557479' />
  <node id='-130062' lat='14.77290051857' lon='-17.01022596637' />
  <node id='-130063' lat='14.77290322791' lon='-17.01024861776' />
  <node id='-130064' lat='14.77185456999' lon='-17.01070242306' />
  <node id='-130065' lat='14.77185464523' lon='-17.01070236456' />
  <node id='-130066' lat='14.77187266092' lon='-17.0106883575' />
  <node id='-130067' lat='14.77189067662' lon='-17.01067435044' />
  <node id='-130068' lat='14.77190869231' lon='-17.01066034337' />
  <node id='-130069' lat='14.771926708' lon='-17.0106463363' />
  <node id='-130070' lat='14.7719447237' lon='-17.01063232923' />
  <node id='-130071' lat='14.77196273939' lon='-17.01061832216' />
  <node id='-130072' lat='14.77198075508' lon='-17.01060431509' />
  <node id='-130073' lat='14.77199877077' lon='-17.01059030801' />
  <node id='-130074' lat='14.77201678646' lon='-17.01057630093' />
  <node id='-130075' lat='14.77203480215' lon='-17.01056229385' />
  <node id='-130076' lat='14.77205281784' lon='-17.01054828676' />
  <node id='-130077' lat='14.77207083353' lon='-17.01053427968' />
  <node id='-130078' lat='14.77208884922' lon='-17.01052027259' />
  <node id='-130079' lat='14.77210686491' lon='-17.0105062655' />
  <node id='-130080' lat='14.77212488059' lon='-17.0104922584' />
  <node id='-130081' lat='14.77214289628' lon='-17.01047825131' />
  <node id='-130082' lat='14.77216091197' lon='-17.01046424421' />
  <node id='-130083' lat='14.77217892765' lon='-17.01045023711' />
  <node id='-130084' lat='14.77212526337' lon='-17.01037733738' />
  <node id='-130085' lat='14.7720980044' lon='-17.01034030773' />
  <node id='-130086' lat='14.77189996122' lon='-17.01049428522' />
  <node id='-130087' lat='14.77188194553' lon='-17.0105082923' />
  <node id='-130088' lat='14.77186440105' lon='-17.01052193301' />
  <node id='-130089' lat='14.77184591416' lon='-17.01053630645' />
  <node id='-130090' lat='14.77182789847' lon='-17.01055031353' />
  <node id='-130091' lat='14.77180988278' lon='-17.0105643206' />
  <node id='-130092' lat='14.77179186709' lon='-17.01057832767' />
  <node id='-130093' lat='14.7717738514' lon='-17.01059233474' />
  <node id='-130094' lat='14.77177379732' lon='-17.01059237679' />
  <node id='-130095' lat='14.77179380251' lon='-17.01173964301' />
  <node id='-130096' lat='14.77189642518' lon='-17.01177563518' />
  <node id='-130097' lat='14.77193918463' lon='-17.01179063193' />
  <node id='-130098' lat='14.77201237875' lon='-17.01157109543' />
  <node id='-130099' lat='14.77196963727' lon='-17.01155604476' />
  <node id='-130100' lat='14.77186705772' lon='-17.01151992319' />
  <node id='-130101' lat='14.77185973527' lon='-17.01154188601' />
  <node id='-130102' lat='14.77185241281' lon='-17.01156384882' />
  <node id='-130103' lat='14.77184509035' lon='-17.01158581164' />
  <node id='-130104' lat='14.77183776789' lon='-17.01160777445' />
  <node id='-130105' lat='14.77183044543' lon='-17.01162973726' />
  <node id='-130106' lat='14.77182312296' lon='-17.01165170007' />
  <node id='-130107' lat='14.7718158005' lon='-17.01167366288' />
  <node id='-130108' lat='14.77180847803' lon='-17.01169562568' />
  <node id='-130109' lat='14.77180180909' lon='-17.0117156283' />
  <node id='-130110' lat='14.77179647177' lon='-17.01173163689' />
  <node id='-130111' lat='14.77179383309' lon='-17.01173955129' />
  <node id='-130112' lat='14.77223473134' lon='-17.01176966533' />
  <node id='-130113' lat='14.77230639819' lon='-17.01171310291' />
  <node id='-130114' lat='14.77210062673' lon='-17.01143654149' />
  <node id='-130115' lat='14.77202884533' lon='-17.01149294993' />
  <node id='-130116' lat='14.77222677495' lon='-17.01175897174' />
  <node id='-130117' lat='14.77223467404' lon='-17.01176958831' />
  <node id='-130118' lat='14.77374769333' lon='-17.00936539977' />
  <node id='-130119' lat='14.77377895571' lon='-17.00936467781' />
  <node id='-130120' lat='14.77388320177' lon='-17.00936227041' />
  <node id='-130121' lat='14.77388269427' lon='-17.00933905974' />
  <node id='-130122' lat='14.77388234973' lon='-17.00932330195' />
  <node id='-130123' lat='14.77388184451' lon='-17.00930019582' />
  <node id='-130124' lat='14.77388162851' lon='-17.00929031673' />
  <node id='-130125' lat='14.77388066426' lon='-17.00924621706' />
  <node id='-130126' lat='14.77388015676' lon='-17.00922300639' />
  <node id='-130127' lat='14.77387992562' lon='-17.00921243542' />
  <node id='-130128' lat='14.77387914173' lon='-17.00917658505' />
  <node id='-130129' lat='14.77384297928' lon='-17.00917742019' />
  <node id='-130130' lat='14.77374363329' lon='-17.00917971452' />
  <node id='-130131' lat='14.7737441408' lon='-17.00920292518' />
  <node id='-130132' lat='14.77374464831' lon='-17.00922613584' />
  <node id='-130133' lat='14.77374515582' lon='-17.00924934649' />
  <node id='-130134' lat='14.77374586019' lon='-17.00928156041' />
  <node id='-130135' lat='14.77374617083' lon='-17.0092957678' />
  <node id='-130136' lat='14.77374667833' lon='-17.00931897846' />
  <node id='-130137' lat='14.77374697698' lon='-17.0093326369' />
  <node id='-130138' lat='14.7728992823' lon='-17.00791219703' />
  <node id='-130139' lat='14.77289920384' lon='-17.0079121432' />
  <node id='-130140' lat='14.77288041588' lon='-17.00789925203' />
  <node id='-130141' lat='14.77286162793' lon='-17.00788636086' />
  <node id='-130142' lat='14.77284283997' lon='-17.00787346969' />
  <node id='-130143' lat='14.77282405201' lon='-17.00786057853' />
  <node id='-130144' lat='14.77280526405' lon='-17.00784768737' />
  <node id='-130145' lat='14.77278647609' lon='-17.00783479621' />
  <node id='-130146' lat='14.77276768812' lon='-17.00782190505' />
  <node id='-130147' lat='14.77274890016' lon='-17.00780901389' />
  <node id='-130148' lat='14.7727301122' lon='-17.00779612274' />
  <node id='-130149' lat='14.77271132423' lon='-17.00778323159' />
  <node id='-130150' lat='14.77269253626' lon='-17.00777034044' />
  <node id='-130151' lat='14.7726737483' lon='-17.0077574493' />
  <node id='-130152' lat='14.77265496033' lon='-17.00774455815' />
  <node id='-130153' lat='14.77263617236' lon='-17.00773166701' />
  <node id='-130154' lat='14.77261738439' lon='-17.00771877587' />
  <node id='-130155' lat='14.77259859641' lon='-17.00770588474' />
  <node id='-130156' lat='14.77257980844' lon='-17.0076929936' />
  <node id='-130157' lat='14.77256102047' lon='-17.00768010247' />
  <node id='-130158' lat='14.77254223249' lon='-17.00766721134' />
  <node id='-130159' lat='14.77252344452' lon='-17.00765432022' />
  <node id='-130160' lat='14.77247327024' lon='-17.00773155443' />
  <node id='-130161' lat='14.77247494221' lon='-17.00773270163' />
  <node id='-130162' lat='14.77284885686' lon='-17.00798925903' />
  <node id='-130163' lat='14.77284895101' lon='-17.00798932363' />
  <node id='-130164' lat='14.77163905608' lon='-17.0093979002' />
  <node id='-130165' lat='14.77163909737' lon='-17.00939778812' />
  <node id='-130166' lat='14.77179907386' lon='-17.00896356788' />
  <node id='-130167' lat='14.7717145667' lon='-17.00893068463' />
  <node id='-130168' lat='14.77155461581' lon='-17.00936483548' />
  <node id='-130169' lat='14.77160186972' lon='-17.00938333894' />
  <node id='-130170' lat='14.77183085874' lon='-17.00887641089' />
  <node id='-130171' lat='14.77199087563' lon='-17.00844207769' />
  <node id='-130172' lat='14.77194862201' lon='-17.00842563614' />
  <node id='-130173' lat='14.77190636838' lon='-17.00840919459' />
  <node id='-130174' lat='14.77190625669' lon='-17.00840949776' />
  <node id='-130175' lat='14.77174641837' lon='-17.00884334632' />
  <node id='-130176' lat='14.77469655788' lon='-17.00901175025' />
  <node id='-130177' lat='14.77470017911' lon='-17.00894219988' />
  <node id='-130178' lat='14.77465523479' lon='-17.00893972829' />
  <node id='-130179' lat='14.77463481014' lon='-17.00893860508' />
  <node id='-130180' lat='14.77462488766' lon='-17.00893805942' />
  <node id='-130181' lat='14.77461011845' lon='-17.00893724723' />
  <node id='-130182' lat='14.77460802811' lon='-17.00893713228' />
  <node id='-130183' lat='14.77454244393' lon='-17.00893352565' />
  <node id='-130184' lat='14.77451988576' lon='-17.00893228512' />
  <node id='-130185' lat='14.77449732758' lon='-17.0089310446' />
  <node id='-130186' lat='14.77447476941' lon='-17.00892980407' />
  <node id='-130187' lat='14.77445221124' lon='-17.00892856355' />
  <node id='-130188' lat='14.77443004834' lon='-17.00892734476' />
  <node id='-130189' lat='14.77442965306' lon='-17.00892732302' />
  <node id='-130190' lat='14.77442154291' lon='-17.00892687703' />
  <node id='-130191' lat='14.77442028996' lon='-17.00892680812' />
  <node id='-130192' lat='14.77441759693' lon='-17.00892666003' />
  <node id='-130193' lat='14.77436197854' lon='-17.00892360145' />
  <node id='-130194' lat='14.77433942037' lon='-17.00892236093' />
  <node id='-130195' lat='14.7743168622' lon='-17.00892112041' />
  <node id='-130196' lat='14.77429430402' lon='-17.00891987989' />
  <node id='-130197' lat='14.77417687749' lon='-17.00891342237' />
  <node id='-130198' lat='14.77414471941' lon='-17.00891165394' />
  <node id='-130199' lat='14.77414262197' lon='-17.0089115386' />
  <node id='-130200' lat='14.77412371191' lon='-17.00900804127' />
  <node id='-130201' lat='14.77444381141' lon='-17.0089996798' />
  <node id='-130202' lat='14.77363367721' lon='-17.00548648639' />
  <node id='-130203' lat='14.77363382958' lon='-17.00548587714' />
  <node id='-130204' lat='14.77363394146' lon='-17.00548525868' />
  <node id='-130205' lat='14.77363401235' lon='-17.00548463385' />
  <node id='-130206' lat='14.77363404192' lon='-17.00548400553' />
  <node id='-130207' lat='14.77363403002' lon='-17.00548337659' />
  <node id='-130208' lat='14.77363397673' lon='-17.00548274992' />
  <node id='-130209' lat='14.77363388227' lon='-17.0054821284' />
  <node id='-130210' lat='14.77363374709' lon='-17.00548151487' />
  <node id='-130211' lat='14.7736335718' lon='-17.00548091216' />
  <node id='-130212' lat='14.77363335722' lon='-17.00548032302' />
  <node id='-130213' lat='14.77363310432' lon='-17.00547975017' />
  <node id='-130214' lat='14.77363281426' lon='-17.00547919623' />
  <node id='-130215' lat='14.77363248837' lon='-17.00547866374' />
  <node id='-130216' lat='14.77363212816' lon='-17.00547815514' />
  <node id='-130217' lat='14.77363173527' lon='-17.00547767277' />
  <node id='-130218' lat='14.77363131151' lon='-17.00547721885' />
  <node id='-130219' lat='14.77363085882' lon='-17.00547679545' />
  <node id='-130220' lat='14.77363037927' lon='-17.00547640451' />
  <node id='-130221' lat='14.77362987508' lon='-17.00547604784' />
  <node id='-130222' lat='14.77362934854' lon='-17.00547572707' />
  <node id='-130223' lat='14.77362880208' lon='-17.00547544367' />
  <node id='-130224' lat='14.77362823821' lon='-17.00547519893' />
  <node id='-130225' lat='14.77362765951' lon='-17.00547499399' />
  <node id='-130226' lat='14.77362706864' lon='-17.00547482979' />
  <node id='-130227' lat='14.77355786025' lon='-17.00545815962' />
  <node id='-130228' lat='14.77344357823' lon='-17.00595466319' />
  <node id='-130229' lat='14.77349623994' lon='-17.00596779329' />
  <node id='-130230' lat='14.76921057283' lon='-17.01213092066' />
  <node id='-130231' lat='14.76926898233' lon='-17.0121420153' />
  <node id='-130232' lat='14.76927721533' lon='-17.01214357912' />
  <node id='-130233' lat='14.76934198991' lon='-17.01215588279' />
  <node id='-130234' lat='14.76934385784' lon='-17.01215623759' />
  <node id='-130235' lat='14.769366072' lon='-17.01216045709' />
  <node id='-130236' lat='14.76938828617' lon='-17.01216467658' />
  <node id='-130237' lat='14.76939649775' lon='-17.01211901788' />
  <node id='-130238' lat='14.76941292088' lon='-17.01202770047' />
  <node id='-130239' lat='14.76938858231' lon='-17.01202307747' />
  <node id='-130240' lat='14.76936849254' lon='-17.01201926151' />
  <node id='-130241' lat='14.76934627837' lon='-17.01201504203' />
  <node id='-130242' lat='14.7693240642' lon='-17.01201082255' />
  <node id='-130243' lat='14.76930185002' lon='-17.01200660308' />
  <node id='-130244' lat='14.76927963585' lon='-17.0120023836' />
  <node id='-130245' lat='14.76925742168' lon='-17.01199816413' />
  <node id='-130246' lat='14.76923520751' lon='-17.01199394466' />
  <node id='-130247' lat='14.76922289018' lon='-17.01206243266' />
  <node id='-130248' lat='14.76938394969' lon='-17.0113146526' />
  <node id='-130249' lat='14.76942722517' lon='-17.0113279945' />
  <node id='-130250' lat='14.76942856187' lon='-17.0113284066' />
  <node id='-130251' lat='14.76944886291' lon='-17.01133466545' />
  <node id='-130252' lat='14.76947050064' lon='-17.0113413364' />
  <node id='-130253' lat='14.76949213838' lon='-17.01134800735' />
  <node id='-130254' lat='14.7695080807' lon='-17.0113529224' />
  <node id='-130255' lat='14.76951377612' lon='-17.01135467831' />
  <node id='-130256' lat='14.76953541385' lon='-17.01136134926' />
  <node id='-130257' lat='14.76955705159' lon='-17.01136802022' />
  <node id='-130258' lat='14.76957003397' lon='-17.01132354628' />
  <node id='-130259' lat='14.7695959987' lon='-17.01123459837' />
  <node id='-130260' lat='14.76956923845' lon='-17.01122634814' />
  <node id='-130261' lat='14.76955272322' lon='-17.01122125647' />
  <node id='-130262' lat='14.76953108548' lon='-17.01121458553' />
  <node id='-130263' lat='14.76950944774' lon='-17.01120791459' />
  <node id='-130264' lat='14.76948780999' lon='-17.01120124365' />
  <node id='-130265' lat='14.76946617225' lon='-17.01119457271' />
  <node id='-130266' lat='14.76944453451' lon='-17.01118790177' />
  <node id='-130267' lat='14.76942289676' lon='-17.01118123083' />
  <node id='-130268' lat='14.76940706772' lon='-17.01295437938' />
  <node id='-130269' lat='14.76941474379' lon='-17.01291170079' />
  <node id='-130270' lat='14.76941527977' lon='-17.01290872079' />
  <node id='-130271' lat='14.76941938579' lon='-17.01288589149' />
  <node id='-130272' lat='14.76942349181' lon='-17.01286306219' />
  <node id='-130273' lat='14.76942759782' lon='-17.01284023289' />
  <node id='-130274' lat='14.76943170384' lon='-17.01281740359' />
  <node id='-130275' lat='14.76943580985' lon='-17.01279457429' />
  <node id='-130276' lat='14.76943991586' lon='-17.01277174498' />
  <node id='-130277' lat='14.76944204497' lon='-17.01275990719' />
  <node id='-130278' lat='14.76944572693' lon='-17.01273943553' />
  <node id='-130279' lat='14.76944812787' lon='-17.01272608637' />
  <node id='-130280' lat='14.76945223387' lon='-17.01270325707' />
  <node id='-130281' lat='14.76945633987' lon='-17.01268042776' />
  <node id='-130282' lat='14.76946044587' lon='-17.01265759845' />
  <node id='-130283' lat='14.76946455187' lon='-17.01263476914' />
  <node id='-130284' lat='14.76946865786' lon='-17.01261193983' />
  <node id='-130285' lat='14.76947276386' lon='-17.01258911052' />
  <node id='-130286' lat='14.76944513311' lon='-17.0125838619' />
  <node id='-130287' lat='14.76942833561' lon='-17.01258067112' />
  <node id='-130288' lat='14.7694041558' lon='-17.01257607802' />
  <node id='-130289' lat='14.76938390736' lon='-17.01257223172' />
  <node id='-130290' lat='14.76933947911' lon='-17.01256379233' />
  <node id='-130291' lat='14.76933537312' lon='-17.01258662163' />
  <node id='-130292' lat='14.76933511915' lon='-17.01258803375' />
  <node id='-130293' lat='14.76933478655' lon='-17.01258988296' />
  <node id='-130294' lat='14.76932021195' lon='-17.01267091768' />
  <node id='-130295' lat='14.76930663115' lon='-17.0127464267' />
  <node id='-130296' lat='14.76930252514' lon='-17.01276925599' />
  <node id='-130297' lat='14.76927378304' lon='-17.01292906099' />
  <node id='-130298' lat='14.76880542436' lon='-17.01121663519' />
  <node id='-130299' lat='14.76896881423' lon='-17.01126700829' />
  <node id='-130300' lat='14.76897852631' lon='-17.01127000253' />
  <node id='-130301' lat='14.76899150866' lon='-17.01122552869' />
  <node id='-130302' lat='14.769004491' lon='-17.01118105484' />
  <node id='-130303' lat='14.76901747333' lon='-17.01113658099' />
  <node id='-130304' lat='14.76899583558' lon='-17.01112991007' />
  <node id='-130305' lat='14.76897419783' lon='-17.01112323916' />
  <node id='-130306' lat='14.76895618209' lon='-17.01111768492' />
  <node id='-130307' lat='14.76884437133' lon='-17.01108321373' />
  <node id='-130308' lat='14.76882820581' lon='-17.01254393615' />
  <node id='-130309' lat='14.7688402787' lon='-17.01250259068' />
  <node id='-130310' lat='14.76884119183' lon='-17.01249946351' />
  <node id='-130311' lat='14.76884574569' lon='-17.0124838681' />
  <node id='-130312' lat='14.76887033046' lon='-17.01239967365' />
  <node id='-130313' lat='14.76887365686' lon='-17.01238828188' />
  <node id='-130314' lat='14.76888014985' lon='-17.01236604554' />
  <node id='-130315' lat='14.76888020194' lon='-17.01236586716' />
  <node id='-130316' lat='14.76889221903' lon='-17.01232471266' />
  <node id='-130317' lat='14.76889313584' lon='-17.01232157288' />
  <node id='-130318' lat='14.76889342462' lon='-17.01232058392' />
  <node id='-130319' lat='14.76889816303' lon='-17.01230435645' />
  <node id='-130320' lat='14.76892112596' lon='-17.012225716' />
  <node id='-130321' lat='14.7689228779' lon='-17.01221971619' />
  <node id='-130322' lat='14.76892560079' lon='-17.01221039118' />
  <node id='-130323' lat='14.76893007531' lon='-17.01219506742' />
  <node id='-130324' lat='14.76893209377' lon='-17.01218815484' />
  <node id='-130325' lat='14.76893217431' lon='-17.01218787902' />
  <node id='-130326' lat='14.76896566114' lon='-17.01207319744' />
  <node id='-130327' lat='14.76898403756' lon='-17.01201026403' />
  <node id='-130328' lat='14.76893744355' lon='-17.01199589476' />
  <node id='-130329' lat='14.76885421438' lon='-17.01197022748' />
  <node id='-130330' lat='14.76869838276' lon='-17.01250389933' />
  <node id='-130331' lat='14.76875826176' lon='-17.01252236572' />
  <node id='-130332' lat='14.76879118115' lon='-17.01253251791' />
  <node id='-130333' lat='14.77077858704' lon='-17.0063932621' />
  <node id='-130334' lat='14.77065304664' lon='-17.00634074386' />
  <node id='-130335' lat='14.77064452952' lon='-17.00636224682' />
  <node id='-130336' lat='14.7706360124' lon='-17.00638374979' />
  <node id='-130337' lat='14.77063304958' lon='-17.00639122994' />
  <node id='-130338' lat='14.77061046103' lon='-17.00644825866' />
  <node id='-130339' lat='14.77060556019' lon='-17.00646063168' />
  <node id='-130340' lat='14.77059377225' lon='-17.00649039238' />
  <node id='-130341' lat='14.77059342678' lon='-17.00649126457' />
  <node id='-130342' lat='14.77059294403' lon='-17.00649248336' />
  <node id='-130343' lat='14.77058490965' lon='-17.00651276752' />
  <node id='-130344' lat='14.77057639252' lon='-17.00653427047' />
  <node id='-130345' lat='14.77057425053' lon='-17.00653967829' />
  <node id='-130346' lat='14.77051677255' lon='-17.00668479106' />
  <node id='-130347' lat='14.7705082554' lon='-17.00670629399' />
  <node id='-130348' lat='14.7705074055' lon='-17.0067084397' />
  <node id='-130349' lat='14.7704741868' lon='-17.00679230571' />
  <node id='-130350' lat='14.77046983664' lon='-17.0068032884' />
  <node id='-130351' lat='14.77044863533' lon='-17.00685681448' />
  <node id='-130352' lat='14.77049048208' lon='-17.00687432062' />
  <node id='-130353' lat='14.77053232884' lon='-17.00689182677' />
  <node id='-130354' lat='14.77057417559' lon='-17.00690933293' />
  <node id='-130355' lat='14.77058269275' lon='-17.00688783' />
  <node id='-130356' lat='14.77059120991' lon='-17.00686632707' />
  <node id='-130357' lat='14.77059322216' lon='-17.00686124683' />
  <node id='-130358' lat='14.77062527855' lon='-17.00678031533' />
  <node id='-130359' lat='14.7706255629' lon='-17.00677959743' />
  <node id='-130360' lat='14.77064070769' lon='-17.00674136194' />
  <node id='-130361' lat='14.77064231285' lon='-17.00673730944' />
  <node id='-130362' lat='14.77065083' lon='-17.0067158065' />
  <node id='-130363' lat='14.77065934715' lon='-17.00669430355' />
  <node id='-130364' lat='14.77066388534' lon='-17.00668284614' />
  <node id='-130365' lat='14.77068369535' lon='-17.00663283246' />
  <node id='-130366' lat='14.77068489859' lon='-17.0066297947' />
  <node id='-130367' lat='14.77068672388' lon='-17.00662518643' />
  <node id='-130368' lat='14.7707065603' lon='-17.00657510604' />
  <node id='-130369' lat='14.77071045' lon='-17.00656528583' />
  <node id='-130370' lat='14.77071896714' lon='-17.00654378287' />
  <node id='-130371' lat='14.77072714036' lon='-17.00652314819' />
  <node id='-130372' lat='14.77074451854' lon='-17.00647927398' />
  <node id='-130373' lat='14.77075303566' lon='-17.00645777101' />
  <node id='-130374' lat='14.77075608457' lon='-17.00645007352' />
  <node id='-130375' lat='14.77052029572' lon='-17.00595010884' />
  <node id='-130376' lat='14.77046689823' lon='-17.00593797432' />
  <node id='-130377' lat='14.77045412274' lon='-17.00593507111' />
  <node id='-130378' lat='14.77043893205' lon='-17.00593161905' />
  <node id='-130379' lat='14.77039822226' lon='-17.0059223678' />
  <node id='-130380' lat='14.77038794975' lon='-17.00592003339' />
  <node id='-130381' lat='14.77036589208' lon='-17.00591502081' />
  <node id='-130382' lat='14.77034383442' lon='-17.00591000824' />
  <node id='-130383' lat='14.77033407947' lon='-17.00595534547' />
  <node id='-130384' lat='14.7703243245' lon='-17.00600068269' />
  <node id='-130385' lat='14.77031456953' lon='-17.0060460199' />
  <node id='-130386' lat='14.77033662719' lon='-17.00605103248' />
  <node id='-130387' lat='14.77035868485' lon='-17.00605604506' />
  <node id='-130388' lat='14.77038074251' lon='-17.00606105765' />
  <node id='-130389' lat='14.77040280017' lon='-17.00606607024' />
  <node id='-130390' lat='14.77042485783' lon='-17.00607108282' />
  <node id='-130391' lat='14.77044691549' lon='-17.00607609541' />
  <node id='-130392' lat='14.77046897314' lon='-17.006081108' />
  <node id='-130393' lat='14.7704910308' lon='-17.0060861206' />
  <node id='-130394' lat='14.77051054076' lon='-17.0059954461' />
  <node id='-130395' lat='14.76904727269' lon='-17.00476228101' />
  <node id='-130396' lat='14.76891492443' lon='-17.00473221586' />
  <node id='-130397' lat='14.76879790371' lon='-17.00527626794' />
  <node id='-130398' lat='14.76893025186' lon='-17.00530633339' />
  <node id='-130399' lat='14.77019184283' lon='-17.00757666425' />
  <node id='-130400' lat='14.77019740906' lon='-17.00755416387' />
  <node id='-130401' lat='14.7702029753' lon='-17.00753166349' />
  <node id='-130402' lat='14.77020854153' lon='-17.0075091631' />
  <node id='-130403' lat='14.77021410776' lon='-17.00748666272' />
  <node id='-130404' lat='14.77021967398' lon='-17.00746416233' />
  <node id='-130405' lat='14.77022524021' lon='-17.00744166195' />
  <node id='-130406' lat='14.77023080643' lon='-17.00741916156' />
  <node id='-130407' lat='14.7702348558' lon='-17.00740279274' />
  <node id='-130408' lat='14.7702455418' lon='-17.00735959662' />
  <node id='-130409' lat='14.77024750509' lon='-17.00735166039' />
  <node id='-130410' lat='14.7702530713' lon='-17.00732915999' />
  <node id='-130411' lat='14.77025863752' lon='-17.0073066596' />
  <node id='-130412' lat='14.77026420373' lon='-17.0072841592' />
  <node id='-130413' lat='14.77026976994' lon='-17.0072616588' />
  <node id='-130414' lat='14.77027533614' lon='-17.0072391584' />
  <node id='-130415' lat='14.77028090235' lon='-17.007216658' />
  <node id='-130416' lat='14.77028127802' lon='-17.00721513939' />
  <node id='-130417' lat='14.77029055642' lon='-17.0071776331' />
  <node id='-130418' lat='14.77029203475' lon='-17.0071716572' />
  <node id='-130419' lat='14.77029460438' lon='-17.00716126992' />
  <node id='-130420' lat='14.77029958858' lon='-17.00714112212' />
  <node id='-130421' lat='14.77030316714' lon='-17.00712665639' />
  <node id='-130422' lat='14.77031716395' lon='-17.00707007661' />
  <node id='-130423' lat='14.77031986572' lon='-17.00705915516' />
  <node id='-130424' lat='14.77032543191' lon='-17.00703665475' />
  <node id='-130425' lat='14.77023785591' lon='-17.00701377333' />
  <node id='-130426' lat='14.77019406791' lon='-17.00700233262' />
  <node id='-130427' lat='14.77018850172' lon='-17.00702483303' />
  <node id='-130428' lat='14.77018293554' lon='-17.00704733342' />
  <node id='-130429' lat='14.77017736935' lon='-17.00706983382' />
  <node id='-130430' lat='14.77017180316' lon='-17.00709233422' />
  <node id='-130431' lat='14.77016748055' lon='-17.00710980764' />
  <node id='-130432' lat='14.7701661059' lon='-17.00711536443' />
  <node id='-130433' lat='14.77016067078' lon='-17.00713733501' />
  <node id='-130434' lat='14.77015510458' lon='-17.0071598354' />
  <node id='-130435' lat='14.77014953838' lon='-17.00718233579' />
  <node id='-130436' lat='14.77014397218' lon='-17.00720483618' />
  <node id='-130437' lat='14.77013840598' lon='-17.00722733657' />
  <node id='-130438' lat='14.77013283978' lon='-17.00724983695' />
  <node id='-130439' lat='14.77012727357' lon='-17.00727233734' />
  <node id='-130440' lat='14.77012377938' lon='-17.00728646197' />
  <node id='-130441' lat='14.77012170736' lon='-17.00729483772' />
  <node id='-130442' lat='14.77011614115' lon='-17.0073173381' />
  <node id='-130443' lat='14.77011458383' lon='-17.0073236333' />
  <node id='-130444' lat='14.77011057494' lon='-17.00733983848' />
  <node id='-130445' lat='14.77010500873' lon='-17.00736233886' />
  <node id='-130446' lat='14.77009944251' lon='-17.00738483924' />
  <node id='-130447' lat='14.77009387629' lon='-17.00740733961' />
  <node id='-130448' lat='14.77008831007' lon='-17.00742983999' />
  <node id='-130449' lat='14.77008274385' lon='-17.00745234036' />
  <node id='-130450' lat='14.77007717763' lon='-17.00747484074' />
  <node id='-130451' lat='14.7700716114' lon='-17.00749734111' />
  <node id='-130452' lat='14.77006604517' lon='-17.00751984148' />
  <node id='-130453' lat='14.77006047894' lon='-17.00754234184' />
  <node id='-130454' lat='14.77010426691' lon='-17.00755378264' />
  <node id='-130455' lat='14.77014805487' lon='-17.00756522344' />
  <node id='-130456' lat='14.76964046075' lon='-17.00762632209' />
  <node id='-130457' lat='14.76958660626' lon='-17.00761408337' />
  <node id='-130458' lat='14.76957428792' lon='-17.00761128396' />
  <node id='-130459' lat='14.76955806333' lon='-17.00760759683' />
  <node id='-130460' lat='14.76951725445' lon='-17.0075983228' />
  <node id='-130461' lat='14.76950811509' lon='-17.00759624584' />
  <node id='-130462' lat='14.76948605748' lon='-17.00759123313' />
  <node id='-130463' lat='14.76946399987' lon='-17.00758622043' />
  <node id='-130464' lat='14.76945424462' lon='-17.00763155736' />
  <node id='-130465' lat='14.7694347341' lon='-17.0077222312' />
  <node id='-130466' lat='14.76947273905' lon='-17.00773086804' />
  <node id='-130467' lat='14.76947884931' lon='-17.00773225663' />
  <node id='-130468' lat='14.76950090691' lon='-17.00773726935' />
  <node id='-130469' lat='14.76957305441' lon='-17.00775366529' />
  <node id='-130470' lat='14.76958913733' lon='-17.00775732023' />
  <node id='-130471' lat='14.76961119493' lon='-17.00776233295' />
  <node id='-130472' action='modify' lat='14.76833802683' lon='-17.00641971572' />
  <node id='-130473' action='modify' lat='14.76818991527' lon='-17.00624486598' />
  <node id='-130474' action='modify' lat='14.76803397986' lon='-17.00633588854' />
  <node id='-130475' action='modify' lat='14.77405877735' lon='-17.00905641849' />
  <node id='-130476' action='modify' lat='14.77405866149' lon='-17.0090569607' />
  <node id='-130477' action='modify' lat='14.76798831106' lon='-17.00677990797' />
  <node id='-130478' action='modify' lat='14.76779449962' lon='-17.00727664296' />
  <node id='-130479' action='modify' lat='14.76770530535' lon='-17.00750524599' />
  <node id='-130480' action='modify' lat='14.7674646595' lon='-17.00821714191' />
  <node id='-130481' action='modify' lat='14.76711731836' lon='-17.00619468163' />
  <node id='-130482' action='modify' lat='14.76565394593' lon='-17.01226007318' />
  <node id='-130483' action='modify' lat='14.76790965957' lon='-17.00630492091' />
  <node id='-130484' action='modify' lat='14.76923925995' lon='-17.00819772981' />
  <node id='-130485' action='modify' lat='14.76674813281' lon='-17.01056955495' />
  <node id='-130486' action='modify' lat='14.76715979513' lon='-17.01007996071' />
  <node id='-130487' action='modify' lat='14.76711704895' lon='-17.00936087058' />
  <node id='-130488' action='modify' lat='14.76696268674' lon='-17.00986962903' />
  <node id='-130489' action='modify' lat='14.76703754662' lon='-17.01008190406' />
  <node id='-130490' action='modify' lat='14.76683838888' lon='-17.01022531549' />
  <node id='-130491' action='modify' lat='14.76669315099' lon='-17.0100214159' />
  <node id='-130492' action='modify' lat='14.77063125183' lon='-17.01068461816' />
  <node id='-130493' action='modify' lat='14.77000572155' lon='-17.01048962226' />
  <node id='-130494' action='modify' lat='14.77088256688' lon='-17.0109902025' />
  <node id='-130495' action='modify' lat='14.77103388508' lon='-17.01055928141' />
  <node id='-130496' action='modify' lat='14.77094059308' lon='-17.01251781711' />
  <node id='-130497' action='modify' lat='14.77240773969' lon='-17.01247182933' />
  <node id='-130498' action='modify' lat='14.77303259743' lon='-17.01242546679' />
  <node id='-130499' action='modify' lat='14.77154956563' lon='-17.00915452095' />
  <node id='-130500' action='modify' lat='14.77176393844' lon='-17.00857136518' />
  <node id='-130501' action='modify' lat='14.77200633111' lon='-17.0089918077' />
  <node id='-130502' action='modify' lat='14.77411937654' lon='-17.00874698473' />
  <node id='-130503' action='modify' lat='14.77379672222' lon='-17.00906348388' />
  <node id='-130504' action='modify' lat='14.77426378994' lon='-17.0090512134' />
  <node id='-130505' action='modify' lat='14.77455446854' lon='-17.00675667617' />
  <node id='-130506' action='modify' lat='14.77438693' lon='-17.00624741651' />
  <node id='-130507' action='modify' lat='14.7733433198' lon='-17.00599275231' />
  <node id='-130508' action='modify' lat='14.77360287123' lon='-17.00575371643' />
  <node id='-130509' action='modify' lat='14.77400970865' lon='-17.00552525072' />
  <node id='-130510' action='modify' lat='14.77387836434' lon='-17.00509841064' />
  <node id='-130511' action='modify' lat='14.77404766723' lon='-17.00465564329' />
  <node id='-130512' action='modify' lat='14.77427087804' lon='-17.00447402277' />
  <node id='-130513' action='modify' lat='14.77387509779' lon='-17.0044703925' />
  <node id='-130514' action='modify' lat='14.76945853292' lon='-17.00670672224' />
  <node id='-130515' action='modify' lat='14.76973236893' lon='-17.00677794368' />
  <node id='-130516' action='modify' lat='14.76996845221' lon='-17.00683934615' />
  <node id='-130517' action='modify' lat='14.77018029134' lon='-17.00689411616' />
  <node id='-130518' action='modify' lat='14.76903288513' lon='-17.00659609654' />
  <node id='-130519' action='modify' lat='14.76920316116' lon='-17.00664030322' />
  <node id='-130520' action='modify' lat='14.76894984104' lon='-17.00657456866' />
  <node id='-130521' action='modify' lat='14.76863454878' lon='-17.00649185233' />
  <node id='-130522' action='modify' lat='14.77471028887' lon='-17.00961700219' />
  <node id='-130523' action='modify' lat='14.77468610395' lon='-17.01012750242' />
  <node id='-130524' action='modify' lat='14.77469463846' lon='-17.01059197659' />
  <node id='-130525' action='modify' lat='14.77468133306' lon='-17.01145518124' />
  <node id='-130526' action='modify' lat='14.77467442704' lon='-17.01154394823' />
  <node id='-130527' action='modify' lat='14.77438899367' lon='-17.0120438284' />
  <node id='-130528' action='modify' lat='14.77444578898' lon='-17.01106125562' />
  <node id='-130529' action='modify' lat='14.77443031759' lon='-17.01013235774' />
  <node id='-130530' action='modify' lat='14.77448164204' lon='-17.00904643107' />
  <node id='-130531' action='modify' lat='14.77441921184' lon='-17.01152104674' />
  <node id='-130532' action='modify' lat='14.77443808937' lon='-17.01059897305' />
  <node id='-130533' action='modify' lat='14.77445564647' lon='-17.0095964475' />
  <node id='-130534' action='modify' lat='14.77318721673' lon='-17.00533420575' />
  <node id='-130535' action='modify' lat='14.77293859803' lon='-17.00549745538' />
  <node id='-130536' action='modify' lat='14.77214735921' lon='-17.00567703201' />
  <node id='-130537' action='modify' lat='14.77197766629' lon='-17.00534645151' />
  <node id='-130538' action='modify' lat='14.77232099833' lon='-17.00516687692' />
  <node id='-130539' action='modify' lat='14.77250844753' lon='-17.00552194282' />
  <node id='-130540' action='modify' lat='14.76385593352' lon='-17.01958998564' />
  <node id='-130541' action='modify' lat='14.76361125064' lon='-17.02164693096' />
  <node id='-130542' action='modify' lat='14.76540295439' lon='-17.02170406833' />
  <node id='-130543' action='modify' lat='14.76571077865' lon='-17.02016952182' />
  <node id='-130544' action='modify' lat='14.77445601814' lon='-16.99915118934' />
  <node id='-130545' action='modify' lat='14.77128316706' lon='-16.99567397226' />
  <node id='-130546' action='modify' lat='14.77394299809' lon='-16.99387822636' />
  <node id='-130547' action='modify' lat='14.77527684768' lon='-16.99575559708' />
  <way id='-37775' action='modify'>
    <nd ref='-125454' />
    <nd ref='-130483' />
    <tag k='highway' v='primary' />
    <tag k='lanes' v='2' />
    <tag k='maxspeed' v='50' />
    <tag k='oneway' v='no' />
    <tag k='osm_type' v='way' />
    <tag k='sidewalk' v='both' />
    <tag k='surface' v='asphalt' />
    <tag k='width' v='11' />
  </way>
  <way id='-37776' action='modify'>
    <nd ref='-125462' />
    <nd ref='-125463' />
    <nd ref='-125464' />
    <nd ref='-125465' />
    <nd ref='-125466' />
    <nd ref='-125467' />
    <nd ref='-125468' />
    <nd ref='-125469' />
    <nd ref='-125470' />
    <nd ref='-125471' />
    <nd ref='-125472' />
    <nd ref='-125473' />
    <nd ref='-125474' />
    <nd ref='-125475' />
    <nd ref='-125476' />
    <nd ref='-125477' />
    <nd ref='-125478' />
    <nd ref='-125479' />
    <nd ref='-125480' />
    <nd ref='-125481' />
    <nd ref='-125482' />
    <tag k='highway' v='secondary' />
    <tag k='lanes' v='2' />
    <tag k='maxspeed' v='50' />
    <tag k='oneway' v='no' />
    <tag k='osm_type' v='way' />
    <tag k='sidewalk' v='both' />
    <tag k='surface' v='asphalt' />
    <tag k='width' v='9' />
  </way>
  <way id='-37777' action='modify'>
    <nd ref='-125486' />
    <nd ref='-130491' />
    <tag k='highway' v='service' />
    <tag k='lanes' v='2' />
    <tag k='maxspeed' v='30' />
    <tag k='oneway' v='no' />
    <tag k='osm_type' v='way' />
    <tag k='sidewalk' v='both' />
    <tag k='surface' v='asphalt' />
    <tag k='width' v='5' />
  </way>
  <way id='-37778'>
    <nd ref='-125487' />
    <nd ref='-125488' />
    <tag k='highway' v='service' />
    <tag k='lanes' v='2' />
    <tag k='maxspeed' v='30' />
    <tag k='oneway' v='no' />
    <tag k='osm_type' v='way' />
    <tag k='sidewalk' v='both' />
    <tag k='surface' v='asphalt' />
    <tag k='width' v='5' />
  </way>
  <way id='-37779'>
    <nd ref='-125489' />
    <nd ref='-125490' />
    <tag k='highway' v='service' />
    <tag k='lanes' v='2' />
    <tag k='maxspeed' v='30' />
    <tag k='oneway' v='no' />
    <tag k='osm_type' v='way' />
    <tag k='sidewalk' v='both' />
    <tag k='surface' v='asphalt' />
    <tag k='width' v='5' />
  </way>
  <way id='-37780'>
    <nd ref='-125491' />
    <nd ref='-125492' />
    <tag k='highway' v='service' />
    <tag k='lanes' v='2' />
    <tag k='maxspeed' v='30' />
    <tag k='oneway' v='no' />
    <tag k='osm_type' v='way' />
    <tag k='sidewalk' v='both' />
    <tag k='surface' v='asphalt' />
    <tag k='width' v='5' />
  </way>
  <way id='-37781' action='modify'>
    <nd ref='-125493' />
    <nd ref='-125492' />
    <nd ref='-125490' />
    <nd ref='-125488' />
    <nd ref='-125494' />
    <tag k='highway' v='service' />
    <tag k='lanes' v='2' />
    <tag k='maxspeed' v='30' />
    <tag k='oneway' v='no' />
    <tag k='osm_type' v='way' />
    <tag k='sidewalk' v='both' />
    <tag k='surface' v='asphalt' />
    <tag k='width' v='5' />
  </way>
  <way id='-37782'>
    <nd ref='-125495' />
    <nd ref='-125496' />
    <nd ref='-125497' />
    <tag k='highway' v='residential' />
    <tag k='lanes' v='2' />
    <tag k='maxspeed' v='30' />
    <tag k='oneway' v='no' />
    <tag k='osm_type' v='way' />
    <tag k='sidewalk' v='both' />
    <tag k='surface' v='asphalt' />
    <tag k='width' v='5' />
  </way>
  <way id='-37783'>
    <nd ref='-125495' />
    <nd ref='-125498' />
    <tag k='highway' v='residential' />
    <tag k='lanes' v='2' />
    <tag k='maxspeed' v='30' />
    <tag k='oneway' v='no' />
    <tag k='osm_type' v='way' />
    <tag k='sidewalk' v='both' />
    <tag k='surface' v='asphalt' />
    <tag k='width' v='5' />
  </way>
  <way id='-37784' action='modify'>
    <nd ref='-125499' />
    <nd ref='-125500' />
    <tag k='highway' v='residential' />
    <tag k='lanes' v='2' />
    <tag k='maxspeed' v='30' />
    <tag k='oneway' v='no' />
    <tag k='osm_type' v='way' />
    <tag k='sidewalk' v='both' />
    <tag k='surface' v='asphalt' />
    <tag k='width' v='5' />
  </way>
  <way id='-37785' action='modify'>
    <nd ref='-125501' />
    <nd ref='-125503' />
    <nd ref='-125502' />
    <tag k='highway' v='residential' />
    <tag k='lanes' v='2' />
    <tag k='maxspeed' v='30' />
    <tag k='oneway' v='no' />
    <tag k='osm_type' v='way' />
    <tag k='sidewalk' v='both' />
    <tag k='surface' v='asphalt' />
    <tag k='width' v='5' />
  </way>
  <way id='-37786'>
    <nd ref='-125503' />
    <nd ref='-125504' />
    <tag k='highway' v='residential' />
    <tag k='lanes' v='2' />
    <tag k='maxspeed' v='30' />
    <tag k='oneway' v='no' />
    <tag k='osm_type' v='way' />
    <tag k='sidewalk' v='both' />
    <tag k='surface' v='asphalt' />
    <tag k='width' v='5' />
  </way>
  <way id='-37787' action='modify'>
    <nd ref='-125502' />
    <nd ref='-125510' />
    <nd ref='-125505' />
    <tag k='highway' v='residential' />
    <tag k='lanes' v='2' />
    <tag k='maxspeed' v='30' />
    <tag k='oneway' v='no' />
    <tag k='osm_type' v='way' />
    <tag k='sidewalk' v='both' />
    <tag k='surface' v='asphalt' />
    <tag k='width' v='5' />
  </way>
  <way id='-37788' action='modify'>
    <nd ref='-125506' />
    <nd ref='-130474' />
    <nd ref='-130473' />
    <nd ref='-130472' />
    <nd ref='-125506' />
    <tag k='highway' v='primary' />
    <tag k='lanes' v='2' />
    <tag k='maxspeed' v='50' />
    <tag k='oneway' v='no' />
    <tag k='osm_type' v='way' />
    <tag k='sidewalk' v='both' />
    <tag k='surface' v='asphalt' />
    <tag k='width' v='11' />
  </way>
  <way id='-37789'>
    <nd ref='-125508' />
    <nd ref='-125505' />
    <tag k='highway' v='residential' />
    <tag k='lanes' v='2' />
    <tag k='maxspeed' v='30' />
    <tag k='oneway' v='no' />
    <tag k='osm_type' v='way' />
    <tag k='sidewalk' v='both' />
    <tag k='surface' v='asphalt' />
    <tag k='width' v='5' />
  </way>
  <way id='-37790'>
    <nd ref='-125509' />
    <nd ref='-125510' />
    <tag k='highway' v='residential' />
    <tag k='lanes' v='2' />
    <tag k='maxspeed' v='30' />
    <tag k='oneway' v='no' />
    <tag k='osm_type' v='way' />
    <tag k='sidewalk' v='both' />
    <tag k='surface' v='asphalt' />
    <tag k='width' v='5' />
  </way>
  <way id='-37791'>
    <nd ref='-125505' />
    <nd ref='-125511' />
    <tag k='highway' v='residential' />
    <tag k='lanes' v='2' />
    <tag k='maxspeed' v='30' />
    <tag k='oneway' v='no' />
    <tag k='osm_type' v='way' />
    <tag k='sidewalk' v='both' />
    <tag k='surface' v='asphalt' />
    <tag k='width' v='5' />
  </way>
  <way id='-37792' action='modify'>
    <nd ref='-125512' />
    <nd ref='-125513' />
    <nd ref='-125514' />
    <nd ref='-125515' />
    <nd ref='-125516' />
    <nd ref='-125517' />
    <nd ref='-125518' />
    <nd ref='-125519' />
    <nd ref='-125520' />
    <nd ref='-125521' />
    <nd ref='-125522' />
    <nd ref='-125523' />
    <nd ref='-125524' />
    <nd ref='-125525' />
    <nd ref='-125526' />
    <nd ref='-125527' />
    <nd ref='-125528' />
    <nd ref='-125529' />
    <nd ref='-125530' />
    <nd ref='-125531' />
    <nd ref='-125532' />
    <nd ref='-125533' />
    <nd ref='-125534' />
    <nd ref='-125535' />
    <nd ref='-125536' />
    <nd ref='-125731' />
    <nd ref='-125538' />
    <nd ref='-130485' />
    <tag k='highway' v='primary' />
    <tag k='lanes' v='2' />
    <tag k='maxspeed' v='50' />
    <tag k='oneway' v='no' />
    <tag k='osm_type' v='way' />
    <tag k='sidewalk' v='both' />
    <tag k='surface' v='asphalt' />
    <tag k='width' v='11' />
  </way>
  <way id='-37793'>
    <nd ref='-125537' />
    <nd ref='-125538' />
    <tag k='highway' v='service' />
    <tag k='lanes' v='2' />
    <tag k='maxspeed' v='30' />
    <tag k='oneway' v='no' />
    <tag k='osm_type' v='way' />
    <tag k='sidewalk' v='both' />
    <tag k='surface' v='asphalt' />
    <tag k='width' v='5' />
  </way>
  <way id='-37794' action='modify'>
    <nd ref='-125539' />
    <nd ref='-125895' />
    <nd ref='-125540' />
    <tag k='highway' v='residential' />
    <tag k='lanes' v='2' />
    <tag k='maxspeed' v='30' />
    <tag k='oneway' v='no' />
    <tag k='osm_type' v='way' />
    <tag k='sidewalk' v='both' />
    <tag k='surface' v='asphalt' />
    <tag k='width' v='5' />
  </way>
  <way id='-37795'>
    <nd ref='-125497' />
    <nd ref='-125541' />
    <tag k='highway' v='residential' />
    <tag k='lanes' v='2' />
    <tag k='maxspeed' v='30' />
    <tag k='oneway' v='no' />
    <tag k='osm_type' v='way' />
    <tag k='sidewalk' v='both' />
    <tag k='surface' v='asphalt' />
    <tag k='width' v='5' />
  </way>
  <way id='-37796' action='modify'>
    <nd ref='-125542' />
    <nd ref='-125661' />
    <nd ref='-125543' />
    <tag k='highway' v='residential' />
    <tag k='lanes' v='2' />
    <tag k='maxspeed' v='30' />
    <tag k='oneway' v='no' />
    <tag k='osm_type' v='way' />
    <tag k='sidewalk' v='both' />
    <tag k='surface' v='asphalt' />
    <tag k='width' v='5' />
  </way>
  <way id='-37797' action='modify'>
    <nd ref='-130498' />
    <nd ref='-125539' />
    <nd ref='-125574' />
    <nd ref='-125575' />
    <nd ref='-125576' />
    <nd ref='-125577' />
    <nd ref='-125578' />
    <nd ref='-125579' />
    <nd ref='-125580' />
    <nd ref='-125736' />
    <nd ref='-125581' />
    <nd ref='-125582' />
    <nd ref='-125583' />
    <nd ref='-125584' />
    <nd ref='-125585' />
    <nd ref='-125586' />
    <nd ref='-125587' />
    <nd ref='-125588' />
    <nd ref='-125589' />
    <nd ref='-125590' />
    <nd ref='-125591' />
    <nd ref='-125592' />
    <nd ref='-125593' />
    <nd ref='-125715' />
    <nd ref='-125594' />
    <nd ref='-125595' />
    <nd ref='-125596' />
    <nd ref='-125597' />
    <nd ref='-125716' />
    <nd ref='-125598' />
    <nd ref='-125599' />
    <tag k='highway' v='tertiary' />
    <tag k='lanes' v='2' />
    <tag k='maxspeed' v='50' />
    <tag k='oneway' v='no' />
    <tag k='osm_type' v='way' />
    <tag k='sidewalk' v='both' />
    <tag k='surface' v='asphalt' />
    <tag k='width' v='7' />
  </way>
  <way id='-37798'>
    <nd ref='-125661' />
    <nd ref='-125662' />
    <tag k='highway' v='residential' />
    <tag k='lanes' v='2' />
    <tag k='maxspeed' v='30' />
    <tag k='oneway' v='no' />
    <tag k='osm_type' v='way' />
    <tag k='sidewalk' v='both' />
    <tag k='surface' v='asphalt' />
    <tag k='width' v='5' />
  </way>
  <way id='-37799'>
    <nd ref='-125662' />
    <nd ref='-125663' />
    <tag k='highway' v='residential' />
    <tag k='lanes' v='2' />
    <tag k='maxspeed' v='30' />
    <tag k='oneway' v='no' />
    <tag k='osm_type' v='way' />
    <tag k='sidewalk' v='both' />
    <tag k='surface' v='asphalt' />
    <tag k='width' v='5' />
  </way>
  <way id='-37800'>
    <nd ref='-125664' />
    <nd ref='-125665' />
    <tag k='highway' v='residential' />
    <tag k='lanes' v='2' />
    <tag k='maxspeed' v='30' />
    <tag k='oneway' v='no' />
    <tag k='osm_type' v='way' />
    <tag k='sidewalk' v='both' />
    <tag k='surface' v='asphalt' />
    <tag k='width' v='5' />
  </way>
  <way id='-37801'>
    <nd ref='-125666' />
    <nd ref='-125667' />
    <nd ref='-125668' />
    <nd ref='-125669' />
    <nd ref='-125670' />
    <nd ref='-125671' />
    <nd ref='-125672' />
    <tag k='highway' v='residential' />
    <tag k='lanes' v='2' />
    <tag k='maxspeed' v='30' />
    <tag k='oneway' v='no' />
    <tag k='osm_type' v='way' />
    <tag k='sidewalk' v='both' />
    <tag k='surface' v='asphalt' />
    <tag k='width' v='5' />
  </way>
  <way id='-37802'>
    <nd ref='-125673' />
    <nd ref='-125674' />
    <nd ref='-125675' />
    <nd ref='-125676' />
    <nd ref='-125677' />
    <nd ref='-125678' />
    <tag k='highway' v='residential' />
    <tag k='lanes' v='2' />
    <tag k='maxspeed' v='30' />
    <tag k='oneway' v='no' />
    <tag k='osm_type' v='way' />
    <tag k='sidewalk' v='both' />
    <tag k='surface' v='asphalt' />
    <tag k='width' v='5' />
  </way>
  <way id='-37803' action='modify'>
    <nd ref='-125679' />
    <nd ref='-125680' />
    <nd ref='-125681' />
    <nd ref='-125682' />
    <nd ref='-125683' />
    <nd ref='-125684' />
    <nd ref='-125685' />
    <tag k='highway' v='residential' />
    <tag k='lanes' v='2' />
    <tag k='maxspeed' v='30' />
    <tag k='oneway' v='no' />
    <tag k='osm_type' v='way' />
    <tag k='sidewalk' v='both' />
    <tag k='surface' v='asphalt' />
    <tag k='width' v='5' />
  </way>
  <way id='-37804' action='modify'>
    <nd ref='-125672' />
    <nd ref='-125678' />
    <nd ref='-125894' />
    <nd ref='-125685' />
    <tag k='highway' v='residential' />
    <tag k='lanes' v='2' />
    <tag k='maxspeed' v='30' />
    <tag k='oneway' v='no' />
    <tag k='osm_type' v='way' />
    <tag k='sidewalk' v='both' />
    <tag k='surface' v='asphalt' />
    <tag k='width' v='5' />
  </way>
  <way id='-37805'>
    <nd ref='-125686' />
    <nd ref='-125687' />
    <tag k='highway' v='residential' />
    <tag k='lanes' v='2' />
    <tag k='maxspeed' v='30' />
    <tag k='oneway' v='no' />
    <tag k='osm_type' v='way' />
    <tag k='sidewalk' v='both' />
    <tag k='surface' v='asphalt' />
    <tag k='width' v='5' />
  </way>
  <way id='-37806' action='modify'>
    <nd ref='-125688' />
    <nd ref='-125728' />
    <nd ref='-125689' />
    <nd ref='-125690' />
    <nd ref='-125691' />
    <nd ref='-125692' />
    <tag k='highway' v='residential' />
    <tag k='lanes' v='2' />
    <tag k='maxspeed' v='30' />
    <tag k='oneway' v='no' />
    <tag k='osm_type' v='way' />
    <tag k='sidewalk' v='both' />
    <tag k='surface' v='asphalt' />
    <tag k='width' v='5' />
  </way>
  <way id='-37807'>
    <nd ref='-125693' />
    <nd ref='-125694' />
    <tag k='highway' v='residential' />
    <tag k='lanes' v='2' />
    <tag k='maxspeed' v='30' />
    <tag k='oneway' v='no' />
    <tag k='osm_type' v='way' />
    <tag k='sidewalk' v='both' />
    <tag k='surface' v='asphalt' />
    <tag k='width' v='5' />
  </way>
  <way id='-37808'>
    <nd ref='-125695' />
    <nd ref='-125696' />
    <tag k='highway' v='residential' />
    <tag k='lanes' v='2' />
    <tag k='maxspeed' v='30' />
    <tag k='oneway' v='no' />
    <tag k='osm_type' v='way' />
    <tag k='sidewalk' v='both' />
    <tag k='surface' v='asphalt' />
    <tag k='width' v='5' />
  </way>
  <way id='-37809' action='modify'>
    <nd ref='-125697' />
    <nd ref='-130530' />
    <nd ref='-125698' />
    <nd ref='-130504' />
    <tag k='highway' v='residential' />
    <tag k='lanes' v='2' />
    <tag k='maxspeed' v='30' />
    <tag k='oneway' v='no' />
    <tag k='osm_type' v='way' />
    <tag k='sidewalk' v='both' />
    <tag k='surface' v='asphalt' />
    <tag k='width' v='5' />
  </way>
  <way id='-37810'>
    <nd ref='-125701' />
    <nd ref='-125702' />
    <nd ref='-125703' />
    <nd ref='-125704' />
    <tag k='highway' v='residential' />
    <tag k='lanes' v='2' />
    <tag k='maxspeed' v='30' />
    <tag k='oneway' v='no' />
    <tag k='osm_type' v='way' />
    <tag k='sidewalk' v='both' />
    <tag k='surface' v='asphalt' />
    <tag k='width' v='5' />
  </way>
  <way id='-37811'>
    <nd ref='-125705' />
    <nd ref='-125706' />
    <nd ref='-125707' />
    <tag k='highway' v='residential' />
    <tag k='lanes' v='2' />
    <tag k='maxspeed' v='30' />
    <tag k='oneway' v='no' />
    <tag k='osm_type' v='way' />
    <tag k='sidewalk' v='both' />
    <tag k='surface' v='asphalt' />
    <tag k='width' v='5' />
  </way>
  <way id='-37812' action='modify'>
    <nd ref='-125708' />
    <nd ref='-130501' />
    <tag k='highway' v='residential' />
    <tag k='lanes' v='2' />
    <tag k='maxspeed' v='30' />
    <tag k='oneway' v='no' />
    <tag k='osm_type' v='way' />
    <tag k='sidewalk' v='both' />
    <tag k='surface' v='asphalt' />
    <tag k='width' v='5' />
  </way>
  <way id='-37813' action='modify'>
    <nd ref='-125710' />
    <nd ref='-125704' />
    <nd ref='-125711' />
    <nd ref='-125700' />
    <nd ref='-125712' />
    <nd ref='-125705' />
    <nd ref='-125713' />
    <nd ref='-125708' />
    <nd ref='-125710' />
    <tag k='highway' v='residential' />
    <tag k='lanes' v='2' />
    <tag k='maxspeed' v='30' />
    <tag k='oneway' v='no' />
    <tag k='osm_type' v='way' />
    <tag k='sidewalk' v='both' />
    <tag k='surface' v='asphalt' />
    <tag k='width' v='5' />
  </way>
  <way id='-37814'>
    <nd ref='-125696' />
    <nd ref='-125714' />
    <tag k='highway' v='residential' />
    <tag k='lanes' v='2' />
    <tag k='maxspeed' v='30' />
    <tag k='oneway' v='no' />
    <tag k='osm_type' v='way' />
    <tag k='sidewalk' v='both' />
    <tag k='surface' v='asphalt' />
    <tag k='width' v='5' />
  </way>
  <way id='-37815' action='modify'>
    <nd ref='-125694' />
    <nd ref='-130527' />
    <nd ref='-125715' />
    <tag k='highway' v='residential' />
    <tag k='lanes' v='2' />
    <tag k='maxspeed' v='30' />
    <tag k='oneway' v='no' />
    <tag k='osm_type' v='way' />
    <tag k='sidewalk' v='both' />
    <tag k='surface' v='asphalt' />
    <tag k='width' v='5' />
  </way>
  <way id='-37816' action='modify'>
    <nd ref='-125716' />
    <nd ref='-130528' />
    <nd ref='-125726' />
    <nd ref='-125717' />
    <tag k='highway' v='residential' />
    <tag k='lanes' v='2' />
    <tag k='maxspeed' v='30' />
    <tag k='oneway' v='no' />
    <tag k='osm_type' v='way' />
    <tag k='sidewalk' v='both' />
    <tag k='surface' v='asphalt' />
    <tag k='width' v='5' />
  </way>
  <way id='-37817' action='modify'>
    <nd ref='-125718' />
    <nd ref='-130523' />
    <nd ref='-130529' />
    <nd ref='-125598' />
    <tag k='highway' v='residential' />
    <tag k='lanes' v='2' />
    <tag k='maxspeed' v='30' />
    <tag k='oneway' v='no' />
    <tag k='osm_type' v='way' />
    <tag k='sidewalk' v='both' />
    <tag k='surface' v='asphalt' />
    <tag k='width' v='5' />
  </way>
  <way id='-37818' action='modify'>
    <nd ref='-130526' />
    <nd ref='-125719' />
    <tag k='highway' v='residential' />
    <tag k='lanes' v='2' />
    <tag k='maxspeed' v='30' />
    <tag k='oneway' v='no' />
    <tag k='osm_type' v='way' />
    <tag k='sidewalk' v='both' />
    <tag k='surface' v='asphalt' />
    <tag k='width' v='5' />
  </way>
  <way id='-37819' action='modify'>
    <nd ref='-125722' />
    <nd ref='-125723' />
    <nd ref='-125697' />
    <nd ref='-125737' />
    <nd ref='-130522' />
    <nd ref='-125724' />
    <nd ref='-125725' />
    <nd ref='-130523' />
    <tag k='highway' v='residential' />
    <tag k='lanes' v='2' />
    <tag k='maxspeed' v='30' />
    <tag k='oneway' v='no' />
    <tag k='osm_type' v='way' />
    <tag k='sidewalk' v='both' />
    <tag k='surface' v='asphalt' />
    <tag k='width' v='5' />
  </way>
  <way id='-37820' action='modify'>
    <nd ref='-130508' />
    <nd ref='-125729' />
    <nd ref='-130510' />
    <tag k='highway' v='residential' />
    <tag k='lanes' v='2' />
    <tag k='maxspeed' v='30' />
    <tag k='oneway' v='no' />
    <tag k='osm_type' v='way' />
    <tag k='sidewalk' v='both' />
    <tag k='surface' v='asphalt' />
    <tag k='width' v='5' />
  </way>
  <way id='-37821' action='modify'>
    <nd ref='-130482' />
    <nd ref='-125731' />
    <tag k='highway' v='service' />
    <tag k='lanes' v='2' />
    <tag k='maxspeed' v='30' />
    <tag k='oneway' v='no' />
    <tag k='osm_type' v='way' />
    <tag k='sidewalk' v='both' />
    <tag k='surface' v='asphalt' />
    <tag k='width' v='5' />
  </way>
  <way id='-37822' action='modify'>
    <nd ref='-125732' />
    <nd ref='-125688' />
    <nd ref='-125733' />
    <nd ref='-125734' />
    <tag k='highway' v='residential' />
    <tag k='lanes' v='2' />
    <tag k='maxspeed' v='30' />
    <tag k='oneway' v='no' />
    <tag k='osm_type' v='way' />
    <tag k='sidewalk' v='both' />
    <tag k='surface' v='asphalt' />
    <tag k='width' v='5' />
  </way>
  <way id='-37823' action='modify'>
    <nd ref='-125688' />
    <nd ref='-125735' />
    <nd ref='-125714' />
    <nd ref='-125736' />
    <tag k='highway' v='residential' />
    <tag k='lanes' v='2' />
    <tag k='maxspeed' v='30' />
    <tag k='oneway' v='no' />
    <tag k='osm_type' v='way' />
    <tag k='sidewalk' v='both' />
    <tag k='surface' v='asphalt' />
    <tag k='width' v='5' />
  </way>
  <way id='-37824'>
    <nd ref='-125737' />
    <nd ref='-125738' />
    <tag k='highway' v='residential' />
    <tag k='lanes' v='2' />
    <tag k='maxspeed' v='30' />
    <tag k='oneway' v='no' />
    <tag k='osm_type' v='way' />
    <tag k='sidewalk' v='both' />
    <tag k='surface' v='asphalt' />
    <tag k='width' v='5' />
  </way>
  <way id='-37825' action='modify'>
    <nd ref='-130509' />
    <nd ref='-125739' />
    <nd ref='-125740' />
    <nd ref='-125741' />
    <tag k='highway' v='residential' />
    <tag k='lanes' v='2' />
    <tag k='maxspeed' v='30' />
    <tag k='oneway' v='no' />
    <tag k='osm_type' v='way' />
    <tag k='sidewalk' v='both' />
    <tag k='surface' v='asphalt' />
    <tag k='width' v='5' />
  </way>
  <way id='-37826'>
    <nd ref='-125742' />
    <nd ref='-125743' />
    <nd ref='-125744' />
    <nd ref='-125745' />
    <nd ref='-125746' />
    <nd ref='-125747' />
    <nd ref='-125748' />
    <nd ref='-125749' />
    <nd ref='-125750' />
    <nd ref='-125751' />
    <nd ref='-125752' />
    <nd ref='-125753' />
    <nd ref='-125754' />
    <nd ref='-125755' />
    <nd ref='-125756' />
    <nd ref='-125757' />
    <nd ref='-125758' />
    <nd ref='-125759' />
    <nd ref='-125760' />
    <nd ref='-125761' />
    <nd ref='-125762' />
    <nd ref='-125763' />
    <nd ref='-125764' />
    <nd ref='-125765' />
    <nd ref='-125766' />
    <nd ref='-125767' />
    <nd ref='-125768' />
    <nd ref='-125769' />
    <nd ref='-125770' />
    <nd ref='-125771' />
    <nd ref='-125772' />
    <nd ref='-125773' />
    <nd ref='-125774' />
    <nd ref='-125775' />
    <nd ref='-125776' />
    <nd ref='-125777' />
    <nd ref='-125778' />
    <nd ref='-125779' />
    <nd ref='-125780' />
    <nd ref='-125781' />
    <nd ref='-125782' />
    <nd ref='-125783' />
    <nd ref='-125784' />
    <nd ref='-125785' />
    <nd ref='-125786' />
    <nd ref='-125787' />
    <tag k='highway' v='residential' />
    <tag k='lanes' v='2' />
    <tag k='maxspeed' v='30' />
    <tag k='oneway' v='no' />
    <tag k='osm_type' v='way' />
    <tag k='sidewalk' v='both' />
    <tag k='surface' v='asphalt' />
    <tag k='width' v='5' />
  </way>
  <way id='-37827'>
    <nd ref='-125788' />
    <nd ref='-125789' />
    <nd ref='-125790' />
    <tag k='highway' v='residential' />
    <tag k='lanes' v='2' />
    <tag k='maxspeed' v='30' />
    <tag k='oneway' v='no' />
    <tag k='osm_type' v='way' />
    <tag k='sidewalk' v='both' />
    <tag k='surface' v='asphalt' />
    <tag k='width' v='5' />
  </way>
  <way id='-37828'>
    <nd ref='-125741' />
    <nd ref='-125791' />
    <nd ref='-125792' />
    <nd ref='-125793' />
    <nd ref='-125794' />
    <nd ref='-125795' />
    <nd ref='-125796' />
    <nd ref='-125797' />
    <nd ref='-125798' />
    <nd ref='-125799' />
    <nd ref='-125800' />
    <nd ref='-125801' />
    <nd ref='-125802' />
    <nd ref='-125803' />
    <nd ref='-125804' />
    <nd ref='-125805' />
    <nd ref='-125806' />
    <nd ref='-125807' />
    <nd ref='-125808' />
    <nd ref='-125809' />
    <nd ref='-125810' />
    <nd ref='-125811' />
    <nd ref='-125812' />
    <nd ref='-125813' />
    <nd ref='-125814' />
    <nd ref='-125815' />
    <nd ref='-125816' />
    <nd ref='-125817' />
    <nd ref='-125818' />
    <nd ref='-125819' />
    <nd ref='-125820' />
    <nd ref='-125821' />
    <nd ref='-125822' />
    <nd ref='-125823' />
    <nd ref='-125824' />
    <nd ref='-125825' />
    <nd ref='-125826' />
    <nd ref='-125827' />
    <nd ref='-125828' />
    <nd ref='-125829' />
    <nd ref='-125830' />
    <nd ref='-125831' />
    <nd ref='-125832' />
    <nd ref='-125833' />
    <nd ref='-125834' />
    <nd ref='-125835' />
    <nd ref='-125836' />
    <tag k='highway' v='residential' />
    <tag k='lanes' v='2' />
    <tag k='maxspeed' v='30' />
    <tag k='oneway' v='no' />
    <tag k='osm_type' v='way' />
    <tag k='sidewalk' v='both' />
    <tag k='surface' v='asphalt' />
    <tag k='width' v='5' />
  </way>
  <way id='-37829'>
    <nd ref='-125837' />
    <nd ref='-125838' />
    <tag k='highway' v='residential' />
    <tag k='lanes' v='2' />
    <tag k='maxspeed' v='30' />
    <tag k='oneway' v='no' />
    <tag k='osm_type' v='way' />
    <tag k='sidewalk' v='both' />
    <tag k='surface' v='asphalt' />
    <tag k='width' v='5' />
  </way>
  <way id='-37830'>
    <nd ref='-125839' />
    <nd ref='-125840' />
    <nd ref='-125841' />
    <nd ref='-125842' />
    <nd ref='-125843' />
    <nd ref='-125844' />
    <nd ref='-125845' />
    <nd ref='-125846' />
    <nd ref='-125847' />
    <nd ref='-125848' />
    <nd ref='-125849' />
    <nd ref='-125850' />
    <nd ref='-125851' />
    <nd ref='-125852' />
    <nd ref='-125853' />
    <nd ref='-125854' />
    <nd ref='-125855' />
    <nd ref='-125856' />
    <nd ref='-125857' />
    <nd ref='-125858' />
    <nd ref='-125859' />
    <nd ref='-125860' />
    <nd ref='-125861' />
    <nd ref='-125862' />
    <nd ref='-125863' />
    <nd ref='-125864' />
    <nd ref='-125865' />
    <nd ref='-125866' />
    <nd ref='-125867' />
    <nd ref='-125868' />
    <nd ref='-125869' />
    <nd ref='-125870' />
    <nd ref='-125871' />
    <nd ref='-125872' />
    <nd ref='-125873' />
    <nd ref='-125874' />
    <nd ref='-125875' />
    <nd ref='-125876' />
    <nd ref='-125877' />
    <nd ref='-125878' />
    <nd ref='-125879' />
    <nd ref='-125880' />
    <nd ref='-125881' />
    <nd ref='-125882' />
    <nd ref='-125883' />
    <nd ref='-125884' />
    <nd ref='-125885' />
    <tag k='highway' v='residential' />
    <tag k='lanes' v='2' />
    <tag k='maxspeed' v='30' />
    <tag k='oneway' v='no' />
    <tag k='osm_type' v='way' />
    <tag k='sidewalk' v='both' />
    <tag k='surface' v='asphalt' />
    <tag k='width' v='5' />
  </way>
  <way id='-37831'>
    <nd ref='-125886' />
    <nd ref='-125887' />
    <nd ref='-125888' />
    <tag k='highway' v='residential' />
    <tag k='lanes' v='2' />
    <tag k='maxspeed' v='30' />
    <tag k='oneway' v='no' />
    <tag k='osm_type' v='way' />
    <tag k='sidewalk' v='both' />
    <tag k='surface' v='asphalt' />
    <tag k='width' v='5' />
  </way>
  <way id='-37832' action='modify'>
    <nd ref='-130513' />
    <nd ref='-125890' />
    <nd ref='-125888' />
    <nd ref='-125891' />
    <tag k='highway' v='residential' />
    <tag k='lanes' v='2' />
    <tag k='maxspeed' v='30' />
    <tag k='oneway' v='no' />
    <tag k='osm_type' v='way' />
    <tag k='sidewalk' v='both' />
    <tag k='surface' v='asphalt' />
    <tag k='width' v='5' />
  </way>
  <way id='-37833' action='modify'>
    <nd ref='-125892' />
    <nd ref='-130511' />
    <tag k='highway' v='residential' />
    <tag k='lanes' v='2' />
    <tag k='maxspeed' v='30' />
    <tag k='oneway' v='no' />
    <tag k='osm_type' v='way' />
    <tag k='sidewalk' v='both' />
    <tag k='surface' v='asphalt' />
    <tag k='width' v='5' />
  </way>
  <way id='-37834' action='modify'>
    <nd ref='-125893' />
    <nd ref='-125894' />
    <tag k='highway' v='pedestrian' />
    <tag k='lanes' v='2' />
    <tag k='maxspeed' v='30' />
    <tag k='oneway' v='no' />
    <tag k='osm_type' v='way' />
    <tag k='sidewalk' v='both' />
    <tag k='surface' v='asphalt' />
    <tag k='width' v='5' />
  </way>
  <way id='-37835'>
    <nd ref='-125895' />
    <nd ref='-125664' />
    <tag k='highway' v='residential' />
    <tag k='lanes' v='2' />
    <tag k='maxspeed' v='30' />
    <tag k='oneway' v='no' />
    <tag k='osm_type' v='way' />
    <tag k='sidewalk' v='both' />
    <tag k='surface' v='asphalt' />
    <tag k='width' v='5' />
  </way>
  <way id='-37836' action='modify'>
    <nd ref='-125502' />
    <nd ref='-125896' />
    <nd ref='-130484' />
    <nd ref='-125897' />
    <nd ref='-125898' />
    <nd ref='-125899' />
    <nd ref='-125900' />
    <nd ref='-125901' />
    <nd ref='-125709' />
    <tag k='highway' v='pedestrian' />
    <tag k='surface' v='paving_stones' />
  </way>
  <way id='-37837' action='modify'>
    <nd ref='-125905' />
    <nd ref='-125906' />
    <nd ref='-125907' />
    <nd ref='-125908' />
    <nd ref='-125909' />
    <nd ref='-125910' />
    <nd ref='-125911' />
    <nd ref='-125912' />
    <nd ref='-125913' />
    <nd ref='-125914' />
    <nd ref='-125915' />
    <nd ref='-125903' />
    <nd ref='-125916' />
    <nd ref='-125917' />
    <nd ref='-125918' />
    <nd ref='-125512' />
    <nd ref='-125919' />
    <nd ref='-125920' />
    <nd ref='-125921' />
    <nd ref='-125922' />
    <nd ref='-125923' />
    <nd ref='-125924' />
    <nd ref='-125454' />
    <nd ref='-125925' />
    <nd ref='-125902' />
    <nd ref='-125926' />
    <nd ref='-125904' />
    <nd ref='-125927' />
    <nd ref='-125928' />
    <nd ref='-125929' />
    <nd ref='-125930' />
    <nd ref='-125931' />
    <nd ref='-125932' />
    <nd ref='-125933' />
    <nd ref='-125934' />
    <nd ref='-125935' />
    <nd ref='-125936' />
    <nd ref='-125937' />
    <nd ref='-125938' />
    <nd ref='-125939' />
    <nd ref='-125940' />
    <nd ref='-125941' />
    <nd ref='-125942' />
    <nd ref='-125943' />
    <nd ref='-125944' />
    <nd ref='-125945' />
    <nd ref='-125946' />
    <nd ref='-125947' />
    <nd ref='-125948' />
    <nd ref='-125949' />
    <nd ref='-125950' />
    <nd ref='-125951' />
    <nd ref='-125952' />
    <nd ref='-125953' />
    <tag k='full_id' v='w25778913' />
    <tag k='highway' v='trunk' />
    <tag k='lanes' v='2' />
    <tag k='maxspeed' v='90' />
    <tag k='oneway' v='no' />
    <tag k='osm_id' v='25778913' />
    <tag k='osm_type' v='way' />
    <tag k='ref' v='N 2' />
    <tag k='sidewalk' v='no' />
    <tag k='surface' v='asphalt' />
    <tag k='width' v='7' />
  </way>
  <way id='-37838'>
    <nd ref='-125954' />
    <nd ref='-125955' />
    <nd ref='-125956' />
    <nd ref='-125957' />
    <nd ref='-125954' />
    <tag k='building' v='apartments' />
    <tag k='id' v='1' />
    <tag k='levels' v='5' />
  </way>
  <way id='-37839'>
    <nd ref='-125958' />
    <nd ref='-125959' />
    <nd ref='-125960' />
    <nd ref='-125961' />
    <nd ref='-125958' />
    <tag k='building' v='apartments' />
    <tag k='id' v='2' />
    <tag k='levels' v='5' />
  </way>
  <way id='-37840'>
    <nd ref='-125962' />
    <nd ref='-125963' />
    <nd ref='-125964' />
    <nd ref='-125965' />
    <nd ref='-125962' />
    <tag k='building' v='apartments' />
    <tag k='id' v='3' />
    <tag k='levels' v='5' />
  </way>
  <way id='-37841'>
    <nd ref='-125966' />
    <nd ref='-125967' />
    <nd ref='-125968' />
    <nd ref='-125969' />
    <nd ref='-125966' />
    <tag k='building' v='apartments' />
    <tag k='id' v='4' />
    <tag k='levels' v='5' />
  </way>
  <way id='-37842'>
    <nd ref='-125970' />
    <nd ref='-125971' />
    <nd ref='-125972' />
    <nd ref='-125973' />
    <nd ref='-125970' />
    <tag k='building' v='apartments' />
    <tag k='id' v='5' />
    <tag k='levels' v='5' />
  </way>
  <way id='-37843'>
    <nd ref='-125974' />
    <nd ref='-125975' />
    <nd ref='-125976' />
    <nd ref='-125977' />
    <nd ref='-125974' />
    <tag k='building' v='apartments' />
    <tag k='id' v='6' />
    <tag k='levels' v='5' />
  </way>
  <way id='-37844'>
    <nd ref='-125978' />
    <nd ref='-125979' />
    <nd ref='-125980' />
    <nd ref='-125981' />
    <nd ref='-125978' />
    <tag k='building' v='apartments' />
    <tag k='id' v='7' />
    <tag k='levels' v='5' />
  </way>
  <way id='-37845'>
    <nd ref='-125982' />
    <nd ref='-125983' />
    <nd ref='-125984' />
    <nd ref='-125985' />
    <nd ref='-125982' />
    <tag k='building' v='apartments' />
    <tag k='id' v='8' />
    <tag k='levels' v='5' />
  </way>
  <way id='-37846'>
    <nd ref='-125986' />
    <nd ref='-125987' />
    <nd ref='-125988' />
    <nd ref='-125989' />
    <nd ref='-125986' />
    <tag k='building' v='apartments' />
    <tag k='id' v='9' />
    <tag k='levels' v='5' />
  </way>
  <way id='-37847'>
    <nd ref='-125990' />
    <nd ref='-125991' />
    <nd ref='-125992' />
    <nd ref='-125993' />
    <nd ref='-125990' />
    <tag k='building' v='apartments' />
    <tag k='id' v='10' />
    <tag k='levels' v='5' />
  </way>
  <way id='-37848'>
    <nd ref='-125994' />
    <nd ref='-125995' />
    <nd ref='-125996' />
    <nd ref='-125997' />
    <nd ref='-125994' />
    <tag k='building' v='apartments' />
    <tag k='id' v='11' />
    <tag k='levels' v='5' />
  </way>
  <way id='-37849'>
    <nd ref='-125998' />
    <nd ref='-125999' />
    <nd ref='-126000' />
    <nd ref='-126001' />
    <nd ref='-125998' />
    <tag k='building' v='apartments' />
    <tag k='id' v='12' />
    <tag k='levels' v='5' />
  </way>
  <way id='-37850'>
    <nd ref='-126002' />
    <nd ref='-126003' />
    <nd ref='-126004' />
    <nd ref='-126005' />
    <nd ref='-126002' />
    <tag k='building' v='apartments' />
    <tag k='id' v='13' />
    <tag k='levels' v='5' />
  </way>
  <way id='-37851'>
    <nd ref='-126006' />
    <nd ref='-126007' />
    <nd ref='-126008' />
    <nd ref='-126009' />
    <nd ref='-126006' />
    <tag k='building' v='apartments' />
    <tag k='id' v='14' />
    <tag k='levels' v='5' />
  </way>
  <way id='-37852'>
    <nd ref='-126010' />
    <nd ref='-126011' />
    <nd ref='-126012' />
    <nd ref='-126013' />
    <nd ref='-126010' />
    <tag k='building' v='apartments' />
    <tag k='id' v='15' />
    <tag k='levels' v='5' />
  </way>
  <way id='-37853'>
    <nd ref='-126014' />
    <nd ref='-126015' />
    <nd ref='-126016' />
    <nd ref='-126017' />
    <nd ref='-126014' />
    <tag k='building' v='apartments' />
    <tag k='id' v='16' />
    <tag k='levels' v='5' />
  </way>
  <way id='-37854'>
    <nd ref='-126018' />
    <nd ref='-126019' />
    <nd ref='-126020' />
    <nd ref='-126021' />
    <nd ref='-126018' />
    <tag k='building' v='apartments' />
    <tag k='id' v='17' />
    <tag k='levels' v='5' />
  </way>
  <way id='-37855'>
    <nd ref='-126022' />
    <nd ref='-126023' />
    <nd ref='-126024' />
    <nd ref='-126025' />
    <nd ref='-126022' />
    <tag k='building' v='apartments' />
    <tag k='id' v='18' />
    <tag k='levels' v='5' />
  </way>
  <way id='-37856'>
    <nd ref='-126026' />
    <nd ref='-126027' />
    <nd ref='-126028' />
    <nd ref='-126029' />
    <nd ref='-126026' />
    <tag k='building' v='apartments' />
    <tag k='id' v='19' />
    <tag k='levels' v='5' />
  </way>
  <way id='-37857'>
    <nd ref='-126030' />
    <nd ref='-126031' />
    <nd ref='-126032' />
    <nd ref='-126033' />
    <nd ref='-126030' />
    <tag k='building' v='apartments' />
    <tag k='id' v='20' />
    <tag k='levels' v='5' />
  </way>
  <way id='-37858'>
    <nd ref='-126034' />
    <nd ref='-126035' />
    <nd ref='-126036' />
    <nd ref='-126037' />
    <nd ref='-126034' />
    <tag k='building' v='apartments' />
    <tag k='id' v='21' />
    <tag k='levels' v='5' />
  </way>
  <way id='-37859'>
    <nd ref='-126038' />
    <nd ref='-126039' />
    <nd ref='-126040' />
    <nd ref='-126041' />
    <nd ref='-126038' />
    <tag k='building' v='apartments' />
    <tag k='id' v='22' />
    <tag k='levels' v='5' />
  </way>
  <way id='-37860'>
    <nd ref='-126042' />
    <nd ref='-126043' />
    <nd ref='-126044' />
    <nd ref='-126045' />
    <nd ref='-126042' />
    <tag k='building' v='apartments' />
    <tag k='id' v='23' />
    <tag k='levels' v='5' />
  </way>
  <way id='-37861'>
    <nd ref='-126046' />
    <nd ref='-126047' />
    <nd ref='-126048' />
    <nd ref='-126049' />
    <nd ref='-126046' />
    <tag k='building' v='apartments' />
    <tag k='id' v='24' />
    <tag k='levels' v='5' />
  </way>
  <way id='-37862'>
    <nd ref='-126050' />
    <nd ref='-126051' />
    <nd ref='-126052' />
    <nd ref='-126053' />
    <nd ref='-126050' />
    <tag k='building' v='apartments' />
    <tag k='id' v='25' />
    <tag k='levels' v='5' />
  </way>
  <way id='-37863'>
    <nd ref='-126054' />
    <nd ref='-126055' />
    <nd ref='-126056' />
    <nd ref='-126057' />
    <nd ref='-126054' />
    <tag k='building' v='apartments' />
    <tag k='id' v='26' />
    <tag k='levels' v='5' />
  </way>
  <way id='-37864'>
    <nd ref='-126058' />
    <nd ref='-126059' />
    <nd ref='-126060' />
    <nd ref='-126061' />
    <nd ref='-126058' />
    <tag k='building' v='apartments' />
    <tag k='id' v='27' />
    <tag k='levels' v='5' />
  </way>
  <way id='-37865'>
    <nd ref='-126062' />
    <nd ref='-126063' />
    <nd ref='-126064' />
    <nd ref='-126065' />
    <nd ref='-126062' />
    <tag k='building' v='apartments' />
    <tag k='id' v='28' />
    <tag k='levels' v='5' />
  </way>
  <way id='-37866'>
    <nd ref='-126066' />
    <nd ref='-126067' />
    <nd ref='-126068' />
    <nd ref='-126069' />
    <nd ref='-126066' />
    <tag k='building' v='apartments' />
    <tag k='id' v='29' />
    <tag k='levels' v='5' />
  </way>
  <way id='-37867'>
    <nd ref='-126070' />
    <nd ref='-126071' />
    <nd ref='-126072' />
    <nd ref='-126073' />
    <nd ref='-126070' />
    <tag k='building' v='apartments' />
    <tag k='id' v='30' />
    <tag k='levels' v='5' />
  </way>
  <way id='-37868'>
    <nd ref='-126074' />
    <nd ref='-126075' />
    <nd ref='-126076' />
    <nd ref='-126077' />
    <nd ref='-126074' />
    <tag k='building' v='apartments' />
    <tag k='id' v='31' />
    <tag k='levels' v='5' />
  </way>
  <way id='-37869'>
    <nd ref='-126078' />
    <nd ref='-126079' />
    <nd ref='-126080' />
    <nd ref='-126081' />
    <nd ref='-126078' />
    <tag k='building' v='apartments' />
    <tag k='id' v='32' />
    <tag k='levels' v='5' />
  </way>
  <way id='-37870'>
    <nd ref='-126082' />
    <nd ref='-126083' />
    <nd ref='-126084' />
    <nd ref='-126085' />
    <nd ref='-126082' />
    <tag k='building' v='apartments' />
    <tag k='id' v='33' />
    <tag k='levels' v='5' />
  </way>
  <way id='-37871'>
    <nd ref='-126086' />
    <nd ref='-126087' />
    <nd ref='-126088' />
    <nd ref='-126089' />
    <nd ref='-126086' />
    <tag k='building' v='apartments' />
    <tag k='id' v='34' />
    <tag k='levels' v='5' />
  </way>
  <way id='-37872'>
    <nd ref='-126090' />
    <nd ref='-126091' />
    <nd ref='-126092' />
    <nd ref='-126093' />
    <nd ref='-126090' />
    <tag k='building' v='apartments' />
    <tag k='id' v='35' />
    <tag k='levels' v='5' />
  </way>
  <way id='-37873'>
    <nd ref='-126094' />
    <nd ref='-126095' />
    <nd ref='-126096' />
    <nd ref='-126097' />
    <nd ref='-126094' />
    <tag k='building' v='apartments' />
    <tag k='id' v='36' />
    <tag k='levels' v='5' />
  </way>
  <way id='-37874'>
    <nd ref='-126098' />
    <nd ref='-126099' />
    <nd ref='-126100' />
    <nd ref='-126101' />
    <nd ref='-126098' />
    <tag k='building' v='apartments' />
    <tag k='id' v='37' />
    <tag k='levels' v='5' />
  </way>
  <way id='-37875'>
    <nd ref='-126102' />
    <nd ref='-126103' />
    <nd ref='-126104' />
    <nd ref='-126105' />
    <nd ref='-126102' />
    <tag k='building' v='apartments' />
    <tag k='id' v='38' />
    <tag k='levels' v='5' />
  </way>
  <way id='-37876'>
    <nd ref='-126106' />
    <nd ref='-126107' />
    <nd ref='-126108' />
    <nd ref='-126109' />
    <nd ref='-126106' />
    <tag k='building' v='apartments' />
    <tag k='id' v='39' />
    <tag k='levels' v='5' />
  </way>
  <way id='-37877'>
    <nd ref='-126110' />
    <nd ref='-126111' />
    <nd ref='-126112' />
    <nd ref='-126113' />
    <nd ref='-126110' />
    <tag k='building' v='apartments' />
    <tag k='id' v='40' />
    <tag k='levels' v='5' />
  </way>
  <way id='-37878'>
    <nd ref='-126114' />
    <nd ref='-126115' />
    <nd ref='-126116' />
    <nd ref='-126117' />
    <nd ref='-126114' />
    <tag k='building' v='apartments' />
    <tag k='id' v='41' />
    <tag k='levels' v='5' />
  </way>
  <way id='-37879'>
    <nd ref='-126118' />
    <nd ref='-126119' />
    <nd ref='-126120' />
    <nd ref='-126121' />
    <nd ref='-126118' />
    <tag k='building' v='apartments' />
    <tag k='id' v='42' />
    <tag k='levels' v='5' />
  </way>
  <way id='-37880'>
    <nd ref='-126122' />
    <nd ref='-126123' />
    <nd ref='-126124' />
    <nd ref='-126125' />
    <nd ref='-126122' />
    <tag k='building' v='apartments' />
    <tag k='id' v='43' />
    <tag k='levels' v='5' />
  </way>
  <way id='-37881'>
    <nd ref='-126126' />
    <nd ref='-126127' />
    <nd ref='-126128' />
    <nd ref='-126129' />
    <nd ref='-126126' />
    <tag k='building' v='apartments' />
    <tag k='id' v='44' />
    <tag k='levels' v='5' />
  </way>
  <way id='-37882'>
    <nd ref='-126130' />
    <nd ref='-126131' />
    <nd ref='-126132' />
    <nd ref='-126133' />
    <nd ref='-126130' />
    <tag k='building' v='apartments' />
    <tag k='id' v='45' />
    <tag k='levels' v='5' />
  </way>
  <way id='-37883'>
    <nd ref='-126134' />
    <nd ref='-126135' />
    <nd ref='-126136' />
    <nd ref='-126137' />
    <nd ref='-126134' />
    <tag k='building' v='apartments' />
    <tag k='id' v='46' />
    <tag k='levels' v='5' />
  </way>
  <way id='-37884'>
    <nd ref='-126138' />
    <nd ref='-126139' />
    <nd ref='-126140' />
    <nd ref='-126141' />
    <nd ref='-126138' />
    <tag k='building' v='apartments' />
    <tag k='id' v='47' />
    <tag k='levels' v='5' />
  </way>
  <way id='-37885'>
    <nd ref='-126142' />
    <nd ref='-126143' />
    <nd ref='-126144' />
    <nd ref='-126145' />
    <nd ref='-126142' />
    <tag k='building' v='apartments' />
    <tag k='id' v='48' />
    <tag k='levels' v='5' />
  </way>
  <way id='-37886'>
    <nd ref='-126146' />
    <nd ref='-126147' />
    <nd ref='-126148' />
    <nd ref='-126149' />
    <nd ref='-126146' />
    <tag k='building' v='apartments' />
    <tag k='id' v='49' />
    <tag k='levels' v='5' />
  </way>
  <way id='-37887'>
    <nd ref='-126150' />
    <nd ref='-126151' />
    <nd ref='-126152' />
    <nd ref='-126153' />
    <nd ref='-126150' />
    <tag k='building' v='apartments' />
    <tag k='id' v='50' />
    <tag k='levels' v='5' />
  </way>
  <way id='-37888'>
    <nd ref='-126154' />
    <nd ref='-126155' />
    <nd ref='-126156' />
    <nd ref='-126157' />
    <nd ref='-126154' />
    <tag k='building' v='apartments' />
    <tag k='id' v='51' />
    <tag k='levels' v='5' />
  </way>
  <way id='-37889'>
    <nd ref='-126158' />
    <nd ref='-126159' />
    <nd ref='-126160' />
    <nd ref='-126161' />
    <nd ref='-126158' />
    <tag k='building' v='apartments' />
    <tag k='id' v='52' />
    <tag k='levels' v='5' />
  </way>
  <way id='-37890'>
    <nd ref='-126162' />
    <nd ref='-126163' />
    <nd ref='-126164' />
    <nd ref='-126165' />
    <nd ref='-126162' />
    <tag k='building' v='apartments' />
    <tag k='id' v='53' />
    <tag k='levels' v='5' />
  </way>
  <way id='-37891'>
    <nd ref='-126166' />
    <nd ref='-126167' />
    <nd ref='-126168' />
    <nd ref='-126169' />
    <nd ref='-126166' />
    <tag k='building' v='apartments' />
    <tag k='id' v='54' />
    <tag k='levels' v='5' />
  </way>
  <way id='-37892'>
    <nd ref='-130020' />
    <nd ref='-130019' />
    <nd ref='-126170' />
    <nd ref='-126171' />
    <nd ref='-130020' />
    <tag k='building' v='apartments' />
    <tag k='id' v='55' />
    <tag k='levels' v='4' />
    <tag k='shop' v='yes' />
  </way>
  <way id='-37893'>
    <nd ref='-126172' />
    <nd ref='-126173' />
    <nd ref='-126174' />
    <nd ref='-126175' />
    <nd ref='-126172' />
    <tag k='building' v='apartments' />
    <tag k='id' v='56' />
    <tag k='levels' v='5' />
  </way>
  <way id='-37894'>
    <nd ref='-130162' />
    <nd ref='-130161' />
    <nd ref='-126176' />
    <nd ref='-126177' />
    <nd ref='-130162' />
    <tag k='building' v='apartments' />
    <tag k='id' v='57' />
    <tag k='levels' v='4' />
    <tag k='shop' v='yes' />
  </way>
  <way id='-37895'>
    <nd ref='-126178' />
    <nd ref='-126179' />
    <nd ref='-129752' />
    <nd ref='-129751' />
    <nd ref='-126178' />
    <tag k='building' v='apartments' />
    <tag k='id' v='58' />
    <tag k='levels' v='4' />
    <tag k='shop' v='yes' />
  </way>
  <way id='-37896'>
    <nd ref='-126180' />
    <nd ref='-126181' />
    <nd ref='-126182' />
    <nd ref='-126183' />
    <nd ref='-126180' />
    <tag k='building' v='apartments' />
    <tag k='id' v='59' />
    <tag k='levels' v='5' />
  </way>
  <way id='-37897'>
    <nd ref='-126184' />
    <nd ref='-126185' />
    <nd ref='-126186' />
    <nd ref='-126187' />
    <nd ref='-126184' />
    <tag k='building' v='apartments' />
    <tag k='id' v='60' />
    <tag k='levels' v='5' />
  </way>
  <way id='-37898'>
    <nd ref='-126188' />
    <nd ref='-126189' />
    <nd ref='-130166' />
    <nd ref='-126190' />
    <nd ref='-126188' />
    <tag k='building' v='apartments' />
    <tag k='id' v='61' />
    <tag k='levels' v='4' />
    <tag k='shop' v='yes' />
  </way>
  <way id='-37899'>
    <nd ref='-126191' />
    <nd ref='-126192' />
    <nd ref='-130171' />
    <nd ref='-126193' />
    <nd ref='-126191' />
    <tag k='building' v='apartments' />
    <tag k='id' v='62' />
    <tag k='levels' v='4' />
    <tag k='shop' v='yes' />
  </way>
  <way id='-37900'>
    <nd ref='-126194' />
    <nd ref='-126195' />
    <nd ref='-126196' />
    <nd ref='-126197' />
    <nd ref='-126194' />
    <tag k='building' v='apartments' />
    <tag k='id' v='69' />
    <tag k='levels' v='5' />
  </way>
  <way id='-37901'>
    <nd ref='-126198' />
    <nd ref='-126199' />
    <nd ref='-126200' />
    <nd ref='-126201' />
    <nd ref='-126198' />
    <tag k='building' v='apartments' />
    <tag k='id' v='70' />
    <tag k='levels' v='5' />
  </way>
  <way id='-37902'>
    <nd ref='-126202' />
    <nd ref='-126203' />
    <nd ref='-126204' />
    <nd ref='-126205' />
    <nd ref='-126206' />
    <nd ref='-126207' />
    <nd ref='-126208' />
    <nd ref='-126209' />
    <nd ref='-126210' />
    <nd ref='-126211' />
    <nd ref='-126212' />
    <nd ref='-126213' />
    <nd ref='-126214' />
    <nd ref='-126215' />
    <nd ref='-126216' />
    <nd ref='-126217' />
    <nd ref='-126218' />
    <nd ref='-126219' />
    <nd ref='-126220' />
    <nd ref='-126221' />
    <nd ref='-126222' />
    <nd ref='-126223' />
    <nd ref='-126224' />
    <nd ref='-126225' />
    <nd ref='-126226' />
    <nd ref='-126227' />
    <nd ref='-126228' />
    <nd ref='-126229' />
    <nd ref='-126230' />
    <nd ref='-126231' />
    <nd ref='-126232' />
    <nd ref='-126233' />
    <nd ref='-126234' />
    <nd ref='-126235' />
    <nd ref='-126202' />
    <tag k='building' v='apartments' />
    <tag k='id' v='551' />
    <tag k='levels' v='2' />
  </way>
  <way id='-37903'>
    <nd ref='-126236' />
    <nd ref='-126237' />
    <nd ref='-126238' />
    <nd ref='-126239' />
    <nd ref='-126240' />
    <nd ref='-126241' />
    <nd ref='-126242' />
    <nd ref='-126243' />
    <nd ref='-126244' />
    <nd ref='-126245' />
    <nd ref='-126246' />
    <nd ref='-126247' />
    <nd ref='-126248' />
    <nd ref='-126249' />
    <nd ref='-126250' />
    <nd ref='-126251' />
    <nd ref='-126252' />
    <nd ref='-126253' />
    <nd ref='-126254' />
    <nd ref='-126255' />
    <nd ref='-126256' />
    <nd ref='-126257' />
    <nd ref='-126258' />
    <nd ref='-126259' />
    <nd ref='-126260' />
    <nd ref='-126261' />
    <nd ref='-126262' />
    <nd ref='-126263' />
    <nd ref='-126264' />
    <nd ref='-126265' />
    <nd ref='-126266' />
    <nd ref='-126267' />
    <nd ref='-126268' />
    <nd ref='-126269' />
    <nd ref='-126270' />
    <nd ref='-126271' />
    <nd ref='-126236' />
    <tag k='building' v='apartments' />
    <tag k='id' v='552' />
    <tag k='levels' v='2' />
  </way>
  <way id='-37904'>
    <nd ref='-126272' />
    <nd ref='-126273' />
    <nd ref='-126274' />
    <nd ref='-126275' />
    <nd ref='-126276' />
    <nd ref='-126277' />
    <nd ref='-126278' />
    <nd ref='-126279' />
    <nd ref='-126280' />
    <nd ref='-126281' />
    <nd ref='-126282' />
    <nd ref='-126283' />
    <nd ref='-126284' />
    <nd ref='-126285' />
    <nd ref='-126286' />
    <nd ref='-126287' />
    <nd ref='-126288' />
    <nd ref='-126289' />
    <nd ref='-126290' />
    <nd ref='-126291' />
    <nd ref='-126292' />
    <nd ref='-126293' />
    <nd ref='-126294' />
    <nd ref='-126295' />
    <nd ref='-126296' />
    <nd ref='-126297' />
    <nd ref='-126298' />
    <nd ref='-126299' />
    <nd ref='-126300' />
    <nd ref='-126301' />
    <nd ref='-126302' />
    <nd ref='-126303' />
    <nd ref='-126304' />
    <nd ref='-126305' />
    <nd ref='-126306' />
    <nd ref='-126307' />
    <nd ref='-126272' />
    <tag k='building' v='apartments' />
    <tag k='id' v='553' />
    <tag k='levels' v='2' />
  </way>
  <way id='-37905'>
    <nd ref='-126308' />
    <nd ref='-126309' />
    <nd ref='-126310' />
    <nd ref='-126311' />
    <nd ref='-126312' />
    <nd ref='-126313' />
    <nd ref='-126314' />
    <nd ref='-126315' />
    <nd ref='-126316' />
    <nd ref='-126317' />
    <nd ref='-126318' />
    <nd ref='-126319' />
    <nd ref='-126320' />
    <nd ref='-126321' />
    <nd ref='-126322' />
    <nd ref='-126323' />
    <nd ref='-126324' />
    <nd ref='-126325' />
    <nd ref='-126326' />
    <nd ref='-126327' />
    <nd ref='-126328' />
    <nd ref='-126329' />
    <nd ref='-126330' />
    <nd ref='-126331' />
    <nd ref='-126332' />
    <nd ref='-126333' />
    <nd ref='-126334' />
    <nd ref='-126335' />
    <nd ref='-126336' />
    <nd ref='-126337' />
    <nd ref='-126338' />
    <nd ref='-126339' />
    <nd ref='-126340' />
    <nd ref='-126341' />
    <nd ref='-126342' />
    <nd ref='-126343' />
    <nd ref='-126308' />
    <tag k='building' v='apartments' />
    <tag k='id' v='554' />
    <tag k='levels' v='2' />
  </way>
  <way id='-37906'>
    <nd ref='-126344' />
    <nd ref='-126345' />
    <nd ref='-126346' />
    <nd ref='-126347' />
    <nd ref='-126348' />
    <nd ref='-126349' />
    <nd ref='-126350' />
    <nd ref='-126351' />
    <nd ref='-126352' />
    <nd ref='-126353' />
    <nd ref='-126354' />
    <nd ref='-126355' />
    <nd ref='-126356' />
    <nd ref='-126357' />
    <nd ref='-126358' />
    <nd ref='-126359' />
    <nd ref='-126360' />
    <nd ref='-126361' />
    <nd ref='-126362' />
    <nd ref='-126363' />
    <nd ref='-126364' />
    <nd ref='-126365' />
    <nd ref='-126366' />
    <nd ref='-126367' />
    <nd ref='-126368' />
    <nd ref='-126369' />
    <nd ref='-126370' />
    <nd ref='-126371' />
    <nd ref='-126372' />
    <nd ref='-126373' />
    <nd ref='-126374' />
    <nd ref='-126375' />
    <nd ref='-126376' />
    <nd ref='-126377' />
    <nd ref='-126378' />
    <nd ref='-126344' />
    <tag k='building' v='apartments' />
    <tag k='id' v='555' />
    <tag k='levels' v='2' />
  </way>
  <way id='-37907'>
    <nd ref='-126379' />
    <nd ref='-126380' />
    <nd ref='-126381' />
    <nd ref='-126382' />
    <nd ref='-126383' />
    <nd ref='-126384' />
    <nd ref='-126385' />
    <nd ref='-126386' />
    <nd ref='-126387' />
    <nd ref='-126388' />
    <nd ref='-126389' />
    <nd ref='-126390' />
    <nd ref='-126391' />
    <nd ref='-126392' />
    <nd ref='-126393' />
    <nd ref='-126394' />
    <nd ref='-126395' />
    <nd ref='-126396' />
    <nd ref='-126397' />
    <nd ref='-126398' />
    <nd ref='-126399' />
    <nd ref='-126400' />
    <nd ref='-126401' />
    <nd ref='-126402' />
    <nd ref='-126403' />
    <nd ref='-126404' />
    <nd ref='-126405' />
    <nd ref='-126406' />
    <nd ref='-126407' />
    <nd ref='-126408' />
    <nd ref='-126409' />
    <nd ref='-126410' />
    <nd ref='-126411' />
    <nd ref='-126412' />
    <nd ref='-126413' />
    <nd ref='-126379' />
    <tag k='building' v='apartments' />
    <tag k='id' v='556' />
    <tag k='levels' v='2' />
  </way>
  <way id='-37908'>
    <nd ref='-126414' />
    <nd ref='-126415' />
    <nd ref='-126416' />
    <nd ref='-126417' />
    <nd ref='-126418' />
    <nd ref='-126419' />
    <nd ref='-126420' />
    <nd ref='-126421' />
    <nd ref='-126422' />
    <nd ref='-126423' />
    <nd ref='-126424' />
    <nd ref='-126425' />
    <nd ref='-126426' />
    <nd ref='-126427' />
    <nd ref='-126428' />
    <nd ref='-126429' />
    <nd ref='-126430' />
    <nd ref='-126431' />
    <nd ref='-126432' />
    <nd ref='-126433' />
    <nd ref='-126434' />
    <nd ref='-126435' />
    <nd ref='-126436' />
    <nd ref='-126437' />
    <nd ref='-126438' />
    <nd ref='-126439' />
    <nd ref='-126440' />
    <nd ref='-126441' />
    <nd ref='-126442' />
    <nd ref='-126443' />
    <nd ref='-126444' />
    <nd ref='-126445' />
    <nd ref='-126446' />
    <nd ref='-126447' />
    <nd ref='-126448' />
    <nd ref='-126414' />
    <tag k='building' v='apartments' />
    <tag k='id' v='557' />
    <tag k='levels' v='2' />
  </way>
  <way id='-37909'>
    <nd ref='-126449' />
    <nd ref='-126450' />
    <nd ref='-126451' />
    <nd ref='-126452' />
    <nd ref='-126453' />
    <nd ref='-126454' />
    <nd ref='-126455' />
    <nd ref='-126456' />
    <nd ref='-126457' />
    <nd ref='-126458' />
    <nd ref='-126459' />
    <nd ref='-126460' />
    <nd ref='-126461' />
    <nd ref='-126462' />
    <nd ref='-126463' />
    <nd ref='-126464' />
    <nd ref='-126465' />
    <nd ref='-126466' />
    <nd ref='-126467' />
    <nd ref='-126468' />
    <nd ref='-126469' />
    <nd ref='-126470' />
    <nd ref='-126471' />
    <nd ref='-126472' />
    <nd ref='-126473' />
    <nd ref='-126474' />
    <nd ref='-126475' />
    <nd ref='-126476' />
    <nd ref='-126477' />
    <nd ref='-126478' />
    <nd ref='-126479' />
    <nd ref='-126480' />
    <nd ref='-126481' />
    <nd ref='-126482' />
    <nd ref='-126483' />
    <nd ref='-126449' />
    <tag k='building' v='apartments' />
    <tag k='id' v='558' />
    <tag k='levels' v='2' />
  </way>
  <way id='-37910'>
    <nd ref='-126484' />
    <nd ref='-126485' />
    <nd ref='-126486' />
    <nd ref='-126487' />
    <nd ref='-126488' />
    <nd ref='-126489' />
    <nd ref='-126490' />
    <nd ref='-126491' />
    <nd ref='-126492' />
    <nd ref='-126493' />
    <nd ref='-126494' />
    <nd ref='-126495' />
    <nd ref='-126496' />
    <nd ref='-126497' />
    <nd ref='-126498' />
    <nd ref='-126499' />
    <nd ref='-126500' />
    <nd ref='-126501' />
    <nd ref='-126502' />
    <nd ref='-126503' />
    <nd ref='-126504' />
    <nd ref='-126505' />
    <nd ref='-126506' />
    <nd ref='-126507' />
    <nd ref='-126508' />
    <nd ref='-126509' />
    <nd ref='-126510' />
    <nd ref='-126511' />
    <nd ref='-126512' />
    <nd ref='-126513' />
    <nd ref='-126514' />
    <nd ref='-126515' />
    <nd ref='-126516' />
    <nd ref='-126517' />
    <nd ref='-126518' />
    <nd ref='-126519' />
    <nd ref='-126484' />
    <tag k='building' v='apartments' />
    <tag k='id' v='559' />
    <tag k='levels' v='2' />
  </way>
  <way id='-37911'>
    <nd ref='-126520' />
    <nd ref='-126521' />
    <nd ref='-126522' />
    <nd ref='-126523' />
    <nd ref='-126524' />
    <nd ref='-126525' />
    <nd ref='-126526' />
    <nd ref='-126527' />
    <nd ref='-126528' />
    <nd ref='-126529' />
    <nd ref='-126530' />
    <nd ref='-126531' />
    <nd ref='-126532' />
    <nd ref='-126533' />
    <nd ref='-126534' />
    <nd ref='-126535' />
    <nd ref='-126536' />
    <nd ref='-126537' />
    <nd ref='-126538' />
    <nd ref='-126539' />
    <nd ref='-126540' />
    <nd ref='-126541' />
    <nd ref='-126542' />
    <nd ref='-126543' />
    <nd ref='-126544' />
    <nd ref='-126545' />
    <nd ref='-126546' />
    <nd ref='-126547' />
    <nd ref='-126548' />
    <nd ref='-126549' />
    <nd ref='-126550' />
    <nd ref='-126551' />
    <nd ref='-126552' />
    <nd ref='-126553' />
    <nd ref='-126554' />
    <nd ref='-126555' />
    <nd ref='-126520' />
    <tag k='building' v='apartments' />
    <tag k='id' v='560' />
    <tag k='levels' v='2' />
  </way>
  <way id='-37912'>
    <nd ref='-126556' />
    <nd ref='-126557' />
    <nd ref='-126558' />
    <nd ref='-126559' />
    <nd ref='-126560' />
    <nd ref='-126561' />
    <nd ref='-126562' />
    <nd ref='-126563' />
    <nd ref='-126564' />
    <nd ref='-126565' />
    <nd ref='-126566' />
    <nd ref='-126567' />
    <nd ref='-126568' />
    <nd ref='-126569' />
    <nd ref='-126570' />
    <nd ref='-126571' />
    <nd ref='-126572' />
    <nd ref='-126573' />
    <nd ref='-126574' />
    <nd ref='-126575' />
    <nd ref='-126576' />
    <nd ref='-126577' />
    <nd ref='-126578' />
    <nd ref='-126579' />
    <nd ref='-126580' />
    <nd ref='-126581' />
    <nd ref='-126582' />
    <nd ref='-126583' />
    <nd ref='-126584' />
    <nd ref='-126585' />
    <nd ref='-126586' />
    <nd ref='-126587' />
    <nd ref='-126588' />
    <nd ref='-126589' />
    <nd ref='-126556' />
    <tag k='building' v='apartments' />
    <tag k='id' v='561' />
    <tag k='levels' v='2' />
  </way>
  <way id='-37913'>
    <nd ref='-126590' />
    <nd ref='-126591' />
    <nd ref='-126592' />
    <nd ref='-126593' />
    <nd ref='-126594' />
    <nd ref='-126595' />
    <nd ref='-126596' />
    <nd ref='-126597' />
    <nd ref='-126598' />
    <nd ref='-126599' />
    <nd ref='-126600' />
    <nd ref='-126601' />
    <nd ref='-126602' />
    <nd ref='-126603' />
    <nd ref='-126604' />
    <nd ref='-126605' />
    <nd ref='-126606' />
    <nd ref='-126607' />
    <nd ref='-126608' />
    <nd ref='-126609' />
    <nd ref='-126610' />
    <nd ref='-126611' />
    <nd ref='-126612' />
    <nd ref='-126613' />
    <nd ref='-126614' />
    <nd ref='-126615' />
    <nd ref='-126616' />
    <nd ref='-126617' />
    <nd ref='-126618' />
    <nd ref='-126619' />
    <nd ref='-126620' />
    <nd ref='-126621' />
    <nd ref='-126622' />
    <nd ref='-126623' />
    <nd ref='-126624' />
    <nd ref='-126625' />
    <nd ref='-126590' />
    <tag k='building' v='apartments' />
    <tag k='id' v='562' />
    <tag k='levels' v='2' />
  </way>
  <way id='-37914'>
    <nd ref='-126626' />
    <nd ref='-126627' />
    <nd ref='-126628' />
    <nd ref='-126629' />
    <nd ref='-126630' />
    <nd ref='-126631' />
    <nd ref='-126632' />
    <nd ref='-126633' />
    <nd ref='-126634' />
    <nd ref='-126635' />
    <nd ref='-126636' />
    <nd ref='-126637' />
    <nd ref='-126638' />
    <nd ref='-126639' />
    <nd ref='-126640' />
    <nd ref='-126641' />
    <nd ref='-126642' />
    <nd ref='-126643' />
    <nd ref='-126644' />
    <nd ref='-126645' />
    <nd ref='-126646' />
    <nd ref='-126647' />
    <nd ref='-126648' />
    <nd ref='-126649' />
    <nd ref='-126650' />
    <nd ref='-126651' />
    <nd ref='-126652' />
    <nd ref='-126653' />
    <nd ref='-126654' />
    <nd ref='-126655' />
    <nd ref='-126656' />
    <nd ref='-126657' />
    <nd ref='-126658' />
    <nd ref='-126659' />
    <nd ref='-126660' />
    <nd ref='-126626' />
    <tag k='building' v='apartments' />
    <tag k='id' v='563' />
    <tag k='levels' v='2' />
  </way>
  <way id='-37915'>
    <nd ref='-126661' />
    <nd ref='-126662' />
    <nd ref='-126663' />
    <nd ref='-126664' />
    <nd ref='-126665' />
    <nd ref='-126666' />
    <nd ref='-126667' />
    <nd ref='-126668' />
    <nd ref='-126669' />
    <nd ref='-126670' />
    <nd ref='-126671' />
    <nd ref='-126672' />
    <nd ref='-126673' />
    <nd ref='-126674' />
    <nd ref='-126675' />
    <nd ref='-126676' />
    <nd ref='-126677' />
    <nd ref='-126678' />
    <nd ref='-126679' />
    <nd ref='-126680' />
    <nd ref='-126681' />
    <nd ref='-126682' />
    <nd ref='-126683' />
    <nd ref='-126684' />
    <nd ref='-126685' />
    <nd ref='-126686' />
    <nd ref='-126687' />
    <nd ref='-126688' />
    <nd ref='-126689' />
    <nd ref='-126690' />
    <nd ref='-126691' />
    <nd ref='-126692' />
    <nd ref='-126693' />
    <nd ref='-126694' />
    <nd ref='-126695' />
    <nd ref='-126661' />
    <tag k='building' v='apartments' />
    <tag k='id' v='564' />
    <tag k='levels' v='2' />
  </way>
  <way id='-37916'>
    <nd ref='-126696' />
    <nd ref='-126697' />
    <nd ref='-126698' />
    <nd ref='-126699' />
    <nd ref='-126700' />
    <nd ref='-126701' />
    <nd ref='-126702' />
    <nd ref='-126703' />
    <nd ref='-126704' />
    <nd ref='-126705' />
    <nd ref='-126706' />
    <nd ref='-126707' />
    <nd ref='-126708' />
    <nd ref='-126709' />
    <nd ref='-126710' />
    <nd ref='-126711' />
    <nd ref='-126712' />
    <nd ref='-126713' />
    <nd ref='-126714' />
    <nd ref='-126715' />
    <nd ref='-126716' />
    <nd ref='-126717' />
    <nd ref='-126718' />
    <nd ref='-126719' />
    <nd ref='-126720' />
    <nd ref='-126721' />
    <nd ref='-126722' />
    <nd ref='-126723' />
    <nd ref='-126724' />
    <nd ref='-126725' />
    <nd ref='-126726' />
    <nd ref='-126727' />
    <nd ref='-126728' />
    <nd ref='-126729' />
    <nd ref='-126730' />
    <nd ref='-126731' />
    <nd ref='-126696' />
    <tag k='building' v='apartments' />
    <tag k='id' v='565' />
    <tag k='levels' v='2' />
  </way>
  <way id='-37917'>
    <nd ref='-126732' />
    <nd ref='-126733' />
    <nd ref='-126734' />
    <nd ref='-126735' />
    <nd ref='-126736' />
    <nd ref='-126737' />
    <nd ref='-126738' />
    <nd ref='-126739' />
    <nd ref='-126740' />
    <nd ref='-126741' />
    <nd ref='-126742' />
    <nd ref='-126743' />
    <nd ref='-126744' />
    <nd ref='-126745' />
    <nd ref='-126746' />
    <nd ref='-126747' />
    <nd ref='-126748' />
    <nd ref='-126749' />
    <nd ref='-126750' />
    <nd ref='-126751' />
    <nd ref='-126752' />
    <nd ref='-126753' />
    <nd ref='-126754' />
    <nd ref='-126755' />
    <nd ref='-126756' />
    <nd ref='-126757' />
    <nd ref='-126758' />
    <nd ref='-126759' />
    <nd ref='-126760' />
    <nd ref='-126761' />
    <nd ref='-126762' />
    <nd ref='-126763' />
    <nd ref='-126764' />
    <nd ref='-126765' />
    <nd ref='-126766' />
    <nd ref='-126732' />
    <tag k='building' v='apartments' />
    <tag k='id' v='566' />
    <tag k='levels' v='2' />
  </way>
  <way id='-37918'>
    <nd ref='-126767' />
    <nd ref='-126768' />
    <nd ref='-126769' />
    <nd ref='-126770' />
    <nd ref='-126771' />
    <nd ref='-126772' />
    <nd ref='-126773' />
    <nd ref='-126774' />
    <nd ref='-126775' />
    <nd ref='-126776' />
    <nd ref='-126777' />
    <nd ref='-126778' />
    <nd ref='-126779' />
    <nd ref='-126780' />
    <nd ref='-126781' />
    <nd ref='-126782' />
    <nd ref='-126783' />
    <nd ref='-126784' />
    <nd ref='-126785' />
    <nd ref='-126786' />
    <nd ref='-126787' />
    <nd ref='-126788' />
    <nd ref='-126789' />
    <nd ref='-126790' />
    <nd ref='-126791' />
    <nd ref='-126792' />
    <nd ref='-126793' />
    <nd ref='-126794' />
    <nd ref='-126795' />
    <nd ref='-126796' />
    <nd ref='-126797' />
    <nd ref='-126798' />
    <nd ref='-126799' />
    <nd ref='-126800' />
    <nd ref='-126801' />
    <nd ref='-126767' />
    <tag k='building' v='apartments' />
    <tag k='id' v='567' />
    <tag k='levels' v='2' />
  </way>
  <way id='-37919'>
    <nd ref='-126802' />
    <nd ref='-126803' />
    <nd ref='-126804' />
    <nd ref='-126805' />
    <nd ref='-126806' />
    <nd ref='-126807' />
    <nd ref='-126808' />
    <nd ref='-126809' />
    <nd ref='-126810' />
    <nd ref='-126811' />
    <nd ref='-126812' />
    <nd ref='-126813' />
    <nd ref='-126814' />
    <nd ref='-126815' />
    <nd ref='-126816' />
    <nd ref='-126817' />
    <nd ref='-126818' />
    <nd ref='-126819' />
    <nd ref='-126820' />
    <nd ref='-126821' />
    <nd ref='-126822' />
    <nd ref='-126823' />
    <nd ref='-126824' />
    <nd ref='-126825' />
    <nd ref='-126826' />
    <nd ref='-126827' />
    <nd ref='-126828' />
    <nd ref='-126829' />
    <nd ref='-126830' />
    <nd ref='-126831' />
    <nd ref='-126832' />
    <nd ref='-126833' />
    <nd ref='-126834' />
    <nd ref='-126835' />
    <nd ref='-126836' />
    <nd ref='-126802' />
    <tag k='building' v='apartments' />
    <tag k='id' v='568' />
    <tag k='levels' v='2' />
  </way>
  <way id='-37920'>
    <nd ref='-126837' />
    <nd ref='-126838' />
    <nd ref='-126839' />
    <nd ref='-126840' />
    <nd ref='-126837' />
    <tag k='building' v='apartments' />
    <tag k='id' v='569' />
    <tag k='levels' v='5' />
  </way>
  <way id='-37921'>
    <nd ref='-126841' />
    <nd ref='-126842' />
    <nd ref='-126843' />
    <nd ref='-126844' />
    <nd ref='-126845' />
    <nd ref='-126846' />
    <nd ref='-126847' />
    <nd ref='-126848' />
    <nd ref='-126841' />
    <tag k='building' v='residential' />
    <tag k='id' v='570' />
    <tag k='levels' v='1' />
  </way>
  <way id='-37922'>
    <nd ref='-126849' />
    <nd ref='-126850' />
    <nd ref='-126851' />
    <nd ref='-126852' />
    <nd ref='-126853' />
    <nd ref='-126854' />
    <nd ref='-126855' />
    <nd ref='-126847' />
    <nd ref='-126849' />
    <tag k='building' v='residential' />
    <tag k='id' v='571' />
    <tag k='levels' v='1' />
  </way>
  <way id='-37923'>
    <nd ref='-126856' />
    <nd ref='-126857' />
    <nd ref='-126858' />
    <nd ref='-126859' />
    <nd ref='-126860' />
    <nd ref='-126861' />
    <nd ref='-126862' />
    <nd ref='-126855' />
    <nd ref='-126856' />
    <tag k='building' v='residential' />
    <tag k='id' v='572' />
    <tag k='levels' v='1' />
  </way>
  <way id='-37924'>
    <nd ref='-126863' />
    <nd ref='-126864' />
    <nd ref='-126865' />
    <nd ref='-126866' />
    <nd ref='-126867' />
    <nd ref='-126868' />
    <nd ref='-126869' />
    <nd ref='-126862' />
    <nd ref='-126863' />
    <tag k='building' v='residential' />
    <tag k='id' v='573' />
    <tag k='levels' v='1' />
  </way>
  <way id='-37925'>
    <nd ref='-126870' />
    <nd ref='-126871' />
    <nd ref='-126872' />
    <nd ref='-126873' />
    <nd ref='-126874' />
    <nd ref='-126875' />
    <nd ref='-126876' />
    <nd ref='-126877' />
    <nd ref='-126870' />
    <tag k='building' v='residential' />
    <tag k='id' v='574' />
    <tag k='levels' v='1' />
  </way>
  <way id='-37926'>
    <nd ref='-126878' />
    <nd ref='-126879' />
    <nd ref='-126880' />
    <nd ref='-126881' />
    <nd ref='-126882' />
    <nd ref='-126883' />
    <nd ref='-126884' />
    <nd ref='-126885' />
    <nd ref='-126878' />
    <tag k='building' v='residential' />
    <tag k='id' v='575' />
    <tag k='levels' v='1' />
  </way>
  <way id='-37927'>
    <nd ref='-126886' />
    <nd ref='-126887' />
    <nd ref='-126888' />
    <nd ref='-126889' />
    <nd ref='-126890' />
    <nd ref='-126891' />
    <nd ref='-126892' />
    <nd ref='-126884' />
    <nd ref='-126886' />
    <tag k='building' v='residential' />
    <tag k='id' v='576' />
    <tag k='levels' v='1' />
  </way>
  <way id='-37928'>
    <nd ref='-126893' />
    <nd ref='-126894' />
    <nd ref='-126895' />
    <nd ref='-126896' />
    <nd ref='-126897' />
    <nd ref='-126898' />
    <nd ref='-126899' />
    <nd ref='-126900' />
    <nd ref='-126893' />
    <tag k='building' v='residential' />
    <tag k='id' v='577' />
    <tag k='levels' v='1' />
  </way>
  <way id='-37929'>
    <nd ref='-126901' />
    <nd ref='-126902' />
    <nd ref='-126903' />
    <nd ref='-126904' />
    <nd ref='-126905' />
    <nd ref='-126906' />
    <nd ref='-126907' />
    <nd ref='-126899' />
    <nd ref='-126901' />
    <tag k='building' v='residential' />
    <tag k='id' v='578' />
    <tag k='levels' v='1' />
  </way>
  <way id='-37930'>
    <nd ref='-126908' />
    <nd ref='-126909' />
    <nd ref='-126910' />
    <nd ref='-126911' />
    <nd ref='-126912' />
    <nd ref='-126913' />
    <nd ref='-126914' />
    <nd ref='-126907' />
    <nd ref='-126908' />
    <tag k='building' v='residential' />
    <tag k='id' v='579' />
    <tag k='levels' v='1' />
  </way>
  <way id='-37931'>
    <nd ref='-126915' />
    <nd ref='-126916' />
    <nd ref='-126917' />
    <nd ref='-126918' />
    <nd ref='-126919' />
    <nd ref='-126920' />
    <nd ref='-126921' />
    <nd ref='-126922' />
    <nd ref='-126915' />
    <tag k='building' v='residential' />
    <tag k='id' v='580' />
    <tag k='levels' v='1' />
  </way>
  <way id='-37932'>
    <nd ref='-126923' />
    <nd ref='-126924' />
    <nd ref='-126925' />
    <nd ref='-126926' />
    <nd ref='-126927' />
    <nd ref='-126928' />
    <nd ref='-126929' />
    <nd ref='-126930' />
    <nd ref='-126923' />
    <tag k='building' v='residential' />
    <tag k='id' v='581' />
    <tag k='levels' v='1' />
  </way>
  <way id='-37933'>
    <nd ref='-126931' />
    <nd ref='-126932' />
    <nd ref='-126933' />
    <nd ref='-126934' />
    <nd ref='-126935' />
    <nd ref='-126936' />
    <nd ref='-126937' />
    <nd ref='-126938' />
    <nd ref='-126931' />
    <tag k='building' v='residential' />
    <tag k='id' v='582' />
    <tag k='levels' v='1' />
  </way>
  <way id='-37934'>
    <nd ref='-126939' />
    <nd ref='-126940' />
    <nd ref='-126941' />
    <nd ref='-126942' />
    <nd ref='-126943' />
    <nd ref='-126944' />
    <nd ref='-126945' />
    <nd ref='-126946' />
    <nd ref='-126939' />
    <tag k='building' v='residential' />
    <tag k='id' v='583' />
    <tag k='levels' v='1' />
  </way>
  <way id='-37935'>
    <nd ref='-126947' />
    <nd ref='-126948' />
    <nd ref='-126949' />
    <nd ref='-126950' />
    <nd ref='-126951' />
    <nd ref='-126952' />
    <nd ref='-126946' />
    <nd ref='-126953' />
    <nd ref='-126947' />
    <tag k='building' v='residential' />
    <tag k='id' v='584' />
    <tag k='levels' v='1' />
  </way>
  <way id='-37936'>
    <nd ref='-126954' />
    <nd ref='-126955' />
    <nd ref='-126956' />
    <nd ref='-126957' />
    <nd ref='-126958' />
    <nd ref='-126959' />
    <nd ref='-126953' />
    <nd ref='-126960' />
    <nd ref='-126954' />
    <tag k='building' v='residential' />
    <tag k='id' v='585' />
    <tag k='levels' v='1' />
  </way>
  <way id='-37937'>
    <nd ref='-126961' />
    <nd ref='-126962' />
    <nd ref='-126963' />
    <nd ref='-126964' />
    <nd ref='-126965' />
    <nd ref='-126966' />
    <nd ref='-126967' />
    <nd ref='-126968' />
    <nd ref='-126961' />
    <tag k='building' v='residential' />
    <tag k='id' v='586' />
    <tag k='levels' v='1' />
  </way>
  <way id='-37938'>
    <nd ref='-126969' />
    <nd ref='-126970' />
    <nd ref='-126971' />
    <nd ref='-126972' />
    <nd ref='-126973' />
    <nd ref='-126974' />
    <nd ref='-126968' />
    <nd ref='-126975' />
    <nd ref='-126969' />
    <tag k='building' v='residential' />
    <tag k='id' v='587' />
    <tag k='levels' v='1' />
  </way>
  <way id='-37939'>
    <nd ref='-126976' />
    <nd ref='-126977' />
    <nd ref='-126978' />
    <nd ref='-126979' />
    <nd ref='-126980' />
    <nd ref='-126981' />
    <nd ref='-126975' />
    <nd ref='-126982' />
    <nd ref='-126976' />
    <tag k='building' v='residential' />
    <tag k='id' v='588' />
    <tag k='levels' v='1' />
  </way>
  <way id='-37940'>
    <nd ref='-126983' />
    <nd ref='-126984' />
    <nd ref='-126985' />
    <nd ref='-126986' />
    <nd ref='-126987' />
    <nd ref='-126988' />
    <nd ref='-126982' />
    <nd ref='-126989' />
    <nd ref='-126983' />
    <tag k='building' v='residential' />
    <tag k='id' v='589' />
    <tag k='levels' v='1' />
  </way>
  <way id='-37941'>
    <nd ref='-126990' />
    <nd ref='-126991' />
    <nd ref='-126992' />
    <nd ref='-126993' />
    <nd ref='-126994' />
    <nd ref='-126995' />
    <nd ref='-126996' />
    <nd ref='-126997' />
    <nd ref='-126990' />
    <tag k='building' v='residential' />
    <tag k='id' v='590' />
    <tag k='levels' v='1' />
  </way>
  <way id='-37942'>
    <nd ref='-126998' />
    <nd ref='-126999' />
    <nd ref='-127000' />
    <nd ref='-127001' />
    <nd ref='-127002' />
    <nd ref='-127003' />
    <nd ref='-127004' />
    <nd ref='-127005' />
    <nd ref='-126998' />
    <tag k='building' v='residential' />
    <tag k='id' v='591' />
    <tag k='levels' v='1' />
  </way>
  <way id='-37943'>
    <nd ref='-127006' />
    <nd ref='-127007' />
    <nd ref='-127008' />
    <nd ref='-127009' />
    <nd ref='-127010' />
    <nd ref='-127011' />
    <nd ref='-127005' />
    <nd ref='-127012' />
    <nd ref='-127006' />
    <tag k='building' v='residential' />
    <tag k='id' v='592' />
    <tag k='levels' v='1' />
  </way>
  <way id='-37944'>
    <nd ref='-127013' />
    <nd ref='-127014' />
    <nd ref='-127015' />
    <nd ref='-127016' />
    <nd ref='-127017' />
    <nd ref='-127018' />
    <nd ref='-127019' />
    <nd ref='-127020' />
    <nd ref='-127013' />
    <tag k='building' v='residential' />
    <tag k='id' v='593' />
    <tag k='levels' v='1' />
  </way>
  <way id='-37945'>
    <nd ref='-127014' />
    <nd ref='-127021' />
    <nd ref='-127022' />
    <nd ref='-127023' />
    <nd ref='-127024' />
    <nd ref='-127025' />
    <nd ref='-127026' />
    <nd ref='-127027' />
    <nd ref='-127014' />
    <tag k='building' v='residential' />
    <tag k='id' v='594' />
    <tag k='levels' v='1' />
  </way>
  <way id='-37946'>
    <nd ref='-127021' />
    <nd ref='-127028' />
    <nd ref='-127029' />
    <nd ref='-127030' />
    <nd ref='-127031' />
    <nd ref='-127032' />
    <nd ref='-127033' />
    <nd ref='-127034' />
    <nd ref='-127021' />
    <tag k='building' v='residential' />
    <tag k='id' v='595' />
    <tag k='levels' v='1' />
  </way>
  <way id='-37947'>
    <nd ref='-127028' />
    <nd ref='-127035' />
    <nd ref='-127036' />
    <nd ref='-127037' />
    <nd ref='-127038' />
    <nd ref='-127039' />
    <nd ref='-127040' />
    <nd ref='-127041' />
    <nd ref='-127028' />
    <tag k='building' v='residential' />
    <tag k='id' v='596' />
    <tag k='levels' v='1' />
  </way>
  <way id='-37948'>
    <nd ref='-127042' />
    <nd ref='-127043' />
    <nd ref='-127044' />
    <nd ref='-127045' />
    <nd ref='-127046' />
    <nd ref='-127047' />
    <nd ref='-127048' />
    <nd ref='-127049' />
    <nd ref='-127042' />
    <tag k='building' v='residential' />
    <tag k='id' v='597' />
    <tag k='levels' v='1' />
  </way>
  <way id='-37949'>
    <nd ref='-127050' />
    <nd ref='-127051' />
    <nd ref='-127052' />
    <nd ref='-127053' />
    <nd ref='-127054' />
    <nd ref='-127055' />
    <nd ref='-127056' />
    <nd ref='-127057' />
    <nd ref='-127050' />
    <tag k='building' v='residential' />
    <tag k='id' v='598' />
    <tag k='levels' v='1' />
  </way>
  <way id='-37950'>
    <nd ref='-127051' />
    <nd ref='-127058' />
    <nd ref='-127059' />
    <nd ref='-127060' />
    <nd ref='-127061' />
    <nd ref='-127062' />
    <nd ref='-127063' />
    <nd ref='-127064' />
    <nd ref='-127051' />
    <tag k='building' v='residential' />
    <tag k='id' v='599' />
    <tag k='levels' v='1' />
  </way>
  <way id='-37951'>
    <nd ref='-127065' />
    <nd ref='-127066' />
    <nd ref='-127067' />
    <nd ref='-127068' />
    <nd ref='-127069' />
    <nd ref='-127070' />
    <nd ref='-127071' />
    <nd ref='-127072' />
    <nd ref='-127065' />
    <tag k='building' v='residential' />
    <tag k='id' v='600' />
    <tag k='levels' v='1' />
  </way>
  <way id='-37952'>
    <nd ref='-127073' />
    <nd ref='-127074' />
    <nd ref='-127075' />
    <nd ref='-127076' />
    <nd ref='-127077' />
    <nd ref='-127078' />
    <nd ref='-127079' />
    <nd ref='-127080' />
    <nd ref='-127073' />
    <tag k='building' v='residential' />
    <tag k='id' v='601' />
    <tag k='levels' v='1' />
  </way>
  <way id='-37953'>
    <nd ref='-127081' />
    <nd ref='-127082' />
    <nd ref='-127083' />
    <nd ref='-127084' />
    <nd ref='-127085' />
    <nd ref='-127086' />
    <nd ref='-127087' />
    <nd ref='-127075' />
    <nd ref='-127081' />
    <tag k='building' v='residential' />
    <tag k='id' v='602' />
    <tag k='levels' v='1' />
  </way>
  <way id='-37954'>
    <nd ref='-127088' />
    <nd ref='-127089' />
    <nd ref='-127090' />
    <nd ref='-127091' />
    <nd ref='-127092' />
    <nd ref='-127093' />
    <nd ref='-127094' />
    <nd ref='-127095' />
    <nd ref='-127088' />
    <tag k='building' v='residential' />
    <tag k='id' v='603' />
    <tag k='levels' v='1' />
  </way>
  <way id='-37955'>
    <nd ref='-127096' />
    <nd ref='-127097' />
    <nd ref='-127098' />
    <nd ref='-127099' />
    <nd ref='-127100' />
    <nd ref='-127101' />
    <nd ref='-127102' />
    <nd ref='-127103' />
    <nd ref='-127096' />
    <tag k='building' v='residential' />
    <tag k='id' v='604' />
    <tag k='levels' v='1' />
  </way>
  <way id='-37956'>
    <nd ref='-127104' />
    <nd ref='-127105' />
    <nd ref='-127106' />
    <nd ref='-127107' />
    <nd ref='-127108' />
    <nd ref='-127109' />
    <nd ref='-127110' />
    <nd ref='-127111' />
    <nd ref='-127104' />
    <tag k='building' v='residential' />
    <tag k='id' v='605' />
    <tag k='levels' v='1' />
  </way>
  <way id='-37957'>
    <nd ref='-127112' />
    <nd ref='-127113' />
    <nd ref='-127114' />
    <nd ref='-127115' />
    <nd ref='-127116' />
    <nd ref='-127117' />
    <nd ref='-127118' />
    <nd ref='-127119' />
    <nd ref='-127112' />
    <tag k='building' v='residential' />
    <tag k='id' v='606' />
    <tag k='levels' v='1' />
  </way>
  <way id='-37958'>
    <nd ref='-127120' />
    <nd ref='-127121' />
    <nd ref='-127122' />
    <nd ref='-127123' />
    <nd ref='-127124' />
    <nd ref='-127125' />
    <nd ref='-127126' />
    <nd ref='-127127' />
    <nd ref='-127120' />
    <tag k='building' v='residential' />
    <tag k='id' v='607' />
    <tag k='levels' v='1' />
  </way>
  <way id='-37959'>
    <nd ref='-127128' />
    <nd ref='-127129' />
    <nd ref='-127130' />
    <nd ref='-127131' />
    <nd ref='-127132' />
    <nd ref='-127133' />
    <nd ref='-127134' />
    <nd ref='-127135' />
    <nd ref='-127128' />
    <tag k='building' v='residential' />
    <tag k='id' v='608' />
    <tag k='levels' v='1' />
  </way>
  <way id='-37960'>
    <nd ref='-127136' />
    <nd ref='-127137' />
    <nd ref='-127138' />
    <nd ref='-127139' />
    <nd ref='-127140' />
    <nd ref='-127141' />
    <nd ref='-127142' />
    <nd ref='-127143' />
    <nd ref='-127136' />
    <tag k='building' v='residential' />
    <tag k='id' v='609' />
    <tag k='levels' v='1' />
  </way>
  <way id='-37961'>
    <nd ref='-127144' />
    <nd ref='-127145' />
    <nd ref='-127146' />
    <nd ref='-127147' />
    <nd ref='-127148' />
    <nd ref='-127149' />
    <nd ref='-127150' />
    <nd ref='-127151' />
    <nd ref='-127144' />
    <tag k='building' v='residential' />
    <tag k='id' v='610' />
    <tag k='levels' v='1' />
  </way>
  <way id='-37962'>
    <nd ref='-127152' />
    <nd ref='-127153' />
    <nd ref='-127154' />
    <nd ref='-127155' />
    <nd ref='-127156' />
    <nd ref='-127157' />
    <nd ref='-127158' />
    <nd ref='-127159' />
    <nd ref='-127152' />
    <tag k='building' v='residential' />
    <tag k='id' v='611' />
    <tag k='levels' v='1' />
  </way>
  <way id='-37963'>
    <nd ref='-127160' />
    <nd ref='-127161' />
    <nd ref='-127162' />
    <nd ref='-127163' />
    <nd ref='-127164' />
    <nd ref='-127165' />
    <nd ref='-127166' />
    <nd ref='-127158' />
    <nd ref='-127160' />
    <tag k='building' v='residential' />
    <tag k='id' v='612' />
    <tag k='levels' v='1' />
  </way>
  <way id='-37964'>
    <nd ref='-127167' />
    <nd ref='-127168' />
    <nd ref='-127169' />
    <nd ref='-127170' />
    <nd ref='-127171' />
    <nd ref='-127172' />
    <nd ref='-127173' />
    <nd ref='-127174' />
    <nd ref='-127167' />
    <tag k='building' v='residential' />
    <tag k='id' v='613' />
    <tag k='levels' v='1' />
  </way>
  <way id='-37965'>
    <nd ref='-127175' />
    <nd ref='-127176' />
    <nd ref='-127177' />
    <nd ref='-127178' />
    <nd ref='-127179' />
    <nd ref='-127180' />
    <nd ref='-127181' />
    <nd ref='-127182' />
    <nd ref='-127175' />
    <tag k='building' v='residential' />
    <tag k='id' v='614' />
    <tag k='levels' v='1' />
  </way>
  <way id='-37966'>
    <nd ref='-127183' />
    <nd ref='-127184' />
    <nd ref='-127185' />
    <nd ref='-127186' />
    <nd ref='-127187' />
    <nd ref='-127188' />
    <nd ref='-127189' />
    <nd ref='-127190' />
    <nd ref='-127183' />
    <tag k='building' v='residential' />
    <tag k='id' v='615' />
    <tag k='levels' v='1' />
  </way>
  <way id='-37967'>
    <nd ref='-127191' />
    <nd ref='-127192' />
    <nd ref='-127193' />
    <nd ref='-127194' />
    <nd ref='-127195' />
    <nd ref='-127196' />
    <nd ref='-127197' />
    <nd ref='-127198' />
    <nd ref='-127191' />
    <tag k='building' v='residential' />
    <tag k='id' v='616' />
    <tag k='levels' v='1' />
  </way>
  <way id='-37968'>
    <nd ref='-127199' />
    <nd ref='-127200' />
    <nd ref='-127201' />
    <nd ref='-127202' />
    <nd ref='-127203' />
    <nd ref='-127204' />
    <nd ref='-127205' />
    <nd ref='-127206' />
    <nd ref='-127199' />
    <tag k='building' v='residential' />
    <tag k='id' v='617' />
    <tag k='levels' v='1' />
  </way>
  <way id='-37969'>
    <nd ref='-127204' />
    <nd ref='-127207' />
    <nd ref='-127208' />
    <nd ref='-127209' />
    <nd ref='-127210' />
    <nd ref='-127211' />
    <nd ref='-127212' />
    <nd ref='-127213' />
    <nd ref='-127204' />
    <tag k='building' v='residential' />
    <tag k='id' v='618' />
    <tag k='levels' v='1' />
  </way>
  <way id='-37970'>
    <nd ref='-127214' />
    <nd ref='-127215' />
    <nd ref='-127216' />
    <nd ref='-127217' />
    <nd ref='-127218' />
    <nd ref='-127219' />
    <nd ref='-127220' />
    <nd ref='-127221' />
    <nd ref='-127214' />
    <tag k='building' v='residential' />
    <tag k='id' v='619' />
    <tag k='levels' v='1' />
  </way>
  <way id='-37971'>
    <nd ref='-127222' />
    <nd ref='-127223' />
    <nd ref='-127224' />
    <nd ref='-127225' />
    <nd ref='-127226' />
    <nd ref='-127227' />
    <nd ref='-127228' />
    <nd ref='-127229' />
    <nd ref='-127222' />
    <tag k='building' v='residential' />
    <tag k='id' v='620' />
    <tag k='levels' v='1' />
  </way>
  <way id='-37972'>
    <nd ref='-127230' />
    <nd ref='-127231' />
    <nd ref='-127232' />
    <nd ref='-127233' />
    <nd ref='-127234' />
    <nd ref='-127235' />
    <nd ref='-127236' />
    <nd ref='-127237' />
    <nd ref='-127230' />
    <tag k='building' v='residential' />
    <tag k='id' v='621' />
    <tag k='levels' v='1' />
  </way>
  <way id='-37973'>
    <nd ref='-127238' />
    <nd ref='-127239' />
    <nd ref='-127240' />
    <nd ref='-127241' />
    <nd ref='-127242' />
    <nd ref='-127243' />
    <nd ref='-127244' />
    <nd ref='-127245' />
    <nd ref='-127238' />
    <tag k='building' v='residential' />
    <tag k='id' v='622' />
    <tag k='levels' v='1' />
  </way>
  <way id='-37974'>
    <nd ref='-127246' />
    <nd ref='-127247' />
    <nd ref='-127248' />
    <nd ref='-127249' />
    <nd ref='-127246' />
    <tag k='amenity' v='place_of_worship' />
    <tag k='building' v='mosque' />
    <tag k='levels' v='1' />
  </way>
  <way id='-37975'>
    <nd ref='-127250' />
    <nd ref='-127251' />
    <nd ref='-127252' />
    <nd ref='-127253' />
    <nd ref='-127250' />
    <tag k='amenity' v='place_of_worship' />
    <tag k='building' v='mosque' />
    <tag k='levels' v='1' />
  </way>
  <way id='-37976'>
    <nd ref='-127254' />
    <nd ref='-127255' />
    <nd ref='-127256' />
    <nd ref='-127257' />
    <nd ref='-127254' />
    <tag k='amenity' v='place_of_worship' />
    <tag k='building' v='mosque' />
    <tag k='levels' v='1' />
  </way>
  <way id='-37977'>
    <nd ref='-127258' />
    <nd ref='-127259' />
    <nd ref='-127260' />
    <nd ref='-127261' />
    <nd ref='-127258' />
    <tag k='amenity' v='place_of_worship' />
    <tag k='building' v='mosque' />
    <tag k='levels' v='1' />
  </way>
  <way id='-37978'>
    <nd ref='-127262' />
    <nd ref='-127263' />
    <nd ref='-127264' />
    <nd ref='-127265' />
    <nd ref='-127262' />
    <tag k='amenity' v='place_of_worship' />
    <tag k='building' v='mosque' />
    <tag k='levels' v='1' />
  </way>
  <way id='-37979'>
    <nd ref='-127266' />
    <nd ref='-127267' />
    <nd ref='-127268' />
    <nd ref='-127269' />
    <nd ref='-127266' />
    <tag k='building' v='residential' />
    <tag k='levels' v='1' />
  </way>
  <way id='-37980'>
    <nd ref='-127270' />
    <nd ref='-127271' />
    <nd ref='-127272' />
    <nd ref='-127273' />
    <nd ref='-127274' />
    <nd ref='-127270' />
    <tag k='building' v='residential' />
    <tag k='levels' v='1' />
  </way>
  <way id='-37981'>
    <nd ref='-127275' />
    <nd ref='-127276' />
    <nd ref='-127277' />
    <nd ref='-127278' />
    <nd ref='-127275' />
    <tag k='building' v='residential' />
    <tag k='levels' v='1' />
  </way>
  <way id='-37982'>
    <nd ref='-127279' />
    <nd ref='-127280' />
    <nd ref='-127281' />
    <nd ref='-127282' />
    <nd ref='-127279' />
    <tag k='building' v='residential' />
    <tag k='levels' v='1' />
  </way>
  <way id='-37983'>
    <nd ref='-127283' />
    <nd ref='-127284' />
    <nd ref='-127285' />
    <nd ref='-127286' />
    <nd ref='-127283' />
    <tag k='building' v='residential' />
    <tag k='levels' v='1' />
  </way>
  <way id='-37984'>
    <nd ref='-127287' />
    <nd ref='-127288' />
    <nd ref='-127289' />
    <nd ref='-127290' />
    <nd ref='-127287' />
    <tag k='building' v='residential' />
    <tag k='levels' v='1' />
  </way>
  <way id='-37985'>
    <nd ref='-127291' />
    <nd ref='-127292' />
    <nd ref='-127293' />
    <nd ref='-127294' />
    <nd ref='-127295' />
    <nd ref='-127296' />
    <nd ref='-127297' />
    <nd ref='-127298' />
    <nd ref='-127291' />
    <tag k='building' v='residential' />
    <tag k='levels' v='1' />
  </way>
  <way id='-37986'>
    <nd ref='-127299' />
    <nd ref='-127300' />
    <nd ref='-127301' />
    <nd ref='-127302' />
    <nd ref='-127299' />
    <tag k='building' v='residential' />
    <tag k='levels' v='1' />
  </way>
  <way id='-37987'>
    <nd ref='-127303' />
    <nd ref='-127304' />
    <nd ref='-127305' />
    <nd ref='-127306' />
    <nd ref='-127303' />
    <tag k='building' v='residential' />
    <tag k='levels' v='1' />
  </way>
  <way id='-37988'>
    <nd ref='-127307' />
    <nd ref='-127308' />
    <nd ref='-127309' />
    <nd ref='-127310' />
    <nd ref='-127307' />
    <tag k='building' v='residential' />
    <tag k='levels' v='1' />
  </way>
  <way id='-37989'>
    <nd ref='-127311' />
    <nd ref='-127312' />
    <nd ref='-127313' />
    <nd ref='-127314' />
    <nd ref='-127311' />
    <tag k='building' v='residential' />
    <tag k='levels' v='1' />
  </way>
  <way id='-37990'>
    <nd ref='-127315' />
    <nd ref='-127316' />
    <nd ref='-127317' />
    <nd ref='-127318' />
    <nd ref='-127315' />
    <tag k='building' v='residential' />
    <tag k='levels' v='1' />
  </way>
  <way id='-37991'>
    <nd ref='-127319' />
    <nd ref='-127320' />
    <nd ref='-127321' />
    <nd ref='-127322' />
    <nd ref='-127319' />
    <tag k='building' v='residential' />
    <tag k='levels' v='1' />
  </way>
  <way id='-37992'>
    <nd ref='-127323' />
    <nd ref='-127324' />
    <nd ref='-127325' />
    <nd ref='-127326' />
    <nd ref='-127323' />
    <tag k='building' v='residential' />
    <tag k='levels' v='1' />
  </way>
  <way id='-37993'>
    <nd ref='-127327' />
    <nd ref='-127328' />
    <nd ref='-127329' />
    <nd ref='-127330' />
    <nd ref='-127327' />
    <tag k='building' v='residential' />
    <tag k='levels' v='1' />
  </way>
  <way id='-37994'>
    <nd ref='-127331' />
    <nd ref='-127332' />
    <nd ref='-127333' />
    <nd ref='-127334' />
    <nd ref='-127331' />
    <tag k='building' v='residential' />
    <tag k='levels' v='1' />
  </way>
  <way id='-37995'>
    <nd ref='-127335' />
    <nd ref='-127336' />
    <nd ref='-127337' />
    <nd ref='-127338' />
    <nd ref='-127335' />
    <tag k='building' v='residential' />
    <tag k='levels' v='1' />
  </way>
  <way id='-37996'>
    <nd ref='-127339' />
    <nd ref='-127340' />
    <nd ref='-127341' />
    <nd ref='-127342' />
    <nd ref='-127343' />
    <nd ref='-127344' />
    <nd ref='-127339' />
    <tag k='building' v='residential' />
    <tag k='levels' v='1' />
  </way>
  <way id='-37997'>
    <nd ref='-127345' />
    <nd ref='-127346' />
    <nd ref='-127347' />
    <nd ref='-127348' />
    <nd ref='-127345' />
    <tag k='building' v='residential' />
    <tag k='levels' v='1' />
  </way>
  <way id='-37998'>
    <nd ref='-127349' />
    <nd ref='-127350' />
    <nd ref='-127351' />
    <nd ref='-127352' />
    <nd ref='-127349' />
    <tag k='building' v='residential' />
    <tag k='levels' v='1' />
  </way>
  <way id='-37999'>
    <nd ref='-127353' />
    <nd ref='-127354' />
    <nd ref='-127355' />
    <nd ref='-127356' />
    <nd ref='-127353' />
    <tag k='building' v='residential' />
    <tag k='levels' v='1' />
  </way>
  <way id='-38000'>
    <nd ref='-127357' />
    <nd ref='-127358' />
    <nd ref='-127359' />
    <nd ref='-127360' />
    <nd ref='-127357' />
    <tag k='building' v='residential' />
    <tag k='levels' v='1' />
  </way>
  <way id='-38001'>
    <nd ref='-127361' />
    <nd ref='-127362' />
    <nd ref='-127363' />
    <nd ref='-127364' />
    <nd ref='-127361' />
    <tag k='building' v='residential' />
    <tag k='levels' v='1' />
  </way>
  <way id='-38002'>
    <nd ref='-127365' />
    <nd ref='-127366' />
    <nd ref='-127367' />
    <nd ref='-127368' />
    <nd ref='-127365' />
    <tag k='building' v='residential' />
    <tag k='levels' v='1' />
  </way>
  <way id='-38003'>
    <nd ref='-127369' />
    <nd ref='-127370' />
    <nd ref='-127371' />
    <nd ref='-127372' />
    <nd ref='-127369' />
    <tag k='building' v='residential' />
    <tag k='levels' v='1' />
  </way>
  <way id='-38004'>
    <nd ref='-127373' />
    <nd ref='-127374' />
    <nd ref='-127375' />
    <nd ref='-127376' />
    <nd ref='-127373' />
    <tag k='building' v='residential' />
    <tag k='levels' v='1' />
  </way>
  <way id='-38005'>
    <nd ref='-127377' />
    <nd ref='-127378' />
    <nd ref='-127379' />
    <nd ref='-127380' />
    <nd ref='-127377' />
    <tag k='building' v='residential' />
    <tag k='levels' v='1' />
  </way>
  <way id='-38006'>
    <nd ref='-127381' />
    <nd ref='-127382' />
    <nd ref='-127383' />
    <nd ref='-127384' />
    <nd ref='-127381' />
    <tag k='building' v='residential' />
    <tag k='levels' v='1' />
  </way>
  <way id='-38007'>
    <nd ref='-127385' />
    <nd ref='-127386' />
    <nd ref='-127387' />
    <nd ref='-127388' />
    <nd ref='-127385' />
    <tag k='building' v='residential' />
    <tag k='levels' v='1' />
  </way>
  <way id='-38008'>
    <nd ref='-127389' />
    <nd ref='-127390' />
    <nd ref='-127391' />
    <nd ref='-127392' />
    <nd ref='-127389' />
    <tag k='building' v='residential' />
    <tag k='levels' v='1' />
  </way>
  <way id='-38009'>
    <nd ref='-127393' />
    <nd ref='-127394' />
    <nd ref='-127395' />
    <nd ref='-127396' />
    <nd ref='-127393' />
    <tag k='building' v='residential' />
    <tag k='levels' v='1' />
  </way>
  <way id='-38010'>
    <nd ref='-127397' />
    <nd ref='-127398' />
    <nd ref='-127399' />
    <nd ref='-127400' />
    <nd ref='-127397' />
    <tag k='building' v='residential' />
    <tag k='levels' v='1' />
  </way>
  <way id='-38011'>
    <nd ref='-127401' />
    <nd ref='-127402' />
    <nd ref='-127403' />
    <nd ref='-127404' />
    <nd ref='-127405' />
    <nd ref='-127401' />
    <tag k='building' v='residential' />
    <tag k='levels' v='1' />
  </way>
  <way id='-38012'>
    <nd ref='-127406' />
    <nd ref='-127407' />
    <nd ref='-127408' />
    <nd ref='-127409' />
    <nd ref='-127406' />
    <tag k='building' v='residential' />
    <tag k='levels' v='1' />
  </way>
  <way id='-38013'>
    <nd ref='-127410' />
    <nd ref='-127411' />
    <nd ref='-127412' />
    <nd ref='-127413' />
    <nd ref='-127410' />
    <tag k='building' v='residential' />
    <tag k='levels' v='1' />
  </way>
  <way id='-38014'>
    <nd ref='-127414' />
    <nd ref='-127415' />
    <nd ref='-127416' />
    <nd ref='-127417' />
    <nd ref='-127414' />
    <tag k='building' v='residential' />
    <tag k='levels' v='1' />
  </way>
  <way id='-38015'>
    <nd ref='-127418' />
    <nd ref='-127419' />
    <nd ref='-127420' />
    <nd ref='-127421' />
    <nd ref='-127422' />
    <nd ref='-127423' />
    <nd ref='-127424' />
    <nd ref='-127425' />
    <nd ref='-127426' />
    <nd ref='-127427' />
    <nd ref='-127428' />
    <nd ref='-127429' />
    <nd ref='-127430' />
    <nd ref='-127431' />
    <nd ref='-127418' />
    <tag k='building' v='residential' />
    <tag k='levels' v='1' />
  </way>
  <way id='-38016'>
    <nd ref='-127432' />
    <nd ref='-127433' />
    <nd ref='-127434' />
    <nd ref='-127435' />
    <nd ref='-127432' />
    <tag k='building' v='residential' />
    <tag k='levels' v='1' />
  </way>
  <way id='-38017'>
    <nd ref='-127436' />
    <nd ref='-127437' />
    <nd ref='-127438' />
    <nd ref='-127439' />
    <nd ref='-127436' />
    <tag k='building' v='residential' />
    <tag k='levels' v='1' />
  </way>
  <way id='-38018'>
    <nd ref='-127440' />
    <nd ref='-127441' />
    <nd ref='-127442' />
    <nd ref='-127443' />
    <nd ref='-127444' />
    <nd ref='-127445' />
    <nd ref='-127446' />
    <nd ref='-127440' />
    <tag k='building' v='residential' />
    <tag k='levels' v='1' />
  </way>
  <way id='-38019'>
    <nd ref='-127447' />
    <nd ref='-127448' />
    <nd ref='-127449' />
    <nd ref='-127450' />
    <nd ref='-127447' />
    <tag k='building' v='residential' />
    <tag k='levels' v='1' />
  </way>
  <way id='-38020'>
    <nd ref='-127451' />
    <nd ref='-127452' />
    <nd ref='-127453' />
    <nd ref='-127454' />
    <nd ref='-127455' />
    <nd ref='-127451' />
    <tag k='building' v='residential' />
    <tag k='levels' v='1' />
  </way>
  <way id='-38021'>
    <nd ref='-127456' />
    <nd ref='-127457' />
    <nd ref='-127458' />
    <nd ref='-127459' />
    <nd ref='-127456' />
    <tag k='building' v='residential' />
    <tag k='levels' v='1' />
  </way>
  <way id='-38022'>
    <nd ref='-127460' />
    <nd ref='-127461' />
    <nd ref='-127462' />
    <nd ref='-127463' />
    <nd ref='-127460' />
    <tag k='building' v='residential' />
    <tag k='levels' v='1' />
  </way>
  <way id='-38023'>
    <nd ref='-127464' />
    <nd ref='-127465' />
    <nd ref='-127466' />
    <nd ref='-127467' />
    <nd ref='-127464' />
    <tag k='building' v='residential' />
    <tag k='levels' v='1' />
  </way>
  <way id='-38024'>
    <nd ref='-127468' />
    <nd ref='-127469' />
    <nd ref='-127470' />
    <nd ref='-127471' />
    <nd ref='-127468' />
    <tag k='building' v='residential' />
    <tag k='levels' v='1' />
  </way>
  <way id='-38025'>
    <nd ref='-127472' />
    <nd ref='-127473' />
    <nd ref='-127474' />
    <nd ref='-127475' />
    <nd ref='-127472' />
    <tag k='building' v='residential' />
    <tag k='levels' v='1' />
  </way>
  <way id='-38026'>
    <nd ref='-127476' />
    <nd ref='-127477' />
    <nd ref='-127478' />
    <nd ref='-127479' />
    <nd ref='-127480' />
    <nd ref='-127481' />
    <nd ref='-127482' />
    <nd ref='-127483' />
    <nd ref='-127484' />
    <nd ref='-127485' />
    <nd ref='-127486' />
    <nd ref='-127476' />
    <tag k='building' v='residential' />
    <tag k='levels' v='1' />
  </way>
  <way id='-38027'>
    <nd ref='-127487' />
    <nd ref='-127488' />
    <nd ref='-127489' />
    <nd ref='-127490' />
    <nd ref='-127487' />
    <tag k='building' v='residential' />
    <tag k='levels' v='1' />
  </way>
  <way id='-38028'>
    <nd ref='-127491' />
    <nd ref='-127492' />
    <nd ref='-127493' />
    <nd ref='-127494' />
    <nd ref='-127495' />
    <nd ref='-127491' />
    <tag k='building' v='residential' />
    <tag k='levels' v='1' />
  </way>
  <way id='-38029'>
    <nd ref='-127496' />
    <nd ref='-127497' />
    <nd ref='-127498' />
    <nd ref='-127499' />
    <nd ref='-127496' />
    <tag k='building' v='residential' />
    <tag k='levels' v='1' />
  </way>
  <way id='-38030'>
    <nd ref='-127500' />
    <nd ref='-127501' />
    <nd ref='-127502' />
    <nd ref='-127503' />
    <nd ref='-127500' />
    <tag k='building' v='residential' />
    <tag k='levels' v='1' />
  </way>
  <way id='-38031'>
    <nd ref='-127504' />
    <nd ref='-127505' />
    <nd ref='-127506' />
    <nd ref='-127507' />
    <nd ref='-127504' />
    <tag k='building' v='residential' />
    <tag k='levels' v='1' />
  </way>
  <way id='-38032'>
    <nd ref='-127508' />
    <nd ref='-127509' />
    <nd ref='-127510' />
    <nd ref='-127511' />
    <nd ref='-127508' />
    <tag k='building' v='residential' />
    <tag k='levels' v='1' />
  </way>
  <way id='-38033'>
    <nd ref='-127512' />
    <nd ref='-127513' />
    <nd ref='-127514' />
    <nd ref='-127515' />
    <nd ref='-127516' />
    <nd ref='-127512' />
    <tag k='building' v='residential' />
    <tag k='levels' v='1' />
  </way>
  <way id='-38034'>
    <nd ref='-127517' />
    <nd ref='-127518' />
    <nd ref='-127519' />
    <nd ref='-127520' />
    <nd ref='-127521' />
    <nd ref='-127522' />
    <nd ref='-127517' />
    <tag k='building' v='residential' />
    <tag k='levels' v='1' />
  </way>
  <way id='-38035'>
    <nd ref='-127523' />
    <nd ref='-127524' />
    <nd ref='-127525' />
    <nd ref='-127526' />
    <nd ref='-127523' />
    <tag k='building' v='residential' />
    <tag k='levels' v='1' />
  </way>
  <way id='-38036'>
    <nd ref='-127527' />
    <nd ref='-127528' />
    <nd ref='-127529' />
    <nd ref='-127530' />
    <nd ref='-127527' />
    <tag k='building' v='residential' />
    <tag k='levels' v='1' />
  </way>
  <way id='-38037'>
    <nd ref='-127531' />
    <nd ref='-127532' />
    <nd ref='-127533' />
    <nd ref='-127534' />
    <nd ref='-127531' />
    <tag k='building' v='residential' />
    <tag k='levels' v='1' />
  </way>
  <way id='-38038'>
    <nd ref='-127535' />
    <nd ref='-127536' />
    <nd ref='-127537' />
    <nd ref='-127538' />
    <nd ref='-127535' />
    <tag k='building' v='residential' />
    <tag k='levels' v='1' />
  </way>
  <way id='-38039'>
    <nd ref='-127539' />
    <nd ref='-127540' />
    <nd ref='-127541' />
    <nd ref='-127542' />
    <nd ref='-127539' />
    <tag k='building' v='residential' />
    <tag k='levels' v='1' />
  </way>
  <way id='-38040'>
    <nd ref='-127543' />
    <nd ref='-127544' />
    <nd ref='-127545' />
    <nd ref='-127546' />
    <nd ref='-127547' />
    <nd ref='-127543' />
    <tag k='building' v='residential' />
    <tag k='levels' v='1' />
  </way>
  <way id='-38041'>
    <nd ref='-127548' />
    <nd ref='-127549' />
    <nd ref='-127550' />
    <nd ref='-127551' />
    <nd ref='-127548' />
    <tag k='building' v='residential' />
    <tag k='levels' v='1' />
  </way>
  <way id='-38042'>
    <nd ref='-127552' />
    <nd ref='-127553' />
    <nd ref='-127554' />
    <nd ref='-127555' />
    <nd ref='-127552' />
    <tag k='building' v='residential' />
    <tag k='levels' v='1' />
  </way>
  <way id='-38043'>
    <nd ref='-127556' />
    <nd ref='-127557' />
    <nd ref='-127558' />
    <nd ref='-127559' />
    <nd ref='-127556' />
    <tag k='building' v='residential' />
    <tag k='levels' v='1' />
  </way>
  <way id='-38044'>
    <nd ref='-127560' />
    <nd ref='-127561' />
    <nd ref='-127562' />
    <nd ref='-127563' />
    <nd ref='-127560' />
    <tag k='building' v='residential' />
    <tag k='levels' v='1' />
  </way>
  <way id='-38045'>
    <nd ref='-127564' />
    <nd ref='-127565' />
    <nd ref='-127566' />
    <nd ref='-127567' />
    <nd ref='-127568' />
    <nd ref='-127569' />
    <nd ref='-127570' />
    <nd ref='-127571' />
    <nd ref='-127572' />
    <nd ref='-127573' />
    <nd ref='-127564' />
    <tag k='building' v='residential' />
    <tag k='levels' v='1' />
  </way>
  <way id='-38046'>
    <nd ref='-127574' />
    <nd ref='-127575' />
    <nd ref='-127576' />
    <nd ref='-127577' />
    <nd ref='-127574' />
    <tag k='building' v='residential' />
    <tag k='levels' v='1' />
  </way>
  <way id='-38047'>
    <nd ref='-127578' />
    <nd ref='-127579' />
    <nd ref='-127580' />
    <nd ref='-127581' />
    <nd ref='-127578' />
    <tag k='building' v='residential' />
    <tag k='levels' v='1' />
  </way>
  <way id='-38048'>
    <nd ref='-127582' />
    <nd ref='-127583' />
    <nd ref='-127584' />
    <nd ref='-127585' />
    <nd ref='-127582' />
    <tag k='building' v='residential' />
    <tag k='levels' v='1' />
  </way>
  <way id='-38049'>
    <nd ref='-127586' />
    <nd ref='-127587' />
    <nd ref='-127588' />
    <nd ref='-127589' />
    <nd ref='-127586' />
    <tag k='building' v='residential' />
    <tag k='levels' v='1' />
  </way>
  <way id='-38050'>
    <nd ref='-127590' />
    <nd ref='-127591' />
    <nd ref='-127592' />
    <nd ref='-127593' />
    <nd ref='-127590' />
    <tag k='building' v='residential' />
    <tag k='levels' v='1' />
  </way>
  <way id='-38051'>
    <nd ref='-127594' />
    <nd ref='-127595' />
    <nd ref='-127596' />
    <nd ref='-127597' />
    <nd ref='-127594' />
    <tag k='building' v='residential' />
    <tag k='levels' v='1' />
  </way>
  <way id='-38052'>
    <nd ref='-127598' />
    <nd ref='-127599' />
    <nd ref='-127600' />
    <nd ref='-127601' />
    <nd ref='-127598' />
    <tag k='building' v='residential' />
    <tag k='levels' v='1' />
  </way>
  <way id='-38053'>
    <nd ref='-127602' />
    <nd ref='-127603' />
    <nd ref='-127604' />
    <nd ref='-127605' />
    <nd ref='-127606' />
    <nd ref='-127607' />
    <nd ref='-127608' />
    <nd ref='-127609' />
    <nd ref='-127602' />
    <tag k='building' v='residential' />
    <tag k='levels' v='1' />
  </way>
  <way id='-38054'>
    <nd ref='-127610' />
    <nd ref='-127611' />
    <nd ref='-127612' />
    <nd ref='-127613' />
    <nd ref='-127610' />
    <tag k='building' v='residential' />
    <tag k='levels' v='1' />
  </way>
  <way id='-38055'>
    <nd ref='-127614' />
    <nd ref='-127615' />
    <nd ref='-127616' />
    <nd ref='-127617' />
    <nd ref='-127614' />
    <tag k='building' v='residential' />
    <tag k='levels' v='1' />
  </way>
  <way id='-38056'>
    <nd ref='-127618' />
    <nd ref='-127619' />
    <nd ref='-127620' />
    <nd ref='-127621' />
    <nd ref='-127618' />
    <tag k='building' v='residential' />
    <tag k='levels' v='1' />
  </way>
  <way id='-38057'>
    <nd ref='-127622' />
    <nd ref='-127623' />
    <nd ref='-127624' />
    <nd ref='-127625' />
    <nd ref='-127622' />
    <tag k='building' v='residential' />
    <tag k='levels' v='1' />
  </way>
  <way id='-38058'>
    <nd ref='-127626' />
    <nd ref='-127627' />
    <nd ref='-127628' />
    <nd ref='-127629' />
    <nd ref='-127630' />
    <nd ref='-127631' />
    <nd ref='-127632' />
    <nd ref='-127633' />
    <nd ref='-127634' />
    <nd ref='-127635' />
    <nd ref='-127636' />
    <nd ref='-127626' />
    <tag k='building' v='residential' />
    <tag k='levels' v='1' />
  </way>
  <way id='-38059'>
    <nd ref='-127637' />
    <nd ref='-127638' />
    <nd ref='-127639' />
    <nd ref='-127640' />
    <nd ref='-127637' />
    <tag k='building' v='residential' />
    <tag k='levels' v='1' />
  </way>
  <way id='-38060'>
    <nd ref='-127641' />
    <nd ref='-127642' />
    <nd ref='-127643' />
    <nd ref='-127644' />
    <nd ref='-127641' />
    <tag k='building' v='residential' />
    <tag k='levels' v='1' />
  </way>
  <way id='-38061'>
    <nd ref='-127645' />
    <nd ref='-127646' />
    <nd ref='-127647' />
    <nd ref='-127648' />
    <nd ref='-127645' />
    <tag k='building' v='residential' />
    <tag k='levels' v='1' />
  </way>
  <way id='-38062'>
    <nd ref='-127649' />
    <nd ref='-127650' />
    <nd ref='-127651' />
    <nd ref='-127652' />
    <nd ref='-127649' />
    <tag k='building' v='residential' />
    <tag k='levels' v='1' />
  </way>
  <way id='-38063'>
    <nd ref='-127653' />
    <nd ref='-127654' />
    <nd ref='-127655' />
    <nd ref='-127656' />
    <nd ref='-127653' />
    <tag k='building' v='residential' />
    <tag k='levels' v='1' />
  </way>
  <way id='-38064'>
    <nd ref='-127657' />
    <nd ref='-127658' />
    <nd ref='-127659' />
    <nd ref='-127660' />
    <nd ref='-127657' />
    <tag k='building' v='residential' />
    <tag k='levels' v='1' />
  </way>
  <way id='-38065'>
    <nd ref='-127661' />
    <nd ref='-127662' />
    <nd ref='-127663' />
    <nd ref='-127664' />
    <nd ref='-127661' />
    <tag k='building' v='residential' />
    <tag k='levels' v='1' />
  </way>
  <way id='-38066'>
    <nd ref='-127665' />
    <nd ref='-127666' />
    <nd ref='-127667' />
    <nd ref='-127668' />
    <nd ref='-127665' />
    <tag k='building' v='residential' />
    <tag k='levels' v='1' />
  </way>
  <way id='-38067'>
    <nd ref='-127669' />
    <nd ref='-127670' />
    <nd ref='-127671' />
    <nd ref='-127672' />
    <nd ref='-127669' />
    <tag k='building' v='residential' />
    <tag k='levels' v='1' />
  </way>
  <way id='-38068'>
    <nd ref='-127673' />
    <nd ref='-127674' />
    <nd ref='-127675' />
    <nd ref='-127676' />
    <nd ref='-127673' />
    <tag k='building' v='residential' />
    <tag k='levels' v='1' />
  </way>
  <way id='-38069'>
    <nd ref='-127677' />
    <nd ref='-127678' />
    <nd ref='-127679' />
    <nd ref='-127680' />
    <nd ref='-127677' />
    <tag k='building' v='residential' />
    <tag k='levels' v='1' />
  </way>
  <way id='-38070'>
    <nd ref='-127681' />
    <nd ref='-127682' />
    <nd ref='-127683' />
    <nd ref='-127684' />
    <nd ref='-127681' />
    <tag k='building' v='residential' />
    <tag k='levels' v='1' />
  </way>
  <way id='-38071'>
    <nd ref='-127685' />
    <nd ref='-127686' />
    <nd ref='-127687' />
    <nd ref='-127688' />
    <nd ref='-127685' />
    <tag k='building' v='residential' />
    <tag k='levels' v='1' />
  </way>
  <way id='-38072'>
    <nd ref='-127689' />
    <nd ref='-127690' />
    <nd ref='-127691' />
    <nd ref='-127692' />
    <nd ref='-127693' />
    <nd ref='-127694' />
    <nd ref='-127695' />
    <nd ref='-127689' />
    <tag k='building' v='residential' />
    <tag k='levels' v='1' />
  </way>
  <way id='-38073'>
    <nd ref='-127696' />
    <nd ref='-127697' />
    <nd ref='-127698' />
    <nd ref='-127699' />
    <nd ref='-127696' />
    <tag k='building' v='residential' />
    <tag k='levels' v='1' />
  </way>
  <way id='-38074'>
    <nd ref='-127700' />
    <nd ref='-127701' />
    <nd ref='-127702' />
    <nd ref='-127703' />
    <nd ref='-127700' />
    <tag k='building' v='residential' />
    <tag k='levels' v='1' />
  </way>
  <way id='-38075'>
    <nd ref='-127704' />
    <nd ref='-127705' />
    <nd ref='-127706' />
    <nd ref='-127707' />
    <nd ref='-127708' />
    <nd ref='-127704' />
    <tag k='building' v='residential' />
    <tag k='levels' v='1' />
  </way>
  <way id='-38076'>
    <nd ref='-127709' />
    <nd ref='-127710' />
    <nd ref='-127711' />
    <nd ref='-127712' />
    <nd ref='-127713' />
    <nd ref='-127709' />
    <tag k='building' v='residential' />
    <tag k='levels' v='1' />
  </way>
  <way id='-38077'>
    <nd ref='-127714' />
    <nd ref='-127715' />
    <nd ref='-127716' />
    <nd ref='-127717' />
    <nd ref='-127714' />
    <tag k='building' v='residential' />
    <tag k='levels' v='1' />
  </way>
  <way id='-38078'>
    <nd ref='-127718' />
    <nd ref='-127719' />
    <nd ref='-127720' />
    <nd ref='-127721' />
    <nd ref='-127718' />
    <tag k='building' v='residential' />
    <tag k='levels' v='1' />
  </way>
  <way id='-38079'>
    <nd ref='-127722' />
    <nd ref='-127723' />
    <nd ref='-127724' />
    <nd ref='-127725' />
    <nd ref='-127726' />
    <nd ref='-127722' />
    <tag k='building' v='residential' />
    <tag k='levels' v='1' />
  </way>
  <way id='-38080'>
    <nd ref='-127727' />
    <nd ref='-127728' />
    <nd ref='-127729' />
    <nd ref='-127730' />
    <nd ref='-127727' />
    <tag k='building' v='residential' />
    <tag k='levels' v='1' />
  </way>
  <way id='-38081'>
    <nd ref='-127731' />
    <nd ref='-127732' />
    <nd ref='-127733' />
    <nd ref='-127734' />
    <nd ref='-127731' />
    <tag k='building' v='residential' />
    <tag k='levels' v='1' />
  </way>
  <way id='-38082'>
    <nd ref='-127735' />
    <nd ref='-127736' />
    <nd ref='-127737' />
    <nd ref='-127738' />
    <nd ref='-127735' />
    <tag k='building' v='residential' />
    <tag k='levels' v='1' />
  </way>
  <way id='-38083'>
    <nd ref='-127739' />
    <nd ref='-127740' />
    <nd ref='-127741' />
    <nd ref='-127742' />
    <nd ref='-127743' />
    <nd ref='-127739' />
    <tag k='building' v='residential' />
    <tag k='levels' v='1' />
  </way>
  <way id='-38084'>
    <nd ref='-127744' />
    <nd ref='-127745' />
    <nd ref='-127746' />
    <nd ref='-127747' />
    <nd ref='-127744' />
    <tag k='building' v='residential' />
    <tag k='levels' v='1' />
  </way>
  <way id='-38085'>
    <nd ref='-127748' />
    <nd ref='-127749' />
    <nd ref='-127750' />
    <nd ref='-127751' />
    <nd ref='-127748' />
    <tag k='building' v='residential' />
    <tag k='levels' v='1' />
  </way>
  <way id='-38086'>
    <nd ref='-127752' />
    <nd ref='-127753' />
    <nd ref='-127754' />
    <nd ref='-127755' />
    <nd ref='-127752' />
    <tag k='building' v='residential' />
    <tag k='levels' v='1' />
  </way>
  <way id='-38087'>
    <nd ref='-127756' />
    <nd ref='-127757' />
    <nd ref='-127758' />
    <nd ref='-127759' />
    <nd ref='-127756' />
    <tag k='building' v='residential' />
    <tag k='levels' v='1' />
  </way>
  <way id='-38088'>
    <nd ref='-127760' />
    <nd ref='-127761' />
    <nd ref='-127762' />
    <nd ref='-127763' />
    <nd ref='-127760' />
    <tag k='building' v='residential' />
    <tag k='levels' v='1' />
  </way>
  <way id='-38089'>
    <nd ref='-127764' />
    <nd ref='-127765' />
    <nd ref='-127766' />
    <nd ref='-127767' />
    <nd ref='-127764' />
    <tag k='building' v='residential' />
    <tag k='levels' v='1' />
  </way>
  <way id='-38090'>
    <nd ref='-127768' />
    <nd ref='-127769' />
    <nd ref='-127770' />
    <nd ref='-127771' />
    <nd ref='-127768' />
    <tag k='building' v='residential' />
    <tag k='levels' v='1' />
  </way>
  <way id='-38091'>
    <nd ref='-127772' />
    <nd ref='-127773' />
    <nd ref='-127774' />
    <nd ref='-127775' />
    <nd ref='-127772' />
    <tag k='building' v='residential' />
    <tag k='levels' v='1' />
  </way>
  <way id='-38092'>
    <nd ref='-127776' />
    <nd ref='-127777' />
    <nd ref='-127778' />
    <nd ref='-127779' />
    <nd ref='-127776' />
    <tag k='building' v='residential' />
    <tag k='levels' v='1' />
  </way>
  <way id='-38093'>
    <nd ref='-127780' />
    <nd ref='-127781' />
    <nd ref='-127782' />
    <nd ref='-127783' />
    <nd ref='-127784' />
    <nd ref='-127780' />
    <tag k='building' v='residential' />
    <tag k='levels' v='1' />
  </way>
  <way id='-38094'>
    <nd ref='-127785' />
    <nd ref='-127786' />
    <nd ref='-127787' />
    <nd ref='-127788' />
    <nd ref='-127785' />
    <tag k='building' v='residential' />
    <tag k='levels' v='1' />
  </way>
  <way id='-38095'>
    <nd ref='-127789' />
    <nd ref='-127790' />
    <nd ref='-127791' />
    <nd ref='-127792' />
    <nd ref='-127789' />
    <tag k='building' v='residential' />
    <tag k='levels' v='1' />
  </way>
  <way id='-38096'>
    <nd ref='-127793' />
    <nd ref='-127794' />
    <nd ref='-127795' />
    <nd ref='-127796' />
    <nd ref='-127793' />
    <tag k='building' v='residential' />
    <tag k='levels' v='1' />
  </way>
  <way id='-38097'>
    <nd ref='-127797' />
    <nd ref='-127798' />
    <nd ref='-127799' />
    <nd ref='-127800' />
    <nd ref='-127797' />
    <tag k='building' v='residential' />
    <tag k='levels' v='1' />
  </way>
  <way id='-38098'>
    <nd ref='-127801' />
    <nd ref='-127802' />
    <nd ref='-127803' />
    <nd ref='-127804' />
    <nd ref='-127801' />
    <tag k='building' v='residential' />
    <tag k='levels' v='1' />
  </way>
  <way id='-38099'>
    <nd ref='-127805' />
    <nd ref='-127806' />
    <nd ref='-127807' />
    <nd ref='-127808' />
    <nd ref='-127805' />
    <tag k='building' v='residential' />
    <tag k='levels' v='1' />
  </way>
  <way id='-38100'>
    <nd ref='-127809' />
    <nd ref='-127810' />
    <nd ref='-127811' />
    <nd ref='-127812' />
    <nd ref='-127809' />
    <tag k='building' v='residential' />
    <tag k='levels' v='1' />
  </way>
  <way id='-38101'>
    <nd ref='-127813' />
    <nd ref='-127814' />
    <nd ref='-127815' />
    <nd ref='-127816' />
    <nd ref='-127813' />
    <tag k='building' v='residential' />
    <tag k='levels' v='1' />
  </way>
  <way id='-38102'>
    <nd ref='-127817' />
    <nd ref='-127818' />
    <nd ref='-127819' />
    <nd ref='-127820' />
    <nd ref='-127817' />
    <tag k='building' v='residential' />
    <tag k='levels' v='1' />
  </way>
  <way id='-38103'>
    <nd ref='-127821' />
    <nd ref='-127822' />
    <nd ref='-127823' />
    <nd ref='-127824' />
    <nd ref='-127821' />
    <tag k='building' v='residential' />
    <tag k='levels' v='1' />
  </way>
  <way id='-38104'>
    <nd ref='-127825' />
    <nd ref='-127826' />
    <nd ref='-127827' />
    <nd ref='-127828' />
    <nd ref='-127825' />
    <tag k='building' v='residential' />
    <tag k='levels' v='1' />
  </way>
  <way id='-38105'>
    <nd ref='-127829' />
    <nd ref='-127830' />
    <nd ref='-127831' />
    <nd ref='-127832' />
    <nd ref='-127829' />
    <tag k='building' v='residential' />
    <tag k='levels' v='1' />
  </way>
  <way id='-38106'>
    <nd ref='-127833' />
    <nd ref='-127834' />
    <nd ref='-127835' />
    <nd ref='-127836' />
    <nd ref='-127833' />
    <tag k='building' v='residential' />
    <tag k='levels' v='1' />
  </way>
  <way id='-38107'>
    <nd ref='-127837' />
    <nd ref='-127838' />
    <nd ref='-127839' />
    <nd ref='-127840' />
    <nd ref='-127837' />
    <tag k='building' v='residential' />
    <tag k='levels' v='1' />
  </way>
  <way id='-38108'>
    <nd ref='-127841' />
    <nd ref='-127842' />
    <nd ref='-127843' />
    <nd ref='-127844' />
    <nd ref='-127841' />
    <tag k='building' v='residential' />
    <tag k='levels' v='1' />
  </way>
  <way id='-38109'>
    <nd ref='-127845' />
    <nd ref='-127846' />
    <nd ref='-127847' />
    <nd ref='-127848' />
    <nd ref='-127845' />
    <tag k='building' v='residential' />
    <tag k='levels' v='1' />
  </way>
  <way id='-38110'>
    <nd ref='-127849' />
    <nd ref='-127850' />
    <nd ref='-127851' />
    <nd ref='-127852' />
    <nd ref='-127849' />
    <tag k='building' v='residential' />
    <tag k='levels' v='1' />
  </way>
  <way id='-38111'>
    <nd ref='-127853' />
    <nd ref='-127854' />
    <nd ref='-127855' />
    <nd ref='-127856' />
    <nd ref='-127857' />
    <nd ref='-127858' />
    <nd ref='-127859' />
    <nd ref='-127853' />
    <tag k='building' v='residential' />
    <tag k='levels' v='1' />
  </way>
  <way id='-38112'>
    <nd ref='-127860' />
    <nd ref='-127861' />
    <nd ref='-127862' />
    <nd ref='-127863' />
    <nd ref='-127860' />
    <tag k='building' v='residential' />
    <tag k='levels' v='1' />
  </way>
  <way id='-38113'>
    <nd ref='-127864' />
    <nd ref='-127865' />
    <nd ref='-127866' />
    <nd ref='-127867' />
    <nd ref='-127864' />
    <tag k='building' v='residential' />
    <tag k='levels' v='1' />
  </way>
  <way id='-38114'>
    <nd ref='-127868' />
    <nd ref='-127869' />
    <nd ref='-127870' />
    <nd ref='-127871' />
    <nd ref='-127868' />
    <tag k='building' v='residential' />
    <tag k='levels' v='1' />
  </way>
  <way id='-38115'>
    <nd ref='-127872' />
    <nd ref='-127873' />
    <nd ref='-127874' />
    <nd ref='-127875' />
    <nd ref='-127872' />
    <tag k='building' v='residential' />
    <tag k='levels' v='1' />
  </way>
  <way id='-38116'>
    <nd ref='-127876' />
    <nd ref='-127877' />
    <nd ref='-127878' />
    <nd ref='-127879' />
    <nd ref='-127876' />
    <tag k='building' v='residential' />
    <tag k='levels' v='1' />
  </way>
  <way id='-38117'>
    <nd ref='-127880' />
    <nd ref='-127881' />
    <nd ref='-127882' />
    <nd ref='-127883' />
    <nd ref='-127880' />
    <tag k='building' v='residential' />
    <tag k='levels' v='1' />
  </way>
  <way id='-38118'>
    <nd ref='-127884' />
    <nd ref='-127885' />
    <nd ref='-127886' />
    <nd ref='-127887' />
    <nd ref='-127884' />
    <tag k='building' v='residential' />
    <tag k='levels' v='1' />
  </way>
  <way id='-38119'>
    <nd ref='-127888' />
    <nd ref='-127889' />
    <nd ref='-127890' />
    <nd ref='-127891' />
    <nd ref='-127888' />
    <tag k='building' v='residential' />
    <tag k='levels' v='1' />
  </way>
  <way id='-38120'>
    <nd ref='-127892' />
    <nd ref='-127893' />
    <nd ref='-127894' />
    <nd ref='-127895' />
    <nd ref='-127892' />
    <tag k='building' v='residential' />
    <tag k='levels' v='1' />
  </way>
  <way id='-38121'>
    <nd ref='-127896' />
    <nd ref='-127897' />
    <nd ref='-127898' />
    <nd ref='-127899' />
    <nd ref='-127896' />
    <tag k='building' v='residential' />
    <tag k='levels' v='1' />
  </way>
  <way id='-38122'>
    <nd ref='-127900' />
    <nd ref='-127901' />
    <nd ref='-127902' />
    <nd ref='-127903' />
    <nd ref='-127900' />
    <tag k='building' v='residential' />
    <tag k='levels' v='1' />
  </way>
  <way id='-38123'>
    <nd ref='-127904' />
    <nd ref='-127905' />
    <nd ref='-127906' />
    <nd ref='-127907' />
    <nd ref='-127904' />
    <tag k='building' v='residential' />
    <tag k='levels' v='1' />
  </way>
  <way id='-38124'>
    <nd ref='-127908' />
    <nd ref='-127909' />
    <nd ref='-127910' />
    <nd ref='-127911' />
    <nd ref='-127908' />
    <tag k='building' v='residential' />
    <tag k='levels' v='1' />
  </way>
  <way id='-38125'>
    <nd ref='-127912' />
    <nd ref='-127913' />
    <nd ref='-127914' />
    <nd ref='-127915' />
    <nd ref='-127912' />
    <tag k='building' v='residential' />
    <tag k='levels' v='1' />
  </way>
  <way id='-38126'>
    <nd ref='-127916' />
    <nd ref='-127917' />
    <nd ref='-127918' />
    <nd ref='-127919' />
    <nd ref='-127916' />
    <tag k='building' v='residential' />
    <tag k='levels' v='1' />
  </way>
  <way id='-38127'>
    <nd ref='-127920' />
    <nd ref='-127921' />
    <nd ref='-127922' />
    <nd ref='-127923' />
    <nd ref='-127924' />
    <nd ref='-127925' />
    <nd ref='-127920' />
    <tag k='building' v='residential' />
    <tag k='levels' v='1' />
  </way>
  <way id='-38128'>
    <nd ref='-127926' />
    <nd ref='-127927' />
    <nd ref='-127928' />
    <nd ref='-127929' />
    <nd ref='-127926' />
    <tag k='building' v='residential' />
    <tag k='levels' v='1' />
  </way>
  <way id='-38129'>
    <nd ref='-127930' />
    <nd ref='-127931' />
    <nd ref='-127932' />
    <nd ref='-127933' />
    <nd ref='-127930' />
    <tag k='building' v='residential' />
    <tag k='levels' v='1' />
  </way>
  <way id='-38130'>
    <nd ref='-127934' />
    <nd ref='-127935' />
    <nd ref='-127936' />
    <nd ref='-127937' />
    <nd ref='-127938' />
    <nd ref='-127939' />
    <nd ref='-127940' />
    <nd ref='-127941' />
    <nd ref='-127934' />
    <tag k='building' v='residential' />
    <tag k='levels' v='1' />
  </way>
  <way id='-38131'>
    <nd ref='-127942' />
    <nd ref='-127943' />
    <nd ref='-127944' />
    <nd ref='-127945' />
    <nd ref='-127942' />
    <tag k='building' v='residential' />
    <tag k='levels' v='1' />
  </way>
  <way id='-38132'>
    <nd ref='-127946' />
    <nd ref='-127947' />
    <nd ref='-127948' />
    <nd ref='-127949' />
    <nd ref='-127946' />
    <tag k='building' v='residential' />
    <tag k='levels' v='1' />
  </way>
  <way id='-38133'>
    <nd ref='-127950' />
    <nd ref='-127951' />
    <nd ref='-127952' />
    <nd ref='-127953' />
    <nd ref='-127950' />
    <tag k='building' v='residential' />
    <tag k='levels' v='1' />
  </way>
  <way id='-38134'>
    <nd ref='-127954' />
    <nd ref='-127955' />
    <nd ref='-127956' />
    <nd ref='-127957' />
    <nd ref='-127954' />
    <tag k='building' v='residential' />
    <tag k='levels' v='1' />
  </way>
  <way id='-38135'>
    <nd ref='-127958' />
    <nd ref='-127959' />
    <nd ref='-127960' />
    <nd ref='-127961' />
    <nd ref='-127962' />
    <nd ref='-127958' />
    <tag k='building' v='residential' />
    <tag k='levels' v='1' />
  </way>
  <way id='-38136'>
    <nd ref='-127963' />
    <nd ref='-127964' />
    <nd ref='-127965' />
    <nd ref='-127966' />
    <nd ref='-127963' />
    <tag k='building' v='residential' />
    <tag k='levels' v='1' />
  </way>
  <way id='-38137'>
    <nd ref='-127967' />
    <nd ref='-127968' />
    <nd ref='-127969' />
    <nd ref='-127970' />
    <nd ref='-127967' />
    <tag k='building' v='residential' />
    <tag k='levels' v='1' />
  </way>
  <way id='-38138'>
    <nd ref='-127971' />
    <nd ref='-127972' />
    <nd ref='-127973' />
    <nd ref='-127974' />
    <nd ref='-127971' />
    <tag k='building' v='residential' />
    <tag k='levels' v='1' />
  </way>
  <way id='-38139'>
    <nd ref='-127975' />
    <nd ref='-127976' />
    <nd ref='-127977' />
    <nd ref='-127978' />
    <nd ref='-127975' />
    <tag k='building' v='residential' />
    <tag k='levels' v='1' />
  </way>
  <way id='-38140'>
    <nd ref='-127979' />
    <nd ref='-127980' />
    <nd ref='-127981' />
    <nd ref='-127982' />
    <nd ref='-127979' />
    <tag k='building' v='residential' />
    <tag k='levels' v='1' />
  </way>
  <way id='-38141'>
    <nd ref='-127983' />
    <nd ref='-127984' />
    <nd ref='-127985' />
    <nd ref='-127986' />
    <nd ref='-127983' />
    <tag k='building' v='residential' />
    <tag k='levels' v='1' />
  </way>
  <way id='-38142'>
    <nd ref='-127987' />
    <nd ref='-127988' />
    <nd ref='-127989' />
    <nd ref='-127990' />
    <nd ref='-127991' />
    <nd ref='-127987' />
    <tag k='building' v='residential' />
    <tag k='levels' v='1' />
  </way>
  <way id='-38143'>
    <nd ref='-127992' />
    <nd ref='-127993' />
    <nd ref='-127994' />
    <nd ref='-127995' />
    <nd ref='-127992' />
    <tag k='building' v='residential' />
    <tag k='levels' v='1' />
  </way>
  <way id='-38144'>
    <nd ref='-127996' />
    <nd ref='-127997' />
    <nd ref='-127998' />
    <nd ref='-127999' />
    <nd ref='-127996' />
    <tag k='building' v='residential' />
    <tag k='levels' v='1' />
  </way>
  <way id='-38145'>
    <nd ref='-128000' />
    <nd ref='-128001' />
    <nd ref='-128002' />
    <nd ref='-128003' />
    <nd ref='-128000' />
    <tag k='building' v='residential' />
    <tag k='levels' v='1' />
  </way>
  <way id='-38146'>
    <nd ref='-128004' />
    <nd ref='-128005' />
    <nd ref='-128006' />
    <nd ref='-128007' />
    <nd ref='-128008' />
    <nd ref='-128009' />
    <nd ref='-128004' />
    <tag k='building' v='residential' />
    <tag k='levels' v='1' />
  </way>
  <way id='-38147'>
    <nd ref='-128010' />
    <nd ref='-128011' />
    <nd ref='-128012' />
    <nd ref='-128013' />
    <nd ref='-128010' />
    <tag k='building' v='residential' />
    <tag k='levels' v='1' />
  </way>
  <way id='-38148'>
    <nd ref='-128014' />
    <nd ref='-128015' />
    <nd ref='-128016' />
    <nd ref='-128017' />
    <nd ref='-128018' />
    <nd ref='-128014' />
    <tag k='building' v='residential' />
    <tag k='levels' v='1' />
  </way>
  <way id='-38149'>
    <nd ref='-128019' />
    <nd ref='-128020' />
    <nd ref='-128021' />
    <nd ref='-128022' />
    <nd ref='-128019' />
    <tag k='building' v='residential' />
    <tag k='levels' v='1' />
  </way>
  <way id='-38150'>
    <nd ref='-128023' />
    <nd ref='-128024' />
    <nd ref='-128025' />
    <nd ref='-128026' />
    <nd ref='-128027' />
    <nd ref='-128023' />
    <tag k='building' v='residential' />
    <tag k='levels' v='1' />
  </way>
  <way id='-38151'>
    <nd ref='-128028' />
    <nd ref='-128029' />
    <nd ref='-128030' />
    <nd ref='-128031' />
    <nd ref='-128028' />
    <tag k='building' v='residential' />
    <tag k='levels' v='1' />
  </way>
  <way id='-38152'>
    <nd ref='-128032' />
    <nd ref='-128033' />
    <nd ref='-128034' />
    <nd ref='-128035' />
    <nd ref='-128032' />
    <tag k='building' v='residential' />
    <tag k='levels' v='1' />
  </way>
  <way id='-38153'>
    <nd ref='-128036' />
    <nd ref='-128037' />
    <nd ref='-128038' />
    <nd ref='-128039' />
    <nd ref='-128036' />
    <tag k='building' v='residential' />
    <tag k='levels' v='1' />
  </way>
  <way id='-38154'>
    <nd ref='-128040' />
    <nd ref='-128041' />
    <nd ref='-128042' />
    <nd ref='-128043' />
    <nd ref='-128044' />
    <nd ref='-128045' />
    <nd ref='-128046' />
    <nd ref='-128040' />
    <tag k='building' v='residential' />
    <tag k='levels' v='1' />
  </way>
  <way id='-38155'>
    <nd ref='-128047' />
    <nd ref='-128048' />
    <nd ref='-128049' />
    <nd ref='-128050' />
    <nd ref='-128047' />
    <tag k='building' v='residential' />
    <tag k='levels' v='1' />
  </way>
  <way id='-38156'>
    <nd ref='-128051' />
    <nd ref='-128052' />
    <nd ref='-128053' />
    <nd ref='-128054' />
    <nd ref='-128051' />
    <tag k='building' v='residential' />
    <tag k='levels' v='1' />
  </way>
  <way id='-38157'>
    <nd ref='-128055' />
    <nd ref='-128056' />
    <nd ref='-128057' />
    <nd ref='-128058' />
    <nd ref='-128055' />
    <tag k='building' v='residential' />
    <tag k='levels' v='1' />
  </way>
  <way id='-38158'>
    <nd ref='-128059' />
    <nd ref='-128060' />
    <nd ref='-128061' />
    <nd ref='-128062' />
    <nd ref='-128059' />
    <tag k='building' v='residential' />
    <tag k='levels' v='1' />
  </way>
  <way id='-38159'>
    <nd ref='-128063' />
    <nd ref='-128064' />
    <nd ref='-128065' />
    <nd ref='-128066' />
    <nd ref='-128063' />
    <tag k='building' v='residential' />
    <tag k='levels' v='1' />
  </way>
  <way id='-38160'>
    <nd ref='-128067' />
    <nd ref='-128068' />
    <nd ref='-128069' />
    <nd ref='-128070' />
    <nd ref='-128067' />
    <tag k='building' v='residential' />
    <tag k='levels' v='1' />
  </way>
  <way id='-38161'>
    <nd ref='-128071' />
    <nd ref='-128072' />
    <nd ref='-128073' />
    <nd ref='-128074' />
    <nd ref='-128071' />
    <tag k='building' v='residential' />
    <tag k='levels' v='1' />
  </way>
  <way id='-38162'>
    <nd ref='-128075' />
    <nd ref='-128076' />
    <nd ref='-128077' />
    <nd ref='-128078' />
    <nd ref='-128075' />
    <tag k='building' v='residential' />
    <tag k='levels' v='1' />
  </way>
  <way id='-38163'>
    <nd ref='-128079' />
    <nd ref='-128080' />
    <nd ref='-128081' />
    <nd ref='-128082' />
    <nd ref='-128079' />
    <tag k='building' v='residential' />
    <tag k='levels' v='1' />
  </way>
  <way id='-38164'>
    <nd ref='-128083' />
    <nd ref='-128084' />
    <nd ref='-128085' />
    <nd ref='-128086' />
    <nd ref='-128083' />
    <tag k='building' v='residential' />
    <tag k='levels' v='1' />
  </way>
  <way id='-38165'>
    <nd ref='-128087' />
    <nd ref='-128088' />
    <nd ref='-128089' />
    <nd ref='-128090' />
    <nd ref='-128087' />
    <tag k='building' v='residential' />
    <tag k='levels' v='1' />
  </way>
  <way id='-38166'>
    <nd ref='-128091' />
    <nd ref='-128092' />
    <nd ref='-128093' />
    <nd ref='-128094' />
    <nd ref='-128091' />
    <tag k='building' v='residential' />
    <tag k='levels' v='1' />
  </way>
  <way id='-38167'>
    <nd ref='-128095' />
    <nd ref='-128096' />
    <nd ref='-128097' />
    <nd ref='-128098' />
    <nd ref='-128095' />
    <tag k='building' v='residential' />
    <tag k='levels' v='1' />
  </way>
  <way id='-38168'>
    <nd ref='-128099' />
    <nd ref='-128100' />
    <nd ref='-128101' />
    <nd ref='-128102' />
    <nd ref='-128099' />
    <tag k='building' v='residential' />
    <tag k='levels' v='1' />
  </way>
  <way id='-38169'>
    <nd ref='-128103' />
    <nd ref='-128104' />
    <nd ref='-128105' />
    <nd ref='-128106' />
    <nd ref='-128103' />
    <tag k='building' v='residential' />
    <tag k='levels' v='1' />
  </way>
  <way id='-38170'>
    <nd ref='-128107' />
    <nd ref='-128108' />
    <nd ref='-128109' />
    <nd ref='-128110' />
    <nd ref='-128107' />
    <tag k='building' v='residential' />
    <tag k='levels' v='1' />
  </way>
  <way id='-38171'>
    <nd ref='-128111' />
    <nd ref='-128112' />
    <nd ref='-128113' />
    <nd ref='-128114' />
    <nd ref='-128111' />
    <tag k='building' v='residential' />
    <tag k='levels' v='1' />
  </way>
  <way id='-38172'>
    <nd ref='-128115' />
    <nd ref='-128116' />
    <nd ref='-128117' />
    <nd ref='-128118' />
    <nd ref='-128115' />
    <tag k='building' v='residential' />
    <tag k='levels' v='1' />
  </way>
  <way id='-38173'>
    <nd ref='-128119' />
    <nd ref='-128120' />
    <nd ref='-128121' />
    <nd ref='-128122' />
    <nd ref='-128119' />
    <tag k='building' v='residential' />
    <tag k='levels' v='1' />
  </way>
  <way id='-38174'>
    <nd ref='-128123' />
    <nd ref='-128124' />
    <nd ref='-128125' />
    <nd ref='-128126' />
    <nd ref='-128123' />
    <tag k='building' v='residential' />
    <tag k='levels' v='1' />
  </way>
  <way id='-38175'>
    <nd ref='-128127' />
    <nd ref='-128128' />
    <nd ref='-128129' />
    <nd ref='-128130' />
    <nd ref='-128131' />
    <nd ref='-128132' />
    <nd ref='-128133' />
    <nd ref='-128127' />
    <tag k='building' v='residential' />
    <tag k='levels' v='1' />
  </way>
  <way id='-38176'>
    <nd ref='-128134' />
    <nd ref='-128135' />
    <nd ref='-128136' />
    <nd ref='-128137' />
    <nd ref='-128138' />
    <nd ref='-128139' />
    <nd ref='-128140' />
    <nd ref='-128141' />
    <nd ref='-128134' />
    <tag k='building' v='residential' />
    <tag k='levels' v='1' />
  </way>
  <way id='-38177'>
    <nd ref='-128142' />
    <nd ref='-128143' />
    <nd ref='-128144' />
    <nd ref='-128145' />
    <nd ref='-128142' />
    <tag k='building' v='residential' />
    <tag k='levels' v='1' />
  </way>
  <way id='-38178'>
    <nd ref='-128146' />
    <nd ref='-128147' />
    <nd ref='-128148' />
    <nd ref='-128149' />
    <nd ref='-128146' />
    <tag k='building' v='residential' />
    <tag k='levels' v='1' />
  </way>
  <way id='-38179'>
    <nd ref='-128150' />
    <nd ref='-128151' />
    <nd ref='-128152' />
    <nd ref='-128153' />
    <nd ref='-128150' />
    <tag k='building' v='residential' />
    <tag k='levels' v='1' />
  </way>
  <way id='-38180'>
    <nd ref='-128154' />
    <nd ref='-128155' />
    <nd ref='-128156' />
    <nd ref='-128157' />
    <nd ref='-128154' />
    <tag k='building' v='residential' />
    <tag k='levels' v='1' />
  </way>
  <way id='-38181'>
    <nd ref='-128158' />
    <nd ref='-128159' />
    <nd ref='-128160' />
    <nd ref='-128161' />
    <nd ref='-128158' />
    <tag k='building' v='residential' />
    <tag k='levels' v='1' />
  </way>
  <way id='-38182'>
    <nd ref='-128162' />
    <nd ref='-128163' />
    <nd ref='-128164' />
    <nd ref='-128165' />
    <nd ref='-128162' />
    <tag k='building' v='residential' />
    <tag k='levels' v='1' />
  </way>
  <way id='-38183'>
    <nd ref='-128166' />
    <nd ref='-128167' />
    <nd ref='-128168' />
    <nd ref='-128169' />
    <nd ref='-128170' />
    <nd ref='-128166' />
    <tag k='building' v='residential' />
    <tag k='levels' v='1' />
  </way>
  <way id='-38184'>
    <nd ref='-128171' />
    <nd ref='-128172' />
    <nd ref='-128173' />
    <nd ref='-128174' />
    <nd ref='-128171' />
    <tag k='building' v='residential' />
    <tag k='levels' v='1' />
  </way>
  <way id='-38185'>
    <nd ref='-128175' />
    <nd ref='-128176' />
    <nd ref='-128177' />
    <nd ref='-128178' />
    <nd ref='-128175' />
    <tag k='building' v='residential' />
    <tag k='levels' v='1' />
  </way>
  <way id='-38186'>
    <nd ref='-128179' />
    <nd ref='-128180' />
    <nd ref='-128181' />
    <nd ref='-128182' />
    <nd ref='-128179' />
    <tag k='building' v='residential' />
    <tag k='levels' v='1' />
  </way>
  <way id='-38187'>
    <nd ref='-128183' />
    <nd ref='-128184' />
    <nd ref='-128185' />
    <nd ref='-128186' />
    <nd ref='-128183' />
    <tag k='building' v='residential' />
    <tag k='levels' v='1' />
  </way>
  <way id='-38188'>
    <nd ref='-128187' />
    <nd ref='-128188' />
    <nd ref='-128189' />
    <nd ref='-128190' />
    <nd ref='-128187' />
    <tag k='building' v='residential' />
    <tag k='levels' v='1' />
  </way>
  <way id='-38189'>
    <nd ref='-128191' />
    <nd ref='-128192' />
    <nd ref='-128193' />
    <nd ref='-128194' />
    <nd ref='-128191' />
    <tag k='building' v='residential' />
    <tag k='levels' v='1' />
  </way>
  <way id='-38190'>
    <nd ref='-128195' />
    <nd ref='-128196' />
    <nd ref='-128197' />
    <nd ref='-128198' />
    <nd ref='-128199' />
    <nd ref='-128200' />
    <nd ref='-128201' />
    <nd ref='-128202' />
    <nd ref='-128195' />
    <tag k='building' v='residential' />
    <tag k='levels' v='1' />
  </way>
  <way id='-38191'>
    <nd ref='-128203' />
    <nd ref='-128204' />
    <nd ref='-128205' />
    <nd ref='-128206' />
    <nd ref='-128203' />
    <tag k='building' v='residential' />
    <tag k='levels' v='1' />
  </way>
  <way id='-38192'>
    <nd ref='-128207' />
    <nd ref='-128208' />
    <nd ref='-128209' />
    <nd ref='-128210' />
    <nd ref='-128211' />
    <nd ref='-128207' />
    <tag k='building' v='residential' />
    <tag k='levels' v='1' />
  </way>
  <way id='-38193'>
    <nd ref='-128212' />
    <nd ref='-128213' />
    <nd ref='-128214' />
    <nd ref='-128215' />
    <nd ref='-128216' />
    <nd ref='-128212' />
    <tag k='building' v='residential' />
    <tag k='levels' v='1' />
  </way>
  <way id='-38194'>
    <nd ref='-128217' />
    <nd ref='-128218' />
    <nd ref='-128219' />
    <nd ref='-128220' />
    <nd ref='-128217' />
    <tag k='building' v='residential' />
    <tag k='levels' v='1' />
  </way>
  <way id='-38195'>
    <nd ref='-128221' />
    <nd ref='-128222' />
    <nd ref='-128223' />
    <nd ref='-128224' />
    <nd ref='-128225' />
    <nd ref='-128226' />
    <nd ref='-128221' />
    <tag k='building' v='residential' />
    <tag k='levels' v='1' />
  </way>
  <way id='-38196'>
    <nd ref='-128227' />
    <nd ref='-128228' />
    <nd ref='-128229' />
    <nd ref='-128230' />
    <nd ref='-128227' />
    <tag k='building' v='residential' />
    <tag k='levels' v='1' />
  </way>
  <way id='-38197'>
    <nd ref='-128231' />
    <nd ref='-128232' />
    <nd ref='-128233' />
    <nd ref='-128234' />
    <nd ref='-128231' />
    <tag k='building' v='residential' />
    <tag k='levels' v='1' />
  </way>
  <way id='-38198'>
    <nd ref='-128235' />
    <nd ref='-128236' />
    <nd ref='-128237' />
    <nd ref='-128238' />
    <nd ref='-128235' />
    <tag k='building' v='residential' />
    <tag k='levels' v='1' />
  </way>
  <way id='-38199'>
    <nd ref='-128239' />
    <nd ref='-128240' />
    <nd ref='-128241' />
    <nd ref='-128242' />
    <nd ref='-128239' />
    <tag k='building' v='residential' />
    <tag k='levels' v='1' />
  </way>
  <way id='-38200'>
    <nd ref='-128243' />
    <nd ref='-128244' />
    <nd ref='-128245' />
    <nd ref='-128246' />
    <nd ref='-128243' />
    <tag k='building' v='residential' />
    <tag k='levels' v='1' />
  </way>
  <way id='-38201'>
    <nd ref='-128247' />
    <nd ref='-128248' />
    <nd ref='-128249' />
    <nd ref='-128250' />
    <nd ref='-128247' />
    <tag k='building' v='residential' />
    <tag k='levels' v='1' />
  </way>
  <way id='-38202'>
    <nd ref='-128251' />
    <nd ref='-128252' />
    <nd ref='-128253' />
    <nd ref='-128254' />
    <nd ref='-128251' />
    <tag k='building' v='residential' />
    <tag k='levels' v='1' />
  </way>
  <way id='-38203'>
    <nd ref='-128255' />
    <nd ref='-128256' />
    <nd ref='-128257' />
    <nd ref='-128258' />
    <nd ref='-128255' />
    <tag k='building' v='residential' />
    <tag k='levels' v='1' />
  </way>
  <way id='-38204'>
    <nd ref='-128259' />
    <nd ref='-128260' />
    <nd ref='-128261' />
    <nd ref='-128262' />
    <nd ref='-128259' />
    <tag k='building' v='residential' />
    <tag k='levels' v='1' />
  </way>
  <way id='-38205'>
    <nd ref='-128263' />
    <nd ref='-128264' />
    <nd ref='-128265' />
    <nd ref='-128266' />
    <nd ref='-128263' />
    <tag k='building' v='residential' />
    <tag k='levels' v='1' />
  </way>
  <way id='-38206'>
    <nd ref='-128267' />
    <nd ref='-128268' />
    <nd ref='-128269' />
    <nd ref='-128270' />
    <nd ref='-128267' />
    <tag k='building' v='residential' />
    <tag k='levels' v='1' />
  </way>
  <way id='-38207'>
    <nd ref='-128271' />
    <nd ref='-128272' />
    <nd ref='-128273' />
    <nd ref='-128274' />
    <nd ref='-128271' />
    <tag k='building' v='residential' />
    <tag k='levels' v='1' />
  </way>
  <way id='-38208'>
    <nd ref='-128275' />
    <nd ref='-128276' />
    <nd ref='-128277' />
    <nd ref='-128278' />
    <nd ref='-128275' />
    <tag k='building' v='residential' />
    <tag k='levels' v='1' />
  </way>
  <way id='-38209'>
    <nd ref='-128279' />
    <nd ref='-128280' />
    <nd ref='-128281' />
    <nd ref='-128282' />
    <nd ref='-128279' />
    <tag k='building' v='residential' />
    <tag k='levels' v='1' />
  </way>
  <way id='-38210'>
    <nd ref='-128283' />
    <nd ref='-128284' />
    <nd ref='-128285' />
    <nd ref='-128286' />
    <nd ref='-128283' />
    <tag k='building' v='residential' />
    <tag k='levels' v='1' />
  </way>
  <way id='-38211'>
    <nd ref='-128287' />
    <nd ref='-128288' />
    <nd ref='-128289' />
    <nd ref='-128290' />
    <nd ref='-128287' />
    <tag k='building' v='residential' />
    <tag k='levels' v='1' />
  </way>
  <way id='-38212'>
    <nd ref='-128291' />
    <nd ref='-128292' />
    <nd ref='-128293' />
    <nd ref='-128294' />
    <nd ref='-128291' />
    <tag k='building' v='residential' />
    <tag k='levels' v='1' />
  </way>
  <way id='-38213'>
    <nd ref='-128295' />
    <nd ref='-128296' />
    <nd ref='-128297' />
    <nd ref='-128298' />
    <nd ref='-128295' />
    <tag k='building' v='residential' />
    <tag k='levels' v='1' />
  </way>
  <way id='-38214'>
    <nd ref='-128299' />
    <nd ref='-128300' />
    <nd ref='-128301' />
    <nd ref='-128302' />
    <nd ref='-128299' />
    <tag k='building' v='residential' />
    <tag k='levels' v='1' />
  </way>
  <way id='-38215'>
    <nd ref='-128303' />
    <nd ref='-128304' />
    <nd ref='-128305' />
    <nd ref='-128306' />
    <nd ref='-128303' />
    <tag k='building' v='residential' />
    <tag k='levels' v='1' />
  </way>
  <way id='-38216'>
    <nd ref='-128307' />
    <nd ref='-128308' />
    <nd ref='-128309' />
    <nd ref='-128310' />
    <nd ref='-128307' />
    <tag k='building' v='residential' />
    <tag k='levels' v='1' />
  </way>
  <way id='-38217'>
    <nd ref='-128311' />
    <nd ref='-128312' />
    <nd ref='-128313' />
    <nd ref='-128314' />
    <nd ref='-128311' />
    <tag k='building' v='residential' />
    <tag k='levels' v='1' />
  </way>
  <way id='-38218'>
    <nd ref='-128315' />
    <nd ref='-128316' />
    <nd ref='-128317' />
    <nd ref='-128318' />
    <nd ref='-128315' />
    <tag k='building' v='residential' />
    <tag k='levels' v='1' />
  </way>
  <way id='-38219'>
    <nd ref='-128319' />
    <nd ref='-128320' />
    <nd ref='-128321' />
    <nd ref='-128322' />
    <nd ref='-128323' />
    <nd ref='-128319' />
    <tag k='building' v='residential' />
    <tag k='levels' v='1' />
  </way>
  <way id='-38220'>
    <nd ref='-128324' />
    <nd ref='-128325' />
    <nd ref='-128326' />
    <nd ref='-128327' />
    <nd ref='-128324' />
    <tag k='building' v='residential' />
    <tag k='levels' v='1' />
  </way>
  <way id='-38221'>
    <nd ref='-128328' />
    <nd ref='-128329' />
    <nd ref='-128330' />
    <nd ref='-128331' />
    <nd ref='-128328' />
    <tag k='building' v='residential' />
    <tag k='levels' v='1' />
  </way>
  <way id='-38222'>
    <nd ref='-128332' />
    <nd ref='-128333' />
    <nd ref='-128334' />
    <nd ref='-128335' />
    <nd ref='-128332' />
    <tag k='building' v='residential' />
    <tag k='levels' v='1' />
  </way>
  <way id='-38223'>
    <nd ref='-128336' />
    <nd ref='-128337' />
    <nd ref='-128338' />
    <nd ref='-128339' />
    <nd ref='-128336' />
    <tag k='building' v='residential' />
    <tag k='levels' v='1' />
  </way>
  <way id='-38224'>
    <nd ref='-128340' />
    <nd ref='-128341' />
    <nd ref='-128342' />
    <nd ref='-128343' />
    <nd ref='-128340' />
    <tag k='building' v='residential' />
    <tag k='levels' v='1' />
  </way>
  <way id='-38225'>
    <nd ref='-128344' />
    <nd ref='-128345' />
    <nd ref='-128346' />
    <nd ref='-128347' />
    <nd ref='-128344' />
    <tag k='building' v='residential' />
    <tag k='levels' v='1' />
  </way>
  <way id='-38226'>
    <nd ref='-128348' />
    <nd ref='-128349' />
    <nd ref='-128350' />
    <nd ref='-128351' />
    <nd ref='-128348' />
    <tag k='building' v='residential' />
    <tag k='levels' v='1' />
  </way>
  <way id='-38227'>
    <nd ref='-128352' />
    <nd ref='-128353' />
    <nd ref='-128354' />
    <nd ref='-128355' />
    <nd ref='-128352' />
    <tag k='building' v='residential' />
    <tag k='levels' v='1' />
  </way>
  <way id='-38228'>
    <nd ref='-128356' />
    <nd ref='-128357' />
    <nd ref='-128358' />
    <nd ref='-128359' />
    <nd ref='-128356' />
    <tag k='building' v='residential' />
    <tag k='levels' v='1' />
  </way>
  <way id='-38229'>
    <nd ref='-128360' />
    <nd ref='-128361' />
    <nd ref='-128362' />
    <nd ref='-128363' />
    <nd ref='-128360' />
    <tag k='building' v='residential' />
    <tag k='levels' v='1' />
  </way>
  <way id='-38230'>
    <nd ref='-128364' />
    <nd ref='-128365' />
    <nd ref='-128366' />
    <nd ref='-128367' />
    <nd ref='-128364' />
    <tag k='building' v='residential' />
    <tag k='levels' v='1' />
  </way>
  <way id='-38231'>
    <nd ref='-128368' />
    <nd ref='-128369' />
    <nd ref='-128370' />
    <nd ref='-128371' />
    <nd ref='-128368' />
    <tag k='building' v='residential' />
    <tag k='levels' v='1' />
  </way>
  <way id='-38232'>
    <nd ref='-128372' />
    <nd ref='-128373' />
    <nd ref='-128374' />
    <nd ref='-128375' />
    <nd ref='-128372' />
    <tag k='building' v='residential' />
    <tag k='levels' v='1' />
  </way>
  <way id='-38233'>
    <nd ref='-128376' />
    <nd ref='-128377' />
    <nd ref='-128378' />
    <nd ref='-128379' />
    <nd ref='-128376' />
    <tag k='building' v='residential' />
    <tag k='levels' v='1' />
  </way>
  <way id='-38234'>
    <nd ref='-128380' />
    <nd ref='-128381' />
    <nd ref='-128382' />
    <nd ref='-128383' />
    <nd ref='-128380' />
    <tag k='building' v='residential' />
    <tag k='levels' v='1' />
  </way>
  <way id='-38235'>
    <nd ref='-128384' />
    <nd ref='-128385' />
    <nd ref='-128386' />
    <nd ref='-128387' />
    <nd ref='-128384' />
    <tag k='building' v='residential' />
    <tag k='levels' v='1' />
  </way>
  <way id='-38236'>
    <nd ref='-128388' />
    <nd ref='-128389' />
    <nd ref='-128390' />
    <nd ref='-128391' />
    <nd ref='-128388' />
    <tag k='building' v='residential' />
    <tag k='levels' v='1' />
  </way>
  <way id='-38237'>
    <nd ref='-128392' />
    <nd ref='-128393' />
    <nd ref='-128394' />
    <nd ref='-128395' />
    <nd ref='-128392' />
    <tag k='building' v='residential' />
    <tag k='levels' v='1' />
  </way>
  <way id='-38238'>
    <nd ref='-128396' />
    <nd ref='-128397' />
    <nd ref='-128398' />
    <nd ref='-128399' />
    <nd ref='-128396' />
    <tag k='building' v='residential' />
    <tag k='levels' v='1' />
  </way>
  <way id='-38239'>
    <nd ref='-128400' />
    <nd ref='-128401' />
    <nd ref='-128402' />
    <nd ref='-128403' />
    <nd ref='-128400' />
    <tag k='building' v='residential' />
    <tag k='levels' v='1' />
  </way>
  <way id='-38240'>
    <nd ref='-128404' />
    <nd ref='-128405' />
    <nd ref='-128406' />
    <nd ref='-128407' />
    <nd ref='-128408' />
    <nd ref='-128409' />
    <nd ref='-128404' />
    <tag k='building' v='residential' />
    <tag k='levels' v='1' />
  </way>
  <way id='-38241'>
    <nd ref='-128410' />
    <nd ref='-128411' />
    <nd ref='-128412' />
    <nd ref='-128413' />
    <nd ref='-128410' />
    <tag k='building' v='residential' />
    <tag k='levels' v='1' />
  </way>
  <way id='-38242'>
    <nd ref='-128414' />
    <nd ref='-128415' />
    <nd ref='-128416' />
    <nd ref='-128417' />
    <nd ref='-128418' />
    <nd ref='-128419' />
    <nd ref='-128420' />
    <nd ref='-128421' />
    <nd ref='-128414' />
    <tag k='building' v='residential' />
    <tag k='levels' v='1' />
  </way>
  <way id='-38243'>
    <nd ref='-128422' />
    <nd ref='-128423' />
    <nd ref='-128424' />
    <nd ref='-128425' />
    <nd ref='-128422' />
    <tag k='building' v='residential' />
    <tag k='levels' v='1' />
  </way>
  <way id='-38244'>
    <nd ref='-128426' />
    <nd ref='-128427' />
    <nd ref='-128428' />
    <nd ref='-128429' />
    <nd ref='-128426' />
    <tag k='building' v='residential' />
    <tag k='levels' v='1' />
  </way>
  <way id='-38245'>
    <nd ref='-128430' />
    <nd ref='-128431' />
    <nd ref='-128432' />
    <nd ref='-128433' />
    <nd ref='-128430' />
    <tag k='building' v='residential' />
    <tag k='levels' v='1' />
  </way>
  <way id='-38246'>
    <nd ref='-128434' />
    <nd ref='-128435' />
    <nd ref='-128436' />
    <nd ref='-128437' />
    <nd ref='-128434' />
    <tag k='building' v='mixed_use' />
    <tag k='levels' v='4' />
  </way>
  <way id='-38247'>
    <nd ref='-128438' />
    <nd ref='-128439' />
    <nd ref='-128440' />
    <nd ref='-128441' />
    <nd ref='-128438' />
    <tag k='amenity' v='hospital' />
    <tag k='building' v='hospital' />
    <tag k='levels' v='3' />
  </way>
  <way id='-38248'>
    <nd ref='-128442' />
    <nd ref='-128443' />
    <nd ref='-128444' />
    <nd ref='-128445' />
    <nd ref='-128446' />
    <nd ref='-128447' />
    <nd ref='-128442' />
    <tag k='amenity' v='fuel' />
    <tag k='building' v='retail' />
    <tag k='levels' v='2' />
  </way>
  <way id='-38249'>
    <nd ref='-128448' />
    <nd ref='-128449' />
    <nd ref='-128450' />
    <nd ref='-128451' />
    <nd ref='-128448' />
    <tag k='amenity' v='clinic' />
    <tag k='building' v='clinic' />
    <tag k='levels' v='4' />
  </way>
  <way id='-38250'>
    <nd ref='-128452' />
    <nd ref='-128453' />
    <nd ref='-128454' />
    <nd ref='-128455' />
    <nd ref='-128456' />
    <nd ref='-128457' />
    <nd ref='-128458' />
    <nd ref='-128459' />
    <nd ref='-128460' />
    <nd ref='-128461' />
    <nd ref='-128462' />
    <nd ref='-128463' />
    <nd ref='-128464' />
    <nd ref='-128465' />
    <nd ref='-128466' />
    <nd ref='-128467' />
    <nd ref='-128468' />
    <nd ref='-128469' />
    <nd ref='-128470' />
    <nd ref='-128471' />
    <nd ref='-128472' />
    <nd ref='-128473' />
    <nd ref='-128452' />
    <tag k='amenity' v='police' />
    <tag k='building' v='civic' />
    <tag k='levels' v='4' />
  </way>
  <way id='-38251'>
    <nd ref='-128474' />
    <nd ref='-128475' />
    <nd ref='-128476' />
    <nd ref='-128477' />
    <nd ref='-128474' />
    <tag k='amenity' v='school' />
    <tag k='building' v='school' />
  </way>
  <way id='-38252'>
    <nd ref='-128478' />
    <nd ref='-128479' />
    <nd ref='-128480' />
    <nd ref='-128481' />
    <nd ref='-128482' />
    <nd ref='-128478' />
    <tag k='building' v='mixed_use' />
    <tag k='levels' v='4' />
    <tag k='office' v='company' />
    <tag k='shop' v='yes' />
  </way>
  <way id='-38253'>
    <nd ref='-128483' />
    <nd ref='-128484' />
    <nd ref='-128485' />
    <nd ref='-128486' />
    <nd ref='-128487' />
    <nd ref='-128488' />
    <nd ref='-128489' />
    <nd ref='-128490' />
    <nd ref='-128491' />
    <nd ref='-128492' />
    <nd ref='-128493' />
    <nd ref='-128494' />
    <nd ref='-128495' />
    <nd ref='-128496' />
    <nd ref='-128497' />
    <nd ref='-128498' />
    <nd ref='-128499' />
    <nd ref='-128500' />
    <nd ref='-128501' />
    <nd ref='-128502' />
    <nd ref='-128503' />
    <nd ref='-128504' />
    <nd ref='-128505' />
    <nd ref='-128506' />
    <nd ref='-128507' />
    <nd ref='-128508' />
    <nd ref='-128509' />
    <nd ref='-128510' />
    <nd ref='-128511' />
    <nd ref='-128512' />
    <nd ref='-128513' />
    <nd ref='-128514' />
    <nd ref='-128515' />
    <nd ref='-128516' />
    <nd ref='-128517' />
    <nd ref='-128518' />
    <nd ref='-128519' />
    <nd ref='-128520' />
    <nd ref='-128483' />
  </way>
  <way id='-38254'>
    <nd ref='-128521' />
    <nd ref='-128522' />
    <nd ref='-128523' />
    <nd ref='-128524' />
    <nd ref='-128525' />
    <nd ref='-128521' />
  </way>
  <way id='-38255'>
    <nd ref='-128526' />
    <nd ref='-128527' />
    <nd ref='-128528' />
    <nd ref='-128529' />
    <nd ref='-128530' />
    <nd ref='-128531' />
    <nd ref='-128532' />
    <nd ref='-128533' />
    <nd ref='-128534' />
    <nd ref='-128535' />
    <nd ref='-128536' />
    <nd ref='-128537' />
    <nd ref='-128538' />
    <nd ref='-128539' />
    <nd ref='-128526' />
  </way>
  <way id='-38256'>
    <nd ref='-128540' />
    <nd ref='-128541' />
    <nd ref='-128542' />
    <nd ref='-128543' />
    <nd ref='-128544' />
    <nd ref='-128540' />
  </way>
  <way id='-38257'>
    <nd ref='-128545' />
    <nd ref='-128546' />
    <nd ref='-128547' />
    <nd ref='-128548' />
    <nd ref='-128545' />
    <tag k='amenity' v='school' />
    <tag k='building' v='school' />
    <tag k='levels' v='2' />
  </way>
  <way id='-38258'>
    <nd ref='-128549' />
    <nd ref='-128550' />
    <nd ref='-128551' />
    <nd ref='-128552' />
    <nd ref='-128549' />
    <tag k='building' v='mixed_use' />
    <tag k='levels' v='4' />
    <tag k='office' v='company' />
    <tag k='shop' v='yes' />
  </way>
  <way id='-38259'>
    <nd ref='-128553' />
    <nd ref='-128554' />
    <nd ref='-128555' />
    <nd ref='-128556' />
    <nd ref='-128553' />
    <tag k='amenity' v='school' />
    <tag k='building' v='school' />
    <tag k='levels' v='2' />
  </way>
  <way id='-38260'>
    <nd ref='-128557' />
    <nd ref='-128558' />
    <nd ref='-128559' />
    <nd ref='-128560' />
    <nd ref='-128557' />
    <tag k='amenity' v='hotel' />
    <tag k='building' v='hotel' />
    <tag k='levels' v='8' />
    <tag k='tourism' v='hotel' />
  </way>
  <way id='-38261'>
    <nd ref='-128561' />
    <nd ref='-128562' />
    <nd ref='-128563' />
    <nd ref='-128564' />
    <nd ref='-128561' />
    <tag k='levels' v='4' />
  </way>
  <way id='-38262'>
    <nd ref='-128565' />
    <nd ref='-128566' />
    <nd ref='-128567' />
    <nd ref='-128568' />
    <nd ref='-128569' />
    <nd ref='-128570' />
    <nd ref='-128571' />
    <nd ref='-128572' />
    <nd ref='-128573' />
    <nd ref='-128574' />
    <nd ref='-128575' />
    <nd ref='-128565' />
    <tag k='amenity' v='bus_station' />
    <tag k='building' v='transportation' />
    <tag k='office' v='company' />
    <tag k='shop' v='yes' />
    <tag k='taxi' v='yes' />
  </way>
  <way id='-38263'>
    <nd ref='-128576' />
    <nd ref='-128577' />
    <nd ref='-128578' />
    <nd ref='-128579' />
    <nd ref='-128576' />
    <tag k='building' v='mixed_use' />
    <tag k='levels' v='4' />
  </way>
  <way id='-38264'>
    <nd ref='-128580' />
    <nd ref='-128581' />
    <nd ref='-128582' />
    <nd ref='-128583' />
    <nd ref='-128580' />
    <tag k='amenity' v='government' />
    <tag k='building' v='civi' />
    <tag k='levels' v='4' />
  </way>
  <way id='-38265'>
    <nd ref='-128584' />
    <nd ref='-128585' />
    <nd ref='-128586' />
    <nd ref='-128587' />
    <nd ref='-128584' />
    <tag k='building' v='mixed_use' />
    <tag k='office' v='company' />
    <tag k='shop' v='yes' />
  </way>
  <way id='-38266'>
    <nd ref='-128588' />
    <nd ref='-128589' />
    <nd ref='-128590' />
    <nd ref='-128591' />
    <nd ref='-128588' />
    <tag k='building' v='mixed_use' />
    <tag k='levels' v='4' />
    <tag k='office' v='company' />
    <tag k='shop' v='yes' />
  </way>
  <way id='-38267'>
    <nd ref='-128592' />
    <nd ref='-128593' />
    <nd ref='-128594' />
    <nd ref='-128595' />
    <nd ref='-128592' />
    <tag k='amenity' v='clinic' />
    <tag k='building' v='clinic' />
  </way>
  <way id='-38268'>
    <nd ref='-128596' />
    <nd ref='-128597' />
    <nd ref='-128598' />
    <nd ref='-128599' />
    <nd ref='-128596' />
    <tag k='building' v='mixed_use' />
    <tag k='levels' v='4' />
  </way>
  <way id='-38269'>
    <nd ref='-128600' />
    <nd ref='-128601' />
    <nd ref='-128602' />
    <nd ref='-128603' />
    <nd ref='-128600' />
    <tag k='building' v='mixed_use' />
    <tag k='levels' v='4' />
  </way>
  <way id='-38270'>
    <nd ref='-128604' />
    <nd ref='-128605' />
    <nd ref='-128606' />
    <nd ref='-128607' />
    <nd ref='-128608' />
    <nd ref='-128604' />
    <tag k='amenity' v='school' />
    <tag k='building' v='school' />
    <tag k='levels' v='2' />
  </way>
  <way id='-38271'>
    <nd ref='-128609' />
    <nd ref='-128610' />
    <nd ref='-128611' />
    <nd ref='-128612' />
    <nd ref='-128609' />
  </way>
  <way id='-38272'>
    <nd ref='-128613' />
    <nd ref='-128614' />
    <nd ref='-128615' />
    <nd ref='-128616' />
    <nd ref='-128613' />
  </way>
  <way id='-38273'>
    <nd ref='-128617' />
    <nd ref='-128618' />
    <nd ref='-128619' />
    <nd ref='-128620' />
    <nd ref='-128617' />
    <tag k='building' v='mixed_use' />
    <tag k='levels' v='4' />
  </way>
  <way id='-38274'>
    <nd ref='-128621' />
    <nd ref='-128622' />
    <nd ref='-128623' />
    <nd ref='-128624' />
    <nd ref='-128621' />
    <tag k='amenity' v='school' />
    <tag k='building' v='school' />
  </way>
  <way id='-38275'>
    <nd ref='-128625' />
    <nd ref='-128626' />
    <nd ref='-128627' />
    <nd ref='-128628' />
    <nd ref='-128625' />
    <tag k='building' v='office' />
    <tag k='levels' v='5' />
    <tag k='office' v='company' />
  </way>
  <way id='-38276'>
    <nd ref='-128629' />
    <nd ref='-128630' />
    <nd ref='-128631' />
    <nd ref='-128632' />
    <nd ref='-128629' />
    <tag k='building' v='office' />
    <tag k='levels' v='5' />
    <tag k='office' v='company' />
  </way>
  <way id='-38277'>
    <nd ref='-128633' />
    <nd ref='-128634' />
    <nd ref='-128635' />
    <nd ref='-128636' />
    <nd ref='-128633' />
    <tag k='building' v='office' />
    <tag k='levels' v='5' />
    <tag k='office' v='company' />
  </way>
  <way id='-38278'>
    <nd ref='-128637' />
    <nd ref='-128638' />
    <nd ref='-128639' />
    <nd ref='-128640' />
    <nd ref='-128637' />
    <tag k='building' v='office' />
    <tag k='levels' v='5' />
    <tag k='office' v='company' />
  </way>
  <way id='-38279'>
    <nd ref='-128641' />
    <nd ref='-128642' />
    <nd ref='-128643' />
    <nd ref='-128644' />
    <nd ref='-128641' />
    <tag k='building' v='office' />
    <tag k='levels' v='5' />
    <tag k='office' v='company' />
  </way>
  <way id='-38280'>
    <nd ref='-128645' />
    <nd ref='-128646' />
    <nd ref='-128647' />
    <nd ref='-128648' />
    <nd ref='-128645' />
    <tag k='building' v='office' />
    <tag k='levels' v='5' />
    <tag k='office' v='company' />
  </way>
  <way id='-38281'>
    <nd ref='-128649' />
    <nd ref='-128650' />
    <nd ref='-128651' />
    <nd ref='-128652' />
    <nd ref='-128649' />
    <tag k='building' v='office' />
    <tag k='levels' v='5' />
    <tag k='office' v='company' />
  </way>
  <way id='-38282'>
    <nd ref='-128653' />
    <nd ref='-128654' />
    <nd ref='-128655' />
    <nd ref='-128656' />
    <nd ref='-128657' />
    <nd ref='-128658' />
    <nd ref='-128659' />
    <nd ref='-128660' />
    <nd ref='-128661' />
    <nd ref='-128662' />
    <nd ref='-128663' />
    <nd ref='-128664' />
    <nd ref='-128665' />
    <nd ref='-128666' />
    <nd ref='-128667' />
    <nd ref='-128668' />
    <nd ref='-128669' />
    <nd ref='-128670' />
    <nd ref='-128671' />
    <nd ref='-128672' />
    <nd ref='-128673' />
    <nd ref='-128674' />
    <nd ref='-128675' />
    <nd ref='-128676' />
    <nd ref='-128677' />
    <nd ref='-128678' />
    <nd ref='-128679' />
    <nd ref='-128653' />
    <tag k='building' v='office' />
    <tag k='levels' v='5' />
    <tag k='office' v='company' />
  </way>
  <way id='-38283'>
    <nd ref='-128680' />
    <nd ref='-128681' />
    <nd ref='-128682' />
    <nd ref='-128683' />
    <nd ref='-128680' />
    <tag k='building' v='office' />
    <tag k='levels' v='5' />
    <tag k='office' v='company' />
  </way>
  <way id='-38284'>
    <nd ref='-128684' />
    <nd ref='-128685' />
    <nd ref='-128686' />
    <nd ref='-128687' />
    <nd ref='-128684' />
    <tag k='building' v='office' />
    <tag k='levels' v='5' />
    <tag k='office' v='company' />
  </way>
  <way id='-38285'>
    <nd ref='-128688' />
    <nd ref='-128689' />
    <nd ref='-128690' />
    <nd ref='-128691' />
    <nd ref='-128688' />
    <tag k='building' v='office' />
    <tag k='levels' v='5' />
    <tag k='office' v='company' />
  </way>
  <way id='-38286'>
    <nd ref='-128692' />
    <nd ref='-128693' />
    <nd ref='-128694' />
    <nd ref='-128695' />
    <nd ref='-128696' />
    <nd ref='-128697' />
    <nd ref='-128698' />
    <nd ref='-128699' />
    <nd ref='-128700' />
    <nd ref='-128701' />
    <nd ref='-128702' />
    <nd ref='-128703' />
    <nd ref='-128704' />
    <nd ref='-128705' />
    <nd ref='-128706' />
    <nd ref='-128707' />
    <nd ref='-128708' />
    <nd ref='-128709' />
    <nd ref='-128710' />
    <nd ref='-128711' />
    <nd ref='-128712' />
    <nd ref='-128713' />
    <nd ref='-128714' />
    <nd ref='-128715' />
    <nd ref='-128716' />
    <nd ref='-128717' />
    <nd ref='-128718' />
    <nd ref='-128719' />
    <nd ref='-128720' />
    <nd ref='-128721' />
    <nd ref='-128722' />
    <nd ref='-128723' />
    <nd ref='-128724' />
    <nd ref='-128725' />
    <nd ref='-128726' />
    <nd ref='-128727' />
    <nd ref='-128728' />
    <nd ref='-128729' />
    <nd ref='-128730' />
    <nd ref='-128731' />
    <nd ref='-128732' />
    <nd ref='-128733' />
    <nd ref='-128734' />
    <nd ref='-128735' />
    <nd ref='-128736' />
    <nd ref='-128737' />
    <nd ref='-128738' />
    <nd ref='-128739' />
    <nd ref='-128740' />
    <nd ref='-128741' />
    <nd ref='-128742' />
    <nd ref='-128743' />
    <nd ref='-128744' />
    <nd ref='-128745' />
    <nd ref='-128746' />
    <nd ref='-128747' />
    <nd ref='-128748' />
    <nd ref='-128749' />
    <nd ref='-128750' />
    <nd ref='-128751' />
    <nd ref='-128752' />
    <nd ref='-128753' />
    <nd ref='-128754' />
    <nd ref='-128755' />
    <nd ref='-128756' />
    <nd ref='-128757' />
    <nd ref='-128758' />
    <nd ref='-128759' />
    <nd ref='-128760' />
    <nd ref='-128761' />
    <nd ref='-128762' />
    <nd ref='-128763' />
    <nd ref='-128764' />
    <nd ref='-128765' />
    <nd ref='-128766' />
    <nd ref='-128767' />
    <nd ref='-128768' />
    <nd ref='-128769' />
    <nd ref='-128770' />
    <nd ref='-128771' />
    <nd ref='-128772' />
    <nd ref='-128773' />
    <nd ref='-128692' />
    <tag k='place' v='square' />
  </way>
  <way id='-38287'>
    <nd ref='-128774' />
    <nd ref='-128771' />
    <nd ref='-128770' />
    <nd ref='-128775' />
    <nd ref='-128776' />
    <nd ref='-128777' />
    <nd ref='-128778' />
    <nd ref='-128779' />
    <nd ref='-128780' />
    <nd ref='-128781' />
    <nd ref='-128782' />
    <nd ref='-128783' />
    <nd ref='-128784' />
    <nd ref='-128785' />
    <nd ref='-128786' />
    <nd ref='-128787' />
    <nd ref='-128788' />
    <nd ref='-128789' />
    <nd ref='-128790' />
    <nd ref='-128791' />
    <nd ref='-128792' />
    <nd ref='-128793' />
    <nd ref='-128794' />
    <nd ref='-128795' />
    <nd ref='-128796' />
    <nd ref='-128797' />
    <nd ref='-128798' />
    <nd ref='-128799' />
    <nd ref='-128800' />
    <nd ref='-128801' />
    <nd ref='-128802' />
    <nd ref='-128803' />
    <nd ref='-128804' />
    <nd ref='-128805' />
    <nd ref='-128806' />
    <nd ref='-128807' />
    <nd ref='-128808' />
    <nd ref='-128809' />
    <nd ref='-128810' />
    <nd ref='-128811' />
    <nd ref='-128812' />
    <nd ref='-128813' />
    <nd ref='-128814' />
    <nd ref='-128815' />
    <nd ref='-128816' />
    <nd ref='-128817' />
    <nd ref='-128818' />
    <nd ref='-128819' />
    <nd ref='-128820' />
    <nd ref='-128821' />
    <nd ref='-128822' />
    <nd ref='-128823' />
    <nd ref='-128824' />
    <nd ref='-128825' />
    <nd ref='-128826' />
    <nd ref='-128827' />
    <nd ref='-128828' />
    <nd ref='-128829' />
    <nd ref='-128830' />
    <nd ref='-128831' />
    <nd ref='-128832' />
    <nd ref='-128774' />
    <tag k='leisure' v='plaza' />
    <tag k='place' v='square' />
  </way>
  <way id='-38288'>
    <nd ref='-128833' />
    <nd ref='-128834' />
    <nd ref='-128835' />
    <nd ref='-128836' />
    <nd ref='-128837' />
    <nd ref='-128838' />
    <nd ref='-128839' />
    <nd ref='-128840' />
    <nd ref='-128841' />
    <nd ref='-128842' />
    <nd ref='-128843' />
    <nd ref='-128844' />
    <nd ref='-128845' />
    <nd ref='-128846' />
    <nd ref='-128847' />
    <nd ref='-128848' />
    <nd ref='-128849' />
    <nd ref='-128850' />
    <nd ref='-128851' />
    <nd ref='-128852' />
    <nd ref='-128853' />
    <nd ref='-128854' />
    <nd ref='-128855' />
    <nd ref='-128856' />
    <nd ref='-128857' />
    <nd ref='-128858' />
    <nd ref='-128859' />
    <nd ref='-128860' />
    <nd ref='-128861' />
    <nd ref='-128862' />
    <nd ref='-128863' />
    <nd ref='-128864' />
    <nd ref='-128865' />
    <nd ref='-128866' />
    <nd ref='-128867' />
    <nd ref='-128868' />
    <nd ref='-128869' />
    <nd ref='-128870' />
    <nd ref='-128871' />
    <nd ref='-128872' />
    <nd ref='-128873' />
    <nd ref='-128874' />
    <nd ref='-128875' />
    <nd ref='-128876' />
    <nd ref='-128877' />
    <nd ref='-128878' />
    <nd ref='-128879' />
    <nd ref='-128880' />
    <nd ref='-128881' />
    <nd ref='-128882' />
    <nd ref='-128883' />
    <nd ref='-128884' />
    <nd ref='-128885' />
    <nd ref='-128886' />
    <nd ref='-128887' />
    <nd ref='-128888' />
    <nd ref='-128889' />
    <nd ref='-128890' />
    <nd ref='-128891' />
    <nd ref='-128892' />
    <nd ref='-128893' />
    <nd ref='-128894' />
    <nd ref='-128895' />
    <nd ref='-128896' />
    <nd ref='-128897' />
    <nd ref='-128898' />
    <nd ref='-128899' />
    <nd ref='-128900' />
    <nd ref='-128901' />
    <nd ref='-128902' />
    <nd ref='-128903' />
    <nd ref='-128904' />
    <nd ref='-128905' />
    <nd ref='-128906' />
    <nd ref='-128907' />
    <nd ref='-128908' />
    <nd ref='-128909' />
    <nd ref='-128910' />
    <nd ref='-128911' />
    <nd ref='-128912' />
    <nd ref='-128913' />
    <nd ref='-128914' />
    <nd ref='-128915' />
    <nd ref='-128916' />
    <nd ref='-128917' />
    <nd ref='-128918' />
    <nd ref='-128919' />
    <nd ref='-128920' />
    <nd ref='-128921' />
    <nd ref='-128922' />
    <nd ref='-128923' />
    <nd ref='-128924' />
    <nd ref='-128925' />
    <nd ref='-128926' />
    <nd ref='-128927' />
    <nd ref='-128928' />
    <nd ref='-128929' />
    <nd ref='-128930' />
    <nd ref='-128931' />
    <nd ref='-128932' />
    <nd ref='-128933' />
    <nd ref='-128833' />
    <tag k='leisure' v='plaza' />
    <tag k='place' v='square' />
  </way>
  <way id='-38289'>
    <nd ref='-128934' />
    <nd ref='-128935' />
    <nd ref='-128936' />
    <nd ref='-128937' />
    <nd ref='-128934' />
    <tag k='place' v='square' />
  </way>
  <way id='-38290'>
    <nd ref='-128938' />
    <nd ref='-128939' />
    <nd ref='-128940' />
    <nd ref='-128941' />
    <nd ref='-128942' />
    <nd ref='-128943' />
    <nd ref='-128944' />
    <nd ref='-128945' />
    <nd ref='-128946' />
    <nd ref='-128947' />
    <nd ref='-128948' />
    <nd ref='-128949' />
    <nd ref='-128950' />
    <nd ref='-128951' />
    <nd ref='-128952' />
    <nd ref='-128953' />
    <nd ref='-128954' />
    <nd ref='-128955' />
    <nd ref='-128956' />
    <nd ref='-128957' />
    <nd ref='-128938' />
    <tag k='place' v='square' />
  </way>
  <way id='-38291'>
    <nd ref='-128958' />
    <nd ref='-128959' />
    <nd ref='-128960' />
    <nd ref='-128961' />
    <nd ref='-128958' />
    <tag k='place' v='square' />
  </way>
  <way id='-38292'>
    <nd ref='-128962' />
    <nd ref='-128963' />
    <nd ref='-128964' />
    <nd ref='-128965' />
    <nd ref='-128962' />
    <tag k='place' v='square' />
  </way>
  <way id='-38293'>
    <nd ref='-128966' />
    <nd ref='-128967' />
    <nd ref='-128968' />
    <nd ref='-128969' />
    <nd ref='-128970' />
    <nd ref='-128971' />
    <nd ref='-128966' />
    <tag k='place' v='square' />
  </way>
  <way id='-38294'>
    <nd ref='-128972' />
    <nd ref='-128973' />
    <nd ref='-128974' />
    <nd ref='-128975' />
    <nd ref='-128976' />
    <nd ref='-128977' />
    <nd ref='-128978' />
    <nd ref='-128979' />
    <nd ref='-128980' />
    <nd ref='-128981' />
    <nd ref='-128982' />
    <nd ref='-128983' />
    <nd ref='-128984' />
    <nd ref='-128985' />
    <nd ref='-128986' />
    <nd ref='-128987' />
    <nd ref='-128988' />
    <nd ref='-128989' />
    <nd ref='-128990' />
    <nd ref='-128991' />
    <nd ref='-128992' />
    <nd ref='-128993' />
    <nd ref='-128994' />
    <nd ref='-128995' />
    <nd ref='-128996' />
    <nd ref='-128997' />
    <nd ref='-128998' />
    <nd ref='-128999' />
    <nd ref='-129000' />
    <nd ref='-129001' />
    <nd ref='-129002' />
    <nd ref='-129003' />
    <nd ref='-129004' />
    <nd ref='-129005' />
    <nd ref='-129006' />
    <nd ref='-129007' />
    <nd ref='-129008' />
    <nd ref='-129009' />
    <nd ref='-129010' />
    <nd ref='-129011' />
    <nd ref='-129012' />
    <nd ref='-129013' />
    <nd ref='-129014' />
    <nd ref='-129015' />
    <nd ref='-129016' />
    <nd ref='-129017' />
    <nd ref='-129018' />
    <nd ref='-129019' />
    <nd ref='-129020' />
    <nd ref='-129021' />
    <nd ref='-129022' />
    <nd ref='-129023' />
    <nd ref='-129024' />
    <nd ref='-129025' />
    <nd ref='-129026' />
    <nd ref='-129027' />
    <nd ref='-129028' />
    <nd ref='-129029' />
    <nd ref='-129030' />
    <nd ref='-128972' />
    <tag k='place' v='square' />
  </way>
  <way id='-38295'>
    <nd ref='-129031' />
    <nd ref='-129032' />
    <nd ref='-129033' />
    <nd ref='-129034' />
    <nd ref='-129035' />
    <nd ref='-129036' />
    <nd ref='-129031' />
    <tag k='place' v='square' />
  </way>
  <way id='-38296'>
    <nd ref='-129037' />
    <nd ref='-129038' />
    <nd ref='-129039' />
    <nd ref='-129040' />
    <nd ref='-129041' />
    <nd ref='-129042' />
    <nd ref='-129043' />
    <nd ref='-129037' />
    <tag k='place' v='square' />
  </way>
  <way id='-38297'>
    <nd ref='-129044' />
    <nd ref='-129045' />
    <nd ref='-129046' />
    <nd ref='-129047' />
    <nd ref='-129048' />
    <nd ref='-129049' />
    <nd ref='-129044' />
    <tag k='place' v='square' />
  </way>
  <way id='-38298' action='modify'>
    <nd ref='-129050' />
    <nd ref='-129051' />
    <nd ref='-129052' />
    <nd ref='-129053' />
    <nd ref='-129054' />
    <nd ref='-129055' />
    <nd ref='-129056' />
    <nd ref='-129057' />
    <nd ref='-129058' />
    <nd ref='-129059' />
    <nd ref='-129060' />
    <nd ref='-129050' />
    <tag k='place' v='square' />
  </way>
  <way id='-38299'>
    <nd ref='-129061' />
    <nd ref='-129062' />
    <nd ref='-129063' />
    <nd ref='-129064' />
    <nd ref='-129061' />
    <tag k='place' v='square' />
  </way>
  <way id='-38300'>
    <nd ref='-129065' />
    <nd ref='-129066' />
    <nd ref='-129067' />
    <nd ref='-129068' />
    <nd ref='-129069' />
    <nd ref='-129065' />
    <tag k='place' v='square' />
  </way>
  <way id='-38301'>
    <nd ref='-129070' />
    <nd ref='-129071' />
    <nd ref='-129072' />
    <nd ref='-129073' />
    <nd ref='-129070' />
    <tag k='place' v='square' />
  </way>
  <way id='-38302'>
    <nd ref='-129074' />
    <nd ref='-129075' />
    <nd ref='-129076' />
    <nd ref='-129077' />
    <nd ref='-129078' />
    <nd ref='-129074' />
    <tag k='place' v='square' />
  </way>
  <way id='-38303'>
    <nd ref='-129079' />
    <nd ref='-129080' />
    <nd ref='-129081' />
    <nd ref='-129082' />
    <nd ref='-129083' />
    <nd ref='-129084' />
    <nd ref='-129085' />
    <nd ref='-129086' />
    <nd ref='-129087' />
    <nd ref='-129088' />
    <nd ref='-129089' />
    <nd ref='-129090' />
    <nd ref='-129091' />
    <nd ref='-129078' />
    <nd ref='-129079' />
    <tag k='place' v='square' />
  </way>
  <way id='-38304'>
    <nd ref='-129092' />
    <nd ref='-129093' />
    <nd ref='-129094' />
    <nd ref='-129095' />
    <nd ref='-129096' />
    <nd ref='-129097' />
    <nd ref='-129098' />
    <nd ref='-129099' />
    <nd ref='-129100' />
    <nd ref='-129101' />
    <nd ref='-129102' />
    <nd ref='-129103' />
    <nd ref='-129104' />
    <nd ref='-129105' />
    <nd ref='-129106' />
    <nd ref='-129107' />
    <nd ref='-129108' />
    <nd ref='-129109' />
    <nd ref='-129110' />
    <nd ref='-129111' />
    <nd ref='-129112' />
    <nd ref='-129113' />
    <nd ref='-129114' />
    <nd ref='-129115' />
    <nd ref='-129116' />
    <nd ref='-129117' />
    <nd ref='-129118' />
    <nd ref='-129119' />
    <nd ref='-129120' />
    <nd ref='-129121' />
    <nd ref='-129122' />
    <nd ref='-129123' />
    <nd ref='-129124' />
    <nd ref='-129125' />
    <nd ref='-129126' />
    <nd ref='-129127' />
    <nd ref='-129092' />
    <tag k='place' v='square' />
  </way>
  <way id='-38305'>
    <nd ref='-129128' />
    <nd ref='-129129' />
    <nd ref='-129130' />
    <nd ref='-129131' />
    <nd ref='-129128' />
    <tag k='place' v='square' />
  </way>
  <way id='-38306'>
    <nd ref='-129132' />
    <nd ref='-129133' />
    <nd ref='-129134' />
    <nd ref='-129135' />
    <nd ref='-129136' />
    <nd ref='-129137' />
    <nd ref='-129138' />
    <nd ref='-129139' />
    <nd ref='-129140' />
    <nd ref='-129141' />
    <nd ref='-129142' />
    <nd ref='-129143' />
    <nd ref='-129144' />
    <nd ref='-129145' />
    <nd ref='-129146' />
    <nd ref='-129147' />
    <nd ref='-129148' />
    <nd ref='-129149' />
    <nd ref='-129150' />
    <nd ref='-129151' />
    <nd ref='-129152' />
    <nd ref='-129153' />
    <nd ref='-129154' />
    <nd ref='-129155' />
    <nd ref='-129156' />
    <nd ref='-129132' />
    <tag k='place' v='square' />
  </way>
  <way id='-38307'>
    <nd ref='-129157' />
    <nd ref='-129158' />
    <nd ref='-129159' />
    <nd ref='-129160' />
    <nd ref='-129161' />
    <nd ref='-129162' />
    <nd ref='-129163' />
    <nd ref='-129164' />
    <nd ref='-129157' />
    <tag k='place' v='square' />
  </way>
  <way id='-38308'>
    <nd ref='-129165' />
    <nd ref='-129166' />
    <nd ref='-129167' />
    <nd ref='-129168' />
    <nd ref='-129169' />
    <nd ref='-129170' />
    <nd ref='-129171' />
    <nd ref='-129172' />
    <nd ref='-129165' />
    <tag k='place' v='square' />
  </way>
  <way id='-38309'>
    <nd ref='-129173' />
    <nd ref='-129174' />
    <nd ref='-129175' />
    <nd ref='-129176' />
    <nd ref='-129177' />
    <nd ref='-129173' />
    <tag k='place' v='square' />
  </way>
  <way id='-38310'>
    <nd ref='-129178' />
    <nd ref='-129179' />
    <nd ref='-129180' />
    <nd ref='-129181' />
    <nd ref='-129178' />
    <tag k='place' v='square' />
  </way>
  <way id='-38311'>
    <nd ref='-129182' />
    <nd ref='-129183' />
    <nd ref='-129184' />
    <nd ref='-129185' />
    <nd ref='-129186' />
    <nd ref='-129182' />
    <tag k='place' v='square' />
  </way>
  <way id='-38312'>
    <nd ref='-129187' />
    <nd ref='-129188' />
    <nd ref='-129189' />
    <nd ref='-129190' />
    <nd ref='-129191' />
    <nd ref='-129187' />
    <tag k='place' v='square' />
  </way>
  <way id='-38313'>
    <nd ref='-129192' />
    <nd ref='-129193' />
    <nd ref='-129194' />
    <nd ref='-129195' />
    <nd ref='-129196' />
    <nd ref='-129197' />
    <nd ref='-129198' />
    <nd ref='-129199' />
    <nd ref='-129200' />
    <nd ref='-129201' />
    <nd ref='-129202' />
    <nd ref='-129203' />
    <nd ref='-129204' />
    <nd ref='-129205' />
    <nd ref='-129206' />
    <nd ref='-129207' />
    <nd ref='-129192' />
    <tag k='place' v='square' />
  </way>
  <way id='-38314'>
    <nd ref='-129208' />
    <nd ref='-129209' />
    <nd ref='-129210' />
    <nd ref='-129211' />
    <nd ref='-129212' />
    <nd ref='-129213' />
    <nd ref='-129214' />
    <nd ref='-129215' />
    <nd ref='-129216' />
    <nd ref='-129217' />
    <nd ref='-129218' />
    <nd ref='-129219' />
    <nd ref='-129220' />
    <nd ref='-129221' />
    <nd ref='-129222' />
    <nd ref='-129223' />
    <nd ref='-129224' />
    <nd ref='-129225' />
    <nd ref='-129226' />
    <nd ref='-129227' />
    <nd ref='-129228' />
    <nd ref='-129229' />
    <nd ref='-129230' />
    <nd ref='-129231' />
    <nd ref='-129232' />
    <nd ref='-129233' />
    <nd ref='-129234' />
    <nd ref='-129235' />
    <nd ref='-129236' />
    <nd ref='-129237' />
    <nd ref='-129238' />
    <nd ref='-129239' />
    <nd ref='-129240' />
    <nd ref='-129241' />
    <nd ref='-129242' />
    <nd ref='-129243' />
    <nd ref='-129244' />
    <nd ref='-129245' />
    <nd ref='-129246' />
    <nd ref='-129247' />
    <nd ref='-129248' />
    <nd ref='-129249' />
    <nd ref='-129250' />
    <nd ref='-129251' />
    <nd ref='-129252' />
    <nd ref='-129253' />
    <nd ref='-129254' />
    <nd ref='-129255' />
    <nd ref='-129256' />
    <nd ref='-129257' />
    <nd ref='-129258' />
    <nd ref='-129259' />
    <nd ref='-129260' />
    <nd ref='-129261' />
    <nd ref='-129262' />
    <nd ref='-129263' />
    <nd ref='-129208' />
    <tag k='place' v='square' />
  </way>
  <way id='-38315'>
    <nd ref='-129264' />
    <nd ref='-129265' />
    <nd ref='-129266' />
    <nd ref='-129267' />
    <nd ref='-129268' />
    <nd ref='-129269' />
    <nd ref='-129270' />
    <nd ref='-129271' />
    <nd ref='-129272' />
    <nd ref='-129273' />
    <nd ref='-129274' />
    <nd ref='-129275' />
    <nd ref='-129264' />
    <tag k='place' v='square' />
  </way>
  <way id='-38316'>
    <nd ref='-129276' />
    <nd ref='-129277' />
    <nd ref='-129278' />
    <nd ref='-129279' />
    <nd ref='-129280' />
    <nd ref='-129281' />
    <nd ref='-129282' />
    <nd ref='-129283' />
    <nd ref='-129284' />
    <nd ref='-129285' />
    <nd ref='-129286' />
    <nd ref='-129287' />
    <nd ref='-129288' />
    <nd ref='-129289' />
    <nd ref='-129290' />
    <nd ref='-129291' />
    <nd ref='-129292' />
    <nd ref='-129293' />
    <nd ref='-129294' />
    <nd ref='-129295' />
    <nd ref='-129296' />
    <nd ref='-129297' />
    <nd ref='-129298' />
    <nd ref='-129299' />
    <nd ref='-129300' />
    <nd ref='-129301' />
    <nd ref='-129302' />
    <nd ref='-129303' />
    <nd ref='-129304' />
    <nd ref='-129305' />
    <nd ref='-129306' />
    <nd ref='-129307' />
    <nd ref='-129308' />
    <nd ref='-129309' />
    <nd ref='-129310' />
    <nd ref='-129276' />
    <tag k='place' v='square' />
  </way>
  <way id='-38317'>
    <nd ref='-129311' />
    <nd ref='-129312' />
    <nd ref='-129313' />
    <nd ref='-129314' />
    <nd ref='-129315' />
    <nd ref='-129311' />
    <tag k='place' v='square' />
  </way>
  <way id='-38318'>
    <nd ref='-129316' />
    <nd ref='-129317' />
    <nd ref='-129318' />
    <nd ref='-129319' />
    <nd ref='-129320' />
    <nd ref='-129321' />
    <nd ref='-129322' />
    <nd ref='-129316' />
    <tag k='place' v='square' />
  </way>
  <way id='-38319'>
    <nd ref='-129323' />
    <nd ref='-129324' />
    <nd ref='-129325' />
    <nd ref='-129326' />
    <nd ref='-129327' />
    <nd ref='-129328' />
    <nd ref='-129329' />
    <nd ref='-129330' />
    <nd ref='-129331' />
    <nd ref='-129332' />
    <nd ref='-129333' />
    <nd ref='-129334' />
    <nd ref='-129335' />
    <nd ref='-129336' />
    <nd ref='-129337' />
    <nd ref='-129338' />
    <nd ref='-129339' />
    <nd ref='-129340' />
    <nd ref='-129323' />
    <tag k='amenity' v='parking' />
    <tag k='parking' v='surface' />
  </way>
  <way id='-38320'>
    <nd ref='-129341' />
    <nd ref='-129342' />
    <nd ref='-129343' />
    <nd ref='-129344' />
    <nd ref='-129345' />
    <nd ref='-129346' />
    <nd ref='-129347' />
    <nd ref='-129348' />
    <nd ref='-129349' />
    <nd ref='-129350' />
    <nd ref='-129351' />
    <nd ref='-129352' />
    <nd ref='-129353' />
    <nd ref='-129354' />
    <nd ref='-129355' />
    <nd ref='-129356' />
    <nd ref='-129357' />
    <nd ref='-129358' />
    <nd ref='-129359' />
    <nd ref='-129360' />
    <nd ref='-129361' />
    <nd ref='-129362' />
    <nd ref='-129363' />
    <nd ref='-129364' />
    <nd ref='-129365' />
    <nd ref='-129366' />
    <nd ref='-129367' />
    <nd ref='-129368' />
    <nd ref='-129369' />
    <nd ref='-129370' />
    <nd ref='-129371' />
    <nd ref='-129372' />
    <nd ref='-129373' />
    <nd ref='-129374' />
    <nd ref='-129375' />
    <nd ref='-129376' />
    <nd ref='-129377' />
    <nd ref='-129378' />
    <nd ref='-129379' />
    <nd ref='-129380' />
    <nd ref='-129381' />
    <nd ref='-129382' />
    <nd ref='-129383' />
    <nd ref='-129384' />
    <nd ref='-129385' />
    <nd ref='-129386' />
    <nd ref='-129387' />
    <nd ref='-129388' />
    <nd ref='-129389' />
    <nd ref='-129390' />
    <nd ref='-129391' />
    <nd ref='-129392' />
    <nd ref='-129393' />
    <nd ref='-129394' />
    <nd ref='-129395' />
    <nd ref='-129396' />
    <nd ref='-129397' />
    <nd ref='-129341' />
    <tag k='amenity' v='parking' />
    <tag k='parking' v='surface' />
  </way>
  <way id='-38321'>
    <nd ref='-129398' />
    <nd ref='-129399' />
    <nd ref='-129400' />
    <nd ref='-129401' />
    <nd ref='-129402' />
    <nd ref='-129398' />
    <tag k='amenity' v='parking' />
    <tag k='parking' v='surface' />
  </way>
  <way id='-38322'>
    <nd ref='-129403' />
    <nd ref='-129404' />
    <nd ref='-129405' />
    <nd ref='-129406' />
    <nd ref='-129407' />
    <nd ref='-129403' />
    <tag k='amenity' v='parking' />
    <tag k='parking' v='surface' />
  </way>
  <way id='-38323'>
    <nd ref='-129023' />
    <nd ref='-129022' />
    <nd ref='-129025' />
    <nd ref='-129024' />
    <nd ref='-129023' />
    <tag k='amenity' v='parking' />
    <tag k='parking' v='surface' />
  </way>
  <way id='-38324'>
    <nd ref='-129408' />
    <nd ref='-129409' />
    <nd ref='-129410' />
    <nd ref='-129411' />
    <nd ref='-129412' />
    <nd ref='-129413' />
    <nd ref='-129414' />
    <nd ref='-129415' />
    <nd ref='-129416' />
    <nd ref='-129417' />
    <nd ref='-129418' />
    <nd ref='-129419' />
    <nd ref='-129420' />
    <nd ref='-129421' />
    <nd ref='-129408' />
    <tag k='amenity' v='parking' />
    <tag k='parking' v='surface' />
  </way>
  <way id='-38325'>
    <nd ref='-129422' />
    <nd ref='-129423' />
    <nd ref='-129424' />
    <nd ref='-129425' />
    <nd ref='-129426' />
    <nd ref='-129427' />
    <nd ref='-129428' />
    <nd ref='-129429' />
    <nd ref='-129430' />
    <nd ref='-129431' />
    <nd ref='-129432' />
    <nd ref='-129433' />
    <nd ref='-129434' />
    <nd ref='-129435' />
    <nd ref='-129436' />
    <nd ref='-129437' />
    <nd ref='-129438' />
    <nd ref='-129439' />
    <nd ref='-129422' />
    <tag k='amenity' v='parking' />
    <tag k='parking' v='surface' />
  </way>
  <way id='-38326'>
    <nd ref='-129440' />
    <nd ref='-129441' />
    <nd ref='-129442' />
    <nd ref='-129443' />
    <nd ref='-129444' />
    <nd ref='-129445' />
    <nd ref='-129446' />
    <nd ref='-129447' />
    <nd ref='-129448' />
    <nd ref='-129449' />
    <nd ref='-129450' />
    <nd ref='-129451' />
    <nd ref='-129452' />
    <nd ref='-129453' />
    <nd ref='-129454' />
    <nd ref='-129455' />
    <nd ref='-129456' />
    <nd ref='-129457' />
    <nd ref='-129440' />
    <tag k='amenity' v='parking' />
    <tag k='parking' v='surface' />
  </way>
  <way id='-38327'>
    <nd ref='-129458' />
    <nd ref='-129459' />
    <nd ref='-129460' />
    <nd ref='-129461' />
    <nd ref='-129462' />
    <nd ref='-129463' />
    <nd ref='-129464' />
    <nd ref='-129465' />
    <nd ref='-129466' />
    <nd ref='-129467' />
    <nd ref='-129468' />
    <nd ref='-129469' />
    <nd ref='-129470' />
    <nd ref='-129471' />
    <nd ref='-129472' />
    <nd ref='-129473' />
    <nd ref='-129474' />
    <nd ref='-129475' />
    <nd ref='-129476' />
    <nd ref='-129477' />
    <nd ref='-129478' />
    <nd ref='-129479' />
    <nd ref='-129480' />
    <nd ref='-129481' />
    <nd ref='-129482' />
    <nd ref='-129483' />
    <nd ref='-129484' />
    <nd ref='-129458' />
    <tag k='amenity' v='parking' />
    <tag k='parking' v='surface' />
  </way>
  <way id='-38328'>
    <nd ref='-129485' />
    <nd ref='-129486' />
    <nd ref='-129487' />
    <nd ref='-129488' />
    <nd ref='-129489' />
    <nd ref='-129490' />
    <nd ref='-129491' />
    <nd ref='-129492' />
    <nd ref='-129493' />
    <nd ref='-129494' />
    <nd ref='-129495' />
    <nd ref='-129496' />
    <nd ref='-129497' />
    <nd ref='-129498' />
    <nd ref='-129499' />
    <nd ref='-129500' />
    <nd ref='-129501' />
    <nd ref='-129502' />
    <nd ref='-129503' />
    <nd ref='-129504' />
    <nd ref='-129505' />
    <nd ref='-129506' />
    <nd ref='-129485' />
    <tag k='amenity' v='parking' />
    <tag k='parking' v='surface' />
  </way>
  <way id='-38329'>
    <nd ref='-129507' />
    <nd ref='-129508' />
    <nd ref='-129509' />
    <nd ref='-129510' />
    <nd ref='-129511' />
    <nd ref='-129512' />
    <nd ref='-129513' />
    <nd ref='-129514' />
    <nd ref='-129515' />
    <nd ref='-129516' />
    <nd ref='-129517' />
    <nd ref='-129518' />
    <nd ref='-129519' />
    <nd ref='-129520' />
    <nd ref='-129521' />
    <nd ref='-129522' />
    <nd ref='-129523' />
    <nd ref='-129524' />
    <nd ref='-129525' />
    <nd ref='-129507' />
    <tag k='amenity' v='parking' />
    <tag k='parking' v='surface' />
  </way>
  <way id='-38330'>
    <nd ref='-129526' />
    <nd ref='-129527' />
    <nd ref='-129528' />
    <nd ref='-129529' />
    <nd ref='-129530' />
    <nd ref='-129531' />
    <nd ref='-129532' />
    <nd ref='-129533' />
    <nd ref='-129534' />
    <nd ref='-129535' />
    <nd ref='-129536' />
    <nd ref='-129537' />
    <nd ref='-129538' />
    <nd ref='-129539' />
    <nd ref='-129540' />
    <nd ref='-129541' />
    <nd ref='-129542' />
    <nd ref='-129543' />
    <nd ref='-129544' />
    <nd ref='-129545' />
    <nd ref='-129546' />
    <nd ref='-129547' />
    <nd ref='-129548' />
    <nd ref='-129526' />
    <tag k='amenity' v='parking' />
    <tag k='parking' v='surface' />
  </way>
  <way id='-38331'>
    <nd ref='-129549' />
    <nd ref='-129550' />
    <nd ref='-129551' />
    <nd ref='-129552' />
    <nd ref='-129553' />
    <nd ref='-129554' />
    <nd ref='-129555' />
    <nd ref='-129556' />
    <nd ref='-129557' />
    <nd ref='-129558' />
    <nd ref='-129559' />
    <nd ref='-129560' />
    <nd ref='-129561' />
    <nd ref='-129562' />
    <nd ref='-129563' />
    <nd ref='-129564' />
    <nd ref='-129565' />
    <nd ref='-129566' />
    <nd ref='-129567' />
    <nd ref='-129568' />
    <nd ref='-129549' />
    <tag k='amenity' v='parking' />
    <tag k='parking' v='surface' />
  </way>
  <way id='-38332'>
    <nd ref='-129569' />
    <nd ref='-129570' />
    <nd ref='-129571' />
    <nd ref='-129572' />
    <nd ref='-129573' />
    <nd ref='-129574' />
    <nd ref='-129575' />
    <nd ref='-129576' />
    <nd ref='-129577' />
    <nd ref='-129578' />
    <nd ref='-129579' />
    <nd ref='-129580' />
    <nd ref='-129581' />
    <nd ref='-129582' />
    <nd ref='-129583' />
    <nd ref='-129584' />
    <nd ref='-129569' />
    <tag k='amenity' v='parking' />
    <tag k='parking' v='surface' />
  </way>
  <way id='-38333'>
    <nd ref='-129585' />
    <nd ref='-129586' />
    <nd ref='-129587' />
    <nd ref='-129588' />
    <nd ref='-129589' />
    <nd ref='-129590' />
    <nd ref='-129591' />
    <nd ref='-129592' />
    <nd ref='-129593' />
    <nd ref='-129594' />
    <nd ref='-129595' />
    <nd ref='-129596' />
    <nd ref='-129597' />
    <nd ref='-129598' />
    <nd ref='-129599' />
    <nd ref='-129600' />
    <nd ref='-129601' />
    <nd ref='-129602' />
    <nd ref='-129603' />
    <nd ref='-129604' />
    <nd ref='-129585' />
    <tag k='amenity' v='parking' />
    <tag k='parking' v='surface' />
  </way>
  <way id='-38334'>
    <nd ref='-129605' />
    <nd ref='-129606' />
    <nd ref='-129607' />
    <nd ref='-129608' />
    <nd ref='-129609' />
    <nd ref='-129610' />
    <nd ref='-129611' />
    <nd ref='-129612' />
    <nd ref='-129613' />
    <nd ref='-129614' />
    <nd ref='-129615' />
    <nd ref='-129616' />
    <nd ref='-129617' />
    <nd ref='-129618' />
    <nd ref='-129619' />
    <nd ref='-129620' />
    <nd ref='-129621' />
    <nd ref='-129622' />
    <nd ref='-129623' />
    <nd ref='-129624' />
    <nd ref='-129625' />
    <nd ref='-129626' />
    <nd ref='-129605' />
    <tag k='amenity' v='parking' />
    <tag k='parking' v='surface' />
  </way>
  <way id='-38335'>
    <nd ref='-129627' />
    <nd ref='-129628' />
    <nd ref='-129629' />
    <nd ref='-129630' />
    <nd ref='-129631' />
    <nd ref='-129632' />
    <nd ref='-129633' />
    <nd ref='-129634' />
    <nd ref='-129635' />
    <nd ref='-129636' />
    <nd ref='-129637' />
    <nd ref='-129638' />
    <nd ref='-129639' />
    <nd ref='-129640' />
    <nd ref='-129641' />
    <nd ref='-129642' />
    <nd ref='-129643' />
    <nd ref='-129644' />
    <nd ref='-129645' />
    <nd ref='-129646' />
    <nd ref='-129647' />
    <nd ref='-129648' />
    <nd ref='-129627' />
    <tag k='amenity' v='parking' />
    <tag k='parking' v='surface' />
  </way>
  <way id='-38336'>
    <nd ref='-129649' />
    <nd ref='-129650' />
    <nd ref='-129651' />
    <nd ref='-129652' />
    <nd ref='-129653' />
    <nd ref='-129654' />
    <nd ref='-129655' />
    <nd ref='-129656' />
    <nd ref='-129657' />
    <nd ref='-129658' />
    <nd ref='-129659' />
    <nd ref='-129660' />
    <nd ref='-129661' />
    <nd ref='-129662' />
    <nd ref='-129663' />
    <nd ref='-129664' />
    <nd ref='-129665' />
    <nd ref='-129666' />
    <nd ref='-129667' />
    <nd ref='-129668' />
    <nd ref='-129649' />
    <tag k='amenity' v='parking' />
    <tag k='parking' v='surface' />
  </way>
  <way id='-38337'>
    <nd ref='-129669' />
    <nd ref='-129670' />
    <nd ref='-129671' />
    <nd ref='-129672' />
    <nd ref='-129673' />
    <nd ref='-129674' />
    <nd ref='-129675' />
    <nd ref='-129676' />
    <nd ref='-129677' />
    <nd ref='-129678' />
    <nd ref='-129679' />
    <nd ref='-129680' />
    <nd ref='-129681' />
    <nd ref='-129682' />
    <nd ref='-129683' />
    <nd ref='-129684' />
    <nd ref='-129669' />
    <tag k='amenity' v='parking' />
    <tag k='parking' v='surface' />
  </way>
  <way id='-38338'>
    <nd ref='-129685' />
    <nd ref='-129686' />
    <nd ref='-129687' />
    <nd ref='-129688' />
    <nd ref='-129689' />
    <nd ref='-129690' />
    <nd ref='-129691' />
    <nd ref='-129692' />
    <nd ref='-129693' />
    <nd ref='-129694' />
    <nd ref='-129695' />
    <nd ref='-129696' />
    <nd ref='-129685' />
    <tag k='amenity' v='parking' />
    <tag k='parking' v='surface' />
  </way>
  <way id='-38339'>
    <nd ref='-129697' />
    <nd ref='-129698' />
    <nd ref='-129699' />
    <nd ref='-129700' />
    <nd ref='-129701' />
    <nd ref='-129702' />
    <nd ref='-129703' />
    <nd ref='-129704' />
    <nd ref='-129705' />
    <nd ref='-129706' />
    <nd ref='-129707' />
    <nd ref='-129708' />
    <nd ref='-129709' />
    <nd ref='-129710' />
    <nd ref='-129711' />
    <nd ref='-129712' />
    <nd ref='-129713' />
    <nd ref='-129714' />
    <nd ref='-129715' />
    <nd ref='-129716' />
    <nd ref='-129697' />
    <tag k='amenity' v='parking' />
    <tag k='parking' v='surface' />
  </way>
  <way id='-38340'>
    <nd ref='-129717' />
    <nd ref='-129718' />
    <nd ref='-129719' />
    <nd ref='-129720' />
    <nd ref='-129721' />
    <nd ref='-129722' />
    <nd ref='-129723' />
    <nd ref='-129724' />
    <nd ref='-129725' />
    <nd ref='-129726' />
    <nd ref='-129727' />
    <nd ref='-129728' />
    <nd ref='-129729' />
    <nd ref='-129730' />
    <nd ref='-129731' />
    <nd ref='-129732' />
    <nd ref='-129733' />
    <nd ref='-129734' />
    <nd ref='-129735' />
    <nd ref='-129736' />
    <nd ref='-129717' />
    <tag k='amenity' v='parking' />
    <tag k='parking' v='surface' />
  </way>
  <way id='-38341'>
    <nd ref='-129737' />
    <nd ref='-129738' />
    <nd ref='-129739' />
    <nd ref='-129740' />
    <nd ref='-129741' />
    <nd ref='-129742' />
    <nd ref='-129743' />
    <nd ref='-129744' />
    <nd ref='-129745' />
    <nd ref='-129746' />
    <nd ref='-129747' />
    <nd ref='-129748' />
    <nd ref='-129749' />
    <nd ref='-129737' />
    <tag k='amenity' v='parking' />
    <tag k='parking' v='surface' />
  </way>
  <way id='-38342'>
    <nd ref='-129750' />
    <nd ref='-129751' />
    <nd ref='-129752' />
    <nd ref='-129753' />
    <nd ref='-129754' />
    <nd ref='-129755' />
    <nd ref='-129756' />
    <nd ref='-129757' />
    <nd ref='-129758' />
    <nd ref='-129759' />
    <nd ref='-129760' />
    <nd ref='-129761' />
    <nd ref='-129762' />
    <nd ref='-129763' />
    <nd ref='-129764' />
    <nd ref='-129765' />
    <nd ref='-129766' />
    <nd ref='-129767' />
    <nd ref='-129768' />
    <nd ref='-129769' />
    <nd ref='-129770' />
    <nd ref='-129771' />
    <nd ref='-129772' />
    <nd ref='-129773' />
    <nd ref='-129774' />
    <nd ref='-129750' />
    <tag k='amenity' v='parking' />
    <tag k='parking' v='surface' />
  </way>
  <way id='-38343'>
    <nd ref='-129775' />
    <nd ref='-129776' />
    <nd ref='-129777' />
    <nd ref='-129778' />
    <nd ref='-129779' />
    <nd ref='-129780' />
    <nd ref='-129781' />
    <nd ref='-129782' />
    <nd ref='-129783' />
    <nd ref='-129784' />
    <nd ref='-129785' />
    <nd ref='-129786' />
    <nd ref='-129787' />
    <nd ref='-129788' />
    <nd ref='-129789' />
    <nd ref='-129790' />
    <nd ref='-129791' />
    <nd ref='-129792' />
    <nd ref='-129793' />
    <nd ref='-129794' />
    <nd ref='-129795' />
    <nd ref='-129796' />
    <nd ref='-129797' />
    <nd ref='-129798' />
    <nd ref='-129799' />
    <nd ref='-129775' />
    <tag k='amenity' v='parking' />
    <tag k='parking' v='surface' />
  </way>
  <way id='-38344'>
    <nd ref='-129800' />
    <nd ref='-129801' />
    <nd ref='-129802' />
    <nd ref='-129803' />
    <nd ref='-129804' />
    <nd ref='-129805' />
    <nd ref='-129806' />
    <nd ref='-129807' />
    <nd ref='-129808' />
    <nd ref='-129809' />
    <nd ref='-129810' />
    <nd ref='-129811' />
    <nd ref='-129812' />
    <nd ref='-129813' />
    <nd ref='-129814' />
    <nd ref='-129815' />
    <nd ref='-129816' />
    <nd ref='-129817' />
    <nd ref='-129818' />
    <nd ref='-129819' />
    <nd ref='-129820' />
    <nd ref='-129821' />
    <nd ref='-129822' />
    <nd ref='-129823' />
    <nd ref='-129800' />
    <tag k='amenity' v='parking' />
    <tag k='parking' v='surface' />
  </way>
  <way id='-38345'>
    <nd ref='-129824' />
    <nd ref='-129825' />
    <nd ref='-129826' />
    <nd ref='-129827' />
    <nd ref='-129828' />
    <nd ref='-129829' />
    <nd ref='-129830' />
    <nd ref='-129831' />
    <nd ref='-129832' />
    <nd ref='-129833' />
    <nd ref='-129834' />
    <nd ref='-129835' />
    <nd ref='-129836' />
    <nd ref='-129837' />
    <nd ref='-129838' />
    <nd ref='-129839' />
    <nd ref='-129840' />
    <nd ref='-129841' />
    <nd ref='-129842' />
    <nd ref='-129843' />
    <nd ref='-129844' />
    <nd ref='-129845' />
    <nd ref='-129846' />
    <nd ref='-129847' />
    <nd ref='-129848' />
    <nd ref='-129849' />
    <nd ref='-129850' />
    <nd ref='-129851' />
    <nd ref='-129824' />
    <tag k='amenity' v='parking' />
    <tag k='parking' v='surface' />
  </way>
  <way id='-38346'>
    <nd ref='-129852' />
    <nd ref='-129853' />
    <nd ref='-129854' />
    <nd ref='-129855' />
    <nd ref='-129856' />
    <nd ref='-129857' />
    <nd ref='-129858' />
    <nd ref='-129859' />
    <nd ref='-129860' />
    <nd ref='-129861' />
    <nd ref='-129862' />
    <nd ref='-129863' />
    <nd ref='-129864' />
    <nd ref='-129865' />
    <nd ref='-129866' />
    <nd ref='-129867' />
    <nd ref='-129868' />
    <nd ref='-129869' />
    <nd ref='-129870' />
    <nd ref='-129871' />
    <nd ref='-129872' />
    <nd ref='-129873' />
    <nd ref='-129874' />
    <nd ref='-129875' />
    <nd ref='-129876' />
    <nd ref='-129877' />
    <nd ref='-129878' />
    <nd ref='-129879' />
    <nd ref='-129880' />
    <nd ref='-129881' />
    <nd ref='-129882' />
    <nd ref='-129883' />
    <nd ref='-129884' />
    <nd ref='-129885' />
    <nd ref='-129886' />
    <nd ref='-129887' />
    <nd ref='-129888' />
    <nd ref='-129889' />
    <nd ref='-129890' />
    <nd ref='-129852' />
    <tag k='amenity' v='parking' />
    <tag k='parking' v='surface' />
  </way>
  <way id='-38347'>
    <nd ref='-129891' />
    <nd ref='-129892' />
    <nd ref='-129893' />
    <nd ref='-129894' />
    <nd ref='-129895' />
    <nd ref='-129896' />
    <nd ref='-129897' />
    <nd ref='-129898' />
    <nd ref='-129899' />
    <nd ref='-129900' />
    <nd ref='-129901' />
    <nd ref='-129891' />
    <tag k='amenity' v='parking' />
    <tag k='parking' v='surface' />
  </way>
  <way id='-38348'>
    <nd ref='-129902' />
    <nd ref='-129903' />
    <nd ref='-129904' />
    <nd ref='-129905' />
    <nd ref='-129906' />
    <nd ref='-129907' />
    <nd ref='-129908' />
    <nd ref='-129909' />
    <nd ref='-129910' />
    <nd ref='-129911' />
    <nd ref='-129912' />
    <nd ref='-129913' />
    <nd ref='-129902' />
    <tag k='amenity' v='parking' />
    <tag k='parking' v='surface' />
  </way>
  <way id='-38349'>
    <nd ref='-129914' />
    <nd ref='-129915' />
    <nd ref='-129916' />
    <nd ref='-129917' />
    <nd ref='-129918' />
    <nd ref='-129919' />
    <nd ref='-129920' />
    <nd ref='-129921' />
    <nd ref='-129914' />
    <tag k='amenity' v='parking' />
    <tag k='parking' v='surface' />
  </way>
  <way id='-38350'>
    <nd ref='-129922' />
    <nd ref='-129923' />
    <nd ref='-129924' />
    <nd ref='-129925' />
    <nd ref='-129926' />
    <nd ref='-129927' />
    <nd ref='-129928' />
    <nd ref='-129929' />
    <nd ref='-129930' />
    <nd ref='-129931' />
    <nd ref='-129932' />
    <nd ref='-129933' />
    <nd ref='-129934' />
    <nd ref='-129935' />
    <nd ref='-129936' />
    <nd ref='-129937' />
    <nd ref='-129922' />
    <tag k='amenity' v='parking' />
    <tag k='parking' v='surface' />
  </way>
  <way id='-38351'>
    <nd ref='-129938' />
    <nd ref='-129939' />
    <nd ref='-129940' />
    <nd ref='-129941' />
    <nd ref='-129942' />
    <nd ref='-129943' />
    <nd ref='-129944' />
    <nd ref='-129945' />
    <nd ref='-129946' />
    <nd ref='-129947' />
    <nd ref='-129948' />
    <nd ref='-129949' />
    <nd ref='-129950' />
    <nd ref='-129951' />
    <nd ref='-129952' />
    <nd ref='-129953' />
    <nd ref='-129954' />
    <nd ref='-129955' />
    <nd ref='-129956' />
    <nd ref='-129957' />
    <nd ref='-129958' />
    <nd ref='-129959' />
    <nd ref='-129960' />
    <nd ref='-129961' />
    <nd ref='-129938' />
    <tag k='amenity' v='parking' />
    <tag k='parking' v='surface' />
  </way>
  <way id='-38352'>
    <nd ref='-129962' />
    <nd ref='-129963' />
    <nd ref='-129964' />
    <nd ref='-129965' />
    <nd ref='-129966' />
    <nd ref='-129967' />
    <nd ref='-129968' />
    <nd ref='-129969' />
    <nd ref='-129970' />
    <nd ref='-129971' />
    <nd ref='-129972' />
    <nd ref='-129973' />
    <nd ref='-129974' />
    <nd ref='-129975' />
    <nd ref='-129976' />
    <nd ref='-129977' />
    <nd ref='-129978' />
    <nd ref='-129979' />
    <nd ref='-129980' />
    <nd ref='-129981' />
    <nd ref='-129982' />
    <nd ref='-129983' />
    <nd ref='-129984' />
    <nd ref='-129985' />
    <nd ref='-129986' />
    <nd ref='-129987' />
    <nd ref='-129988' />
    <nd ref='-129962' />
    <tag k='amenity' v='parking' />
    <tag k='parking' v='surface' />
  </way>
  <way id='-38353'>
    <nd ref='-129989' />
    <nd ref='-129990' />
    <nd ref='-129991' />
    <nd ref='-129992' />
    <nd ref='-129993' />
    <nd ref='-129994' />
    <nd ref='-129995' />
    <nd ref='-129996' />
    <nd ref='-129997' />
    <nd ref='-129998' />
    <nd ref='-129999' />
    <nd ref='-130000' />
    <nd ref='-130001' />
    <nd ref='-130002' />
    <nd ref='-130003' />
    <nd ref='-130004' />
    <nd ref='-130005' />
    <nd ref='-130006' />
    <nd ref='-130007' />
    <nd ref='-130008' />
    <nd ref='-130009' />
    <nd ref='-130010' />
    <nd ref='-130011' />
    <nd ref='-130012' />
    <nd ref='-130013' />
    <nd ref='-130014' />
    <nd ref='-130015' />
    <nd ref='-130016' />
    <nd ref='-130017' />
    <nd ref='-130018' />
    <nd ref='-130019' />
    <nd ref='-130020' />
    <nd ref='-130021' />
    <nd ref='-129989' />
    <tag k='amenity' v='parking' />
    <tag k='parking' v='surface' />
  </way>
  <way id='-38354'>
    <nd ref='-130022' />
    <nd ref='-130023' />
    <nd ref='-130024' />
    <nd ref='-130025' />
    <nd ref='-130026' />
    <nd ref='-130027' />
    <nd ref='-130028' />
    <nd ref='-130029' />
    <nd ref='-130030' />
    <nd ref='-130031' />
    <nd ref='-130032' />
    <nd ref='-130033' />
    <nd ref='-130034' />
    <nd ref='-130035' />
    <nd ref='-130036' />
    <nd ref='-130037' />
    <nd ref='-130038' />
    <nd ref='-130039' />
    <nd ref='-130040' />
    <nd ref='-130041' />
    <nd ref='-130042' />
    <nd ref='-130043' />
    <nd ref='-130022' />
    <tag k='amenity' v='parking' />
    <tag k='parking' v='surface' />
  </way>
  <way id='-38355'>
    <nd ref='-130044' />
    <nd ref='-130045' />
    <nd ref='-130046' />
    <nd ref='-130047' />
    <nd ref='-130048' />
    <nd ref='-130049' />
    <nd ref='-130050' />
    <nd ref='-130051' />
    <nd ref='-130052' />
    <nd ref='-130053' />
    <nd ref='-130054' />
    <nd ref='-130055' />
    <nd ref='-130056' />
    <nd ref='-130057' />
    <nd ref='-130058' />
    <nd ref='-130059' />
    <nd ref='-130060' />
    <nd ref='-130061' />
    <nd ref='-130062' />
    <nd ref='-130063' />
    <nd ref='-130044' />
    <tag k='amenity' v='parking' />
    <tag k='parking' v='surface' />
  </way>
  <way id='-38356'>
    <nd ref='-130064' />
    <nd ref='-130065' />
    <nd ref='-130066' />
    <nd ref='-130067' />
    <nd ref='-130068' />
    <nd ref='-130069' />
    <nd ref='-130070' />
    <nd ref='-130071' />
    <nd ref='-130072' />
    <nd ref='-130073' />
    <nd ref='-130074' />
    <nd ref='-130075' />
    <nd ref='-130076' />
    <nd ref='-130077' />
    <nd ref='-130078' />
    <nd ref='-130079' />
    <nd ref='-130080' />
    <nd ref='-130081' />
    <nd ref='-130082' />
    <nd ref='-130083' />
    <nd ref='-130084' />
    <nd ref='-130085' />
    <nd ref='-130086' />
    <nd ref='-130087' />
    <nd ref='-130088' />
    <nd ref='-130089' />
    <nd ref='-130090' />
    <nd ref='-130091' />
    <nd ref='-130092' />
    <nd ref='-130093' />
    <nd ref='-130094' />
    <nd ref='-130064' />
    <tag k='amenity' v='parking' />
    <tag k='parking' v='surface' />
  </way>
  <way id='-38357'>
    <nd ref='-130095' />
    <nd ref='-130096' />
    <nd ref='-130097' />
    <nd ref='-130098' />
    <nd ref='-130099' />
    <nd ref='-130100' />
    <nd ref='-130101' />
    <nd ref='-130102' />
    <nd ref='-130103' />
    <nd ref='-130104' />
    <nd ref='-130105' />
    <nd ref='-130106' />
    <nd ref='-130107' />
    <nd ref='-130108' />
    <nd ref='-130109' />
    <nd ref='-130110' />
    <nd ref='-130111' />
    <nd ref='-130095' />
    <tag k='amenity' v='parking' />
    <tag k='parking' v='surface' />
  </way>
  <way id='-38358'>
    <nd ref='-130112' />
    <nd ref='-130113' />
    <nd ref='-130114' />
    <nd ref='-130115' />
    <nd ref='-130116' />
    <nd ref='-130117' />
    <nd ref='-130112' />
    <tag k='amenity' v='parking' />
    <tag k='parking' v='surface' />
  </way>
  <way id='-38359'>
    <nd ref='-130118' />
    <nd ref='-130119' />
    <nd ref='-130120' />
    <nd ref='-130121' />
    <nd ref='-130122' />
    <nd ref='-130123' />
    <nd ref='-130124' />
    <nd ref='-130125' />
    <nd ref='-130126' />
    <nd ref='-130127' />
    <nd ref='-130128' />
    <nd ref='-130129' />
    <nd ref='-130130' />
    <nd ref='-130131' />
    <nd ref='-130132' />
    <nd ref='-130133' />
    <nd ref='-130134' />
    <nd ref='-130135' />
    <nd ref='-130136' />
    <nd ref='-130137' />
    <nd ref='-130118' />
    <tag k='amenity' v='parking' />
    <tag k='parking' v='surface' />
  </way>
  <way id='-38360'>
    <nd ref='-130138' />
    <nd ref='-130139' />
    <nd ref='-130140' />
    <nd ref='-130141' />
    <nd ref='-130142' />
    <nd ref='-130143' />
    <nd ref='-130144' />
    <nd ref='-130145' />
    <nd ref='-130146' />
    <nd ref='-130147' />
    <nd ref='-130148' />
    <nd ref='-130149' />
    <nd ref='-130150' />
    <nd ref='-130151' />
    <nd ref='-130152' />
    <nd ref='-130153' />
    <nd ref='-130154' />
    <nd ref='-130155' />
    <nd ref='-130156' />
    <nd ref='-130157' />
    <nd ref='-130158' />
    <nd ref='-130159' />
    <nd ref='-130160' />
    <nd ref='-130161' />
    <nd ref='-130162' />
    <nd ref='-130163' />
    <nd ref='-130138' />
    <tag k='amenity' v='parking' />
    <tag k='parking' v='surface' />
  </way>
  <way id='-38361'>
    <nd ref='-130164' />
    <nd ref='-130165' />
    <nd ref='-130166' />
    <nd ref='-130167' />
    <nd ref='-130168' />
    <nd ref='-130169' />
    <nd ref='-130164' />
    <tag k='amenity' v='parking' />
    <tag k='parking' v='surface' />
  </way>
  <way id='-38362'>
    <nd ref='-130170' />
    <nd ref='-130171' />
    <nd ref='-130172' />
    <nd ref='-130173' />
    <nd ref='-130174' />
    <nd ref='-130175' />
    <nd ref='-130170' />
    <tag k='amenity' v='parking' />
    <tag k='parking' v='surface' />
  </way>
  <way id='-38363'>
    <nd ref='-130176' />
    <nd ref='-130177' />
    <nd ref='-130178' />
    <nd ref='-130179' />
    <nd ref='-130180' />
    <nd ref='-130181' />
    <nd ref='-130182' />
    <nd ref='-130183' />
    <nd ref='-130184' />
    <nd ref='-130185' />
    <nd ref='-130186' />
    <nd ref='-130187' />
    <nd ref='-130188' />
    <nd ref='-130189' />
    <nd ref='-130190' />
    <nd ref='-130191' />
    <nd ref='-130192' />
    <nd ref='-130193' />
    <nd ref='-130194' />
    <nd ref='-130195' />
    <nd ref='-130196' />
    <nd ref='-130197' />
    <nd ref='-130198' />
    <nd ref='-130199' />
    <nd ref='-130200' />
    <nd ref='-130201' />
    <nd ref='-130176' />
    <tag k='amenity' v='parking' />
    <tag k='parking' v='surface' />
  </way>
  <way id='-38364'>
    <nd ref='-130202' />
    <nd ref='-130203' />
    <nd ref='-130204' />
    <nd ref='-130205' />
    <nd ref='-130206' />
    <nd ref='-130207' />
    <nd ref='-130208' />
    <nd ref='-130209' />
    <nd ref='-130210' />
    <nd ref='-130211' />
    <nd ref='-130212' />
    <nd ref='-130213' />
    <nd ref='-130214' />
    <nd ref='-130215' />
    <nd ref='-130216' />
    <nd ref='-130217' />
    <nd ref='-130218' />
    <nd ref='-130219' />
    <nd ref='-130220' />
    <nd ref='-130221' />
    <nd ref='-130222' />
    <nd ref='-130223' />
    <nd ref='-130224' />
    <nd ref='-130225' />
    <nd ref='-130226' />
    <nd ref='-130227' />
    <nd ref='-130228' />
    <nd ref='-130229' />
    <nd ref='-130202' />
    <tag k='amenity' v='parking' />
    <tag k='parking' v='surface' />
  </way>
  <way id='-38365'>
    <nd ref='-130230' />
    <nd ref='-130231' />
    <nd ref='-130232' />
    <nd ref='-130233' />
    <nd ref='-130234' />
    <nd ref='-130235' />
    <nd ref='-130236' />
    <nd ref='-130237' />
    <nd ref='-130238' />
    <nd ref='-130239' />
    <nd ref='-130240' />
    <nd ref='-130241' />
    <nd ref='-130242' />
    <nd ref='-130243' />
    <nd ref='-130244' />
    <nd ref='-130245' />
    <nd ref='-130246' />
    <nd ref='-130247' />
    <nd ref='-130230' />
    <tag k='amenity' v='parking' />
    <tag k='parking' v='surface' />
  </way>
  <way id='-38366'>
    <nd ref='-130248' />
    <nd ref='-130249' />
    <nd ref='-130250' />
    <nd ref='-130251' />
    <nd ref='-130252' />
    <nd ref='-130253' />
    <nd ref='-130254' />
    <nd ref='-130255' />
    <nd ref='-130256' />
    <nd ref='-130257' />
    <nd ref='-130258' />
    <nd ref='-130259' />
    <nd ref='-130260' />
    <nd ref='-130261' />
    <nd ref='-130262' />
    <nd ref='-130263' />
    <nd ref='-130264' />
    <nd ref='-130265' />
    <nd ref='-130266' />
    <nd ref='-130267' />
    <nd ref='-130248' />
    <tag k='amenity' v='parking' />
    <tag k='parking' v='surface' />
  </way>
  <way id='-38367'>
    <nd ref='-130268' />
    <nd ref='-130269' />
    <nd ref='-130270' />
    <nd ref='-130271' />
    <nd ref='-130272' />
    <nd ref='-130273' />
    <nd ref='-130274' />
    <nd ref='-130275' />
    <nd ref='-130276' />
    <nd ref='-130277' />
    <nd ref='-130278' />
    <nd ref='-130279' />
    <nd ref='-130280' />
    <nd ref='-130281' />
    <nd ref='-130282' />
    <nd ref='-130283' />
    <nd ref='-130284' />
    <nd ref='-130285' />
    <nd ref='-130286' />
    <nd ref='-130287' />
    <nd ref='-130288' />
    <nd ref='-130289' />
    <nd ref='-130290' />
    <nd ref='-130291' />
    <nd ref='-130292' />
    <nd ref='-130293' />
    <nd ref='-130294' />
    <nd ref='-130295' />
    <nd ref='-130296' />
    <nd ref='-130297' />
    <nd ref='-130268' />
    <tag k='amenity' v='parking' />
    <tag k='parking' v='surface' />
  </way>
  <way id='-38368'>
    <nd ref='-130298' />
    <nd ref='-130299' />
    <nd ref='-130300' />
    <nd ref='-130301' />
    <nd ref='-130302' />
    <nd ref='-130303' />
    <nd ref='-130304' />
    <nd ref='-130305' />
    <nd ref='-130306' />
    <nd ref='-130307' />
    <nd ref='-130298' />
    <tag k='amenity' v='parking' />
    <tag k='parking' v='surface' />
  </way>
  <way id='-38369'>
    <nd ref='-130308' />
    <nd ref='-130309' />
    <nd ref='-130310' />
    <nd ref='-130311' />
    <nd ref='-130312' />
    <nd ref='-130313' />
    <nd ref='-130314' />
    <nd ref='-130315' />
    <nd ref='-130316' />
    <nd ref='-130317' />
    <nd ref='-130318' />
    <nd ref='-130319' />
    <nd ref='-130320' />
    <nd ref='-130321' />
    <nd ref='-130322' />
    <nd ref='-130323' />
    <nd ref='-130324' />
    <nd ref='-130325' />
    <nd ref='-130326' />
    <nd ref='-130327' />
    <nd ref='-130328' />
    <nd ref='-130329' />
    <nd ref='-130330' />
    <nd ref='-130331' />
    <nd ref='-130332' />
    <nd ref='-130308' />
    <tag k='amenity' v='parking' />
    <tag k='parking' v='surface' />
  </way>
  <way id='-38370'>
    <nd ref='-130333' />
    <nd ref='-130334' />
    <nd ref='-130335' />
    <nd ref='-130336' />
    <nd ref='-130337' />
    <nd ref='-130338' />
    <nd ref='-130339' />
    <nd ref='-130340' />
    <nd ref='-130341' />
    <nd ref='-130342' />
    <nd ref='-130343' />
    <nd ref='-130344' />
    <nd ref='-130345' />
    <nd ref='-130346' />
    <nd ref='-130347' />
    <nd ref='-130348' />
    <nd ref='-130349' />
    <nd ref='-130350' />
    <nd ref='-130351' />
    <nd ref='-130352' />
    <nd ref='-130353' />
    <nd ref='-130354' />
    <nd ref='-130355' />
    <nd ref='-130356' />
    <nd ref='-130357' />
    <nd ref='-130358' />
    <nd ref='-130359' />
    <nd ref='-130360' />
    <nd ref='-130361' />
    <nd ref='-130362' />
    <nd ref='-130363' />
    <nd ref='-130364' />
    <nd ref='-130365' />
    <nd ref='-130366' />
    <nd ref='-130367' />
    <nd ref='-130368' />
    <nd ref='-130369' />
    <nd ref='-130370' />
    <nd ref='-130371' />
    <nd ref='-130372' />
    <nd ref='-130373' />
    <nd ref='-130374' />
    <nd ref='-130333' />
    <tag k='amenity' v='parking' />
    <tag k='parking' v='surface' />
  </way>
  <way id='-38371'>
    <nd ref='-130375' />
    <nd ref='-130376' />
    <nd ref='-130377' />
    <nd ref='-130378' />
    <nd ref='-130379' />
    <nd ref='-130380' />
    <nd ref='-130381' />
    <nd ref='-130382' />
    <nd ref='-130383' />
    <nd ref='-130384' />
    <nd ref='-130385' />
    <nd ref='-130386' />
    <nd ref='-130387' />
    <nd ref='-130388' />
    <nd ref='-130389' />
    <nd ref='-130390' />
    <nd ref='-130391' />
    <nd ref='-130392' />
    <nd ref='-130393' />
    <nd ref='-130394' />
    <nd ref='-130375' />
    <tag k='amenity' v='parking' />
    <tag k='parking' v='surface' />
  </way>
  <way id='-38372'>
    <nd ref='-130395' />
    <nd ref='-130396' />
    <nd ref='-130397' />
    <nd ref='-130398' />
    <nd ref='-130395' />
    <tag k='amenity' v='parking' />
    <tag k='parking' v='surface' />
  </way>
  <way id='-38373'>
    <nd ref='-130399' />
    <nd ref='-130400' />
    <nd ref='-130401' />
    <nd ref='-130402' />
    <nd ref='-130403' />
    <nd ref='-130404' />
    <nd ref='-130405' />
    <nd ref='-130406' />
    <nd ref='-130407' />
    <nd ref='-130408' />
    <nd ref='-130409' />
    <nd ref='-130410' />
    <nd ref='-130411' />
    <nd ref='-130412' />
    <nd ref='-130413' />
    <nd ref='-130414' />
    <nd ref='-130415' />
    <nd ref='-130416' />
    <nd ref='-130417' />
    <nd ref='-130418' />
    <nd ref='-130419' />
    <nd ref='-130420' />
    <nd ref='-130421' />
    <nd ref='-130422' />
    <nd ref='-130423' />
    <nd ref='-130424' />
    <nd ref='-130425' />
    <nd ref='-130426' />
    <nd ref='-130427' />
    <nd ref='-130428' />
    <nd ref='-130429' />
    <nd ref='-130430' />
    <nd ref='-130431' />
    <nd ref='-130432' />
    <nd ref='-130433' />
    <nd ref='-130434' />
    <nd ref='-130435' />
    <nd ref='-130436' />
    <nd ref='-130437' />
    <nd ref='-130438' />
    <nd ref='-130439' />
    <nd ref='-130440' />
    <nd ref='-130441' />
    <nd ref='-130442' />
    <nd ref='-130443' />
    <nd ref='-130444' />
    <nd ref='-130445' />
    <nd ref='-130446' />
    <nd ref='-130447' />
    <nd ref='-130448' />
    <nd ref='-130449' />
    <nd ref='-130450' />
    <nd ref='-130451' />
    <nd ref='-130452' />
    <nd ref='-130453' />
    <nd ref='-130454' />
    <nd ref='-130455' />
    <nd ref='-130399' />
    <tag k='amenity' v='parking' />
    <tag k='parking' v='surface' />
  </way>
  <way id='-38374'>
    <nd ref='-130456' />
    <nd ref='-130457' />
    <nd ref='-130458' />
    <nd ref='-130459' />
    <nd ref='-130460' />
    <nd ref='-130461' />
    <nd ref='-130462' />
    <nd ref='-130463' />
    <nd ref='-130464' />
    <nd ref='-130465' />
    <nd ref='-130466' />
    <nd ref='-130467' />
    <nd ref='-130468' />
    <nd ref='-130469' />
    <nd ref='-130470' />
    <nd ref='-130471' />
    <nd ref='-130456' />
    <tag k='amenity' v='parking' />
    <tag k='parking' v='surface' />
  </way>
  <way id='-38375' action='modify'>
    <nd ref='-130479' />
    <nd ref='-125507' />
    <nd ref='-130480' />
    <tag k='highway' v='primary' />
    <tag k='lanes' v='2' />
    <tag k='maxspeed' v='50' />
    <tag k='oneway' v='no' />
    <tag k='osm_type' v='way' />
    <tag k='parking:both:orientation' v='parallel' />
    <tag k='sidewalk' v='both' />
    <tag k='surface' v='asphalt' />
    <tag k='width' v='11' />
  </way>
  <way id='-38376' action='modify'>
    <nd ref='-130507' />
    <nd ref='-125630' />
    <nd ref='-125631' />
    <nd ref='-125632' />
    <nd ref='-125633' />
    <nd ref='-125634' />
    <nd ref='-125635' />
    <nd ref='-125636' />
    <nd ref='-125637' />
    <nd ref='-125638' />
    <nd ref='-125639' />
    <nd ref='-125640' />
    <nd ref='-125641' />
    <nd ref='-125642' />
    <nd ref='-125643' />
    <nd ref='-125644' />
    <nd ref='-125645' />
    <nd ref='-125646' />
    <nd ref='-125647' />
    <nd ref='-125648' />
    <nd ref='-125649' />
    <nd ref='-125650' />
    <nd ref='-125651' />
    <nd ref='-125652' />
    <nd ref='-125653' />
    <nd ref='-125654' />
    <nd ref='-125655' />
    <nd ref='-125656' />
    <nd ref='-125657' />
    <nd ref='-125658' />
    <nd ref='-125659' />
    <nd ref='-125660' />
    <nd ref='-125460' />
    <tag k='highway' v='tertiary' />
    <tag k='lanes' v='2' />
    <tag k='maxspeed' v='50' />
    <tag k='oneway' v='no' />
    <tag k='osm_type' v='way' />
    <tag k='sidewalk' v='both' />
    <tag k='surface' v='asphalt' />
    <tag k='width' v='7' />
  </way>
  <way id='-38377' action='modify'>
    <nd ref='-130503' />
    <nd ref='-125699' />
    <nd ref='-125700' />
    <tag k='highway' v='residential' />
    <tag k='lanes' v='2' />
    <tag k='maxspeed' v='30' />
    <tag k='oneway' v='no' />
    <tag k='osm_type' v='way' />
    <tag k='sidewalk' v='both' />
    <tag k='surface' v='asphalt' />
    <tag k='width' v='5' />
  </way>
  <way id='-38378' action='modify'>
    <nd ref='-125506' />
    <nd ref='-130477' />
    <nd ref='-125504' />
    <nd ref='-130478' />
    <tag k='highway' v='primary' />
    <tag k='lanes' v='2' />
    <tag k='maxspeed' v='50' />
    <tag k='oneway' v='no' />
    <tag k='osm_type' v='way' />
    <tag k='sidewalk' v='both' />
    <tag k='surface' v='asphalt' />
    <tag k='width' v='11' />
  </way>
  <way id='-38379' action='modify'>
    <nd ref='-130478' />
    <nd ref='-130479' />
    <tag k='highway' v='primary' />
    <tag k='lanes' v='2' />
    <tag k='maxspeed' v='50' />
    <tag k='oneway' v='no' />
    <tag k='osm_type' v='way' />
    <tag k='sidewalk' v='both' />
    <tag k='surface' v='asphalt' />
    <tag k='width' v='11' />
  </way>
  <way id='-38380' action='modify'>
    <nd ref='-130480' />
    <nd ref='-125509' />
    <nd ref='-125508' />
    <nd ref='-130487' />
    <tag k='highway' v='primary' />
    <tag k='lanes' v='2' />
    <tag k='maxspeed' v='50' />
    <tag k='oneway' v='no' />
    <tag k='osm_type' v='way' />
    <tag k='sidewalk' v='both' />
    <tag k='surface' v='asphalt' />
    <tag k='width' v='11' />
  </way>
  <way id='-38381' action='modify'>
    <nd ref='-125493' />
    <nd ref='-130481' />
    <nd ref='-125491' />
    <nd ref='-125489' />
    <nd ref='-125487' />
    <nd ref='-125486' />
    <nd ref='-125537' />
    <nd ref='-130482' />
    <tag k='highway' v='service' />
    <tag k='lanes' v='2' />
    <tag k='service' v='parking_aisle' />
    <tag k='width' v='10' />
  </way>
  <way id='-38382' action='modify'>
    <nd ref='-130483' />
    <nd ref='-130474' />
    <tag k='highway' v='primary' />
    <tag k='lanes' v='2' />
    <tag k='maxspeed' v='50' />
    <tag k='oneway' v='no' />
    <tag k='osm_type' v='way' />
    <tag k='sidewalk' v='both' />
    <tag k='surface' v='asphalt' />
    <tag k='width' v='11' />
  </way>
  <way id='-38383' action='modify'>
    <nd ref='-125500' />
    <nd ref='-130484' />
    <tag k='highway' v='pedestrian' />
    <tag k='lanes' v='2' />
    <tag k='maxspeed' v='30' />
    <tag k='oneway' v='no' />
    <tag k='osm_type' v='way' />
    <tag k='sidewalk' v='both' />
    <tag k='surface' v='paving_stones' />
    <tag k='width' v='5' />
  </way>
  <way id='-38384' action='modify'>
    <nd ref='-130485' />
    <nd ref='-130490' />
    <tag k='highway' v='primary' />
    <tag k='lanes' v='2' />
    <tag k='maxspeed' v='50' />
    <tag k='oneway' v='no' />
    <tag k='osm_type' v='way' />
    <tag k='sidewalk' v='both' />
    <tag k='surface' v='asphalt' />
    <tag k='width' v='11' />
  </way>
  <way id='-38385' action='modify'>
    <nd ref='-130486' />
    <nd ref='-130489' />
    <tag k='highway' v='secondary' />
    <tag k='lanes' v='2' />
    <tag k='maxspeed' v='50' />
    <tag k='oneway' v='no' />
    <tag k='osm_type' v='way' />
    <tag k='sidewalk' v='both' />
    <tag k='surface' v='asphalt' />
    <tag k='width' v='9' />
  </way>
  <way id='-38386' action='modify'>
    <nd ref='-130487' />
    <nd ref='-125494' />
    <nd ref='-130488' />
    <tag k='highway' v='primary' />
    <tag k='lanes' v='2' />
    <tag k='maxspeed' v='50' />
    <tag k='oneway' v='no' />
    <tag k='osm_type' v='way' />
    <tag k='sidewalk' v='both' />
    <tag k='surface' v='asphalt' />
    <tag k='width' v='11' />
  </way>
  <way id='-38387' action='modify'>
    <nd ref='-130488' />
    <nd ref='-130489' />
    <nd ref='-130490' />
    <nd ref='-130491' />
    <nd ref='-130488' />
    <tag k='highway' v='primary' />
    <tag k='lanes' v='1' />
    <tag k='oneway' v='yes' />
    <tag k='width' v='10' />
  </way>
  <way id='-38388' action='modify'>
    <nd ref='-125483' />
    <nd ref='-125484' />
    <nd ref='-125485' />
    <nd ref='-130486' />
    <tag k='highway' v='secondary' />
    <tag k='lanes' v='2' />
    <tag k='maxspeed' v='50' />
    <tag k='oneway' v='no' />
    <tag k='osm_type' v='way' />
    <tag k='sidewalk' v='both' />
    <tag k='surface' v='asphalt' />
    <tag k='width' v='9' />
  </way>
  <way id='-38389' action='modify'>
    <nd ref='-125482' />
    <nd ref='-125511' />
    <nd ref='-125483' />
    <tag k='highway' v='secondary' />
    <tag k='lanes' v='2' />
    <tag k='maxspeed' v='50' />
    <tag k='oneway' v='no' />
    <tag k='osm_type' v='way' />
    <tag k='sidewalk' v='both' />
    <tag k='surface' v='asphalt' />
    <tag k='width' v='9' />
  </way>
  <way id='-38390' action='modify'>
    <nd ref='-130517' />
    <nd ref='-125456' />
    <nd ref='-125457' />
    <nd ref='-125458' />
    <nd ref='-125459' />
    <nd ref='-125460' />
    <nd ref='-130500' />
    <tag k='highway' v='secondary' />
    <tag k='lanes' v='2' />
    <tag k='maxspeed' v='50' />
    <tag k='oneway' v='no' />
    <tag k='osm_type' v='way' />
    <tag k='sidewalk' v='both' />
    <tag k='surface' v='asphalt' />
    <tag k='width' v='9' />
  </way>
  <way id='-38391' action='modify'>
    <nd ref='-130493' />
    <nd ref='-125679' />
    <nd ref='-125462' />
    <tag k='highway' v='secondary' />
    <tag k='lanes' v='2' />
    <tag k='maxspeed' v='50' />
    <tag k='oneway' v='no' />
    <tag k='osm_type' v='way' />
    <tag k='sidewalk' v='both' />
    <tag k='surface' v='asphalt' />
    <tag k='width' v='9' />
  </way>
  <way id='-38392' action='modify'>
    <nd ref='-130492' />
    <nd ref='-130493' />
    <tag k='highway' v='secondary' />
    <tag k='lanes' v='2' />
    <tag k='maxspeed' v='50' />
    <tag k='oneway' v='no' />
    <tag k='osm_type' v='way' />
    <tag k='sidewalk' v='both' />
    <tag k='surface' v='asphalt' />
    <tag k='width' v='9' />
  </way>
  <way id='-38393' action='modify'>
    <nd ref='-125461' />
    <nd ref='-130494' />
    <tag k='highway' v='tertiary' />
    <tag k='lanes' v='2' />
    <tag k='maxspeed' v='50' />
    <tag k='oneway' v='no' />
    <tag k='osm_type' v='way' />
    <tag k='sidewalk' v='both' />
    <tag k='surface' v='asphalt' />
    <tag k='width' v='7' />
  </way>
  <way id='-38394' action='modify'>
    <nd ref='-130495' />
    <nd ref='-125461' />
    <nd ref='-125666' />
    <nd ref='-130492' />
    <tag k='highway' v='secondary' />
    <tag k='lanes' v='2' />
    <tag k='maxspeed' v='50' />
    <tag k='oneway' v='no' />
    <tag k='osm_type' v='way' />
    <tag k='sidewalk' v='both' />
    <tag k='surface' v='asphalt' />
    <tag k='width' v='9' />
  </way>
  <way id='-38395' action='modify'>
    <nd ref='-130494' />
    <nd ref='-125544' />
    <nd ref='-125545' />
    <nd ref='-125546' />
    <nd ref='-125547' />
    <nd ref='-125548' />
    <nd ref='-125549' />
    <nd ref='-125550' />
    <nd ref='-125551' />
    <nd ref='-125552' />
    <nd ref='-125553' />
    <nd ref='-125554' />
    <nd ref='-125555' />
    <nd ref='-125556' />
    <nd ref='-125557' />
    <nd ref='-125558' />
    <nd ref='-125559' />
    <nd ref='-125560' />
    <nd ref='-125561' />
    <nd ref='-125562' />
    <nd ref='-125563' />
    <nd ref='-125564' />
    <nd ref='-125565' />
    <nd ref='-125566' />
    <nd ref='-125567' />
    <nd ref='-125568' />
    <nd ref='-125569' />
    <nd ref='-125570' />
    <tag k='highway' v='tertiary' />
    <tag k='lanes' v='2' />
    <tag k='maxspeed' v='50' />
    <tag k='oneway' v='no' />
    <tag k='osm_type' v='way' />
    <tag k='sidewalk' v='both' />
    <tag k='surface' v='asphalt' />
    <tag k='width' v='7' />
  </way>
  <way id='-38396' action='modify'>
    <nd ref='-125570' />
    <nd ref='-125571' />
    <nd ref='-125572' />
    <nd ref='-125542' />
    <nd ref='-130496' />
    <tag k='highway' v='tertiary' />
    <tag k='lanes' v='2' />
    <tag k='maxspeed' v='50' />
    <tag k='oneway' v='no' />
    <tag k='osm_type' v='way' />
    <tag k='sidewalk' v='both' />
    <tag k='surface' v='asphalt' />
    <tag k='width' v='7' />
  </way>
  <way id='-38397' action='modify'>
    <nd ref='-130496' />
    <nd ref='-125573' />
    <nd ref='-130497' />
    <tag k='highway' v='tertiary' />
    <tag k='lanes' v='2' />
    <tag k='maxspeed' v='50' />
    <tag k='oneway' v='no' />
    <tag k='osm_type' v='way' />
    <tag k='sidewalk' v='both' />
    <tag k='surface' v='asphalt' />
    <tag k='width' v='7' />
  </way>
  <way id='-38398' action='modify'>
    <nd ref='-130497' />
    <nd ref='-125701' />
    <nd ref='-130498' />
    <tag k='highway' v='tertiary' />
    <tag k='lanes' v='2' />
    <tag k='maxspeed' v='50' />
    <tag k='oneway' v='no' />
    <tag k='osm_type' v='way' />
    <tag k='sidewalk' v='both' />
    <tag k='surface' v='asphalt' />
    <tag k='width' v='7' />
  </way>
  <way id='-38399' action='modify'>
    <nd ref='-130499' />
    <nd ref='-130495' />
    <tag k='highway' v='secondary' />
    <tag k='lanes' v='2' />
    <tag k='maxspeed' v='50' />
    <tag k='oneway' v='no' />
    <tag k='osm_type' v='way' />
    <tag k='sidewalk' v='both' />
    <tag k='surface' v='asphalt' />
    <tag k='width' v='9' />
  </way>
  <way id='-38400' action='modify'>
    <nd ref='-130500' />
    <nd ref='-125709' />
    <nd ref='-130499' />
    <tag k='highway' v='secondary' />
    <tag k='lanes' v='2' />
    <tag k='maxspeed' v='50' />
    <tag k='oneway' v='no' />
    <tag k='osm_type' v='way' />
    <tag k='sidewalk' v='both' />
    <tag k='surface' v='asphalt' />
    <tag k='width' v='9' />
  </way>
  <way id='-38401' action='modify'>
    <nd ref='-130501' />
    <nd ref='-125709' />
    <tag k='highway' v='residential' />
    <tag k='lanes' v='2' />
    <tag k='maxspeed' v='30' />
    <tag k='oneway' v='no' />
    <tag k='osm_type' v='way' />
    <tag k='sidewalk' v='both' />
    <tag k='surface' v='asphalt' />
    <tag k='width' v='5' />
  </way>
  <way id='-38402' action='modify'>
    <nd ref='-125599' />
    <nd ref='-125600' />
    <nd ref='-125601' />
    <nd ref='-125602' />
    <nd ref='-125603' />
    <nd ref='-130476' />
    <nd ref='-130475' />
    <tag k='highway' v='tertiary' />
    <tag k='lanes' v='2' />
    <tag k='maxspeed' v='50' />
    <tag k='oneway' v='no' />
    <tag k='osm_type' v='way' />
    <tag k='sidewalk' v='both' />
    <tag k='surface' v='asphalt' />
    <tag k='width' v='7' />
  </way>
  <way id='-38403' action='modify'>
    <nd ref='-130475' />
    <nd ref='-125604' />
    <nd ref='-130502' />
    <tag k='highway' v='tertiary' />
    <tag k='lanes' v='2' />
    <tag k='maxspeed' v='50' />
    <tag k='oneway' v='no' />
    <tag k='osm_type' v='way' />
    <tag k='sidewalk' v='both' />
    <tag k='surface' v='asphalt' />
    <tag k='width' v='7' />
  </way>
  <way id='-38404' action='modify'>
    <nd ref='-130476' />
    <nd ref='-130503' />
    <tag k='highway' v='residential' />
    <tag k='lanes' v='2' />
    <tag k='maxspeed' v='30' />
    <tag k='oneway' v='no' />
    <tag k='osm_type' v='way' />
    <tag k='sidewalk' v='both' />
    <tag k='surface' v='asphalt' />
    <tag k='width' v='5' />
  </way>
  <way id='-38405' action='modify'>
    <nd ref='-130504' />
    <nd ref='-130476' />
    <tag k='highway' v='residential' />
    <tag k='lanes' v='2' />
    <tag k='maxspeed' v='30' />
    <tag k='oneway' v='no' />
    <tag k='osm_type' v='way' />
    <tag k='sidewalk' v='both' />
    <tag k='surface' v='asphalt' />
    <tag k='width' v='5' />
  </way>
  <way id='-38406' action='modify'>
    <nd ref='-130502' />
    <nd ref='-125605' />
    <nd ref='-130505' />
    <tag k='highway' v='tertiary' />
    <tag k='lanes' v='2' />
    <tag k='maxspeed' v='50' />
    <tag k='oneway' v='no' />
    <tag k='osm_type' v='way' />
    <tag k='sidewalk' v='both' />
    <tag k='surface' v='asphalt' />
    <tag k='width' v='7' />
  </way>
  <way id='-38407' action='modify'>
    <nd ref='-125606' />
    <nd ref='-125607' />
    <nd ref='-125608' />
    <nd ref='-125609' />
    <nd ref='-125610' />
    <nd ref='-125611' />
    <nd ref='-125612' />
    <nd ref='-125613' />
    <nd ref='-125614' />
    <nd ref='-125615' />
    <nd ref='-125616' />
    <nd ref='-125617' />
    <nd ref='-125618' />
    <nd ref='-125619' />
    <nd ref='-125620' />
    <nd ref='-125621' />
    <nd ref='-125622' />
    <nd ref='-125623' />
    <nd ref='-125624' />
    <nd ref='-125625' />
    <nd ref='-125626' />
    <nd ref='-125627' />
    <nd ref='-125628' />
    <nd ref='-125629' />
    <nd ref='-130506' />
    <tag k='highway' v='tertiary' />
    <tag k='lanes' v='2' />
    <tag k='maxspeed' v='50' />
    <tag k='oneway' v='no' />
    <tag k='osm_type' v='way' />
    <tag k='sidewalk' v='both' />
    <tag k='surface' v='asphalt' />
    <tag k='width' v='7' />
  </way>
  <way id='-38408' action='modify'>
    <nd ref='-130505' />
    <nd ref='-125722' />
    <nd ref='-125606' />
    <tag k='highway' v='tertiary' />
    <tag k='lanes' v='2' />
    <tag k='maxspeed' v='50' />
    <tag k='oneway' v='no' />
    <tag k='osm_type' v='way' />
    <tag k='sidewalk' v='both' />
    <tag k='surface' v='asphalt' />
    <tag k='width' v='7' />
  </way>
  <way id='-38409' action='modify'>
    <nd ref='-130506' />
    <nd ref='-125707' />
    <tag k='highway' v='tertiary' />
    <tag k='lanes' v='2' />
    <tag k='maxspeed' v='50' />
    <tag k='oneway' v='no' />
    <tag k='osm_type' v='way' />
    <tag k='sidewalk' v='both' />
    <tag k='surface' v='asphalt' />
    <tag k='width' v='7' />
  </way>
  <way id='-38410' action='modify'>
    <nd ref='-125707' />
    <nd ref='-130507' />
    <tag k='highway' v='tertiary' />
    <tag k='lanes' v='2' />
    <tag k='maxspeed' v='50' />
    <tag k='oneway' v='no' />
    <tag k='osm_type' v='way' />
    <tag k='sidewalk' v='both' />
    <tag k='surface' v='asphalt' />
    <tag k='width' v='7' />
  </way>
  <way id='-38411' action='modify'>
    <nd ref='-125707' />
    <nd ref='-130508' />
    <tag k='highway' v='residential' />
    <tag k='lanes' v='2' />
    <tag k='maxspeed' v='30' />
    <tag k='oneway' v='no' />
    <tag k='osm_type' v='way' />
    <tag k='sidewalk' v='both' />
    <tag k='surface' v='asphalt' />
    <tag k='width' v='5' />
  </way>
  <way id='-38412' action='modify'>
    <nd ref='-125729' />
    <nd ref='-130509' />
    <tag k='highway' v='residential' />
    <tag k='lanes' v='2' />
    <tag k='maxspeed' v='30' />
    <tag k='oneway' v='no' />
    <tag k='osm_type' v='way' />
    <tag k='sidewalk' v='both' />
    <tag k='surface' v='asphalt' />
    <tag k='width' v='10' />
  </way>
  <way id='-38413' action='modify'>
    <nd ref='-130510' />
    <nd ref='-125730' />
    <tag k='highway' v='residential' />
    <tag k='lanes' v='2' />
    <tag k='maxspeed' v='30' />
    <tag k='oneway' v='no' />
    <tag k='osm_type' v='way' />
    <tag k='sidewalk' v='both' />
    <tag k='surface' v='asphalt' />
    <tag k='width' v='5' />
  </way>
  <way id='-38414' action='modify'>
    <nd ref='-130511' />
    <nd ref='-125730' />
    <tag k='highway' v='residential' />
    <tag k='lanes' v='2' />
    <tag k='maxspeed' v='30' />
    <tag k='oneway' v='no' />
    <tag k='osm_type' v='way' />
    <tag k='sidewalk' v='both' />
    <tag k='surface' v='asphalt' />
    <tag k='width' v='5' />
  </way>
  <way id='-38415' action='modify'>
    <nd ref='-125787' />
    <nd ref='-125790' />
    <nd ref='-125889' />
    <nd ref='-130512' />
    <tag k='highway' v='residential' />
    <tag k='lanes' v='2' />
    <tag k='maxspeed' v='30' />
    <tag k='oneway' v='no' />
    <tag k='osm_type' v='way' />
    <tag k='sidewalk' v='both' />
    <tag k='surface' v='asphalt' />
    <tag k='width' v='5' />
  </way>
  <way id='-38416' action='modify'>
    <nd ref='-130512' />
    <nd ref='-125892' />
    <nd ref='-130513' />
    <tag k='highway' v='residential' />
    <tag k='lanes' v='2' />
    <tag k='maxspeed' v='30' />
    <tag k='oneway' v='no' />
    <tag k='osm_type' v='way' />
    <tag k='sidewalk' v='both' />
    <tag k='surface' v='asphalt' />
    <tag k='width' v='5' />
  </way>
  <way id='-38417' action='modify'>
    <nd ref='-130472' />
    <nd ref='-130521' />
    <nd ref='-125687' />
    <nd ref='-125455' />
    <nd ref='-125501' />
    <tag k='highway' v='secondary' />
    <tag k='lanes' v='2' />
    <tag k='maxspeed' v='50' />
    <tag k='oneway' v='no' />
    <tag k='osm_type' v='way' />
    <tag k='sidewalk' v='both' />
    <tag k='surface' v='asphalt' />
    <tag k='width' v='9' />
  </way>
  <way id='-38418' action='modify'>
    <nd ref='-130514' />
    <nd ref='-125499' />
    <nd ref='-130515' />
    <tag k='highway' v='secondary' />
    <tag k='lanes' v='2' />
    <tag k='maxspeed' v='50' />
    <tag k='oneway' v='no' />
    <tag k='osm_type' v='way' />
    <tag k='sidewalk' v='both' />
    <tag k='surface' v='asphalt' />
    <tag k='width' v='9' />
  </way>
  <way id='-38419' action='modify'>
    <nd ref='-130515' />
    <nd ref='-130516' />
    <tag k='highway' v='secondary' />
    <tag k='lanes' v='2' />
    <tag k='maxspeed' v='50' />
    <tag k='oneway' v='no' />
    <tag k='osm_type' v='way' />
    <tag k='sidewalk' v='both' />
    <tag k='surface' v='asphalt' />
    <tag k='width' v='9' />
  </way>
  <way id='-38420' action='modify'>
    <nd ref='-130516' />
    <nd ref='-125541' />
    <nd ref='-130517' />
    <tag k='highway' v='secondary' />
    <tag k='lanes' v='2' />
    <tag k='maxspeed' v='50' />
    <tag k='oneway' v='no' />
    <tag k='osm_type' v='way' />
    <tag k='sidewalk' v='both' />
    <tag k='surface' v='asphalt' />
    <tag k='width' v='9' />
  </way>
  <way id='-38421' action='modify'>
    <nd ref='-130518' />
    <nd ref='-125498' />
    <nd ref='-130519' />
    <tag k='highway' v='secondary' />
    <tag k='lanes' v='2' />
    <tag k='maxspeed' v='50' />
    <tag k='oneway' v='no' />
    <tag k='osm_type' v='way' />
    <tag k='sidewalk' v='both' />
    <tag k='surface' v='asphalt' />
    <tag k='width' v='9' />
  </way>
  <way id='-38422' action='modify'>
    <nd ref='-130519' />
    <nd ref='-130514' />
    <tag k='highway' v='secondary' />
    <tag k='lanes' v='2' />
    <tag k='maxspeed' v='50' />
    <tag k='oneway' v='no' />
    <tag k='osm_type' v='way' />
    <tag k='sidewalk' v='both' />
    <tag k='surface' v='asphalt' />
    <tag k='width' v='9' />
  </way>
  <way id='-38423' action='modify'>
    <nd ref='-125501' />
    <nd ref='-130520' />
    <tag k='highway' v='secondary' />
    <tag k='lanes' v='2' />
    <tag k='maxspeed' v='50' />
    <tag k='oneway' v='no' />
    <tag k='osm_type' v='way' />
    <tag k='sidewalk' v='both' />
    <tag k='surface' v='asphalt' />
    <tag k='width' v='9' />
  </way>
  <way id='-38424' action='modify'>
    <nd ref='-130520' />
    <nd ref='-130518' />
    <tag k='highway' v='secondary' />
    <tag k='lanes' v='2' />
    <tag k='maxspeed' v='50' />
    <tag k='oneway' v='no' />
    <tag k='osm_type' v='way' />
    <tag k='sidewalk' v='both' />
    <tag k='surface' v='asphalt' />
    <tag k='width' v='9' />
  </way>
  <way id='-38425' action='modify'>
    <nd ref='-130522' />
    <nd ref='-125721' />
    <tag k='highway' v='residential' />
    <tag k='lanes' v='2' />
    <tag k='maxspeed' v='30' />
    <tag k='oneway' v='no' />
    <tag k='osm_type' v='way' />
    <tag k='sidewalk' v='both' />
    <tag k='surface' v='asphalt' />
    <tag k='width' v='5' />
  </way>
  <way id='-38426' action='modify'>
    <nd ref='-130523' />
    <nd ref='-130524' />
    <nd ref='-125726' />
    <nd ref='-130525' />
    <nd ref='-130526' />
    <nd ref='-125727' />
    <nd ref='-125728' />
    <tag k='highway' v='residential' />
    <tag k='lanes' v='2' />
    <tag k='maxspeed' v='30' />
    <tag k='oneway' v='no' />
    <tag k='osm_type' v='way' />
    <tag k='sidewalk' v='both' />
    <tag k='surface' v='asphalt' />
    <tag k='width' v='5' />
  </way>
  <way id='-38427' action='modify'>
    <nd ref='-130524' />
    <nd ref='-125720' />
    <tag k='highway' v='residential' />
    <tag k='lanes' v='2' />
    <tag k='maxspeed' v='30' />
    <tag k='oneway' v='no' />
    <tag k='osm_type' v='way' />
    <tag k='sidewalk' v='both' />
    <tag k='surface' v='asphalt' />
    <tag k='width' v='5' />
  </way>
  <way id='-38428' action='modify'>
    <nd ref='-130527' />
    <nd ref='-130531' />
    <nd ref='-130528' />
    <nd ref='-130532' />
    <nd ref='-130529' />
    <nd ref='-130533' />
    <nd ref='-130530' />
    <tag k='highway' v='pedestrian' />
    <tag k='width' v='10' />
  </way>
  <way id='-38429' action='modify'>
    <nd ref='-130531' />
    <nd ref='-130526' />
    <tag k='highway' v='pedestrian' />
    <tag k='width' v='10' />
  </way>
  <way id='-38430' action='modify'>
    <nd ref='-130532' />
    <nd ref='-130524' />
    <tag k='highway' v='pedestrian' />
    <tag k='width' v='10' />
  </way>
  <way id='-38431' action='modify'>
    <nd ref='-130533' />
    <nd ref='-130522' />
    <tag k='highway' v='pedestrian' />
    <tag k='width' v='10' />
  </way>
  <way id='-38432' action='modify'>
    <nd ref='-125729' />
    <nd ref='-130534' />
    <nd ref='-130535' />
    <nd ref='-130539' />
    <nd ref='-130536' />
    <nd ref='-130537' />
    <nd ref='-130538' />
    <nd ref='-130535' />
    <tag k='highway' v='residential' />
    <tag k='lanes' v='2' />
    <tag k='maxspeed' v='30' />
    <tag k='sidewalk' v='both' />
    <tag k='width' v='10' />
  </way>
  <way id='-38433' action='modify'>
    <nd ref='-130540' />
    <nd ref='-130541' />
    <nd ref='-130542' />
    <nd ref='-130543' />
    <nd ref='-130540' />
    <tag k='building' v='office' />
    <tag k='levels' v='30' />
    <tag k='office' v='company' />
  </way>
  <way id='-38434' action='modify'>
    <nd ref='-130544' />
    <nd ref='-130545' />
    <nd ref='-130546' />
    <nd ref='-130547' />
    <nd ref='-130544' />
    <tag k='building' v='office' />
    <tag k='levels' v='100' />
    <tag k='office' v='company' />
  </way>
  <relation id='-17785'>
    <tag k='full_id' v='w158789259' />
    <tag k='highway' v='tertiary' />
    <tag k='osm_id' v='158789259' />
    <tag k='osm_type' v='way' />
    <tag k='surface' v='asphalt' />
  </relation>
  <relation id='-17786'>
    <tag k='full_id' v='w181373767' />
    <tag k='highway' v='secondary' />
    <tag k='osm_id' v='181373767' />
    <tag k='osm_type' v='way' />
    <tag k='surface' v='unpaved' />
  </relation>
  <relation id='-17787'>
    <tag k='full_id' v='w197575359' />
    <tag k='highway' v='residential' />
    <tag k='osm_id' v='197575359' />
    <tag k='osm_type' v='way' />
    <tag k='surface' v='sand' />
  </relation>
  <relation id='-17788'>
    <tag k='full_id' v='w260495846' />
    <tag k='highway' v='unclassified' />
    <tag k='osm_id' v='260495846' />
    <tag k='osm_type' v='way' />
    <tag k='surface' v='compacted' />
  </relation>
  <relation id='-17789'>
    <tag k='full_id' v='w326270904' />
    <tag k='highway' v='residential' />
    <tag k='osm_id' v='326270904' />
    <tag k='osm_type' v='way' />
  </relation>
  <relation id='-17790'>
    <tag k='full_id' v='w340414194' />
    <tag k='highway' v='trunk' />
    <tag k='maxspeed' v='70' />
    <tag k='osm_id' v='340414194' />
    <tag k='osm_type' v='way' />
    <tag k='ref' v='N 2' />
    <tag k='surface' v='asphalt' />
  </relation>
  <relation id='-17791'>
    <tag k='full_id' v='w447048434' />
    <tag k='highway' v='unclassified' />
    <tag k='osm_id' v='447048434' />
    <tag k='osm_type' v='way' />
    <tag k='surface' v='dirt' />
  </relation>
  <relation id='-17792'>
    <tag k='full_id' v='w447048445' />
    <tag k='highway' v='unclassified' />
    <tag k='osm_id' v='447048445' />
    <tag k='osm_type' v='way' />
    <tag k='surface' v='dirt' />
  </relation>
  <relation id='-17793'>
    <tag k='full_id' v='w447048453' />
    <tag k='highway' v='unclassified' />
    <tag k='osm_id' v='447048453' />
    <tag k='osm_type' v='way' />
    <tag k='surface' v='unpaved' />
  </relation>
  <relation id='-17794'>
    <tag k='full_id' v='w447205392' />
    <tag k='highway' v='residential' />
    <tag k='osm_id' v='447205392' />
    <tag k='osm_type' v='way' />
  </relation>
  <relation id='-17795'>
    <tag k='full_id' v='w629302457' />
    <tag k='highway' v='unclassified' />
    <tag k='osm_id' v='629302457' />
    <tag k='osm_type' v='way' />
  </relation>
  <relation id='-17796'>
    <tag k='full_id' v='w637752161' />
    <tag k='highway' v='residential' />
    <tag k='osm_id' v='637752161' />
    <tag k='osm_type' v='way' />
    <tag k='surface' v='sand' />
  </relation>
  <relation id='-17797'>
    <tag k='full_id' v='w638149198' />
    <tag k='highway' v='unclassified' />
    <tag k='osm_id' v='638149198' />
    <tag k='osm_type' v='way' />
    <tag k='surface' v='dirt' />
  </relation>
  <relation id='-17798'>
    <tag k='full_id' v='w639097012' />
    <tag k='highway' v='residential' />
    <tag k='osm_id' v='639097012' />
    <tag k='osm_type' v='way' />
  </relation>
  <relation id='-17799'>
    <tag k='full_id' v='w639237140' />
    <tag k='highway' v='residential' />
    <tag k='osm_id' v='639237140' />
    <tag k='osm_type' v='way' />
  </relation>
  <relation id='-17800'>
    <tag k='full_id' v='w639237143' />
    <tag k='highway' v='residential' />
    <tag k='osm_id' v='639237143' />
    <tag k='osm_type' v='way' />
    <tag k='surface' v='unpaved' />
  </relation>
  <relation id='-17801'>
    <tag k='full_id' v='w639237145' />
    <tag k='highway' v='residential' />
    <tag k='osm_id' v='639237145' />
    <tag k='osm_type' v='way' />
    <tag k='surface' v='sand' />
  </relation>
  <relation id='-17802'>
    <tag k='full_id' v='w640204462' />
    <tag k='highway' v='residential' />
    <tag k='osm_id' v='640204462' />
    <tag k='osm_type' v='way' />
  </relation>
  <relation id='-17803'>
    <tag k='full_id' v='w640204463' />
    <tag k='highway' v='residential' />
    <tag k='osm_id' v='640204463' />
    <tag k='osm_type' v='way' />
  </relation>
  <relation id='-17804'>
    <tag k='full_id' v='w640214559' />
    <tag k='highway' v='residential' />
    <tag k='osm_id' v='640214559' />
    <tag k='osm_type' v='way' />
  </relation>
  <relation id='-17805'>
    <tag k='full_id' v='w786471696' />
    <tag k='highway' v='service' />
    <tag k='osm_id' v='786471696' />
    <tag k='osm_type' v='way' />
  </relation>
  <relation id='-17806'>
    <tag k='full_id' v='w789745713' />
    <tag k='highway' v='residential' />
    <tag k='osm_id' v='789745713' />
    <tag k='osm_type' v='way' />
    <tag k='surface' v='dirt' />
  </relation>
  <relation id='-17807'>
    <tag k='full_id' v='w838870177' />
    <tag k='highway' v='residential' />
    <tag k='osm_id' v='838870177' />
    <tag k='osm_type' v='way' />
    <tag k='surface' v='dirt' />
  </relation>
  <relation id='-17808'>
    <tag k='full_id' v='w838870183' />
    <tag k='highway' v='residential' />
    <tag k='osm_id' v='838870183' />
    <tag k='osm_type' v='way' />
    <tag k='surface' v='dirt' />
  </relation>
  <relation id='-17809'>
    <tag k='full_id' v='w838870184' />
    <tag k='highway' v='unclassified' />
    <tag k='osm_id' v='838870184' />
    <tag k='osm_type' v='way' />
    <tag k='surface' v='dirt' />
  </relation>
  <relation id='-17810'>
    <tag k='full_id' v='w838870185' />
    <tag k='highway' v='unclassified' />
    <tag k='osm_id' v='838870185' />
    <tag k='osm_type' v='way' />
    <tag k='surface' v='dirt' />
  </relation>
  <relation id='-17811'>
    <tag k='full_id' v='w838870189' />
    <tag k='highway' v='unclassified' />
    <tag k='osm_id' v='838870189' />
    <tag k='osm_type' v='way' />
    <tag k='surface' v='dirt' />
  </relation>
  <relation id='-17812'>
    <tag k='full_id' v='w838870190' />
    <tag k='highway' v='unclassified' />
    <tag k='osm_id' v='838870190' />
    <tag k='osm_type' v='way' />
    <tag k='surface' v='dirt' />
  </relation>
  <relation id='-17813'>
    <tag k='full_id' v='w838870191' />
    <tag k='highway' v='unclassified' />
    <tag k='osm_id' v='838870191' />
    <tag k='osm_type' v='way' />
    <tag k='surface' v='dirt' />
  </relation>
  <relation id='-17814'>
    <tag k='full_id' v='w838870192' />
    <tag k='highway' v='service' />
    <tag k='osm_id' v='838870192' />
    <tag k='osm_type' v='way' />
    <tag k='surface' v='dirt' />
  </relation>
  <relation id='-17815'>
    <tag k='full_id' v='w838870193' />
    <tag k='highway' v='service' />
    <tag k='osm_id' v='838870193' />
    <tag k='osm_type' v='way' />
    <tag k='surface' v='dirt' />
  </relation>
  <relation id='-17816'>
    <tag k='full_id' v='w838870194' />
    <tag k='highway' v='service' />
    <tag k='osm_id' v='838870194' />
    <tag k='osm_type' v='way' />
    <tag k='surface' v='dirt' />
  </relation>
  <relation id='-17817'>
    <tag k='full_id' v='w838870195' />
    <tag k='highway' v='service' />
    <tag k='osm_id' v='838870195' />
    <tag k='osm_type' v='way' />
    <tag k='surface' v='dirt' />
  </relation>
  <relation id='-17818'>
    <tag k='full_id' v='w996972538' />
    <tag k='highway' v='residential' />
    <tag k='osm_id' v='996972538' />
    <tag k='osm_type' v='way' />
  </relation>
  <relation id='-17819'>
    <tag k='full_id' v='w996972539' />
    <tag k='highway' v='residential' />
    <tag k='osm_id' v='996972539' />
    <tag k='osm_type' v='way' />
  </relation>
  <relation id='-17820'>
    <tag k='full_id' v='w1213846487' />
    <tag k='highway' v='unclassified' />
    <tag k='osm_id' v='1213846487' />
    <tag k='osm_type' v='way' />
    <tag k='surface' v='gravel' />
  </relation>
  <relation id='-17821'>
    <tag k='full_id' v='w1213846488' />
    <tag k='highway' v='residential' />
    <tag k='osm_id' v='1213846488' />
    <tag k='osm_type' v='way' />
    <tag k='surface' v='ground' />
  </relation>
  <relation id='-17822'>
    <tag k='full_id' v='w1213846489' />
    <tag k='highway' v='residential' />
    <tag k='osm_id' v='1213846489' />
    <tag k='osm_type' v='way' />
    <tag k='surface' v='ground' />
  </relation>
  <relation id='-17823'>
    <tag k='full_id' v='w1299495652' />
    <tag k='highway' v='residential' />
    <tag k='osm_id' v='1299495652' />
    <tag k='osm_type' v='way' />
    <tag k='surface' v='sand' />
  </relation>
  <relation id='-17824'>
    <tag k='full_id' v='w1319937195' />
    <tag k='highway' v='residential' />
    <tag k='osm_id' v='1319937195' />
    <tag k='osm_type' v='way' />
  </relation>
  <relation id='-17825'>
    <tag k='full_id' v='w1339547245' />
    <tag k='highway' v='residential' />
    <tag k='osm_id' v='1339547245' />
    <tag k='osm_type' v='way' />
  </relation>
  <relation id='-17826'>
    <tag k='full_id' v='w1339547246' />
    <tag k='highway' v='residential' />
    <tag k='osm_id' v='1339547246' />
    <tag k='osm_type' v='way' />
  </relation>
  <relation id='-17827'>
    <tag k='full_id' v='w1339547247' />
    <tag k='highway' v='residential' />
    <tag k='osm_id' v='1339547247' />
    <tag k='osm_type' v='way' />
    <tag k='surface' v='unpaved' />
  </relation>
  <relation id='-17828'>
    <tag k='full_id' v='w1339547248' />
    <tag k='highway' v='residential' />
    <tag k='osm_id' v='1339547248' />
    <tag k='osm_type' v='way' />
    <tag k='surface' v='unpaved' />
  </relation>
  <relation id='-17829'>
    <tag k='full_id' v='w1339547249' />
    <tag k='highway' v='residential' />
    <tag k='osm_id' v='1339547249' />
    <tag k='osm_type' v='way' />
    <tag k='surface' v='unpaved' />
  </relation>
  <relation id='-17830'>
    <tag k='full_id' v='w1339547250' />
    <tag k='highway' v='residential' />
    <tag k='osm_id' v='1339547250' />
    <tag k='osm_type' v='way' />
    <tag k='surface' v='unpaved' />
  </relation>
  <relation id='-17831'>
    <tag k='full_id' v='w1339547251' />
    <tag k='highway' v='residential' />
    <tag k='osm_id' v='1339547251' />
    <tag k='osm_type' v='way' />
    <tag k='surface' v='unpaved' />
  </relation>
  <relation id='-17832'>
    <tag k='full_id' v='w1339547252' />
    <tag k='highway' v='residential' />
    <tag k='osm_id' v='1339547252' />
    <tag k='osm_type' v='way' />
    <tag k='surface' v='unpaved' />
  </relation>
  <relation id='-17833'>
    <tag k='full_id' v='w1339547253' />
    <tag k='highway' v='residential' />
    <tag k='osm_id' v='1339547253' />
    <tag k='osm_type' v='way' />
    <tag k='surface' v='unpaved' />
  </relation>
  <relation id='-17834'>
    <tag k='full_id' v='w1339547254' />
    <tag k='highway' v='residential' />
    <tag k='osm_id' v='1339547254' />
    <tag k='osm_type' v='way' />
    <tag k='surface' v='unpaved' />
  </relation>
  <relation id='-17835'>
    <tag k='full_id' v='w1339547255' />
    <tag k='highway' v='residential' />
    <tag k='osm_id' v='1339547255' />
    <tag k='osm_type' v='way' />
    <tag k='surface' v='unpaved' />
  </relation>
  <relation id='-17836'>
    <tag k='full_id' v='w1339547256' />
    <tag k='highway' v='residential' />
    <tag k='osm_id' v='1339547256' />
    <tag k='osm_type' v='way' />
    <tag k='surface' v='unpaved' />
  </relation>
  <relation id='-17837'>
    <tag k='full_id' v='w1339547257' />
    <tag k='highway' v='residential' />
    <tag k='osm_id' v='1339547257' />
    <tag k='osm_type' v='way' />
    <tag k='surface' v='unpaved' />
  </relation>
  <relation id='-17838'>
    <tag k='full_id' v='w1339547258' />
    <tag k='highway' v='residential' />
    <tag k='osm_id' v='1339547258' />
    <tag k='osm_type' v='way' />
    <tag k='surface' v='unpaved' />
  </relation>
  <relation id='-17839'>
    <tag k='full_id' v='w1419203862' />
    <tag k='highway' v='service' />
    <tag k='osm_id' v='1419203862' />
    <tag k='osm_type' v='way' />
  </relation>
  <relation id='-17840'>
    <tag k='full_id' v='w1419203878' />
    <tag k='highway' v='residential' />
    <tag k='osm_id' v='1419203878' />
    <tag k='osm_type' v='way' />
  </relation>
  <relation id='-17841'>
    <tag k='full_id' v='w1419203879' />
    <tag k='highway' v='residential' />
    <tag k='osm_id' v='1419203879' />
    <tag k='osm_type' v='way' />
  </relation>
  <relation id='-17842'>
    <tag k='full_id' v='w1419203880' />
    <tag k='highway' v='residential' />
    <tag k='osm_id' v='1419203880' />
    <tag k='osm_type' v='way' />
  </relation>
  <relation id='-17843'>
    <tag k='full_id' v='w1419203883' />
    <tag k='highway' v='residential' />
    <tag k='osm_id' v='1419203883' />
    <tag k='osm_type' v='way' />
  </relation>
  <relation id='-17844'>
    <tag k='full_id' v='w1419203884' />
    <tag k='highway' v='residential' />
    <tag k='osm_id' v='1419203884' />
    <tag k='osm_type' v='way' />
  </relation>
  <relation id='-17845'>
    <tag k='full_id' v='w1419203891' />
    <tag k='highway' v='residential' />
    <tag k='osm_id' v='1419203891' />
    <tag k='osm_type' v='way' />
  </relation>
  <relation id='-17846'>
    <tag k='full_id' v='w1419203892' />
    <tag k='highway' v='residential' />
    <tag k='osm_id' v='1419203892' />
    <tag k='osm_type' v='way' />
  </relation>
  <relation id='-17847'>
    <tag k='full_id' v='w1419203893' />
    <tag k='highway' v='residential' />
    <tag k='osm_id' v='1419203893' />
    <tag k='osm_type' v='way' />
  </relation>
  <relation id='-17848'>
    <tag k='full_id' v='w1419203894' />
    <tag k='highway' v='residential' />
    <tag k='osm_id' v='1419203894' />
    <tag k='osm_type' v='way' />
  </relation>
  <relation id='-17849'>
    <tag k='full_id' v='w1419203895' />
    <tag k='highway' v='residential' />
    <tag k='osm_id' v='1419203895' />
    <tag k='osm_type' v='way' />
  </relation>
  <relation id='-17850'>
    <tag k='full_id' v='w1419203896' />
    <tag k='highway' v='residential' />
    <tag k='osm_id' v='1419203896' />
    <tag k='osm_type' v='way' />
  </relation>
  <relation id='-17851'>
    <tag k='full_id' v='w1419203897' />
    <tag k='highway' v='residential' />
    <tag k='osm_id' v='1419203897' />
    <tag k='osm_type' v='way' />
  </relation>
  <relation id='-17852'>
    <tag k='full_id' v='w1419203899' />
    <tag k='highway' v='residential' />
    <tag k='osm_id' v='1419203899' />
    <tag k='osm_type' v='way' />
  </relation>
  <relation id='-17853'>
    <tag k='full_id' v='w1419203900' />
    <tag k='highway' v='residential' />
    <tag k='osm_id' v='1419203900' />
    <tag k='osm_type' v='way' />
  </relation>
  <relation id='-17854'>
    <tag k='full_id' v='w1419203901' />
    <tag k='highway' v='residential' />
    <tag k='osm_id' v='1419203901' />
    <tag k='osm_type' v='way' />
  </relation>
  <relation id='-17855'>
    <tag k='full_id' v='w1419203902' />
    <tag k='highway' v='residential' />
    <tag k='osm_id' v='1419203902' />
    <tag k='osm_type' v='way' />
  </relation>
  <relation id='-17856'>
    <tag k='full_id' v='w1419203903' />
    <tag k='highway' v='residential' />
    <tag k='osm_id' v='1419203903' />
    <tag k='osm_type' v='way' />
  </relation>
  <relation id='-17857'>
    <tag k='full_id' v='w1457194891' />
    <tag k='highway' v='residential' />
    <tag k='osm_id' v='1457194891' />
    <tag k='osm_type' v='way' />
  </relation>
  <relation id='-17858'>
    <tag k='full_id' v='w1457194892' />
    <tag k='highway' v='residential' />
    <tag k='osm_id' v='1457194892' />
    <tag k='osm_type' v='way' />
  </relation>
  <relation id='-17859'>
    <tag k='full_id' v='w1457194893' />
    <tag k='highway' v='residential' />
    <tag k='osm_id' v='1457194893' />
    <tag k='osm_type' v='way' />
  </relation>
  <relation id='-17860'>
    <tag k='full_id' v='w1457194894' />
    <tag k='highway' v='residential' />
    <tag k='osm_id' v='1457194894' />
    <tag k='osm_type' v='way' />
  </relation>
  <relation id='-17861'>
    <tag k='full_id' v='w1457194895' />
    <tag k='highway' v='residential' />
    <tag k='osm_id' v='1457194895' />
    <tag k='osm_type' v='way' />
  </relation>
  <relation id='-17862'>
    <tag k='full_id' v='w1513891410' />
    <tag k='highway' v='residential' />
    <tag k='osm_id' v='1513891410' />
    <tag k='osm_type' v='way' />
    <tag k='surface' v='sand' />
  </relation>
  <relation id='-17863'>
    <tag k='full_id' v='w1513891411' />
    <tag k='highway' v='residential' />
    <tag k='osm_id' v='1513891411' />
    <tag k='osm_type' v='way' />
  </relation>
  <relation id='-17864'>
    <tag k='full_id' v='w1513891412' />
    <tag k='highway' v='residential' />
    <tag k='osm_id' v='1513891412' />
    <tag k='osm_type' v='way' />
  </relation>
  <relation id='-17865'>
    <tag k='full_id' v='w1513891413' />
    <tag k='highway' v='residential' />
    <tag k='osm_id' v='1513891413' />
    <tag k='osm_type' v='way' />
  </relation>
  <relation id='-17866'>
    <tag k='full_id' v='w1513891415' />
    <tag k='highway' v='residential' />
    <tag k='osm_id' v='1513891415' />
    <tag k='osm_type' v='way' />
  </relation>
  <relation id='-17867'>
    <tag k='full_id' v='w1513891416' />
    <tag k='highway' v='residential' />
    <tag k='osm_id' v='1513891416' />
    <tag k='osm_type' v='way' />
    <tag k='surface' v='sand' />
  </relation>
  <relation id='-17868'>
    <tag k='full_id' v='w1513891417' />
    <tag k='highway' v='residential' />
    <tag k='osm_id' v='1513891417' />
    <tag k='osm_type' v='way' />
  </relation>
  <relation id='-17869'>
    <tag k='full_id' v='w1513891418' />
    <tag k='highway' v='residential' />
    <tag k='osm_id' v='1513891418' />
    <tag k='osm_type' v='way' />
  </relation>
  <relation id='-17870' action='modify'>
    <member type='way' ref='-37775' role='' />
    <member type='way' ref='-38382' role='' />
    <tag k='highway' v='primary' />
    <tag k='lanes' v='2' />
    <tag k='maxspeed' v='50' />
    <tag k='oneway' v='no' />
    <tag k='osm_type' v='way' />
    <tag k='sidewalk' v='both' />
    <tag k='surface' v='asphalt' />
    <tag k='width' v='11' />
  </relation>
  <relation id='-17871' action='modify'>
    <member type='way' ref='-38417' role='' />
    <member type='way' ref='-38423' role='' />
    <member type='way' ref='-38424' role='' />
    <member type='way' ref='-38421' role='' />
    <member type='way' ref='-38422' role='' />
    <member type='way' ref='-38418' role='' />
    <member type='way' ref='-38419' role='' />
    <member type='way' ref='-38420' role='' />
    <member type='way' ref='-38390' role='' />
    <member type='way' ref='-38400' role='' />
    <member type='way' ref='-38399' role='' />
    <member type='way' ref='-38394' role='' />
    <member type='way' ref='-38392' role='' />
    <member type='way' ref='-38391' role='' />
    <member type='way' ref='-37776' role='' />
    <member type='way' ref='-38389' role='' />
    <member type='way' ref='-38388' role='' />
    <member type='way' ref='-38385' role='' />
    <tag k='highway' v='secondary' />
    <tag k='lanes' v='2' />
    <tag k='maxspeed' v='50' />
    <tag k='oneway' v='no' />
    <tag k='osm_type' v='way' />
    <tag k='sidewalk' v='both' />
    <tag k='surface' v='asphalt' />
    <tag k='width' v='9' />
  </relation>
  <relation id='-17872' action='modify'>
    <member type='way' ref='-37777' role='' />
    <tag k='highway' v='service' />
    <tag k='lanes' v='2' />
    <tag k='maxspeed' v='30' />
    <tag k='oneway' v='no' />
    <tag k='osm_type' v='way' />
    <tag k='sidewalk' v='both' />
    <tag k='surface' v='asphalt' />
    <tag k='width' v='5' />
  </relation>
  <relation id='-17873'>
    <member type='way' ref='-37778' role='' />
    <tag k='highway' v='service' />
    <tag k='lanes' v='2' />
    <tag k='maxspeed' v='30' />
    <tag k='oneway' v='no' />
    <tag k='osm_type' v='way' />
    <tag k='sidewalk' v='both' />
    <tag k='surface' v='asphalt' />
    <tag k='width' v='5' />
  </relation>
  <relation id='-17874'>
    <member type='way' ref='-37779' role='' />
    <tag k='highway' v='service' />
    <tag k='lanes' v='2' />
    <tag k='maxspeed' v='30' />
    <tag k='oneway' v='no' />
    <tag k='osm_type' v='way' />
    <tag k='sidewalk' v='both' />
    <tag k='surface' v='asphalt' />
    <tag k='width' v='5' />
  </relation>
  <relation id='-17875'>
    <member type='way' ref='-37780' role='' />
    <tag k='highway' v='service' />
    <tag k='lanes' v='2' />
    <tag k='maxspeed' v='30' />
    <tag k='oneway' v='no' />
    <tag k='osm_type' v='way' />
    <tag k='sidewalk' v='both' />
    <tag k='surface' v='asphalt' />
    <tag k='width' v='5' />
  </relation>
  <relation id='-17876'>
    <member type='way' ref='-37781' role='' />
    <tag k='highway' v='service' />
    <tag k='lanes' v='2' />
    <tag k='maxspeed' v='30' />
    <tag k='oneway' v='no' />
    <tag k='osm_type' v='way' />
    <tag k='sidewalk' v='both' />
    <tag k='surface' v='asphalt' />
    <tag k='width' v='5' />
  </relation>
  <relation id='-17877'>
    <member type='way' ref='-37782' role='' />
    <tag k='highway' v='residential' />
    <tag k='lanes' v='2' />
    <tag k='maxspeed' v='30' />
    <tag k='oneway' v='no' />
    <tag k='osm_type' v='way' />
    <tag k='sidewalk' v='both' />
    <tag k='surface' v='asphalt' />
    <tag k='width' v='5' />
  </relation>
  <relation id='-17878'>
    <member type='way' ref='-37783' role='' />
    <tag k='highway' v='residential' />
    <tag k='lanes' v='2' />
    <tag k='maxspeed' v='30' />
    <tag k='oneway' v='no' />
    <tag k='osm_type' v='way' />
    <tag k='sidewalk' v='both' />
    <tag k='surface' v='asphalt' />
    <tag k='width' v='5' />
  </relation>
  <relation id='-17879' action='modify'>
    <member type='way' ref='-37784' role='' />
    <member type='way' ref='-38383' role='' />
    <tag k='highway' v='residential' />
    <tag k='lanes' v='2' />
    <tag k='maxspeed' v='30' />
    <tag k='oneway' v='no' />
    <tag k='osm_type' v='way' />
    <tag k='sidewalk' v='both' />
    <tag k='surface' v='asphalt' />
    <tag k='width' v='5' />
  </relation>
  <relation id='-17880'>
    <member type='way' ref='-37785' role='' />
    <tag k='highway' v='residential' />
    <tag k='lanes' v='2' />
    <tag k='maxspeed' v='30' />
    <tag k='oneway' v='no' />
    <tag k='osm_type' v='way' />
    <tag k='sidewalk' v='both' />
    <tag k='surface' v='asphalt' />
    <tag k='width' v='5' />
  </relation>
  <relation id='-17881'>
    <member type='way' ref='-37786' role='' />
    <tag k='highway' v='residential' />
    <tag k='lanes' v='2' />
    <tag k='maxspeed' v='30' />
    <tag k='oneway' v='no' />
    <tag k='osm_type' v='way' />
    <tag k='sidewalk' v='both' />
    <tag k='surface' v='asphalt' />
    <tag k='width' v='5' />
  </relation>
  <relation id='-17882'>
    <member type='way' ref='-37787' role='' />
    <tag k='highway' v='residential' />
    <tag k='lanes' v='2' />
    <tag k='maxspeed' v='30' />
    <tag k='oneway' v='no' />
    <tag k='osm_type' v='way' />
    <tag k='sidewalk' v='both' />
    <tag k='surface' v='asphalt' />
    <tag k='width' v='5' />
  </relation>
  <relation id='-17883' action='modify'>
    <member type='way' ref='-37788' role='' />
    <member type='way' ref='-38378' role='' />
    <member type='way' ref='-38379' role='' />
    <member type='way' ref='-38375' role='' />
    <member type='way' ref='-38380' role='' />
    <member type='way' ref='-38386' role='' />
    <tag k='highway' v='primary' />
    <tag k='lanes' v='2' />
    <tag k='maxspeed' v='50' />
    <tag k='oneway' v='no' />
    <tag k='osm_type' v='way' />
    <tag k='sidewalk' v='both' />
    <tag k='surface' v='asphalt' />
    <tag k='width' v='11' />
  </relation>
  <relation id='-17884'>
    <member type='way' ref='-37789' role='' />
    <tag k='highway' v='residential' />
    <tag k='lanes' v='2' />
    <tag k='maxspeed' v='30' />
    <tag k='oneway' v='no' />
    <tag k='osm_type' v='way' />
    <tag k='sidewalk' v='both' />
    <tag k='surface' v='asphalt' />
    <tag k='width' v='5' />
  </relation>
  <relation id='-17885'>
    <member type='way' ref='-37790' role='' />
    <tag k='highway' v='residential' />
    <tag k='lanes' v='2' />
    <tag k='maxspeed' v='30' />
    <tag k='oneway' v='no' />
    <tag k='osm_type' v='way' />
    <tag k='sidewalk' v='both' />
    <tag k='surface' v='asphalt' />
    <tag k='width' v='5' />
  </relation>
  <relation id='-17886'>
    <member type='way' ref='-37791' role='' />
    <tag k='highway' v='residential' />
    <tag k='lanes' v='2' />
    <tag k='maxspeed' v='30' />
    <tag k='oneway' v='no' />
    <tag k='osm_type' v='way' />
    <tag k='sidewalk' v='both' />
    <tag k='surface' v='asphalt' />
    <tag k='width' v='5' />
  </relation>
  <relation id='-17887' action='modify'>
    <member type='way' ref='-37792' role='' />
    <member type='way' ref='-38384' role='' />
    <tag k='highway' v='primary' />
    <tag k='lanes' v='2' />
    <tag k='maxspeed' v='50' />
    <tag k='oneway' v='no' />
    <tag k='osm_type' v='way' />
    <tag k='sidewalk' v='both' />
    <tag k='surface' v='asphalt' />
    <tag k='width' v='11' />
  </relation>
  <relation id='-17888'>
    <member type='way' ref='-37793' role='' />
    <tag k='highway' v='service' />
    <tag k='lanes' v='2' />
    <tag k='maxspeed' v='30' />
    <tag k='oneway' v='no' />
    <tag k='osm_type' v='way' />
    <tag k='sidewalk' v='both' />
    <tag k='surface' v='asphalt' />
    <tag k='width' v='5' />
  </relation>
  <relation id='-17889'>
    <member type='way' ref='-37794' role='' />
    <tag k='highway' v='residential' />
    <tag k='lanes' v='2' />
    <tag k='maxspeed' v='30' />
    <tag k='oneway' v='no' />
    <tag k='osm_type' v='way' />
    <tag k='sidewalk' v='both' />
    <tag k='surface' v='asphalt' />
    <tag k='width' v='5' />
  </relation>
  <relation id='-17890'>
    <member type='way' ref='-37795' role='' />
    <tag k='highway' v='residential' />
    <tag k='lanes' v='2' />
    <tag k='maxspeed' v='30' />
    <tag k='oneway' v='no' />
    <tag k='osm_type' v='way' />
    <tag k='sidewalk' v='both' />
    <tag k='surface' v='asphalt' />
    <tag k='width' v='5' />
  </relation>
  <relation id='-17891'>
    <member type='way' ref='-37796' role='' />
    <tag k='highway' v='residential' />
    <tag k='lanes' v='2' />
    <tag k='maxspeed' v='30' />
    <tag k='oneway' v='no' />
    <tag k='osm_type' v='way' />
    <tag k='sidewalk' v='both' />
    <tag k='surface' v='asphalt' />
    <tag k='width' v='5' />
  </relation>
  <relation id='-17892' action='modify'>
    <member type='way' ref='-38393' role='' />
    <member type='way' ref='-38395' role='' />
    <member type='way' ref='-38396' role='' />
    <member type='way' ref='-38397' role='' />
    <member type='way' ref='-38398' role='' />
    <member type='way' ref='-37797' role='' />
    <member type='way' ref='-38402' role='' />
    <member type='way' ref='-38403' role='' />
    <member type='way' ref='-38406' role='' />
    <member type='way' ref='-38408' role='' />
    <member type='way' ref='-38407' role='' />
    <member type='way' ref='-38409' role='' />
    <member type='way' ref='-38410' role='' />
    <member type='way' ref='-38376' role='' />
    <tag k='highway' v='tertiary' />
    <tag k='lanes' v='2' />
    <tag k='maxspeed' v='50' />
    <tag k='oneway' v='no' />
    <tag k='osm_type' v='way' />
    <tag k='sidewalk' v='both' />
    <tag k='surface' v='asphalt' />
    <tag k='width' v='7' />
  </relation>
  <relation id='-17893'>
    <member type='way' ref='-37798' role='' />
    <tag k='highway' v='residential' />
    <tag k='lanes' v='2' />
    <tag k='maxspeed' v='30' />
    <tag k='oneway' v='no' />
    <tag k='osm_type' v='way' />
    <tag k='sidewalk' v='both' />
    <tag k='surface' v='asphalt' />
    <tag k='width' v='5' />
  </relation>
  <relation id='-17894'>
    <member type='way' ref='-37799' role='' />
    <tag k='highway' v='residential' />
    <tag k='lanes' v='2' />
    <tag k='maxspeed' v='30' />
    <tag k='oneway' v='no' />
    <tag k='osm_type' v='way' />
    <tag k='sidewalk' v='both' />
    <tag k='surface' v='asphalt' />
    <tag k='width' v='5' />
  </relation>
  <relation id='-17895'>
    <member type='way' ref='-37800' role='' />
    <tag k='highway' v='residential' />
    <tag k='lanes' v='2' />
    <tag k='maxspeed' v='30' />
    <tag k='oneway' v='no' />
    <tag k='osm_type' v='way' />
    <tag k='sidewalk' v='both' />
    <tag k='surface' v='asphalt' />
    <tag k='width' v='5' />
  </relation>
  <relation id='-17896'>
    <member type='way' ref='-37801' role='' />
    <tag k='highway' v='residential' />
    <tag k='lanes' v='2' />
    <tag k='maxspeed' v='30' />
    <tag k='oneway' v='no' />
    <tag k='osm_type' v='way' />
    <tag k='sidewalk' v='both' />
    <tag k='surface' v='asphalt' />
    <tag k='width' v='5' />
  </relation>
  <relation id='-17897'>
    <member type='way' ref='-37802' role='' />
    <tag k='highway' v='residential' />
    <tag k='lanes' v='2' />
    <tag k='maxspeed' v='30' />
    <tag k='oneway' v='no' />
    <tag k='osm_type' v='way' />
    <tag k='sidewalk' v='both' />
    <tag k='surface' v='asphalt' />
    <tag k='width' v='5' />
  </relation>
  <relation id='-17898'>
    <member type='way' ref='-37803' role='' />
    <tag k='highway' v='residential' />
    <tag k='lanes' v='2' />
    <tag k='maxspeed' v='30' />
    <tag k='oneway' v='no' />
    <tag k='osm_type' v='way' />
    <tag k='sidewalk' v='both' />
    <tag k='surface' v='asphalt' />
    <tag k='width' v='5' />
  </relation>
  <relation id='-17899'>
    <member type='way' ref='-37804' role='' />
    <tag k='highway' v='residential' />
    <tag k='lanes' v='2' />
    <tag k='maxspeed' v='30' />
    <tag k='oneway' v='no' />
    <tag k='osm_type' v='way' />
    <tag k='sidewalk' v='both' />
    <tag k='surface' v='asphalt' />
    <tag k='width' v='5' />
  </relation>
  <relation id='-17900'>
    <member type='way' ref='-37805' role='' />
    <tag k='highway' v='residential' />
    <tag k='lanes' v='2' />
    <tag k='maxspeed' v='30' />
    <tag k='oneway' v='no' />
    <tag k='osm_type' v='way' />
    <tag k='sidewalk' v='both' />
    <tag k='surface' v='asphalt' />
    <tag k='width' v='5' />
  </relation>
  <relation id='-17901'>
    <member type='way' ref='-37806' role='' />
    <tag k='highway' v='residential' />
    <tag k='lanes' v='2' />
    <tag k='maxspeed' v='30' />
    <tag k='oneway' v='no' />
    <tag k='osm_type' v='way' />
    <tag k='sidewalk' v='both' />
    <tag k='surface' v='asphalt' />
    <tag k='width' v='5' />
  </relation>
  <relation id='-17902'>
    <member type='way' ref='-37807' role='' />
    <tag k='highway' v='residential' />
    <tag k='lanes' v='2' />
    <tag k='maxspeed' v='30' />
    <tag k='oneway' v='no' />
    <tag k='osm_type' v='way' />
    <tag k='sidewalk' v='both' />
    <tag k='surface' v='asphalt' />
    <tag k='width' v='5' />
  </relation>
  <relation id='-17903'>
    <member type='way' ref='-37808' role='' />
    <tag k='highway' v='residential' />
    <tag k='lanes' v='2' />
    <tag k='maxspeed' v='30' />
    <tag k='oneway' v='no' />
    <tag k='osm_type' v='way' />
    <tag k='sidewalk' v='both' />
    <tag k='surface' v='asphalt' />
    <tag k='width' v='5' />
  </relation>
  <relation id='-17904' action='modify'>
    <member type='way' ref='-37809' role='' />
    <member type='way' ref='-38405' role='' />
    <member type='way' ref='-38404' role='' />
    <member type='way' ref='-38377' role='' />
    <tag k='highway' v='residential' />
    <tag k='lanes' v='2' />
    <tag k='maxspeed' v='30' />
    <tag k='oneway' v='no' />
    <tag k='osm_type' v='way' />
    <tag k='sidewalk' v='both' />
    <tag k='surface' v='asphalt' />
    <tag k='width' v='5' />
  </relation>
  <relation id='-17905'>
    <member type='way' ref='-37810' role='' />
    <tag k='highway' v='residential' />
    <tag k='lanes' v='2' />
    <tag k='maxspeed' v='30' />
    <tag k='oneway' v='no' />
    <tag k='osm_type' v='way' />
    <tag k='sidewalk' v='both' />
    <tag k='surface' v='asphalt' />
    <tag k='width' v='5' />
  </relation>
  <relation id='-17906'>
    <member type='way' ref='-37811' role='' />
    <tag k='highway' v='residential' />
    <tag k='lanes' v='2' />
    <tag k='maxspeed' v='30' />
    <tag k='oneway' v='no' />
    <tag k='osm_type' v='way' />
    <tag k='sidewalk' v='both' />
    <tag k='surface' v='asphalt' />
    <tag k='width' v='5' />
  </relation>
  <relation id='-17907' action='modify'>
    <member type='way' ref='-37812' role='' />
    <member type='way' ref='-38401' role='' />
    <tag k='highway' v='residential' />
    <tag k='lanes' v='2' />
    <tag k='maxspeed' v='30' />
    <tag k='oneway' v='no' />
    <tag k='osm_type' v='way' />
    <tag k='sidewalk' v='both' />
    <tag k='surface' v='asphalt' />
    <tag k='width' v='5' />
  </relation>
  <relation id='-17908'>
    <member type='way' ref='-37813' role='' />
    <tag k='highway' v='residential' />
    <tag k='lanes' v='2' />
    <tag k='maxspeed' v='30' />
    <tag k='oneway' v='no' />
    <tag k='osm_type' v='way' />
    <tag k='sidewalk' v='both' />
    <tag k='surface' v='asphalt' />
    <tag k='width' v='5' />
  </relation>
  <relation id='-17909'>
    <member type='way' ref='-37814' role='' />
    <tag k='highway' v='residential' />
    <tag k='lanes' v='2' />
    <tag k='maxspeed' v='30' />
    <tag k='oneway' v='no' />
    <tag k='osm_type' v='way' />
    <tag k='sidewalk' v='both' />
    <tag k='surface' v='asphalt' />
    <tag k='width' v='5' />
  </relation>
  <relation id='-17910'>
    <member type='way' ref='-37815' role='' />
    <tag k='highway' v='residential' />
    <tag k='lanes' v='2' />
    <tag k='maxspeed' v='30' />
    <tag k='oneway' v='no' />
    <tag k='osm_type' v='way' />
    <tag k='sidewalk' v='both' />
    <tag k='surface' v='asphalt' />
    <tag k='width' v='5' />
  </relation>
  <relation id='-17911'>
    <member type='way' ref='-37816' role='' />
    <tag k='highway' v='residential' />
    <tag k='lanes' v='2' />
    <tag k='maxspeed' v='30' />
    <tag k='oneway' v='no' />
    <tag k='osm_type' v='way' />
    <tag k='sidewalk' v='both' />
    <tag k='surface' v='asphalt' />
    <tag k='width' v='5' />
  </relation>
  <relation id='-17912'>
    <member type='way' ref='-37817' role='' />
    <tag k='highway' v='residential' />
    <tag k='lanes' v='2' />
    <tag k='maxspeed' v='30' />
    <tag k='oneway' v='no' />
    <tag k='osm_type' v='way' />
    <tag k='sidewalk' v='both' />
    <tag k='surface' v='asphalt' />
    <tag k='width' v='5' />
  </relation>
  <relation id='-17913'>
    <member type='way' ref='-37818' role='' />
    <tag k='highway' v='residential' />
    <tag k='lanes' v='2' />
    <tag k='maxspeed' v='30' />
    <tag k='oneway' v='no' />
    <tag k='osm_type' v='way' />
    <tag k='sidewalk' v='both' />
    <tag k='surface' v='asphalt' />
    <tag k='width' v='5' />
  </relation>
  <relation id='-17914' action='modify'>
    <member type='way' ref='-38427' role='' />
    <tag k='highway' v='residential' />
    <tag k='lanes' v='2' />
    <tag k='maxspeed' v='30' />
    <tag k='oneway' v='no' />
    <tag k='osm_type' v='way' />
    <tag k='sidewalk' v='both' />
    <tag k='surface' v='asphalt' />
    <tag k='width' v='5' />
  </relation>
  <relation id='-17915' action='modify'>
    <member type='way' ref='-38425' role='' />
    <tag k='highway' v='residential' />
    <tag k='lanes' v='2' />
    <tag k='maxspeed' v='30' />
    <tag k='oneway' v='no' />
    <tag k='osm_type' v='way' />
    <tag k='sidewalk' v='both' />
    <tag k='surface' v='asphalt' />
    <tag k='width' v='5' />
  </relation>
  <relation id='-17916' action='modify'>
    <member type='way' ref='-37819' role='' />
    <member type='way' ref='-38426' role='' />
    <tag k='highway' v='residential' />
    <tag k='lanes' v='2' />
    <tag k='maxspeed' v='30' />
    <tag k='oneway' v='no' />
    <tag k='osm_type' v='way' />
    <tag k='sidewalk' v='both' />
    <tag k='surface' v='asphalt' />
    <tag k='width' v='5' />
  </relation>
  <relation id='-17917' action='modify'>
    <member type='way' ref='-38411' role='' />
    <member type='way' ref='-37820' role='' />
    <member type='way' ref='-38413' role='' />
    <tag k='highway' v='residential' />
    <tag k='lanes' v='2' />
    <tag k='maxspeed' v='30' />
    <tag k='oneway' v='no' />
    <tag k='osm_type' v='way' />
    <tag k='sidewalk' v='both' />
    <tag k='surface' v='asphalt' />
    <tag k='width' v='5' />
  </relation>
  <relation id='-17918'>
    <member type='way' ref='-37821' role='' />
    <tag k='highway' v='service' />
    <tag k='lanes' v='2' />
    <tag k='maxspeed' v='30' />
    <tag k='oneway' v='no' />
    <tag k='osm_type' v='way' />
    <tag k='sidewalk' v='both' />
    <tag k='surface' v='asphalt' />
    <tag k='width' v='5' />
  </relation>
  <relation id='-17919'>
    <member type='way' ref='-37822' role='' />
    <tag k='highway' v='residential' />
    <tag k='lanes' v='2' />
    <tag k='maxspeed' v='30' />
    <tag k='oneway' v='no' />
    <tag k='osm_type' v='way' />
    <tag k='sidewalk' v='both' />
    <tag k='surface' v='asphalt' />
    <tag k='width' v='5' />
  </relation>
  <relation id='-17920'>
    <member type='way' ref='-37823' role='' />
    <tag k='highway' v='residential' />
    <tag k='lanes' v='2' />
    <tag k='maxspeed' v='30' />
    <tag k='oneway' v='no' />
    <tag k='osm_type' v='way' />
    <tag k='sidewalk' v='both' />
    <tag k='surface' v='asphalt' />
    <tag k='width' v='5' />
  </relation>
  <relation id='-17921'>
    <member type='way' ref='-37824' role='' />
    <tag k='highway' v='residential' />
    <tag k='lanes' v='2' />
    <tag k='maxspeed' v='30' />
    <tag k='oneway' v='no' />
    <tag k='osm_type' v='way' />
    <tag k='sidewalk' v='both' />
    <tag k='surface' v='asphalt' />
    <tag k='width' v='5' />
  </relation>
  <relation id='-17922' action='modify'>
    <member type='way' ref='-38412' role='' />
    <member type='way' ref='-37825' role='' />
    <tag k='highway' v='residential' />
    <tag k='lanes' v='2' />
    <tag k='maxspeed' v='30' />
    <tag k='oneway' v='no' />
    <tag k='osm_type' v='way' />
    <tag k='sidewalk' v='both' />
    <tag k='surface' v='asphalt' />
    <tag k='width' v='5' />
  </relation>
  <relation id='-17923'>
    <member type='way' ref='-37826' role='' />
    <tag k='highway' v='residential' />
    <tag k='lanes' v='2' />
    <tag k='maxspeed' v='30' />
    <tag k='oneway' v='no' />
    <tag k='osm_type' v='way' />
    <tag k='sidewalk' v='both' />
    <tag k='surface' v='asphalt' />
    <tag k='width' v='5' />
  </relation>
  <relation id='-17924'>
    <member type='way' ref='-37827' role='' />
    <tag k='highway' v='residential' />
    <tag k='lanes' v='2' />
    <tag k='maxspeed' v='30' />
    <tag k='oneway' v='no' />
    <tag k='osm_type' v='way' />
    <tag k='sidewalk' v='both' />
    <tag k='surface' v='asphalt' />
    <tag k='width' v='5' />
  </relation>
  <relation id='-17925'>
    <member type='way' ref='-37828' role='' />
    <tag k='highway' v='residential' />
    <tag k='lanes' v='2' />
    <tag k='maxspeed' v='30' />
    <tag k='oneway' v='no' />
    <tag k='osm_type' v='way' />
    <tag k='sidewalk' v='both' />
    <tag k='surface' v='asphalt' />
    <tag k='width' v='5' />
  </relation>
  <relation id='-17926'>
    <member type='way' ref='-37829' role='' />
    <tag k='highway' v='residential' />
    <tag k='lanes' v='2' />
    <tag k='maxspeed' v='30' />
    <tag k='oneway' v='no' />
    <tag k='osm_type' v='way' />
    <tag k='sidewalk' v='both' />
    <tag k='surface' v='asphalt' />
    <tag k='width' v='5' />
  </relation>
  <relation id='-17927'>
    <member type='way' ref='-37830' role='' />
    <tag k='highway' v='residential' />
    <tag k='lanes' v='2' />
    <tag k='maxspeed' v='30' />
    <tag k='oneway' v='no' />
    <tag k='osm_type' v='way' />
    <tag k='sidewalk' v='both' />
    <tag k='surface' v='asphalt' />
    <tag k='width' v='5' />
  </relation>
  <relation id='-17928'>
    <member type='way' ref='-37831' role='' />
    <tag k='highway' v='residential' />
    <tag k='lanes' v='2' />
    <tag k='maxspeed' v='30' />
    <tag k='oneway' v='no' />
    <tag k='osm_type' v='way' />
    <tag k='sidewalk' v='both' />
    <tag k='surface' v='asphalt' />
    <tag k='width' v='5' />
  </relation>
  <relation id='-17929' action='modify'>
    <member type='way' ref='-38415' role='' />
    <member type='way' ref='-38416' role='' />
    <member type='way' ref='-37832' role='' />
    <tag k='highway' v='residential' />
    <tag k='lanes' v='2' />
    <tag k='maxspeed' v='30' />
    <tag k='oneway' v='no' />
    <tag k='osm_type' v='way' />
    <tag k='sidewalk' v='both' />
    <tag k='surface' v='asphalt' />
    <tag k='width' v='5' />
  </relation>
  <relation id='-17930' action='modify'>
    <member type='way' ref='-37833' role='' />
    <member type='way' ref='-38414' role='' />
    <tag k='highway' v='residential' />
    <tag k='lanes' v='2' />
    <tag k='maxspeed' v='30' />
    <tag k='oneway' v='no' />
    <tag k='osm_type' v='way' />
    <tag k='sidewalk' v='both' />
    <tag k='surface' v='asphalt' />
    <tag k='width' v='5' />
  </relation>
  <relation id='-17931'>
    <member type='way' ref='-37834' role='' />
    <tag k='highway' v='residential' />
    <tag k='lanes' v='2' />
    <tag k='maxspeed' v='30' />
    <tag k='oneway' v='no' />
    <tag k='osm_type' v='way' />
    <tag k='sidewalk' v='both' />
    <tag k='surface' v='asphalt' />
    <tag k='width' v='5' />
  </relation>
  <relation id='-17932'>
    <member type='way' ref='-37835' role='' />
    <tag k='highway' v='residential' />
    <tag k='lanes' v='2' />
    <tag k='maxspeed' v='30' />
    <tag k='oneway' v='no' />
    <tag k='osm_type' v='way' />
    <tag k='sidewalk' v='both' />
    <tag k='surface' v='asphalt' />
    <tag k='width' v='5' />
  </relation>
  <relation id='-17933'>
    <member type='way' ref='-37836' role='' />
    <tag k='highway' v='pedestrian' />
    <tag k='surface' v='paving_stones' />
  </relation>
  <relation id='-17934'>
    <member type='way' ref='-37837' role='' />
    <tag k='full_id' v='w25778913' />
    <tag k='highway' v='trunk' />
    <tag k='lanes' v='2' />
    <tag k='maxspeed' v='90' />
    <tag k='oneway' v='no' />
    <tag k='osm_id' v='25778913' />
    <tag k='osm_type' v='way' />
    <tag k='ref' v='N 2' />
    <tag k='sidewalk' v='no' />
    <tag k='surface' v='asphalt' />
    <tag k='width' v='7' />
  </relation>
  <relation id='-17935'>
    <member type='way' ref='-38253' role='outer' />
    <member type='way' ref='-38254' role='inner' />
    <tag k='building' v='mixed_use' />
    <tag k='levels' v='4' />
    <tag k='office' v='company' />
    <tag k='shop' v='yes' />
    <tag k='type' v='multipolygon' />
  </relation>
  <relation id='-17936'>
    <member type='way' ref='-38255' role='outer' />
    <member type='way' ref='-38256' role='inner' />
    <tag k='building' v='mixed_use' />
    <tag k='levels' v='4' />
    <tag k='office' v='company' />
    <tag k='shop' v='yes' />
    <tag k='type' v='multipolygon' />
  </relation>
  <relation id='-17937'>
    <member type='way' ref='-38271' role='outer' />
    <member type='way' ref='-38272' role='inner' />
    <tag k='building' v='mixed_use' />
    <tag k='levels' v='4' />
    <tag k='office' v='company' />
    <tag k='shop' v='yes' />
    <tag k='type' v='multipolygon' />
  </relation>
</osm>
